date,model_version,code,name,ticker,close,ver6_score,ver6_rank_number,ver6_rank_letter,ver6_signal,ver6_selected,quality_gate,rsi,return_1d,return_5d_past,return_20d_past,momentum_acceleration,ma25_distance,drawdown_60d_high,atr14,signal_id,signal_start_date,signal_start_price,signal_age,days_outside_gate,first_signal_return,previous_ver6_rank,rank_velocity,score_velocity,phase,action,ver7_entry,buy_zone_low,buy_zone_high,ver6_stop,ver6_take_profit,atr_stop,swing_stop
2026-08-18,7.0,6506,安川電機,6506.T,5171.0,15.0,215,E,対象外,False,False,42.6,-5.5,-3.62,1.08,-3.88,-1.08,-32.45,294.96,,,,,0,,215.0,0.0,0.0,,SKIP,False,5016.0,5274.0,4757.0,5947.0,4728.6,4442.7
2026-08-18,7.0,5333,日本ガイシ,5333.T,5850.0,72.6,130,E,対象外,False,False,46.0,-4.43,2.81,-2.58,3.46,-1.57,-25.51,313.74,,,,,0,,142.0,12.0,0.0,,SKIP,False,5674.0,5967.0,5382.0,6727.0,5379.4,5024.8
2026-08-18,7.0,4901,富士フイルムホールディングス,4901.T,3182.0,27.4,210,E,対象外,False,False,35.3,-1.85,0.63,-12.41,3.74,-11.24,-17.95,123.17,,,,,0,,206.0,-4.0,-8.0,,SKIP,False,3087.0,3246.0,2927.0,3659.0,2997.2,3111.4
2026-08-18,7.0,8804,東京建物,8804.T,3337.0,79.4,111,E,対象外,False,False,47.1,-0.68,-0.09,-2.11,0.44,-1.93,-5.41,81.38,,,,,0,,115.0,4.0,0.0,,SKIP,False,3237.0,3404.0,3070.0,3838.0,3214.9,3228.8
2026-08-18,7.0,9503,関西電力,9503.T,2398.5,79.6,110,E,対象外,False,False,54.4,0.21,1.59,4.42,0.48,0.92,-2.7,50.73,,,,,0,,84.0,-26.0,-8.0,,SKIP,False,2327.0,2446.0,2207.0,2758.0,2322.4,2289.5
2026-08-18,7.0,6473,ジェイテクト,6473.T,2162.5,79.6,109,E,対象外,False,False,56.1,1.55,1.96,6.03,0.45,2.55,-2.41,70.12,,,,,0,,86.0,-23.0,-8.0,,SKIP,False,2098.0,2206.0,1990.0,2487.0,2057.3,2000.0
2026-08-18,7.0,7911,TOPPANホールディングス,7911.T,5201.0,79.8,108,E,対象外,False,False,58.0,-4.27,7.99,15.19,4.2,8.42,-4.53,230.55,,,,,0,,83.0,-25.0,-8.0,,SKIP,False,5045.0,5305.0,4785.0,5981.0,4855.2,4141.2
2026-08-18,7.0,4507,塩野義製薬,4507.T,2831.0,80.0,107,E,対象外,False,False,47.9,1.0,-0.39,-1.56,0.0,-1.07,-7.79,73.04,,,,,0,,114.0,7.0,0.0,,SKIP,False,2746.0,2888.0,2605.0,3256.0,2721.4,2718.3
2026-08-18,7.0,6326,クボタ,6326.T,2650.0,80.2,106,E,対象外,False,False,43.6,-1.38,-4.09,-1.12,-3.81,-3.16,-9.77,90.13,,,,,0,,113.0,7.0,0.0,,SKIP,False,2570.0,2703.0,2438.0,3047.0,2514.8,2514.4
2026-08-18,7.0,3861,王子ホールディングス,3861.T,866.4,80.7,105,E,対象外,False,False,53.2,0.53,-1.05,3.48,-1.92,0.25,-3.36,16.97,,,,,0,,111.0,6.0,0.0,,SKIP,False,840.0,884.0,797.0,996.0,840.9,838.3
2026-08-18,7.0,9434,ソフトバンク,9434.T,234.0,80.8,104,E,対象外,False,False,61.6,-0.38,2.45,6.12,0.92,3.38,-0.81,4.98,,,,,0,,81.0,-23.0,-8.0,,SKIP,False,227.0,239.0,215.0,269.0,226.5,217.2
2026-08-18,7.0,9301,三菱倉庫,9301.T,1512.0,81.4,103,E,対象外,False,False,44.4,0.9,-0.69,-3.17,0.1,-2.81,-7.64,37.12,,,,,0,,109.0,6.0,0.0,,SKIP,False,1467.0,1542.0,1391.0,1739.0,1456.3,1445.2
2026-08-18,7.0,7203,トヨタ自動車,7203.T,3022.0,81.4,102,E,対象外,False,False,56.0,0.3,1.38,4.22,0.32,1.78,-6.27,73.22,,,,,0,,78.0,-24.0,-8.0,,SKIP,False,2931.0,3082.0,2780.0,3475.0,2912.2,2855.2
2026-08-18,7.0,6594,ニデック,6594.T,2810.0,81.4,101,E,対象外,False,False,61.0,-0.18,1.85,13.22,-1.46,6.32,-3.07,98.03,,,,,0,,79.0,-22.0,-8.0,,SKIP,False,2726.0,2866.0,2585.0,3231.0,2663.0,2427.8
2026-08-18,7.0,5406,神戸製鋼所,5406.T,2050.0,81.5,100,E,対象外,False,False,58.4,2.4,2.04,6.0,0.54,2.57,-1.3,47.85,,,,,0,,108.0,8.0,0.0,,SKIP,False,1988.0,2091.0,1886.0,2358.0,1978.2,1909.9
2026-08-18,7.0,4208,UBE,4208.T,3669.0,81.8,99,E,対象外,False,False,74.2,0.44,3.24,14.37,-0.36,10.36,0.0,88.09,,,,,0,,77.0,-22.0,-8.0,,SKIP,False,3559.0,3742.0,3375.0,4219.0,3536.9,3073.6
2026-08-18,7.0,7012,川崎重工業,7012.T,2860.0,81.9,98,E,対象外,False,False,53.7,0.16,6.16,9.81,3.71,3.7,-14.93,121.23,,,,,0,,107.0,9.0,0.0,,SKIP,False,2774.0,2917.0,2631.0,3289.0,2678.2,2578.0
2026-08-18,7.0,5401,日本製鉄,5401.T,693.6,82.5,97,E,対象外,False,False,69.9,3.52,0.61,18.44,-4.0,8.33,-0.56,16.62,,,,,0,,106.0,9.0,0.0,,SKIP,False,673.0,707.0,638.0,798.0,668.7,583.4
2026-08-18,7.0,6701,NEC,6701.T,4650.0,78.4,114,E,対象外,False,False,51.1,-2.84,-4.87,6.8,-6.57,0.88,-10.02,197.69,,,,,0,,118.0,4.0,0.0,,SKIP,False,4510.0,4743.0,4278.0,5348.0,4353.5,4170.0
2026-08-18,7.0,5801,古河電気工業,5801.T,4368.0,78.0,115,E,対象外,False,False,62.0,1.63,10.53,33.91,2.05,21.48,-27.37,352.52,,,,,0,,121.0,6.0,0.0,,SKIP,False,4237.0,4455.0,4019.0,5023.0,3839.2,2632.8
2026-08-18,7.0,4005,住友化学,4005.T,532.4,78.0,116,E,対象外,False,False,52.9,0.83,2.44,1.66,2.03,1.31,-12.75,16.09,,,,,0,,120.0,4.0,0.0,,SKIP,False,516.0,543.0,490.0,612.0,508.3,469.0
2026-08-18,7.0,9007,小田急電鉄,9007.T,1713.0,74.6,126,E,対象外,False,False,49.8,0.65,1.36,-2.5,1.99,-1.02,-7.65,37.25,,,,,0,,135.0,9.0,0.0,,SKIP,False,1662.0,1747.0,1576.0,1970.0,1657.1,1643.2
2026-08-18,7.0,3101,東洋紡,3101.T,1622.0,71.1,133,E,対象外,False,False,48.9,-2.29,2.01,-0.92,2.24,-0.19,-15.3,74.11,,,,,0,,116.0,-17.0,-8.0,,SKIP,False,1573.0,1654.0,1492.0,1865.0,1510.8,1429.8
2026-08-18,7.0,7011,三菱重工業,7011.T,4370.0,71.3,132,E,対象外,False,False,70.1,0.46,9.14,18.72,4.46,10.74,0.0,152.59,,,,,0,,144.0,12.0,0.0,,SKIP,False,4239.0,4457.0,4020.0,5026.0,4141.1,3602.9
2026-08-18,7.0,1925,大和ハウス工業,1925.T,4599.0,73.3,128,E,対象外,False,False,50.8,0.61,0.79,0.37,0.7,-0.54,-6.31,81.66,,,,,0,,110.0,-18.0,-8.0,,SKIP,False,4461.0,4691.0,4231.0,5289.0,4476.5,4461.6
2026-08-18,7.0,9843,ニトリホールディングス,9843.T,2903.5,72.2,131,E,対象外,False,False,61.3,-0.36,-6.34,18.08,-10.86,9.86,-6.34,111.15,,,,,0,,143.0,12.0,0.0,,SKIP,False,2816.0,2962.0,2671.0,3339.0,2736.8,2320.8
2026-08-18,7.0,6098,リクルートホールディングス,6098.T,16020.0,91.0,61,D,監視候補,False,False,72.7,-2.2,-0.9,24.96,-7.14,18.38,-4.59,613.06,,,,,0,,72.0,11.0,0.0,,SKIP,False,15539.0,16340.0,14738.0,18423.0,15100.4,11845.5
2026-08-18,7.0,6301,小松製作所,6301.T,7168.0,90.9,62,D,監視候補,False,False,56.1,-0.6,-3.73,14.67,-7.4,3.93,-3.73,214.32,,,,,0,,42.0,-20.0,-8.0,,SKIP,False,6953.0,7311.0,6595.0,8243.0,6846.5,6202.8
2026-08-18,7.0,2501,サッポロホールディングス,2501.T,1933.0,78.7,112,E,対象外,False,False,46.3,-0.97,-0.87,-5.48,0.5,-3.4,-10.63,81.51,,,,,0,,91.0,-21.0,-8.0,,SKIP,False,1875.0,1972.0,1778.0,2223.0,1810.7,1871.6
2026-08-18,7.0,1928,積水ハウス,1928.T,3382.0,74.7,125,E,対象外,False,False,45.1,-0.7,-1.26,-2.76,-0.57,-2.19,-8.05,56.39,,,,,0,,105.0,-20.0,-8.0,,SKIP,False,3281.0,3450.0,3111.0,3889.0,3297.4,3309.4
2026-08-18,7.0,9502,中部電力,9502.T,2850.0,75.3,124,E,対象外,False,False,50.5,0.02,7.1,-0.45,7.22,-0.03,-12.31,85.95,,,,,0,,134.0,10.0,0.0,,SKIP,False,2764.0,2907.0,2622.0,3277.0,2721.1,2550.2
2026-08-18,7.0,8697,日本取引所グループ,8697.T,2191.5,75.6,123,E,対象外,False,False,47.6,-1.35,-3.03,2.31,-3.61,-1.88,-4.47,65.44,,,,,0,,131.0,8.0,0.0,,SKIP,False,2126.0,2235.0,2016.0,2520.0,2093.3,2091.0
2026-08-18,7.0,6501,日立製作所,6501.T,5514.0,76.2,122,E,対象外,False,False,62.1,-1.02,-1.89,16.9,-6.11,6.28,-4.39,156.46,,,,,0,,130.0,8.0,0.0,,SKIP,False,5349.0,5624.0,5073.0,6341.0,5279.3,4651.6
2026-08-18,7.0,6471,日本精工,6471.T,1170.0,76.4,121,E,対象外,False,False,52.4,-1.14,-0.51,6.61,-2.16,2.09,-7.47,36.63,,,,,0,,129.0,8.0,0.0,,SKIP,False,1135.0,1193.0,1076.0,1346.0,1115.1,1068.1
2026-08-18,7.0,3407,旭化成,3407.T,1685.5,76.4,120,E,対象外,False,False,42.2,-1.26,0.27,-7.87,2.24,-4.69,-11.34,50.27,,,,,0,,128.0,8.0,0.0,,SKIP,False,1635.0,1719.0,1551.0,1938.0,1610.1,1550.7
2026-08-18,7.0,9983,ファーストリテイリング,9983.T,75010.0,76.6,119,E,対象外,False,False,36.8,-2.36,-4.71,-4.86,-3.5,-4.38,-14.66,2062.84,,,,,0,,127.0,8.0,0.0,,SKIP,False,72760.0,76510.0,69009.0,86262.0,71915.7,74485.7
2026-08-18,7.0,1963,日揮ホールディングス,1963.T,2339.0,77.0,118,E,対象外,False,False,50.6,-0.7,2.41,6.22,0.85,2.06,-18.3,79.78,,,,,0,,125.0,7.0,0.0,,SKIP,False,2269.0,2386.0,2152.0,2690.0,2219.3,2151.2
2026-08-18,7.0,6861,キーエンス,6861.T,84130.0,82.7,96,E,対象外,False,False,56.7,-3.02,-1.02,18.69,-5.7,6.04,-4.03,2775.65,,,,,0,,74.0,-22.0,-8.0,,SKIP,False,81606.0,85813.0,77400.0,96749.0,79966.5,69600.2
2026-08-18,7.0,7733,オリンパス,7733.T,2116.0,83.0,95,E,対象外,False,False,72.8,1.93,0.83,19.45,-4.03,13.31,0.0,64.93,,,,,0,,102.0,7.0,0.0,,SKIP,False,2053.0,2158.0,1947.0,2433.0,2018.6,1694.5
2026-08-18,7.0,1721,コムシスホールディングス,1721.T,5317.0,83.0,94,E,対象外,False,False,51.1,-1.85,0.99,3.04,0.23,0.99,-3.89,132.66,,,,,0,,103.0,9.0,0.0,,SKIP,False,5157.0,5423.0,4892.0,6115.0,5118.0,5075.5
2026-08-18,7.0,9101,日本郵船,9101.T,6784.0,90.0,65,D,監視候補,False,False,77.8,4.53,10.18,18.89,5.46,13.42,0.0,164.74,,,,,0,,76.0,11.0,0.0,,SKIP,False,6580.0,6920.0,6241.0,7802.0,6536.9,5639.7
2026-08-18,7.0,4004,レゾナック・ホールディングス,4004.T,16975.0,87.3,72,E,対象外,False,False,56.7,-1.31,3.92,22.03,-1.59,12.41,-12.72,1194.14,,,,,0,,88.0,16.0,0.0,,SKIP,False,16466.0,17314.0,15617.0,19521.0,15183.8,11751.0
2026-08-18,7.0,9104,商船三井,9104.T,6881.0,87.4,71,E,対象外,False,False,78.8,3.8,9.59,22.68,3.92,15.47,0.0,176.13,,,,,0,,87.0,16.0,0.0,,SKIP,False,6675.0,7019.0,6331.0,7913.0,6616.8,5582.9
2026-08-18,7.0,7912,大日本印刷,7912.T,3307.0,87.6,70,E,対象外,False,False,68.9,-0.36,3.15,5.76,1.71,6.04,-0.36,88.02,,,,,0,,85.0,15.0,0.0,,SKIP,False,3208.0,3373.0,3042.0,3803.0,3175.0,2819.3
2026-08-18,7.0,9001,東武鉄道,9001.T,2962.5,87.9,69,E,対象外,False,False,48.8,1.26,0.92,-3.0,1.67,-1.49,-7.36,62.95,,,,,0,,82.0,13.0,0.0,,SKIP,False,2874.0,3022.0,2726.0,3407.0,2868.1,2870.1
2026-08-18,7.0,3402,東レ,3402.T,1344.0,87.9,68,E,対象外,False,False,68.8,0.83,-2.15,17.02,-6.4,10.2,-2.15,38.39,,,,,0,,55.0,-13.0,-8.0,,SKIP,False,1304.0,1371.0,1236.0,1546.0,1286.4,1099.5
2026-08-18,7.0,3103,ユニチカ,3103.T,1513.0,89.3,67,E,対象外,False,False,64.0,-9.13,27.25,78.0,7.75,48.1,-9.13,146.73,,,,,0,,80.0,13.0,0.0,,SKIP,False,1468.0,1543.0,1392.0,1740.0,1292.9,737.3
2026-08-18,7.0,1332,ニッスイ,1332.T,1296.0,90.0,66,D,監視候補,False,False,54.9,0.31,3.64,1.85,3.18,2.18,-3.32,33.02,,,,,0,,50.0,-16.0,-8.0,,SKIP,False,1257.0,1322.0,1192.0,1490.0,1246.5,1200.0
2026-08-18,7.0,8015,豊田通商,8015.T,7373.0,90.1,64,D,監視候補,False,False,68.8,-0.05,-0.09,21.35,-5.43,9.06,-1.17,231.42,,,,,0,,49.0,-15.0,-8.0,,SKIP,False,7152.0,7520.0,6783.0,8479.0,7025.9,6128.2
2026-08-18,7.0,5713,住友金属鉱山,5713.T,9893.0,87.1,74,E,対象外,False,False,65.5,-0.54,-1.71,45.61,-13.11,20.12,-1.71,511.43,,,,,0,,57.0,-17.0,-8.0,,SKIP,False,9596.0,10091.0,9102.0,11377.0,9125.9,6888.4
2026-08-18,7.0,7013,IHI,7013.T,2987.5,90.5,63,D,監視候補,False,False,58.9,-0.78,8.28,12.04,5.27,5.81,-2.72,129.82,,,,,0,,75.0,12.0,0.0,,SKIP,False,2898.0,3047.0,2748.0,3436.0,2792.8,2595.0
2026-08-18,7.0,3382,セブン＆アイ・ホールディングス,3382.T,2031.5,73.3,127,E,対象外,False,False,46.7,-0.73,-2.59,-2.33,-2.01,-2.28,-9.95,55.51,,,,,0,,139.0,12.0,0.0,,SKIP,False,1971.0,2072.0,1869.0,2336.0,1948.2,1976.1
2026-08-18,7.0,7741,HOYA,7741.T,26290.0,91.0,60,D,監視候補,False,False,56.8,-0.42,0.15,4.26,-0.91,3.74,-7.8,725.58,,,,,0,,73.0,13.0,0.0,,SKIP,False,25501.0,26816.0,24187.0,30233.0,25201.6,23223.3
2026-08-18,7.0,9107,川崎汽船,9107.T,3141.0,77.0,117,E,対象外,False,False,75.0,2.25,9.1,15.33,5.27,11.28,0.0,84.57,,,,,0,,124.0,7.0,0.0,,SKIP,False,3047.0,3204.0,2890.0,3612.0,3014.2,2671.6
2026-08-18,7.0,6504,富士電機,6504.T,14410.0,91.1,58,D,監視候補,False,False,54.5,-3.74,-1.5,18.99,-6.25,5.98,-16.58,708.17,,,,,0,,70.0,12.0,0.0,,SKIP,False,13978.0,14698.0,13257.0,16572.0,13347.7,11616.6
2026-08-18,7.0,4188,三菱ケミカルグループ,4188.T,1183.5,92.2,55,D,監視候補,False,False,50.5,-0.88,-3.98,1.33,-4.31,-0.46,-5.05,39.07,,,,,0,,68.0,13.0,0.0,,SKIP,False,1148.0,1207.0,1089.0,1361.0,1124.9,1095.0
2026-08-18,7.0,6302,住友重機械工業,6302.T,5919.0,91.3,57,D,監視候補,False,False,63.4,-0.24,-0.2,17.7,-4.63,7.68,-1.32,214.45,,,,,0,,39.0,-18.0,-8.0,,SKIP,False,5741.0,6037.0,5445.0,6807.0,5597.3,4921.3
2026-08-18,7.0,5233,太平洋セメント,5233.T,4227.0,87.2,73,E,対象外,False,False,54.7,0.62,1.34,7.8,-0.61,2.55,-6.69,129.41,,,,,0,,89.0,16.0,0.0,,SKIP,False,4100.0,4312.0,3889.0,4861.0,4032.9,3895.4
2026-08-18,7.0,8053,住友商事,8053.T,1757.5,87.0,75,E,対象外,False,False,62.9,0.43,-1.57,16.08,-5.59,5.86,-4.5,49.72,,,,,0,,58.0,-17.0,-8.0,,SKIP,False,1705.0,1793.0,1617.0,2021.0,1682.9,1514.9
2026-08-18,7.0,5803,フジクラ,5803.T,5902.0,83.0,93,E,対象外,False,False,61.3,-2.9,5.77,31.98,-2.22,21.41,-9.02,437.74,,,,,0,,104.0,11.0,0.0,,SKIP,False,5725.0,6020.0,5430.0,6787.0,5245.4,3646.7
2026-08-18,7.0,8058,三菱商事,8058.T,4778.0,85.0,85,E,対象外,False,False,52.5,1.47,-1.46,7.44,-3.33,0.84,-10.19,126.8,,,,,0,,96.0,11.0,0.0,,SKIP,False,4635.0,4874.0,4396.0,5495.0,4587.8,4490.4
2026-08-18,7.0,6762,TDK,6762.T,3139.0,83.3,92,E,対象外,False,False,48.9,-3.24,3.09,5.76,1.65,2.13,-23.64,159.57,,,,,0,,101.0,9.0,0.0,,SKIP,False,3045.0,3202.0,2888.0,3610.0,2899.6,2637.7
2026-08-18,7.0,1605,INPEX,1605.T,3900.0,84.0,90,E,対象外,False,False,67.7,3.31,7.97,14.67,4.31,8.59,0.0,112.26,,,,,0,,99.0,9.0,0.0,,SKIP,False,3783.0,3978.0,3588.0,4485.0,3731.6,3360.1
2026-08-18,7.0,6645,オムロン,6645.T,6850.0,84.0,89,E,対象外,False,False,64.9,-2.74,-0.35,29.03,-7.61,15.58,-2.74,320.04,,,,,0,,69.0,-20.0,-8.0,,SKIP,False,6644.0,6987.0,6302.0,7877.0,6369.9,4989.9
2026-08-18,7.0,7261,マツダ,7261.T,1184.0,84.1,88,E,対象外,False,False,56.0,0.55,0.25,4.13,-0.78,2.43,-2.99,33.63,,,,,0,,98.0,10.0,0.0,,SKIP,False,1148.0,1208.0,1089.0,1362.0,1133.6,1089.5
2026-08-18,7.0,3405,クラレ,3405.T,1846.5,84.4,87,E,対象外,False,False,52.8,-0.24,-3.83,4.09,-4.85,0.5,-5.53,53.48,,,,,0,,66.0,-21.0,-8.0,,SKIP,False,1791.0,1883.0,1699.0,2123.0,1766.3,1748.2
2026-08-18,7.0,1808,長谷工コーポレーション,1808.T,2803.5,83.6,91,E,対象外,False,False,53.7,-0.09,2.9,-0.32,2.98,0.78,-3.41,57.58,,,,,0,,100.0,9.0,0.0,,SKIP,False,2719.0,2860.0,2579.0,3224.0,2717.1,2619.3
2026-08-18,7.0,5232,住友大阪セメント,5232.T,5860.0,85.0,84,E,対象外,False,False,55.8,0.26,1.56,9.27,-0.76,3.62,-8.04,255.01,,,,,0,,65.0,-19.0,-8.0,,SKIP,False,5684.0,5977.0,5391.0,6739.0,5477.5,5127.2
2026-08-18,7.0,8233,高島屋,8233.T,2265.5,84.8,86,E,対象外,False,False,47.1,0.91,-1.67,-8.67,0.5,-2.43,-12.93,71.04,,,,,0,,97.0,11.0,0.0,,SKIP,False,2198.0,2311.0,2084.0,2605.0,2158.9,2181.0
2026-08-18,7.0,4452,花王,4452.T,3505.0,86.9,77,E,対象外,False,False,57.1,0.34,-6.23,5.96,-7.72,3.85,-6.23,95.36,,,,,0,,59.0,-18.0,-8.0,,SKIP,False,3400.0,3575.0,3225.0,4031.0,3362.0,3124.3
2026-08-18,7.0,8001,伊藤忠商事,8001.T,2000.5,86.7,78,E,対象外,False,False,51.1,0.45,-4.31,5.15,-5.59,0.36,-4.56,49.39,,,,,0,,92.0,14.0,0.0,,SKIP,False,1940.0,2041.0,1840.0,2301.0,1926.4,1905.4
2026-08-18,7.0,4523,エーザイ,4523.T,4779.0,86.3,79,E,対象外,False,False,55.4,1.06,-3.44,7.39,-5.28,2.21,-6.48,140.4,,,,,0,,93.0,14.0,0.0,,SKIP,False,4636.0,4875.0,4397.0,5496.0,4568.4,4417.8
2026-08-18,7.0,5711,三菱マテリアル,5711.T,5246.0,86.1,80,E,対象外,False,False,67.5,-0.34,2.62,32.14,-5.41,17.68,-3.39,246.78,,,,,0,,94.0,14.0,0.0,,SKIP,False,5089.0,5351.0,4826.0,6033.0,4875.8,3805.9
2026-08-18,7.0,285A,キオクシアホールディングス,285A.T,57150.0,70.7,134,E,対象外,False,False,49.8,-7.58,19.04,9.67,16.62,4.7,-47.42,7109.9,,,,,0,,145.0,11.0,0.0,,SKIP,False,55436.0,58293.0,52578.0,65722.0,46485.1,35839.9
2026-08-18,7.0,6758,ソニーグループ,6758.T,3718.0,85.7,82,E,対象外,False,False,55.3,-1.64,-1.22,7.15,-3.01,3.17,-4.96,121.56,,,,,0,,64.0,-18.0,-8.0,,SKIP,False,3606.0,3792.0,3421.0,4276.0,3535.7,3343.2
2026-08-18,7.0,4911,資生堂,4911.T,3436.0,85.6,83,E,対象外,False,False,58.4,-1.94,-4.85,12.29,-7.92,5.34,-5.06,142.26,,,,,0,,95.0,12.0,0.0,,SKIP,False,3333.0,3505.0,3161.0,3951.0,3222.6,2968.6
2026-08-18,7.0,5411,JFEホールディングス,5411.T,1831.5,87.0,76,E,対象外,False,False,60.2,2.84,-0.73,7.89,-2.71,3.02,-1.93,46.9,,,,,0,,90.0,14.0,0.0,,SKIP,False,1777.0,1868.0,1685.0,2106.0,1761.2,1690.5
2026-08-18,7.0,6752,パナソニック ホールディングス,6752.T,4552.0,86.0,81,E,対象外,False,False,56.6,-4.93,2.61,14.0,-0.88,7.81,-4.93,230.28,,,,,0,,63.0,-18.0,-8.0,,SKIP,False,4415.0,4643.0,4188.0,5235.0,4206.6,3347.2
2026-08-18,7.0,6981,村田製作所,6981.T,7496.0,70.0,136,E,対象外,False,False,44.7,-9.58,2.66,-1.78,3.1,-4.27,-38.81,734.27,,,,,0,,148.0,12.0,0.0,,SKIP,False,7271.0,7646.0,6896.0,8620.0,6394.6,5831.7
2026-08-18,7.0,8830,住友不動産,8830.T,3314.0,25.0,212,E,対象外,False,False,29.2,-1.37,-2.96,-11.96,0.03,-8.4,-16.23,89.71,,,,,0,,208.0,-4.0,-8.0,,SKIP,False,3215.0,3380.0,3049.0,3811.0,3179.4,3297.4
2026-08-18,7.0,9984,ソフトバンクグループ,9984.T,5830.0,69.9,137,E,対象外,False,False,52.2,-0.95,6.31,7.49,4.44,3.76,-32.46,399.15,,,,,0,,122.0,-15.0,-8.0,,SKIP,False,5655.0,5947.0,5364.0,6704.0,5231.3,4477.5
2026-08-18,7.0,9064,ヤマトホールディングス,9064.T,1927.5,54.4,181,E,対象外,False,False,45.3,-1.05,-0.34,-3.77,0.61,-3.36,-11.58,54.7,,,,,0,,182.0,1.0,0.0,,SKIP,False,1870.0,1966.0,1773.0,2217.0,1845.5,1830.8
2026-08-18,7.0,6367,ダイキン工業,6367.T,21115.0,44.3,193,E,対象外,False,False,25.7,-1.56,-4.99,-13.82,-1.54,-9.34,-19.25,560.85,,,,,0,,195.0,2.0,0.0,,SKIP,False,20482.0,21537.0,19426.0,24282.0,20273.7,20855.2
2026-08-18,7.0,6976,太陽誘電,6976.T,9991.0,45.0,192,E,対象外,False,False,42.1,-11.54,4.64,-9.46,7.0,-8.04,-55.9,1369.27,,,,,0,,193.0,1.0,0.0,,SKIP,False,9691.0,10191.0,9192.0,11490.0,7937.1,8558.0
2026-08-18,7.0,8802,三菱地所,8802.T,3601.0,45.0,191,E,対象外,False,False,32.7,-2.01,-3.12,-12.43,-0.01,-8.67,-17.37,108.26,,,,,0,,185.0,-6.0,-8.0,,SKIP,False,3493.0,3673.0,3313.0,4141.0,3438.6,3583.0
2026-08-18,7.0,5201,AGC,5201.T,5934.0,46.0,190,E,対象外,False,False,41.9,-1.03,1.04,-3.28,1.86,-2.48,-26.74,186.01,,,,,0,,184.0,-6.0,-8.0,,SKIP,False,5756.0,6053.0,5459.0,6824.0,5655.0,5553.1
2026-08-18,7.0,9005,東急,9005.T,1642.0,47.3,189,E,対象外,False,False,38.1,0.49,-0.15,-7.34,1.68,-4.4,-11.08,32.26,,,,,0,,192.0,3.0,0.0,,SKIP,False,1593.0,1675.0,1511.0,1888.0,1593.6,1617.9
2026-08-18,7.0,6753,シャープ,6753.T,616.1,48.3,188,E,対象外,False,False,45.0,-3.36,-5.22,-1.79,-4.77,-2.28,-8.81,26.06,,,,,0,,191.0,3.0,0.0,,SKIP,False,598.0,628.0,567.0,709.0,577.0,583.6
2026-08-18,7.0,3436,SUMCO,3436.T,3788.0,50.0,187,E,対象外,False,False,49.7,-6.72,8.63,-3.22,9.44,-1.02,-28.62,385.81,,,,,0,,176.0,-11.0,-8.0,,SKIP,False,3674.0,3864.0,3485.0,4356.0,3209.3,2746.2
2026-08-18,7.0,6841,横河電機,6841.T,5346.0,50.1,186,E,対象外,False,False,43.9,-4.52,-1.96,-2.23,-1.4,-4.54,-11.23,232.45,,,,,0,,190.0,4.0,0.0,,SKIP,False,5186.0,5453.0,4918.0,6148.0,4997.3,5146.1
2026-08-18,7.0,9023,東京地下鉄,9023.T,1440.5,51.0,185,E,対象外,False,False,46.5,-0.35,-1.61,-2.14,-1.07,-1.31,-5.11,26.84,,,,,0,,189.0,4.0,0.0,,SKIP,False,1397.0,1469.0,1325.0,1657.0,1400.2,1407.9
2026-08-18,7.0,9532,大阪ガス,9532.T,5444.0,51.0,184,E,対象外,False,False,49.7,0.54,0.48,1.43,0.12,0.06,-4.02,120.59,,,,,0,,188.0,4.0,0.0,,SKIP,False,5281.0,5553.0,5008.0,6261.0,5263.1,5239.7
2026-08-18,7.0,8766,東京海上ホールディングス,8766.T,7371.0,51.6,183,E,対象外,False,False,38.0,-1.47,-4.91,-2.06,-4.4,-5.96,-12.18,188.51,,,,,0,,186.0,3.0,0.0,,SKIP,False,7150.0,7518.0,6781.0,8477.0,7088.2,7334.1
2026-08-18,7.0,9433,KDDI,9433.T,2854.0,92.3,54,D,監視候補,False,False,49.2,0.72,0.85,-0.49,0.97,-1.39,-8.17,74.73,,,,,0,,67.0,13.0,0.0,,SKIP,False,2768.0,2911.0,2626.0,3282.0,2741.9,2765.1
2026-08-18,7.0,9501,東京電力ホールディングス,9501.T,524.5,44.0,194,E,対象外,False,False,54.6,0.34,0.58,3.53,-0.31,1.32,-9.04,19.49,,,,,0,,196.0,2.0,0.0,,SKIP,False,509.0,535.0,483.0,603.0,495.3,483.4
2026-08-18,7.0,6702,富士通,6702.T,3601.0,55.2,180,E,対象外,False,False,52.1,-1.72,-3.17,9.19,-5.47,2.14,-7.71,133.52,,,,,0,,165.0,-15.0,-8.0,,SKIP,False,3493.0,3673.0,3313.0,4141.0,3400.7,3165.1
2026-08-18,7.0,7974,任天堂,7974.T,8760.0,55.5,179,E,対象外,False,False,68.6,-0.01,5.99,20.1,0.96,13.96,-1.57,296.05,,,,,0,,181.0,2.0,0.0,,SKIP,False,8497.0,8935.0,8059.0,10074.0,8315.9,6870.5
2026-08-18,7.0,7735,SCREENホールディングス,7735.T,13695.0,55.8,178,E,対象外,False,False,44.6,-6.29,3.95,-17.05,8.21,-7.97,-29.73,998.97,,,,,0,,180.0,2.0,0.0,,SKIP,False,13284.0,13969.0,12599.0,15749.0,12196.5,11313.1
2026-08-18,7.0,4061,デンカ,4061.T,3496.0,43.6,195,E,対象外,False,False,43.8,-3.05,2.22,-2.83,2.93,-3.46,-22.88,188.78,,,,,0,,197.0,2.0,0.0,,SKIP,False,3391.0,3566.0,3216.0,4020.0,3212.8,3166.1
2026-08-18,7.0,2413,エムスリー,2413.T,1695.5,43.1,196,E,対象外,False,False,46.2,-2.11,10.24,-11.65,13.15,-5.86,-14.54,95.32,,,,,0,,187.0,-9.0,-8.0,,SKIP,False,1645.0,1729.0,1560.0,1950.0,1552.5,1441.8
2026-08-18,7.0,9020,JR東日本,9020.T,3453.0,42.0,197,E,対象外,False,False,44.9,-0.2,0.0,-4.72,1.18,-3.3,-12.25,87.53,,,,,0,,198.0,1.0,0.0,,SKIP,False,3349.0,3522.0,3177.0,3971.0,3321.7,3334.2
2026-08-18,7.0,7201,日産自動車,7201.T,333.3,30.0,207,E,対象外,False,False,50.8,0.94,-4.77,1.21,-5.08,0.52,-16.47,10.57,,,,,0,,211.0,4.0,0.0,,SKIP,False,323.0,340.0,307.0,383.0,317.4,316.2
2026-08-18,7.0,4755,楽天グループ,4755.T,772.7,20.0,214,E,対象外,False,False,43.9,-0.6,-10.57,-3.3,-9.74,-4.83,-12.84,30.16,,,,,0,,214.0,0.0,0.0,,SKIP,False,750.0,788.0,711.0,889.0,727.5,740.5
2026-08-18,7.0,5214,日本電気硝子,5214.T,5075.0,22.0,213,E,対象外,False,False,42.5,-2.29,2.36,-8.98,4.61,-4.09,-25.4,222.03,,,,,0,,213.0,0.0,0.0,,SKIP,False,4923.0,5176.0,4669.0,5836.0,4742.0,4301.4
2026-08-18,7.0,7832,バンダイナムコホールディングス,7832.T,5342.0,91.0,59,D,監視候補,False,False,71.0,0.19,-1.6,27.52,-8.48,15.18,-1.71,193.75,,,,,0,,71.0,12.0,0.0,,SKIP,False,5182.0,5449.0,4915.0,6143.0,5051.4,4018.8
2026-08-18,7.0,4043,トクヤマ,4043.T,4195.0,25.4,211,E,対象外,False,False,46.2,-1.76,6.12,-7.01,7.87,-1.94,-25.38,193.4,,,,,0,,212.0,1.0,0.0,,SKIP,False,4069.0,4279.0,3859.0,4824.0,3904.9,3695.4
2026-08-18,7.0,9735,セコム,9735.T,6364.0,54.3,182,E,対象外,False,False,40.3,-0.69,0.38,-5.65,1.79,-5.1,-11.27,172.38,,,,,0,,183.0,1.0,0.0,,SKIP,False,6173.0,6491.0,5855.0,7319.0,6105.4,6260.5
2026-08-18,7.0,5332,TOTO,5332.T,6360.0,28.2,209,E,対象外,False,False,35.3,-4.5,-2.96,-14.64,0.7,-9.44,-31.72,294.06,,,,,0,,205.0,-4.0,-8.000000000000004,,SKIP,False,6169.0,6487.0,5851.0,7314.0,5918.9,6064.5
2026-08-18,7.0,2269,明治ホールディングス,2269.T,4244.0,72.7,129,E,対象外,False,False,67.0,1.17,1.29,11.33,-1.54,8.87,-0.09,112.44,,,,,0,,112.0,-17.0,-8.0,,SKIP,False,4117.0,4329.0,3904.0,4881.0,4075.3,3580.0
2026-08-18,7.0,2802,味の素,2802.T,5535.0,94.9,47,D,監視候補,False,False,55.6,-3.25,4.99,6.57,3.35,5.23,-10.36,232.37,,,,,0,,25.0,-22.0,-8.0,,SKIP,False,5369.0,5646.0,5092.0,6365.0,5186.4,4697.4
2026-08-18,7.0,4568,第一三共,4568.T,2700.0,67.8,143,E,対象外,False,False,49.3,1.5,-3.74,-3.26,-2.93,-1.18,-6.56,84.34,,,,,0,,154.0,11.0,0.0,,SKIP,False,2619.0,2754.0,2484.0,3105.0,2573.5,2487.5
2026-08-18,7.0,1812,鹿島建設,1812.T,4891.0,31.0,206,E,対象外,False,False,30.2,-1.81,-0.22,-11.46,2.64,-8.27,-21.45,167.2,,,,,0,,210.0,4.0,0.0,,SKIP,False,4744.0,4989.0,4500.0,5625.0,4640.2,4770.0
2026-08-18,7.0,7731,ニコン,7731.T,1983.0,41.3,198,E,対象外,False,False,44.0,-1.34,-4.04,-9.8,-1.59,-4.6,-13.69,86.01,,,,,0,,199.0,1.0,0.0,,SKIP,False,1924.0,2023.0,1824.0,2280.0,1854.0,1821.3
2026-08-18,7.0,1801,大成建設,1801.T,12695.0,33.0,205,E,対象外,False,False,40.1,-1.78,0.47,-4.84,1.68,-4.44,-16.29,472.27,,,,,0,,200.0,-5.0,-8.0,,SKIP,False,12314.0,12949.0,11679.0,14599.0,11986.6,12382.8
2026-08-18,7.0,6954,ファナック,6954.T,6285.0,33.0,204,E,対象外,False,False,42.8,-3.65,-3.41,-5.3,-2.09,-5.21,-25.43,328.34,,,,,0,,209.0,5.0,0.0,,SKIP,False,6096.0,6411.0,5782.0,7228.0,5792.5,5779.0
2026-08-18,7.0,4704,トレンドマイクロ,4704.T,5516.0,34.0,203,E,対象外,False,False,34.9,3.06,-20.24,-14.88,-16.52,-13.88,-20.82,284.9,,,,,0,,207.0,4.0,0.0,,SKIP,False,5351.0,5626.0,5075.0,6343.0,5088.7,5275.5
2026-08-18,7.0,8267,イオン,8267.T,1351.5,37.0,202,E,対象外,False,False,45.2,-0.81,-2.73,-3.12,-1.96,-1.78,-7.56,41.28,,,,,0,,194.0,-8.0,-8.0,,SKIP,False,1311.0,1379.0,1243.0,1554.0,1289.6,1300.0
2026-08-18,7.0,5706,三井金属,5706.T,30060.0,37.4,201,E,対象外,False,False,44.8,-4.84,7.92,0.27,7.85,-3.69,-44.17,2871.74,,,,,0,,203.0,2.0,0.0,,SKIP,False,29158.0,30661.0,27655.0,34569.0,25752.4,24656.1
2026-08-18,7.0,8801,三井不動産,8801.T,1444.5,39.0,200,E,対象外,False,False,37.9,-0.31,-1.37,-6.02,0.14,-5.2,-11.22,35.09,,,,,0,,202.0,2.0,0.0,,SKIP,False,1401.0,1473.0,1329.0,1661.0,1391.9,1417.9
2026-08-18,7.0,4751,サイバーエージェント,4751.T,1256.5,39.0,199,E,対象外,False,False,34.2,-0.51,0.6,-15.3,4.43,-11.7,-20.27,52.88,,,,,0,,201.0,2.0,0.0,,SKIP,False,1219.0,1282.0,1156.0,1445.0,1177.2,1221.9
2026-08-18,7.0,7270,SUBARU,7270.T,2588.5,56.1,177,E,対象外,False,False,51.0,1.21,-1.01,2.15,-1.55,-0.18,-9.13,76.03,,,,,0,,179.0,2.0,0.0,,SKIP,False,2511.0,2640.0,2381.0,2977.0,2474.5,2431.8
2026-08-18,7.0,4519,中外製薬,4519.T,6847.0,57.0,176,E,対象外,False,False,42.3,-0.25,-3.73,-6.53,-2.09,-2.86,-14.89,201.79,,,,,0,,177.0,1.0,0.0,,SKIP,False,6642.0,6984.0,6299.0,7874.0,6544.3,6542.1
2026-08-18,7.0,8002,丸紅,8002.T,4938.0,57.0,175,E,対象外,False,False,44.9,0.43,-0.24,-1.0,0.01,-2.88,-9.39,151.54,,,,,0,,163.0,-12.0,-8.0,,SKIP,False,4790.0,5037.0,4543.0,5679.0,4710.7,4764.1
2026-08-18,7.0,6902,デンソー,6902.T,1933.5,66.7,146,E,対象外,False,False,47.5,0.7,-0.23,-1.55,0.16,-2.15,-12.43,49.49,,,,,0,,158.0,12.0,0.0,,SKIP,False,1875.0,1972.0,1779.0,2224.0,1859.3,1874.6
2026-08-18,7.0,8031,三井物産,8031.T,4873.0,65.0,153,E,対象外,False,False,52.2,1.61,-0.14,4.53,-1.27,0.63,-10.83,125.05,,,,,0,,140.0,-13.0,-8.0,,SKIP,False,4727.0,4970.0,4483.0,5604.0,4685.4,4638.7
2026-08-18,7.0,4506,住友ファーマ,4506.T,1375.0,65.0,152,E,対象外,False,False,54.8,1.44,2.23,9.04,-0.03,5.24,-15.28,49.3,,,,,0,,162.0,10.0,0.0,,SKIP,False,1334.0,1402.0,1265.0,1581.0,1301.0,1182.1
2026-08-18,7.0,2502,アサヒグループホールディングス,2502.T,1649.0,65.4,151,E,対象外,False,False,49.8,-0.72,-2.19,2.87,-2.91,-0.61,-7.18,46.69,,,,,0,,138.0,-13.0,-8.0,,SKIP,False,1600.0,1682.0,1517.0,1896.0,1579.0,1590.0
2026-08-18,7.0,9021,JR西日本,9021.T,2884.0,65.9,150,E,対象外,False,False,47.2,-0.14,0.52,-3.72,1.45,-2.78,-10.41,69.64,,,,,0,,160.0,10.0,0.0,,SKIP,False,2797.0,2942.0,2653.0,3317.0,2779.5,2768.6
2026-08-18,7.0,2002,日清製粉グループ本社,2002.T,2009.0,66.0,149,E,対象外,False,False,49.4,-0.1,0.58,-2.17,1.12,-0.89,-7.57,45.34,,,,,0,,137.0,-12.0,-8.0,,SKIP,False,1949.0,2049.0,1848.0,2310.0,1941.0,1896.5
2026-08-18,7.0,1802,大林組,1802.T,3012.0,66.0,148,E,対象外,False,False,34.4,-0.73,-0.2,-6.11,1.33,-4.84,-11.54,83.06,,,,,0,,159.0,11.0,0.0,,SKIP,False,2922.0,3072.0,2771.0,3464.0,2887.4,2955.2
2026-08-18,7.0,6770,アルプスアルパイン,6770.T,2190.0,66.2,147,E,対象外,False,False,53.9,-0.68,1.91,6.39,0.31,1.68,-2.34,70.7,,,,,0,,136.0,-11.0,-8.0,,SKIP,False,2124.0,2234.0,2015.0,2518.0,2084.0,2021.8
2026-08-18,7.0,4502,武田薬品工業,4502.T,5702.0,67.4,145,E,対象外,False,False,59.8,3.43,2.15,4.05,1.14,3.25,-2.48,130.85,,,,,0,,133.0,-12.0,-8.0,,SKIP,False,5531.0,5816.0,5246.0,6557.0,5505.7,5198.9
2026-08-18,7.0,3086,J.フロント リテイリング,3086.T,2848.5,63.8,155,E,対象外,False,False,41.2,-0.19,-4.52,-12.81,-1.32,-6.02,-21.25,92.44,,,,,0,,164.0,9.0,0.0,,SKIP,False,2763.0,2905.0,2621.0,3276.0,2709.8,2799.9
2026-08-18,7.0,6178,日本郵政,6178.T,2403.0,92.4,53,D,監視候補,False,False,54.8,0.35,2.93,3.18,2.14,0.17,-4.7,57.93,,,,,0,,36.0,-17.0,-8.0,,SKIP,False,2331.0,2451.0,2211.0,2763.0,2316.1,2256.2
2026-08-18,7.0,6503,三菱電機,6503.T,6031.0,68.9,140,E,対象外,False,False,56.2,-1.55,3.2,12.31,0.12,5.56,-8.06,233.91,,,,,0,,126.0,-14.0,-8.0,,SKIP,False,5850.0,6152.0,5549.0,6936.0,5680.1,5024.8
2026-08-18,7.0,6724,セイコーエプソン,6724.T,3063.0,92.0,56,D,監視候補,False,False,53.8,-2.33,-6.19,8.87,-8.4,2.06,-6.19,96.62,,,,,0,,38.0,-18.0,-8.0,,SKIP,False,2971.0,3124.0,2818.0,3522.0,2918.1,2773.1
2026-08-18,7.0,3099,三越伊勢丹ホールディングス,3099.T,3494.0,62.7,158,E,対象外,False,False,37.0,-1.02,-4.14,-10.3,-1.57,-5.64,-16.11,132.51,,,,,0,,168.0,10.0,0.0,,SKIP,False,3389.0,3564.0,3214.0,4018.0,3295.2,3420.8
2026-08-18,7.0,8591,オリックス,8591.T,6295.0,104.5,17,C,監視候補,False,False,46.4,-0.91,0.37,1.48,-0.0,-2.1,-5.66,155.48,,,,,0,,21.0,4.0,0.0,,SKIP,False,6106.0,6421.0,5791.0,7239.0,6061.8,6126.2
2026-08-18,7.0,8604,NOMURA HOLDINGS INC.,8604.T,1554.0,115.3,3,B,買い候補,True,True,52.3,-0.32,0.26,2.24,-0.3,-0.64,-4.43,39.43,8604_20260818_01,,1554.0,1.0,0,0.0,3.0,0.0,0.0,NEW,WATCH,False,1507.0,1585.0,1430.0,1787.0,1494.9,1448.2
2026-08-18,7.0,6472,NTN,6472.T,391.4,78.5,113,E,対象外,False,False,51.0,1.35,1.72,6.56,0.07,2.07,-13.62,13.98,,,,,0,,117.0,4.0,0.0,,SKIP,False,380.0,399.0,360.0,450.0,370.4,352.4
2026-08-18,7.0,9008,京王電鉄,9008.T,763.4,69.0,139,E,対象外,False,False,47.2,0.7,1.41,-3.42,2.26,-2.21,-9.21,16.55,,,,,0,,150.0,11.0,0.0,,SKIP,False,740.0,779.0,702.0,878.0,738.6,738.4
2026-08-18,7.0,8252,丸井グループ,8252.T,2941.5,69.7,138,E,対象外,False,False,50.1,-0.1,-0.52,-0.76,-0.33,-0.58,-4.96,58.11,,,,,0,,123.0,-15.0,-8.0,,SKIP,False,2853.0,3000.0,2706.0,3383.0,2854.3,2821.3
2026-08-18,7.0,8035,東京エレクトロン,8035.T,56380.0,65.0,154,E,対象外,False,False,42.8,-6.17,-0.65,-13.39,2.7,-7.29,-28.45,3710.5,,,,,0,,141.0,-13.0,-8.0,,SKIP,False,54689.0,57508.0,51870.0,64837.0,50814.2,48337.1
2026-08-18,7.0,1803,清水建設,1803.T,2386.5,63.0,156,E,対象外,False,False,44.9,-1.53,0.51,-1.28,0.83,-1.62,-13.22,84.07,,,,,0,,166.0,10.0,0.0,,SKIP,False,2315.0,2434.0,2196.0,2744.0,2260.4,2167.1
2026-08-18,7.0,9531,東京ガス,9531.T,6051.0,57.0,174,E,対象外,False,False,47.3,0.77,2.3,-0.59,2.45,-0.62,-6.62,126.13,,,,,0,,178.0,4.0,0.0,,SKIP,False,5869.0,6172.0,5567.0,6959.0,5861.8,5846.6
2026-08-18,7.0,7211,三菱自動車工業,7211.T,349.0,60.5,166,E,対象外,False,False,48.1,0.29,-0.48,-8.25,1.58,-3.64,-14.08,12.72,,,,,0,,173.0,7.0,0.0,,SKIP,False,339.0,356.0,321.0,401.0,329.9,337.5
2026-08-18,7.0,9602,東宝,9602.T,1520.5,57.1,173,E,対象外,False,False,58.8,1.43,0.73,6.33,-0.85,3.79,-4.88,50.31,,,,,0,,161.0,-12.0,-7.999999999999993,,SKIP,False,1475.0,1551.0,1399.0,1749.0,1445.0,1326.8
2026-08-18,7.0,7532,パン・パシフィック・インターナショナルホールディングス,7532.T,915.5,58.8,172,E,対象外,False,False,55.6,0.7,-1.18,2.98,-1.92,1.85,-5.09,25.7,,,,,0,,157.0,-15.0,-8.0,,SKIP,False,888.0,934.0,842.0,1053.0,877.0,839.6
2026-08-18,7.0,7453,良品計画,7453.T,4303.0,67.5,144,E,対象外,False,False,53.8,-0.97,-4.93,1.03,-5.19,-0.16,-4.93,147.86,,,,,0,,132.0,-12.0,-8.0,,SKIP,False,4174.0,4389.0,3959.0,4948.0,4081.2,4019.8
2026-08-18,7.0,6113,アマダ,6113.T,2721.5,59.0,171,E,対象外,False,False,44.7,-3.92,-1.57,-1.14,-1.29,-3.23,-14.95,129.82,,,,,0,,155.0,-16.0,-8.0,,SKIP,False,2640.0,2776.0,2504.0,3130.0,2526.8,2465.6
2026-08-18,7.0,4324,電通グループ,4324.T,3504.0,59.2,169,E,対象外,False,False,49.0,-0.17,-7.15,-0.06,-7.14,-1.42,-9.55,135.35,,,,,0,,175.0,6.0,0.0,,SKIP,False,3399.0,3574.0,3224.0,4030.0,3301.0,3290.5
2026-08-18,7.0,3289,東急不動産ホールディングス,3289.T,1315.0,59.3,168,E,対象外,False,False,48.5,-0.19,1.08,-0.79,1.27,-0.96,-6.21,24.08,,,,,0,,174.0,6.0,0.0,,SKIP,False,1276.0,1341.0,1210.0,1512.0,1278.9,1269.1
2026-08-18,7.0,5802,住友電気工業,5802.T,2419.5,59.9,167,E,対象外,False,False,51.8,-2.16,11.96,7.58,10.07,4.78,-30.7,167.94,,,,,0,,153.0,-14.0,-8.000000000000007,,SKIP,False,2347.0,2468.0,2226.0,2782.0,2167.6,1963.1
2026-08-18,7.0,4063,信越化学工業,4063.T,6242.0,61.2,165,E,対象外,False,False,43.1,-2.24,-0.7,-12.78,2.5,-4.02,-20.04,224.78,,,,,0,,172.0,7.0,0.0,,SKIP,False,6055.0,6367.0,5743.0,7178.0,5904.8,5607.8
2026-08-18,7.0,7202,いすゞ自動車,7202.T,2241.5,62.8,157,E,対象外,False,False,44.0,-0.84,-3.03,-3.53,-2.15,-3.36,-9.27,68.91,,,,,0,,167.0,10.0,0.0,,SKIP,False,2174.0,2286.0,2062.0,2578.0,2138.1,2165.1
2026-08-18,7.0,3401,帝人,3401.T,1749.5,61.3,164,E,対象外,False,False,57.9,0.0,-0.85,3.61,-1.75,2.65,-2.18,46.95,,,,,0,,149.0,-15.0,-8.0,,SKIP,False,1697.0,1784.0,1610.0,2012.0,1679.1,1559.2
2026-08-18,7.0,3092,ZOZO,3092.T,1105.0,61.8,163,E,対象外,False,False,41.1,-0.58,-5.15,-7.38,-3.31,-4.31,-9.76,31.63,,,,,0,,171.0,8.0,0.0,,SKIP,False,1072.0,1127.0,1017.0,1271.0,1057.6,1084.5
2026-08-18,7.0,3659,ネクソン,3659.T,3002.0,62.0,162,E,対象外,False,False,76.4,-1.41,21.59,30.64,13.93,22.01,-1.41,132.88,,,,,0,,146.0,-16.0,-8.0,,SKIP,False,2912.0,3062.0,2762.0,3452.0,2802.7,2186.5
2026-08-18,7.0,2432,ディー・エヌ・エー,2432.T,2469.5,62.0,161,E,対象外,False,False,48.1,-1.61,0.53,2.26,-0.03,0.19,-10.1,63.62,,,,,0,,147.0,-14.0,-8.0,,SKIP,False,2395.0,2519.0,2272.0,2840.0,2374.1,2361.6
2026-08-18,7.0,2282,日本ハム,2282.T,6324.0,62.1,160,E,対象外,False,False,55.0,0.29,3.71,1.01,3.45,1.57,-5.19,157.89,,,,,0,,170.0,10.0,0.0,,SKIP,False,6134.0,6450.0,5818.0,7273.0,6087.2,5714.3
2026-08-18,7.0,6361,荏原製作所,6361.T,5335.0,62.3,159,E,対象外,False,False,43.2,-2.68,-4.37,-0.91,-4.15,-5.28,-20.84,346.89,,,,,0,,169.0,10.0,0.0,,SKIP,False,5175.0,5442.0,4908.0,6135.0,4814.7,4684.5
2026-08-18,7.0,7004,カナデビア,7004.T,1264.0,59.0,170,E,対象外,False,False,55.5,1.53,0.8,7.76,-1.14,4.08,-13.01,40.72,,,,,0,,156.0,-14.0,-8.0,,SKIP,False,1226.0,1289.0,1163.0,1454.0,1202.9,1139.3
2026-08-18,7.0,6723,ルネサスエレクトロニクス,6723.T,3807.0,68.1,142,E,対象外,False,False,46.3,-1.7,-0.47,-0.39,-0.37,-1.46,-25.69,266.79,,,,,0,,152.0,10.0,0.0,,SKIP,False,3693.0,3883.0,3502.0,4378.0,3406.8,3048.7
2026-08-18,7.0,4042,東ソー,4042.T,2704.0,68.6,141,E,対象外,False,False,44.5,-1.06,-1.33,-0.44,-1.22,-1.33,-11.23,66.25,,,,,0,,151.0,10.0,0.0,,SKIP,False,2623.0,2758.0,2488.0,3110.0,2604.6,2535.3
2026-08-18,7.0,7762,シチズン時計,7762.T,2600.0,94.8,48,D,監視候補,False,False,59.0,-7.18,1.13,19.32,-3.7,10.89,-7.18,128.17,,,,,0,,60.0,12.0,0.0,,SKIP,False,2522.0,2652.0,2392.0,2990.0,2407.7,1965.1
2026-08-18,7.0,4503,アステラス製薬,4503.T,2310.5,95.3,46,D,監視候補,False,False,57.1,1.2,-2.22,7.42,-4.08,3.61,-2.22,63.39,,,,,0,,22.0,-24.0,-8.0,,SKIP,False,2241.0,2357.0,2126.0,2657.0,2215.4,2114.4
2026-08-18,7.0,9202,ANAホールディングス,9202.T,3040.0,100.9,29,C,監視候補,False,False,46.1,-1.55,-2.09,0.43,-2.2,-1.31,-5.62,61.62,,,,,0,,34.0,5.0,0.0,,SKIP,False,2949.0,3101.0,2797.0,3496.0,2947.6,2868.6
2026-08-18,7.0,6305,日立建機,6305.T,5490.0,100.9,28,C,監視候補,False,False,51.5,1.86,-1.61,7.35,-3.45,1.21,-3.41,178.96,,,,,0,,35.0,7.0,0.0,,SKIP,False,5325.0,5600.0,5051.0,6313.0,5221.6,5054.6
2026-08-18,7.0,6971,京セラ,6971.T,3799.0,101.0,27,C,監視候補,False,False,53.1,-1.89,-0.6,6.83,-2.31,2.02,-2.99,137.05,,,,,0,,33.0,6.0,0.0,,SKIP,False,3685.0,3875.0,3495.0,4369.0,3593.4,3480.5
2026-08-18,7.0,4543,テルモ,4543.T,2578.0,101.5,26,C,監視候補,False,False,64.4,-1.6,0.1,13.69,-3.33,9.62,-3.54,82.78,,,,,0,,32.0,6.0,0.0,,SKIP,False,2501.0,2630.0,2372.0,2965.0,2453.8,2122.3
2026-08-18,7.0,8795,T&Dホールディングス,8795.T,4929.0,101.9,25,C,監視候補,False,False,49.5,-0.18,1.69,2.84,0.98,-1.18,-4.77,125.84,,,,,0,,31.0,6.0,0.0,,SKIP,False,4781.0,5028.0,4535.0,5668.0,4740.2,4820.8
2026-08-18,7.0,5714,DOWAホールディングス,5714.T,9544.0,102.0,24,C,監視候補,False,False,63.5,-0.89,0.0,20.11,-5.03,10.56,-12.72,358.39,,,,,0,,30.0,6.0,0.0,,SKIP,False,9258.0,9735.0,8780.0,10976.0,9006.4,7646.6
2026-08-18,7.0,2914,日本たばこ産業（JT）,2914.T,6932.0,102.0,23,C,監視候補,False,False,58.4,-2.37,-2.3,9.22,-4.6,3.48,-2.85,162.07,,,,,0,,28.0,5.0,0.0,,SKIP,False,6724.0,7071.0,6377.0,7972.0,6688.9,6283.4
2026-08-18,7.0,8308,りそなホールディングス,8308.T,2500.0,102.4,22,C,監視候補,False,False,65.4,0.75,9.99,12.38,6.89,7.46,0.0,76.88,,,,,0,,27.0,5.0,0.0,,SKIP,False,2425.0,2550.0,2300.0,2875.0,2384.7,2142.2
2026-08-18,7.0,6857,アドバンテスト,6857.T,35860.0,103.0,20,C,監視候補,False,False,60.1,-5.08,4.67,30.38,-2.92,14.6,-5.08,2314.65,,,,,0,,24.0,4.0,0.0,,SKIP,False,34784.0,36577.0,32991.0,41239.0,32388.0,24014.3
2026-08-18,7.0,6103,オークマ,6103.T,5330.0,103.1,19,C,監視候補,False,False,57.9,-2.56,-3.44,11.27,-6.26,4.29,-4.48,198.2,,,,,0,,23.0,4.0,0.0,,SKIP,False,5170.0,5437.0,4904.0,6129.0,5032.7,4621.8
2026-08-18,7.0,6920,レーザーテック,6920.T,37020.0,28.6,208,E,対象外,False,False,42.6,-5.71,-6.49,-11.63,-3.59,-10.6,-35.35,3282.87,,,,,0,,204.0,-4.0,-8.0,,SKIP,False,35909.0,37760.0,34058.0,42573.0,32095.7,33034.0
2026-08-18,7.0,4689,LINEヤフー,4689.T,497.9,104.4,18,C,監視候補,False,False,66.8,1.22,1.97,11.29,-0.86,7.49,-1.66,14.24,4689_20260818_01,2026-08-18 00:00:00,497.9,2.0,1,0.0,7.0,-11.0,-8.0,MATURE,SKIP,False,483.0,508.0,458.0,573.0,476.5,427.8
2026-08-18,7.0,5101,横浜ゴム,5101.T,7647.0,105.2,16,C,買い候補,False,True,51.5,-0.17,2.18,1.11,1.9,0.39,-3.43,325.3,5101_20260818_01,2026-08-18 00:00:00,7647.0,3.0,0,0.0,6.0,-10.0,-8.0,ACCELERATION,ENTRY,True,7418.0,7800.0,7035.0,8794.0,7159.0,7077.4
2026-08-18,7.0,7751,キヤノン,7751.T,4500.0,99.0,33,D,監視候補,False,False,50.6,-1.34,-2.77,0.76,-2.96,-0.33,-5.26,97.09,,,,,0,,41.0,8.0,0.0,,SKIP,False,4365.0,4590.0,4140.0,5175.0,4354.4,4342.2
2026-08-18,7.0,9766,コナミグループ,9766.T,21540.0,98.6,34,D,監視候補,False,False,60.4,-0.25,-0.55,14.12,-4.08,7.2,-5.13,823.89,,,,,0,,43.0,9.0,0.0,,SKIP,False,20894.0,21971.0,19817.0,24771.0,20304.2,17740.8
2026-08-18,7.0,8253,クレディセゾン,8253.T,4643.0,98.5,35,D,監視候補,False,False,51.1,-1.32,-0.11,1.6,-0.51,-0.06,-4.15,118.91,,,,,0,,46.0,11.0,0.0,,SKIP,False,4504.0,4736.0,4272.0,5339.0,4464.6,4335.2
2026-08-18,7.0,7752,リコー,7752.T,1596.0,95.5,45,D,監視候補,False,False,52.9,-2.42,-2.68,6.33,-4.27,1.0,-4.89,45.08,,,,,0,,56.0,11.0,0.0,,SKIP,False,1548.0,1628.0,1468.0,1835.0,1528.4,1492.5
2026-08-18,7.0,6988,日東電工,6988.T,3464.0,94.0,52,D,監視候補,False,False,55.1,-0.35,-2.56,7.51,-4.44,1.66,-3.16,97.54,,,,,0,,29.0,-23.0,-8.0,,SKIP,False,3360.0,3533.0,3187.0,3984.0,3317.7,3237.7
2026-08-18,7.0,7267,本田技研工業,7267.T,1713.0,94.1,51,D,監視候補,False,False,65.3,1.54,1.24,11.56,-1.65,6.61,0.0,48.52,,,,,0,,62.0,11.0,0.0,,SKIP,False,1662.0,1747.0,1576.0,1970.0,1640.2,1502.5
2026-08-18,7.0,5020,ENEOSホールディングス,5020.T,1318.5,94.2,50,D,監視候補,False,False,55.6,1.85,4.02,6.03,2.52,1.73,-2.3,36.82,,,,,0,,61.0,11.0,0.0,,SKIP,False,1279.0,1345.0,1213.0,1516.0,1263.3,1258.7
2026-08-18,7.0,2801,キッコーマン,2801.T,1770.0,94.5,49,D,監視候補,False,False,60.7,-0.65,-0.17,6.18,-1.71,5.22,-1.23,57.43,,,,,0,,26.0,-23.0,-8.0,,SKIP,False,1717.0,1805.0,1628.0,2035.0,1683.9,1547.2
2026-08-18,7.0,4151,協和キリン,4151.T,2564.0,99.1,32,D,監視候補,False,False,49.0,0.89,0.06,-3.41,0.91,-1.21,-6.27,61.86,,,,,0,,40.0,8.0,0.0,,SKIP,False,2487.0,2615.0,2359.0,2949.0,2471.2,2410.4
2026-08-18,7.0,7186,コンコルディア・フィナンシャルグループ,7186.T,1935.5,96.7,44,D,監視候補,False,False,59.2,1.28,5.33,7.89,3.36,2.59,-2.37,55.25,,,,,0,,54.0,10.0,0.0,,SKIP,False,1877.0,1974.0,1781.0,2226.0,1852.6,1741.2
2026-08-18,7.0,8628,松井証券,8628.T,1106.0,98.5,36,D,監視候補,False,False,62.1,0.91,0.82,3.85,-0.14,2.13,-1.51,23.95,,,,,0,,45.0,9.0,0.0,,SKIP,False,1073.0,1128.0,1018.0,1272.0,1070.1,1017.9
2026-08-18,7.0,8331,千葉銀行,8331.T,2837.5,102.4,21,C,監視候補,False,False,64.6,-0.21,6.11,11.89,3.14,4.59,-0.21,78.07,8331_20260818_01,2026-08-18 00:00:00,2837.5,2.0,1,0.0,11.0,-10.0,-8.0,MATURE,SKIP,False,2752.0,2894.0,2610.0,3263.0,2720.4,2491.5
2026-08-18,7.0,9022,JR東海,9022.T,3833.0,70.0,135,E,対象外,False,False,51.2,0.97,-0.34,1.78,-0.78,-0.91,-9.66,97.9,,,,,0,,119.0,-16.0,-8.0,,SKIP,False,3718.0,3910.0,3526.0,4408.0,3686.1,3716.3
2026-08-18,7.0,9009,京成電鉄,9009.T,1289.5,100.0,31,C,監視候補,False,False,60.3,0.74,0.31,1.66,-0.1,1.29,-3.08,30.45,,,,,0,,37.0,6.0,0.0,,SKIP,False,1251.0,1315.0,1186.0,1483.0,1243.8,1207.4
2026-08-18,7.0,4183,三井化学,4183.T,2205.0,96.8,43,D,監視候補,False,False,55.7,0.36,-0.27,3.96,-1.26,1.81,-1.41,60.24,,,,,0,,53.0,10.0,0.0,,SKIP,False,2139.0,2249.0,2029.0,2536.0,2114.6,2023.8
2026-08-18,7.0,8354,ふくおかフィナンシャルグループ,8354.T,7763.0,96.8,42,D,監視候補,False,False,59.7,0.15,6.9,9.63,4.49,3.26,-0.51,222.86,,,,,0,,20.0,-22.0,-8.0,,SKIP,False,7530.0,7918.0,7142.0,8927.0,7428.7,7057.5
2026-08-18,7.0,5301,東海カーボン,5301.T,1846.0,97.0,41,D,監視候補,False,False,69.2,2.98,1.68,14.27,-1.89,10.9,-1.68,63.94,,,,,0,,52.0,11.0,0.0,,SKIP,False,1791.0,1883.0,1698.0,2123.0,1750.1,1502.5
2026-08-18,7.0,9147,NIPPON EXPRESSホールディングス,9147.T,5636.0,97.1,40,D,監視候補,False,False,60.9,0.39,1.09,4.66,-0.07,3.94,-0.84,154.82,,,,,0,,51.0,11.0,0.0,,SKIP,False,5467.0,5749.0,5185.0,6481.0,5403.8,5011.8
2026-08-18,7.0,7951,ヤマハ,7951.T,1303.5,98.3,39,D,監視候補,False,False,54.3,-1.7,-7.29,6.32,-8.87,2.2,-7.29,37.63,,,,,0,,48.0,9.0,0.0,,SKIP,False,1264.0,1330.0,1199.0,1499.0,1247.1,1189.5
2026-08-18,7.0,9432,NTT,9432.T,160.4,98.4,38,D,監視候補,False,False,61.2,-0.68,0.31,6.15,-1.23,3.65,-1.41,2.88,,,,,0,,47.0,9.0,0.0,,SKIP,False,156.0,164.0,148.0,184.0,156.1,148.5
2026-08-18,7.0,9201,日本航空,9201.T,2996.0,98.5,37,D,監視候補,False,False,52.9,-1.09,-1.9,3.17,-2.69,1.04,-3.79,60.04,,,,,0,,44.0,7.0,0.0,,SKIP,False,2906.0,3056.0,2756.0,3445.0,2905.9,2714.4
2026-08-18,7.0,2871,ニチレイ,2871.T,2141.5,106.2,15,C,買い候補,False,True,47.8,-0.81,-1.63,0.28,-1.7,-1.03,-9.03,73.05,2871_20260818_01,2026-08-18 00:00:00,2141.5,3.0,0,0.0,19.0,4.0,0.0,MATURE,SKIP,False,2077.0,2184.0,1970.0,2463.0,2031.9,2039.8
2026-08-18,7.0,8601,大和証券グループ本社,8601.T,1771.0,106.7,14,C,買い候補,False,True,48.0,-0.42,-0.98,-0.48,-0.86,-2.65,-5.75,42.13,8601_20260818_01,2026-08-18 00:00:00,1771.0,3.0,0,0.0,5.0,-9.0,-8.0,MATURE,SKIP,False,1718.0,1806.0,1629.0,2037.0,1707.8,1732.8
2026-08-18,7.0,4578,大塚ホールディングス,4578.T,12040.0,107.0,13,C,買い候補,False,True,56.5,0.21,-4.14,9.45,-6.5,4.08,-5.23,401.11,4578_20260818_01,2026-08-18 00:00:00,12040.0,3.0,0,0.0,17.0,4.0,0.0,MATURE,SKIP,False,11679.0,12281.0,11077.0,13846.0,11438.3,10746.0
2026-08-18,7.0,6526,SOCIONEXT INC,6526.T,2019.0,10.4,216,E,対象外,False,False,40.7,-5.26,2.59,-10.9,5.32,-8.47,-33.15,140.88,,,,,0,,,,,,SKIP,False,1958.0,2059.0,1857.0,2322.0,1807.7,1807.9
2026-08-18,7.0,5108,ブリヂストン,5108.T,4074.0,100.5,30,C,監視候補,False,False,59.3,-0.59,-5.69,9.25,-8.01,3.82,-5.69,106.22,5108_20260818_01,2026-08-18 00:00:00,4074.0,2.0,1,0.0,14.0,-16.0,-8.0,MATURE,SKIP,False,3952.0,4155.0,3748.0,4685.0,3914.7,3656.6
2026-08-18,7.0,8411,みずほフィナンシャルグループ,8411.T,8531.0,111.2,4,B,買い候補,True,True,54.8,0.01,3.48,7.58,1.59,1.6,-2.78,265.98,8411_20260818_01,2026-08-18 00:00:00,8531.0,3.0,0,0.0,9.0,5.0,0.0,ACCELERATION,ENTRY,True,8275.0,8702.0,7849.0,9811.0,8132.0,7722.2
2026-08-18,7.0,8316,三井住友フィナンシャルグループ,8316.T,6900.0,107.0,12,C,買い候補,False,True,53.8,-0.26,4.09,2.66,3.42,0.16,-4.35,177.38,8316_20260818_01,2026-08-18 00:00:00,6900.0,3.0,0,0.0,18.0,6.0,0.0,ACCELERATION,ENTRY,True,6693.0,7038.0,6348.0,7935.0,6633.9,6387.9
2026-08-18,7.0,4631,DIC,4631.T,5495.0,111.2,3,B,買い候補,True,True,67.6,-1.29,2.18,23.84,-3.79,15.52,-3.17,195.29,4631_20260818_01,2026-08-18 00:00:00,5495.0,3.0,0,0.0,8.0,5.0,0.0,MATURE,SKIP,False,5330.0,5605.0,5055.0,6319.0,5202.1,4244.7
2026-08-18,7.0,8306,三菱UFJフィナンシャル・グループ,8306.T,3654.0,110.9,5,B,買い候補,True,True,56.5,0.14,4.1,5.21,2.8,1.02,-3.82,97.56,8306_20260818_01,2026-08-18 00:00:00,3654.0,3.0,0,0.0,10.0,5.0,0.0,ACCELERATION,ENTRY,True,3544.0,3727.0,3362.0,4202.0,3507.7,3408.9
2026-08-18,7.0,8725,MS&ADインシュアランスグループホールディングス,8725.T,4985.0,110.3,6,B,買い候補,False,True,64.9,1.22,3.23,11.2,0.43,3.69,-1.29,116.3,8725_20260818_01,2026-08-18 00:00:00,4985.0,3.0,0,0.0,12.0,6.0,0.0,ACCELERATION,ENTRY,True,4835.0,5085.0,4586.0,5733.0,4810.5,4546.2
2026-08-18,7.0,2503,キリンホールディングス,2503.T,3000.0,110.2,7,B,買い候補,False,True,54.0,0.0,0.35,3.13,-0.43,1.57,-4.25,86.31,2503_20260818_01,2026-08-18 00:00:00,3000.0,3.0,0,0.0,13.0,6.0,0.0,HOLD,HOLD,False,2910.0,3060.0,2760.0,3450.0,2870.5,2791.5
2026-08-18,7.0,8309,三井住友トラストグループ,8309.T,1734.0,111.6,2,B,買い候補,True,True,62.7,0.32,3.31,7.53,1.42,2.8,-1.08,41.15,8309_20260818_01,2026-08-18 00:00:00,1734.0,3.0,0,0.0,1.0,-1.0,-8.0,ACCELERATION,ENTRY,True,1682.0,1769.0,1595.0,1994.0,1672.3,1565.6
2026-08-18,7.0,4021,日産化学,4021.T,8059.0,108.2,9,C,買い候補,False,True,56.5,-1.21,2.83,5.93,1.35,3.91,-6.8,246.63,4021_20260818_01,2026-08-18 00:00:00,8059.0,3.0,0,0.0,15.0,6.0,0.0,ACCELERATION,ENTRY,True,7817.0,8220.0,7414.0,9268.0,7689.0,7173.9
2026-08-18,7.0,5019,出光興産,5019.T,1370.5,108.0,10,C,買い候補,False,True,64.0,3.05,5.87,10.44,3.26,5.92,-2.63,34.86,5019_20260818_01,2026-08-18 00:00:00,1370.5,3.0,0,0.0,16.0,6.0,0.0,ACCELERATION,ENTRY,True,1329.0,1398.0,1261.0,1576.0,1318.2,1221.9
2026-08-18,7.0,8750,第一生命ホールディングス,8750.T,1841.5,107.0,11,C,買い候補,False,True,46.3,-0.3,0.11,2.36,-0.48,-2.3,-6.0,46.78,8750_20260818_01,2026-08-18 00:00:00,1841.5,3.0,0,0.0,4.0,-7.0,-8.0,HOLD,HOLD,False,1786.0,1878.0,1694.0,2118.0,1771.3,1795.0
2026-08-18,7.0,7269,スズキ,7269.T,2081.0,108.4,8,C,買い候補,False,True,56.1,-0.55,2.61,1.49,2.24,2.38,-3.37,66.6,7269_20260818_01,2026-08-18 00:00:00,2081.0,3.0,0,0.0,2.0,-6.0,-8.0,ACCELERATION,ENTRY,True,2019.0,2123.0,1915.0,2393.0,1981.1,1797.0
2026-08-19,7.0,8411,みずほフィナンシャルグループ,8411.T,8108.0,105.8,12,C,買い候補,False,True,45.5,-4.96,-4.63,-2.34,-4.05,-3.3,-7.6,278.69,8411_20260818_01,,8531.0,4.0,0,-4.958387058961433,9.0,-3.0,-5.400000000000006,MATURE,SKIP,False,7865.0,8270.0,7459.0,9324.0,7690.0,7722.2
2026-08-19,7.0,8331,千葉銀行,8331.T,2723.5,108.8,4,C,買い候補,True,True,52.1,-4.02,-0.86,2.43,-1.46,0.43,-4.22,82.43,8331_20260818_01,,2837.5,3.0,0,-4.01762114537445,11.0,7.0,-1.6000000000000083,MATURE,SKIP,False,2642.0,2778.0,2506.0,3132.0,2599.9,2491.5
2026-08-19,7.0,2503,キリンホールディングス,2503.T,2998.5,108.6,5,C,買い候補,True,True,53.9,-0.05,-2.27,2.64,-2.92,1.3,-4.29,85.0,2503_20260818_01,,3000.0,4.0,0,-0.0499999999999944,13.0,8.0,-1.6000000000000083,MATURE,SKIP,False,2909.0,3058.0,2759.0,3448.0,2871.0,2791.5
2026-08-19,7.0,4631,DIC,4631.T,5218.0,108.3,6,C,買い候補,False,True,57.8,-5.04,-7.33,15.96,-11.32,9.06,-8.05,201.12,4631_20260818_01,,5495.0,4.0,0,-5.040946314831663,8.0,2.0,-2.9000000000000057,MATURE,SKIP,False,5061.0,5322.0,4801.0,6001.0,4916.3,4244.7
2026-08-19,7.0,5019,出光興産,5019.T,1337.0,108.0,7,C,買い候補,False,True,57.0,-2.44,3.08,3.44,2.22,3.04,-5.01,35.72,5019_20260818_01,,1370.5,4.0,0,-2.4443633710324653,16.0,9.0,0.0,ACCELERATION,ENTRY,True,1297.0,1364.0,1230.0,1538.0,1283.4,1221.9
2026-08-19,7.0,2871,ニチレイ,2871.T,2152.0,107.6,8,C,買い候補,False,True,48.9,0.49,-0.92,0.84,-1.13,-0.62,-8.58,70.44,2871_20260818_01,,2141.5,4.0,0,0.4903105300023247,19.0,11.0,1.3999999999999917,MATURE,SKIP,False,2087.0,2195.0,1980.0,2475.0,2046.3,2039.8
2026-08-19,7.0,5108,ブリヂストン,5108.T,4011.0,107.3,9,C,買い候補,False,True,55.0,-1.55,-5.15,6.17,-6.7,1.76,-7.15,104.56,5108_20260818_01,,4074.0,3.0,0,-1.546391752577314,14.0,5.0,-1.2000000000000028,MATURE,SKIP,False,3891.0,4091.0,3690.0,4613.0,3854.2,3656.6
2026-08-19,7.0,8725,MS&ADインシュアランスグループホールディングス,8725.T,4860.0,109.0,3,C,買い候補,True,True,54.8,-2.51,0.1,2.53,-0.53,0.73,-3.76,119.57,8725_20260818_01,,4985.0,4.0,0,-2.507522567703113,12.0,9.0,-1.2999999999999972,HOLD,HOLD,False,4714.0,4957.0,4471.0,5589.0,4680.7,4678.5
2026-08-19,7.0,8306,三菱UFJフィナンシャル・グループ,8306.T,3495.0,107.2,10,C,買い候補,False,True,46.1,-4.35,-3.08,-2.37,-2.48,-3.32,-8.0,102.3,8306_20260818_01,,3654.0,4.0,0,-4.351395730706075,10.0,0.0,-3.700000000000003,MATURE,SKIP,False,3390.0,3565.0,3215.0,4019.0,3341.5,3408.9
2026-08-19,7.0,4689,LINEヤフー,4689.T,494.2,106.0,11,C,買い候補,False,True,64.3,-0.74,-1.1,10.02,-3.61,6.24,-2.39,14.15,4689_20260818_01,,497.9,3.0,0,-0.7431211086563527,7.0,-4.0,-6.400000000000006,MATURE,SKIP,False,479.0,504.0,455.0,568.0,473.0,427.8
2026-08-19,7.0,4021,日産化学,4021.T,7762.0,105.8,13,C,買い候補,False,True,48.4,-3.69,-2.03,-1.92,-1.55,0.15,-10.23,250.37,4021_20260818_01,,8059.0,4.0,0,-3.685320759399424,15.0,2.0,-2.4000000000000057,MATURE,SKIP,False,7529.0,7917.0,7141.0,8926.0,7386.4,7173.9
2026-08-19,7.0,7762,シチズン時計,7762.T,2545.0,103.0,19,C,監視候補,False,False,56.0,-2.12,-1.93,13.72,-5.36,7.96,-9.14,129.08,,,,,0,,60.0,41.0,8.200000000000003,,SKIP,False,2469.0,2596.0,2341.0,2927.0,2351.4,1965.1
2026-08-19,7.0,4543,テルモ,4543.T,2472.0,103.9,15,C,監視候補,False,False,55.1,-4.11,-4.87,10.33,-7.45,4.65,-7.5,89.29,,,,,0,,32.0,17.0,2.4000000000000057,,SKIP,False,2398.0,2521.0,2274.0,2843.0,2338.1,2122.3
2026-08-19,7.0,2801,キッコーマン,2801.T,1794.0,103.2,16,C,監視候補,False,False,63.1,1.36,1.44,10.37,-1.15,6.22,0.0,55.97,,,,,0,,26.0,10.0,0.7000000000000028,,SKIP,False,1740.0,1830.0,1650.0,2063.0,1710.0,1547.2
2026-08-19,7.0,2914,日本たばこ産業（JT）,2914.T,6914.0,103.1,17,C,監視候補,False,False,57.6,-0.26,-1.59,7.61,-3.5,2.71,-3.1,159.5,,,,,0,,28.0,11.0,1.0999999999999943,,SKIP,False,6707.0,7052.0,6361.0,7951.0,6674.8,6293.4
2026-08-19,7.0,9766,コナミグループ,9766.T,21680.0,103.1,18,C,監視候補,False,False,61.3,0.65,0.09,17.19,-4.2,7.22,-4.51,815.4,,,,,0,,43.0,25.0,4.5,,SKIP,False,21030.0,22114.0,19946.0,24932.0,20456.9,17740.8
2026-08-19,7.0,4578,大塚ホールディングス,4578.T,12055.0,103.0,20,C,監視候補,False,False,56.8,0.12,-1.59,8.8,-3.79,3.81,-5.12,397.46,4578_20260818_01,,12040.0,3.0,1,0.1245847176079673,17.0,-3.0,-4.0,MATURE,SKIP,False,11693.0,12296.0,11091.0,13863.0,11458.8,10746.0
2026-08-19,7.0,6857,アドバンテスト,6857.T,35020.0,102.8,21,C,監視候補,False,False,57.4,-2.34,1.36,18.19,-3.19,11.04,-7.31,2318.6,,,,,0,,24.0,3.0,-0.2000000000000028,,SKIP,False,33969.0,35720.0,32218.0,40273.0,31542.1,24014.3
2026-08-19,7.0,4208,UBE,4208.T,3539.0,102.0,22,C,監視候補,False,False,61.8,-3.54,-3.04,9.46,-5.41,5.89,-3.54,92.44,,,,,0,,77.0,55.0,12.200000000000005,,SKIP,False,3433.0,3610.0,3256.0,4070.0,3400.3,3073.6
2026-08-19,7.0,8601,大和証券グループ本社,8601.T,1735.0,101.9,23,C,監視候補,False,False,42.7,-2.03,-3.96,-6.06,-2.44,-4.54,-7.66,42.84,8601_20260818_01,,1771.0,3.0,1,-2.032749858836813,5.0,-18.0,-12.799999999999995,MATURE,SKIP,False,1683.0,1770.0,1596.0,1995.0,1670.7,1710.4
2026-08-19,7.0,6098,リクルートホールディングス,6098.T,15740.0,101.0,25,C,監視候補,False,False,68.8,-1.75,-5.52,21.83,-10.98,15.15,-6.25,607.13,,,,,0,,72.0,47.0,10.0,,SKIP,False,15268.0,16055.0,14481.0,18101.0,14829.3,11845.5
2026-08-19,7.0,1605,INPEX,1605.T,3860.0,93.9,52,D,監視候補,False,False,64.7,-1.03,3.85,7.82,1.89,6.92,-1.03,111.31,,,,,0,,99.0,47.0,9.900000000000006,,SKIP,False,3744.0,3937.0,3551.0,4439.0,3693.0,3360.1
2026-08-19,7.0,8309,三井住友トラストグループ,8309.T,1688.5,109.9,2,C,買い候補,True,True,53.1,-2.62,-0.97,0.3,-1.04,0.03,-3.68,41.75,8309_20260818_01,,1734.0,4.0,0,-2.623990772779705,1.0,-1.0,-9.699999999999989,MATURE,SKIP,False,1638.0,1722.0,1553.0,1942.0,1625.9,1565.6
2026-08-19,7.0,4503,アステラス製薬,4503.T,2337.0,104.3,14,C,監視候補,False,False,59.5,1.15,-0.81,6.4,-2.41,4.39,-1.1,62.33,,,,,0,,22.0,8.0,1.0,,SKIP,False,2267.0,2384.0,2150.0,2688.0,2243.5,2114.4
2026-08-19,7.0,4061,デンカ,4061.T,3306.0,12.0,215,E,対象外,False,False,38.6,-5.43,-8.06,-10.26,-5.5,-8.17,-27.07,191.08,,,,,0,,197.0,-18.0,-31.6,,SKIP,False,3207.0,3372.0,3042.0,3802.0,3019.4,3166.1
2026-08-19,7.0,6305,日立建機,6305.T,5420.0,99.3,29,D,監視候補,False,False,49.0,-1.28,-4.64,4.09,-5.67,-0.25,-4.64,181.54,,,,,0,,35.0,6.0,-1.6000000000000083,,SKIP,False,5257.0,5528.0,4986.0,6233.0,5147.7,5183.0
2026-08-19,7.0,6971,京セラ,6971.T,3641.0,101.0,26,C,監視候補,False,False,45.4,-4.16,-3.93,-0.68,-3.76,-2.23,-7.02,140.76,,,,,0,,33.0,7.0,0.0,,SKIP,False,3532.0,3714.0,3350.0,4187.0,3429.9,3480.5
2026-08-19,7.0,4452,花王,4452.T,3483.0,93.8,53,D,監視候補,False,False,55.6,-0.63,-5.58,6.51,-7.21,2.88,-6.82,94.4,,,,,0,,59.0,6.0,-1.1000000000000083,,SKIP,False,3379.0,3553.0,3204.0,4005.0,3341.4,3124.3
2026-08-19,7.0,7751,キヤノン,7751.T,4475.0,99.2,30,D,監視候補,False,False,49.2,-0.56,-1.95,-0.56,-1.81,-1.03,-5.79,94.37,,,,,0,,41.0,11.0,0.2000000000000028,,SKIP,False,4341.0,4564.0,4117.0,5146.0,4333.4,4342.2
2026-08-19,7.0,7269,スズキ,7269.T,2022.0,98.8,31,D,監視候補,False,False,49.9,-2.84,0.8,-1.41,1.15,-0.51,-6.11,66.74,7269_20260818_01,,2081.0,3.0,1,-2.835175396444012,2.0,-29.0,-17.60000000000001,MATURE,SKIP,False,1961.0,2062.0,1860.0,2325.0,1921.9,1797.0
2026-08-19,7.0,4151,協和キリン,4151.T,2589.5,98.7,32,D,監視候補,False,False,51.9,0.99,-0.1,-2.54,0.54,-0.17,-5.34,60.76,,,,,0,,40.0,8.0,-0.3999999999999915,,SKIP,False,2512.0,2641.0,2382.0,2978.0,2498.4,2410.4
2026-08-19,7.0,8253,クレディセゾン,8253.T,4648.0,98.7,33,D,監視候補,False,False,51.4,0.11,-1.69,-1.69,-1.27,0.06,-4.05,115.2,,,,,0,,46.0,13.0,0.2000000000000028,,SKIP,False,4509.0,4741.0,4276.0,5345.0,4475.2,4335.2
2026-08-19,7.0,9432,NTT,9432.T,159.4,98.5,34,D,監視候補,False,False,58.7,-0.62,0.63,5.08,-0.64,2.73,-2.03,2.87,,,,,0,,47.0,13.0,0.0999999999999943,,SKIP,False,155.0,163.0,147.0,183.0,155.1,148.5
2026-08-19,7.0,1332,ニッスイ,1332.T,1285.0,98.0,35,D,監視候補,False,False,52.5,-0.85,2.15,1.5,1.77,1.21,-4.14,33.37,,,,,0,,50.0,15.0,0.0,,SKIP,False,1246.0,1311.0,1182.0,1478.0,1234.9,1200.0
2026-08-19,7.0,5714,DOWAホールディングス,5714.T,9266.0,97.6,36,D,監視候補,False,False,56.8,-2.91,-2.45,12.03,-5.46,6.85,-14.91,355.08,,,,,0,,30.0,-6.0,-4.400000000000006,,SKIP,False,8988.0,9451.0,8525.0,10656.0,8733.4,7646.6
2026-08-19,7.0,3402,東レ,3402.T,1279.0,97.5,37,D,監視候補,False,False,55.5,-4.84,-5.92,9.79,-8.37,4.38,-6.88,40.43,,,,,0,,55.0,18.0,1.5999999999999943,,SKIP,False,1241.0,1305.0,1177.0,1471.0,1218.4,1099.5
2026-08-19,7.0,7951,ヤマハ,7951.T,1282.0,97.5,38,D,監視候補,False,False,50.4,-1.65,-8.23,4.78,-9.43,0.19,-8.82,38.15,,,,,0,,48.0,10.0,-0.7999999999999972,,SKIP,False,1244.0,1308.0,1179.0,1474.0,1224.8,1189.5
2026-08-19,7.0,8628,松井証券,8628.T,1097.0,97.0,39,D,監視候補,False,False,58.8,-0.81,0.18,1.01,-0.07,1.12,-2.32,23.45,,,,,0,,45.0,6.0,-1.5,,SKIP,False,1064.0,1119.0,1009.0,1262.0,1061.8,1017.9
2026-08-19,7.0,8354,ふくおかフィナンシャルグループ,8354.T,7459.0,101.5,24,C,監視候補,False,False,49.7,-3.92,-0.82,0.7,-1.0,-0.85,-4.41,230.87,,,,,0,,20.0,-4.0,-3.299999999999997,,SKIP,False,7235.0,7608.0,6862.0,8578.0,7112.7,7057.5
2026-08-19,7.0,9201,日本航空,9201.T,2983.5,97.0,40,D,監視候補,False,False,51.4,-0.42,-1.73,2.74,-2.41,0.52,-4.19,59.65,,,,,0,,44.0,4.0,-1.5,,SKIP,False,2894.0,3043.0,2745.0,3431.0,2894.0,2714.4
2026-08-19,7.0,7752,リコー,7752.T,1588.5,96.4,42,D,監視候補,False,False,51.8,-0.47,-3.08,3.86,-4.05,0.3,-5.33,44.25,,,,,0,,56.0,14.0,0.9000000000000057,,SKIP,False,1541.0,1620.0,1461.0,1827.0,1522.1,1496.0
2026-08-19,7.0,8308,りそなホールディングス,8308.T,2356.5,96.2,43,D,監視候補,False,False,52.4,-5.74,0.53,3.08,-0.24,1.3,-5.74,81.71,,,,,0,,27.0,-16.0,-6.200000000000003,,SKIP,False,2286.0,2404.0,2168.0,2710.0,2233.9,2142.2
2026-08-19,7.0,6301,小松製作所,6301.T,6807.0,96.2,44,D,監視候補,False,False,45.6,-5.04,-7.38,6.06,-8.89,-1.54,-8.58,230.02,,,,,0,,42.0,-2.0,-2.700000000000003,,SKIP,False,6603.0,6943.0,6262.0,7828.0,6462.0,6380.9
2026-08-19,7.0,9147,NIPPON EXPRESSホールディングス,9147.T,5516.0,95.0,45,D,監視候補,False,False,54.9,-2.13,-2.68,-0.52,-2.55,1.58,-2.96,156.98,,,,,0,,51.0,6.0,-2.0999999999999943,,SKIP,False,5351.0,5626.0,5075.0,6343.0,5280.5,5011.8
2026-08-19,7.0,7186,コンコルディア・フィナンシャルグループ,7186.T,1853.0,94.9,46,D,監視候補,False,False,48.4,-4.26,-1.15,-0.7,-0.97,-1.71,-6.53,57.23,,,,,0,,54.0,8.0,-1.7999999999999972,,SKIP,False,1797.0,1890.0,1705.0,2131.0,1767.2,1741.2
2026-08-19,7.0,8750,第一生命ホールディングス,8750.T,1776.0,94.5,47,D,監視候補,False,False,38.8,-3.56,-5.38,-5.41,-4.03,-5.67,-9.34,48.66,8750_20260818_01,,1841.5,3.0,1,-3.5568829758349185,4.0,-43.0,-20.5,MATURE,SKIP,False,1723.0,1812.0,1634.0,2042.0,1703.0,1759.7
2026-08-19,7.0,6758,ソニーグループ,6758.T,3689.0,94.3,48,D,監視候補,False,False,53.7,-0.78,-1.94,6.68,-3.61,1.97,-5.7,119.88,,,,,0,,64.0,16.0,0.5999999999999943,,SKIP,False,3578.0,3763.0,3394.0,4242.0,3509.2,3343.2
2026-08-19,7.0,5713,住友金属鉱山,5713.T,9597.0,94.2,49,D,監視候補,False,False,61.1,-2.99,-0.9,31.16,-8.69,15.16,-4.65,517.76,,,,,0,,57.0,8.0,-0.8999999999999915,,SKIP,False,9309.0,9789.0,8829.0,11037.0,8820.4,6934.2
2026-08-19,7.0,6752,パナソニック ホールディングス,6752.T,4342.0,94.0,50,D,監視候補,False,False,50.5,-4.61,-5.07,6.6,-6.72,2.91,-9.31,232.54,,,,,0,,63.0,13.0,0.0,,SKIP,False,4212.0,4429.0,3995.0,4993.0,3993.2,3347.2
2026-08-19,7.0,9009,京成電鉄,9009.T,1303.0,100.5,27,C,監視候補,False,False,63.5,1.05,2.08,2.8,1.38,2.15,-2.07,29.78,,,,,0,,37.0,10.0,0.5,,SKIP,False,1264.0,1329.0,1199.0,1498.0,1258.3,1207.4
2026-08-19,7.0,8053,住友商事,8053.T,1678.0,93.9,51,D,監視候補,False,False,48.9,-4.52,-5.81,6.64,-7.47,0.77,-8.8,52.56,,,,,0,,58.0,7.0,-1.0999999999999943,,SKIP,False,1628.0,1712.0,1544.0,1930.0,1599.2,1531.8
2026-08-19,7.0,6645,オムロン,6645.T,6436.0,96.5,41,D,監視候補,False,False,55.0,-6.04,-6.04,20.12,-11.07,8.0,-8.62,328.68,,,,,0,,69.0,28.0,4.5,,SKIP,False,6243.0,6565.0,5921.0,7401.0,5943.0,4989.9
2026-08-19,7.0,5301,東海カーボン,5301.T,1735.0,93.7,54,D,監視候補,False,False,53.5,-6.01,-4.59,5.92,-6.07,3.92,-7.59,68.16,,,,,0,,52.0,-2.0,-3.299999999999997,,SKIP,False,1683.0,1770.0,1596.0,1995.0,1632.8,1502.5
2026-08-19,7.0,6526,ソシオネクスト,6526.T,1895.0,10.0,216,E,対象外,False,False,36.0,-6.14,-3.49,-23.36,2.35,-12.86,-37.25,140.25,,,,,0,,216.0,0.0,-0.4000000000000003,,SKIP,False,1838.0,1933.0,1743.0,2179.0,1684.6,1807.9
2026-08-19,7.0,8233,高島屋,8233.T,2270.0,84.5,84,E,対象外,False,False,47.6,0.2,-0.15,-10.15,2.38,-2.18,-12.76,68.36,,,,,0,,97.0,13.0,-0.2999999999999971,,SKIP,False,2202.0,2315.0,2088.0,2610.0,2167.5,2181.0
2026-08-19,7.0,6724,セイコーエプソン,6724.T,2987.0,92.0,58,D,監視候補,False,False,48.6,-2.48,-4.54,4.09,-5.56,-0.73,-8.51,97.65,,,,,0,,38.0,-20.0,-8.0,,SKIP,False,2897.0,3047.0,2748.0,3435.0,2840.5,2877.0
2026-08-19,7.0,8316,三井住友フィナンシャルグループ,8316.T,6568.0,91.8,59,D,監視候補,False,False,43.1,-4.81,-4.21,-5.51,-2.84,-4.46,-8.95,188.42,8316_20260818_01,,6900.0,3.0,1,-4.811594202898551,18.0,-41.0,-15.200000000000005,MATURE,SKIP,False,6371.0,6699.0,6043.0,7553.0,6285.4,6387.9
2026-08-19,7.0,6103,オークマ,6103.T,4950.0,91.3,60,D,監視候補,False,False,44.8,-7.13,-8.5,1.54,-8.89,-3.08,-11.29,212.97,,,,,0,,23.0,-37.0,-11.799999999999995,,SKIP,False,4802.0,5049.0,4554.0,5692.0,4630.5,4621.8
2026-08-19,7.0,7832,バンダイナムコホールディングス,7832.T,5359.0,91.0,61,D,監視候補,False,False,71.3,0.32,-0.06,27.99,-7.05,14.27,-1.4,192.34,,,,,0,,71.0,10.0,0.0,,SKIP,False,5198.0,5466.0,4930.0,6163.0,5070.5,4018.8
2026-08-19,7.0,7911,TOPPANホールディングス,7911.T,5090.0,90.9,62,D,監視候補,False,False,54.9,-2.13,3.5,7.61,1.59,6.16,-6.57,234.01,,,,,0,,83.0,21.0,3.1000000000000085,,SKIP,False,4937.0,5192.0,4683.0,5854.0,4739.0,4141.2
2026-08-19,7.0,3405,クラレ,3405.T,1815.0,90.6,63,D,監視候補,False,False,48.2,-1.71,-4.65,0.41,-4.75,-1.47,-7.14,52.41,,,,,0,,66.0,3.0,-1.8000000000000114,,SKIP,False,1761.0,1851.0,1670.0,2087.0,1736.4,1748.2
2026-08-19,7.0,5232,住友大阪セメント,5232.T,5532.0,90.2,64,D,監視候補,False,False,45.1,-5.6,-3.07,-3.42,-2.21,-2.28,-13.18,261.66,,,,,0,,65.0,1.0,-2.799999999999997,,SKIP,False,5366.0,5643.0,5089.0,6362.0,5139.5,5127.2
2026-08-19,7.0,9101,日本郵船,9101.T,6733.0,90.0,65,D,監視候補,False,False,75.0,-0.75,9.87,17.18,5.58,11.51,-0.75,170.54,,,,,0,,76.0,11.0,0.0,,SKIP,False,6531.0,6868.0,6194.0,7743.0,6477.2,5706.3
2026-08-19,7.0,7453,良品計画,7453.T,4241.0,75.2,107,E,対象外,False,False,50.6,-1.44,-5.65,-0.07,-5.63,-1.6,-6.3,148.44,,,,,0,,132.0,25.0,-0.2999999999999971,,SKIP,False,4114.0,4326.0,3902.0,4877.0,4018.3,4019.8
2026-08-19,7.0,8795,T&Dホールディングス,8795.T,4738.0,89.9,66,E,対象外,False,False,39.7,-3.88,-3.56,-5.16,-2.27,-4.86,-8.46,133.28,,,,,0,,31.0,-35.0,-12.0,,SKIP,False,4596.0,4833.0,4359.0,5449.0,4538.1,4675.5
2026-08-19,7.0,5401,日本製鉄,5401.T,677.9,89.3,68,E,対象外,False,False,62.3,-2.26,-1.88,13.25,-5.19,5.1,-2.81,16.83,,,,,0,,106.0,38.0,6.799999999999997,,SKIP,False,658.0,691.0,624.0,780.0,652.7,587.9
2026-08-19,7.0,9202,ANAホールディングス,9202.T,3026.0,89.3,69,E,対象外,False,False,44.8,-0.46,-1.69,-0.85,-1.48,-1.78,-6.05,61.43,,,,,0,,34.0,-35.0,-11.600000000000009,,SKIP,False,2935.0,3087.0,2784.0,3480.0,2933.9,2868.6
2026-08-19,7.0,9001,東武鉄道,9001.T,2961.0,88.4,70,E,対象外,False,False,48.6,-0.05,-0.34,-3.27,0.48,-1.58,-7.41,62.49,,,,,0,,82.0,12.0,0.5,,SKIP,False,2872.0,3020.0,2724.0,3405.0,2867.3,2870.1
2026-08-19,7.0,7203,トヨタ自動車,7203.T,2941.0,88.0,71,E,対象外,False,False,48.0,-2.68,-1.95,-0.12,-1.92,-1.13,-8.78,74.92,,,,,0,,78.0,7.0,-1.4000000000000057,,SKIP,False,2853.0,3000.0,2706.0,3382.0,2828.6,2855.2
2026-08-19,7.0,9104,商船三井,9104.T,6966.0,88.0,72,E,対象外,False,False,80.0,1.24,12.97,22.86,7.26,15.63,0.0,178.69,,,,,0,,87.0,15.0,0.5999999999999943,,SKIP,False,6757.0,7105.0,6409.0,8011.0,6698.0,5629.7
2026-08-19,7.0,3103,ユニチカ,3103.T,1519.0,87.2,73,E,対象外,False,False,64.1,0.4,37.84,71.83,19.88,45.05,-8.77,149.68,,,,,0,,80.0,7.0,-2.0999999999999943,,SKIP,False,1473.0,1549.0,1397.0,1747.0,1294.5,737.3
2026-08-19,7.0,6178,日本郵政,6178.T,2307.0,86.9,74,E,対象外,False,False,43.8,-4.0,-2.33,-4.61,-1.18,-3.79,-8.51,61.61,,,,,0,,36.0,-38.0,-13.5,,SKIP,False,2238.0,2353.0,2122.0,2653.0,2214.6,2256.2
2026-08-19,7.0,2802,味の素,2802.T,5280.0,86.6,75,E,対象外,False,False,48.0,-4.61,-3.23,0.53,-3.36,0.63,-14.49,235.78,,,,,0,,25.0,-50.0,-16.30000000000001,,SKIP,False,5122.0,5386.0,4858.0,6072.0,4926.3,4697.4
2026-08-19,7.0,7733,オリンパス,7733.T,2131.5,86.5,76,E,対象外,False,False,73.7,0.73,2.7,21.45,-2.67,13.28,0.0,65.93,,,,,0,,102.0,26.0,3.5,,SKIP,False,2068.0,2174.0,1961.0,2451.0,2032.6,1694.5
2026-08-19,7.0,9503,関西電力,9503.T,2360.0,86.2,77,E,対象外,False,False,47.7,-1.61,-0.51,0.19,-0.55,-0.88,-4.26,52.25,,,,,0,,84.0,7.0,-1.3999999999999917,,SKIP,False,2289.0,2407.0,2171.0,2714.0,2281.6,2315.9
2026-08-19,7.0,2502,アサヒグループホールディングス,2502.T,1655.0,86.2,78,E,対象外,False,False,50.6,0.36,-1.43,1.63,-1.84,-0.38,-6.84,45.39,,,,,0,,138.0,60.0,12.799999999999995,,SKIP,False,1605.0,1688.0,1523.0,1903.0,1586.9,1590.0
2026-08-19,7.0,6302,住友重機械工業,6302.T,5447.0,89.7,67,E,対象外,False,False,45.6,-7.97,-9.13,7.2,-10.93,-1.15,-9.19,234.14,,,,,0,,39.0,-28.0,-9.599999999999994,,SKIP,False,5284.0,5556.0,5011.0,6264.0,5095.8,4929.2
2026-08-19,7.0,5101,横浜ゴム,5101.T,7278.0,99.9,28,D,監視候補,False,False,43.1,-4.83,-5.39,-7.16,-3.61,-4.37,-8.09,329.64,5101_20260818_01,,7647.0,3.0,1,-4.825421734013336,6.0,-22.0,-13.299999999999995,MATURE,SKIP,False,7060.0,7424.0,6696.0,8370.0,6783.5,7077.4
2026-08-19,7.0,9433,KDDI,9433.T,2840.5,92.6,57,D,監視候補,False,False,48.0,-0.47,0.26,-1.42,0.62,-1.9,-8.61,75.1,,,,,0,,67.0,10.0,0.2999999999999971,,SKIP,False,2755.0,2897.0,2613.0,3267.0,2727.8,2765.1
2026-08-19,7.0,8015,豊田通商,8015.T,6969.0,93.0,56,D,監視候補,False,False,53.0,-5.48,-3.26,7.15,-5.05,2.53,-6.58,246.39,,,,,0,,49.0,-7.0,-5.099999999999994,,SKIP,False,6760.0,7108.0,6411.0,8014.0,6599.4,6304.3
2026-08-19,7.0,7267,本田技研工業,7267.T,1662.0,93.2,55,D,監視候補,False,False,56.8,-2.98,-0.15,6.74,-1.84,3.01,-2.98,50.49,,,,,0,,62.0,7.0,-0.8999999999999915,,SKIP,False,1612.0,1695.0,1529.0,1911.0,1586.3,1523.3
2026-08-19,7.0,7912,大日本印刷,7912.T,3243.0,86.1,79,E,対象外,False,False,61.4,-1.94,-0.03,2.27,-0.6,3.8,-2.29,87.02,,,,,0,,85.0,6.0,-1.5,,SKIP,False,3146.0,3308.0,2984.0,3729.0,3112.5,2819.3
2026-08-19,7.0,5020,ENEOSホールディングス,5020.T,1277.0,84.0,85,E,対象外,False,False,47.8,-3.15,-0.35,-1.81,0.1,-1.54,-5.37,37.37,,,,,0,,61.0,-24.0,-10.200000000000005,,SKIP,False,1239.0,1303.0,1175.0,1469.0,1220.9,1258.7
2026-08-19,7.0,8591,オリックス,8591.T,6024.0,84.0,86,E,対象外,False,False,37.3,-4.31,-5.15,-7.35,-3.31,-6.1,-9.73,163.73,,,,,0,,21.0,-65.0,-20.5,,SKIP,False,5843.0,6144.0,5542.0,6928.0,5778.4,5993.9
2026-08-19,7.0,6988,日東電工,6988.T,3359.0,83.9,87,E,対象外,False,False,46.8,-3.03,-6.04,2.28,-6.61,-1.58,-6.09,98.93,,,,,0,,29.0,-58.0,-18.099999999999994,,SKIP,False,3258.0,3426.0,3090.0,3863.0,3210.6,3237.7
2026-08-19,7.0,1808,長谷工コーポレーション,1808.T,2766.5,82.9,88,E,対象外,False,False,49.1,-1.32,-0.09,-2.21,0.46,-0.54,-4.69,58.82,,,,,0,,100.0,12.0,-0.6999999999999886,,SKIP,False,2684.0,2822.0,2545.0,3181.0,2678.3,2619.3
2026-08-19,7.0,5711,三菱マテリアル,5711.T,5050.0,82.6,89,E,対象外,False,False,60.4,-3.74,-4.54,22.45,-10.15,12.27,-7.0,246.36,,,,,0,,94.0,5.0,-3.5,,SKIP,False,4898.0,5151.0,4646.0,5808.0,4680.5,3805.9
2026-08-19,7.0,6701,NEC,6701.T,4662.0,82.3,90,E,対象外,False,False,51.4,0.26,-5.11,5.79,-6.56,0.85,-9.79,192.57,,,,,0,,118.0,28.0,3.899999999999992,,SKIP,False,4522.0,4755.0,4289.0,5361.0,4373.2,4170.0
2026-08-19,7.0,1925,大和ハウス工業,1925.T,4572.0,81.3,91,E,対象外,False,False,48.5,-0.59,-0.82,-1.44,-0.46,-1.15,-6.86,81.47,,,,,0,,110.0,19.0,0.0,,SKIP,False,4435.0,4663.0,4206.0,5258.0,4449.8,4461.6
2026-08-19,7.0,9602,東宝,9602.T,1535.0,81.0,92,E,対象外,False,False,60.4,0.95,2.81,6.97,1.07,4.25,-3.97,49.93,,,,,0,,161.0,69.0,15.900000000000006,,SKIP,False,1489.0,1566.0,1412.0,1765.0,1460.1,1326.8
2026-08-19,7.0,3861,王子ホールディングス,3861.T,854.5,80.9,93,E,対象外,False,False,48.0,-1.37,-2.18,0.08,-2.2,-1.3,-4.68,17.04,,,,,0,,111.0,18.0,0.2000000000000028,,SKIP,False,829.0,872.0,786.0,983.0,828.9,838.3
2026-08-19,7.0,7261,マツダ,7261.T,1134.5,80.5,94,E,対象外,False,False,46.5,-4.18,-2.66,-2.66,-1.99,-1.97,-7.05,35.16,,,,,0,,98.0,4.0,-3.5999999999999943,,SKIP,False,1100.0,1157.0,1044.0,1305.0,1081.8,1089.5
2026-08-19,7.0,9434,ソフトバンク,9434.T,232.4,80.3,95,E,対象外,False,False,58.8,-0.68,1.35,4.64,0.19,2.35,-1.48,4.91,,,,,0,,81.0,-14.0,-8.5,,SKIP,False,225.0,237.0,214.0,267.0,225.0,217.2
2026-08-19,7.0,6861,キーエンス,6861.T,79650.0,84.7,83,E,対象外,False,False,46.9,-5.33,-8.66,10.69,-11.33,0.24,-9.14,2903.11,,,,,0,,74.0,-9.0,-6.0,,SKIP,False,77260.0,81243.0,73278.0,91598.0,75295.3,69600.2
2026-08-19,7.0,4507,塩野義製薬,4507.T,2859.0,80.0,96,E,対象外,False,False,50.8,0.99,1.35,-1.41,1.7,-0.14,-6.87,72.25,,,,,0,,114.0,18.0,0.0,,SKIP,False,2773.0,2916.0,2630.0,3288.0,2750.6,2718.3
2026-08-19,7.0,7013,IHI,7013.T,2773.0,78.8,98,E,対象外,False,False,46.7,-7.18,-4.26,-0.25,-4.2,-1.73,-9.7,136.12,,,,,0,,75.0,-23.0,-11.700000000000005,,SKIP,False,2690.0,2828.0,2551.0,3189.0,2568.8,2595.0
2026-08-19,7.0,4188,三菱ケミカルグループ,4188.T,1132.0,78.6,99,E,対象外,False,False,43.0,-4.35,-9.19,-5.11,-7.91,-4.7,-9.19,40.03,,,,,0,,68.0,-31.0,-13.600000000000009,,SKIP,False,1098.0,1155.0,1041.0,1302.0,1072.0,1095.0
2026-08-19,7.0,5406,神戸製鋼所,5406.T,1989.0,78.5,100,E,対象外,False,False,49.3,-2.98,-0.6,0.99,-0.85,-0.77,-4.24,49.76,,,,,0,,108.0,8.0,-3.0,,SKIP,False,1929.0,2029.0,1830.0,2287.0,1914.4,1909.9
2026-08-19,7.0,8252,丸井グループ,8252.T,2948.0,78.4,101,E,対象外,False,False,50.9,0.22,-1.32,-1.49,-0.95,-0.35,-4.75,58.64,,,,,0,,123.0,22.0,0.7000000000000028,,SKIP,False,2860.0,3007.0,2712.0,3390.0,2860.0,2821.3
2026-08-19,7.0,8804,東京建物,8804.T,3312.0,78.0,102,E,対象外,False,False,45.2,-0.75,-1.95,-5.88,-0.48,-2.63,-6.12,80.0,,,,,0,,115.0,13.0,-1.4000000000000057,,SKIP,False,3213.0,3378.0,3047.0,3809.0,3192.0,3228.8
2026-08-19,7.0,5803,フジクラ,5803.T,5328.0,77.2,103,E,対象外,False,False,52.5,-9.73,-8.14,14.04,-11.65,9.31,-17.87,450.05,,,,,0,,104.0,1.0,-5.799999999999997,,SKIP,False,5168.0,5435.0,4902.0,6127.0,4652.9,3646.7
2026-08-19,7.0,4502,武田薬品工業,4502.T,5769.0,77.2,104,E,対象外,False,False,62.1,1.18,3.72,3.85,2.76,4.12,-1.33,129.58,,,,,0,,133.0,29.0,1.7999999999999972,,SKIP,False,5596.0,5884.0,5307.0,6634.0,5574.6,5198.9
2026-08-19,7.0,9983,ファーストリテイリング,9983.T,74940.0,77.1,105,E,対象外,False,False,36.6,-0.09,-3.98,-7.3,-2.16,-4.16,-14.74,2008.35,,,,,0,,127.0,22.0,0.5,,SKIP,False,72692.0,76439.0,68945.0,86181.0,71927.5,73888.7
2026-08-19,7.0,4523,エーザイ,4523.T,4837.0,85.0,82,E,対象外,False,False,57.5,1.21,-3.03,7.92,-5.01,2.93,-5.34,137.23,,,,,0,,93.0,11.0,-1.2999999999999972,,SKIP,False,4692.0,4934.0,4450.0,5563.0,4631.2,4417.8
2026-08-19,7.0,4911,資生堂,4911.T,3503.0,85.5,81,E,対象外,False,False,60.8,1.95,0.69,9.03,-1.57,6.47,-3.21,141.88,,,,,0,,95.0,14.0,-0.0999999999999943,,SKIP,False,3398.0,3573.0,3223.0,4028.0,3290.2,2968.6
2026-08-19,7.0,8001,伊藤忠商事,8001.T,1977.0,85.7,80,E,対象外,False,False,47.3,-1.17,-5.68,1.57,-6.07,-1.01,-5.68,48.25,,,,,0,,92.0,12.0,-1.0,,SKIP,False,1918.0,2017.0,1819.0,2274.0,1904.6,1926.8
2026-08-19,7.0,6504,富士電機,6504.T,13505.0,80.0,97,E,対象外,False,False,45.5,-6.28,-6.8,7.4,-8.65,-0.88,-21.82,730.09,,,,,0,,70.0,-27.0,-11.099999999999994,,SKIP,False,13100.0,13775.0,12425.0,15531.0,12409.9,11616.6
2026-08-19,7.0,2501,サッポロホールディングス,2501.T,1924.0,75.3,106,E,対象外,False,False,45.6,-0.47,-5.41,-5.41,-4.06,-3.78,-11.05,81.26,,,,,0,,91.0,-15.0,-11.400000000000006,,SKIP,False,1866.0,1962.0,1770.0,2213.0,1802.1,1871.6
2026-08-19,7.0,8604,野村ホールディングス,8604.T,1509.5,112.7,1,B,買い候補,True,True,45.3,-2.86,-3.61,-4.85,-2.39,-3.41,-7.16,39.94,8604_20260818_01,,1554.0,4.0,0,-2.86357786357786,3.0,2.0,-2.5999999999999943,MATURE,SKIP,False,1464.0,1540.0,1389.0,1736.0,1449.6,1448.2
2026-08-19,7.0,8058,三菱商事,8058.T,4648.0,75.0,108,E,対象外,False,False,44.8,-2.72,-4.28,-0.34,-4.2,-2.07,-10.37,129.39,,,,,0,,96.0,-12.0,-10.0,,SKIP,False,4509.0,4741.0,4276.0,5345.0,4453.9,4558.1
2026-08-19,7.0,3382,セブン＆アイ・ホールディングス,3382.T,2030.0,74.6,110,E,対象外,False,False,46.6,-0.07,-1.48,-2.12,-0.95,-2.39,-10.02,54.76,,,,,0,,139.0,29.0,1.2999999999999972,,SKIP,False,1969.0,2071.0,1868.0,2334.0,1947.9,1976.1
2026-08-19,7.0,2269,明治ホールディングス,2269.T,4270.0,74.5,111,E,対象外,False,False,68.0,0.61,1.98,13.84,-1.48,8.96,0.0,112.55,,,,,0,,112.0,1.0,-6.200000000000003,,SKIP,False,4142.0,4355.0,3928.0,4910.0,4101.2,3580.0
2026-08-19,7.0,9007,小田急電鉄,9007.T,1704.5,74.4,112,E,対象外,False,False,48.1,-0.5,0.41,-2.4,1.01,-1.48,-8.11,36.88,,,,,0,,135.0,23.0,-0.1999999999999886,,SKIP,False,1653.0,1739.0,1568.0,1960.0,1649.2,1643.2
2026-08-19,7.0,6501,日立製作所,6501.T,5225.0,74.3,113,E,対象外,False,False,48.4,-5.24,-7.83,9.04,-10.09,0.31,-9.4,166.57,,,,,0,,130.0,17.0,-1.9000000000000057,,SKIP,False,5068.0,5330.0,4807.0,6009.0,4975.1,4738.2
2026-08-19,7.0,4004,レゾナック・ホールディングス,4004.T,15900.0,74.0,114,E,対象外,False,False,50.5,-6.33,-8.67,9.05,-10.94,5.14,-17.72,1213.49,,,,,0,,88.0,-26.0,-13.299999999999995,,SKIP,False,15423.0,16218.0,14628.0,18285.0,14079.8,11751.0
2026-08-19,7.0,5233,太平洋セメント,5233.T,4060.0,74.0,115,E,対象外,False,False,45.7,-3.95,-3.13,-0.78,-2.93,-1.68,-10.38,134.24,,,,,0,,89.0,-26.0,-13.200000000000005,,SKIP,False,3938.0,4141.0,3735.0,4669.0,3858.6,3895.4
2026-08-19,7.0,2002,日清製粉グループ本社,2002.T,2029.5,74.0,116,E,対象外,False,False,52.5,1.02,0.89,-0.66,1.06,0.11,-6.63,44.85,,,,,0,,137.0,21.0,0.0,,SKIP,False,1969.0,2070.0,1867.0,2334.0,1962.2,1896.5
2026-08-19,7.0,8697,日本取引所グループ,8697.T,2193.0,74.0,117,E,対象外,False,False,47.8,0.07,-2.62,-2.77,-1.93,-1.81,-4.4,65.34,,,,,0,,131.0,14.0,-1.5999999999999943,,SKIP,False,2127.0,2237.0,2018.0,2522.0,2095.0,2091.0
2026-08-19,7.0,9502,中部電力,9502.T,2797.5,73.2,118,E,対象外,False,False,46.3,-1.84,2.51,-5.22,3.81,-1.61,-13.92,85.2,,,,,0,,134.0,16.0,-2.0999999999999943,,SKIP,False,2714.0,2853.0,2574.0,3217.0,2669.7,2550.2
2026-08-19,7.0,4183,三井化学,4183.T,2083.0,73.1,119,E,対象外,False,False,40.5,-5.53,-6.59,-3.16,-5.8,-3.84,-6.86,64.65,,,,,0,,53.0,-66.0,-23.700000000000003,,SKIP,False,2021.0,2125.0,1916.0,2395.0,1986.0,2023.8
2026-08-19,7.0,1721,コムシスホールディングス,1721.T,5192.0,73.0,120,E,対象外,False,False,42.9,-2.35,-2.15,-0.1,-2.12,-1.41,-6.15,133.18,,,,,0,,103.0,-17.0,-10.0,,SKIP,False,5036.0,5296.0,4777.0,5971.0,4992.2,5075.5
2026-08-19,7.0,5801,古河電気工業,5801.T,3770.0,73.0,121,E,対象外,False,False,48.6,-13.69,-10.71,10.27,-13.27,4.64,-37.31,371.12,,,,,0,,121.0,0.0,-5.0,,SKIP,False,3657.0,3845.0,3468.0,4336.0,3213.3,2632.8
2026-08-19,7.0,9843,ニトリホールディングス,9843.T,2907.0,72.8,122,E,対象外,False,False,61.5,0.12,-1.17,18.17,-5.72,9.15,-6.23,108.96,,,,,0,,143.0,21.0,0.5999999999999943,,SKIP,False,2820.0,2965.0,2674.0,3343.0,2743.6,2320.8
2026-08-19,7.0,3407,旭化成,3407.T,1616.5,71.0,124,E,対象外,False,False,35.7,-4.09,-6.78,-13.18,-3.48,-8.18,-14.97,52.43,,,,,0,,128.0,4.0,-5.400000000000006,,SKIP,False,1568.0,1649.0,1487.0,1859.0,1537.9,1550.7
2026-08-19,7.0,9022,JR東海,9022.T,3840.0,70.3,125,E,対象外,False,False,51.7,0.18,0.5,0.05,0.48,-0.91,-9.5,97.7,,,,,0,,119.0,-6.0,-7.700000000000003,,SKIP,False,3725.0,3917.0,3533.0,4416.0,3693.5,3716.3
2026-08-19,7.0,9301,三菱倉庫,9301.T,1497.5,70.3,126,E,対象外,False,False,41.5,-0.96,-0.23,-6.35,1.35,-3.58,-8.52,36.04,,,,,0,,109.0,-17.0,-11.100000000000009,,SKIP,False,1453.0,1527.0,1378.0,1722.0,1443.4,1445.2
2026-08-19,7.0,5411,JFEホールディングス,5411.T,1794.5,70.2,127,E,対象外,False,False,53.5,-2.02,-1.54,3.19,-2.33,0.56,-3.91,46.94,,,,,0,,90.0,-37.0,-16.799999999999997,,SKIP,False,1741.0,1830.0,1651.0,2064.0,1724.1,1690.5
2026-08-19,7.0,3659,ネクソン,3659.T,2992.5,70.0,128,E,対象外,False,False,75.6,-0.32,18.44,31.63,10.54,20.2,-1.72,133.96,,,,,0,,146.0,18.0,0.0,,SKIP,False,2903.0,3052.0,2753.0,3441.0,2791.6,2186.5
2026-08-19,7.0,9008,京王電鉄,9008.T,765.0,69.0,129,E,対象外,False,False,47.9,0.21,0.7,-4.26,1.76,-2.04,-9.02,16.28,,,,,0,,150.0,21.0,0.0,,SKIP,False,742.0,780.0,704.0,880.0,740.6,738.4
2026-08-19,7.0,7011,三菱重工業,7011.T,4097.0,68.8,130,E,対象外,False,False,54.0,-6.25,0.07,6.36,-1.52,3.47,-6.25,162.76,,,,,0,,144.0,14.0,-2.5,,SKIP,False,3974.0,4179.0,3769.0,4712.0,3852.9,3602.9
2026-08-19,7.0,3401,帝人,3401.T,1726.5,68.2,131,E,対象外,False,False,53.4,-1.31,-3.01,0.99,-3.25,1.13,-3.47,46.7,,,,,0,,149.0,18.0,-1.0999999999999943,,SKIP,False,1675.0,1761.0,1588.0,1985.0,1656.4,1559.2
2026-08-19,7.0,4042,東ソー,4042.T,2596.0,67.3,132,E,対象外,False,False,34.3,-3.99,-5.13,-6.16,-3.59,-5.14,-14.77,69.3,,,,,0,,151.0,19.0,-1.2999999999999972,,SKIP,False,2518.0,2648.0,2388.0,2985.0,2492.0,2535.3
2026-08-19,7.0,1963,日揮ホールディングス,1963.T,2229.5,67.0,134,E,対象外,False,False,39.6,-4.68,-2.17,-2.11,-1.65,-2.6,-20.47,83.62,,,,,0,,125.0,-9.0,-10.0,,SKIP,False,2163.0,2274.0,2051.0,2564.0,2104.1,2151.2
2026-08-19,7.0,5333,日本ガイシ,5333.T,5510.0,59.0,160,E,対象外,False,False,40.1,-5.81,-4.39,-9.81,-1.94,-6.57,-29.84,319.05,,,,,0,,142.0,-18.0,-13.599999999999994,,SKIP,False,5345.0,5620.0,5069.0,6336.0,5031.4,5024.8
2026-08-19,7.0,3289,東急不動産ホールディングス,3289.T,1308.5,59.0,161,E,対象外,False,False,46.7,-0.49,-0.19,-2.82,0.51,-1.49,-6.67,23.72,,,,,0,,174.0,13.0,-0.2999999999999971,,SKIP,False,1269.0,1335.0,1204.0,1505.0,1272.9,1269.1
2026-08-19,7.0,4568,第一三共,4568.T,2729.0,67.2,133,E,対象外,False,False,51.4,1.07,-2.71,-3.06,-1.95,-0.18,-5.55,82.82,,,,,0,,154.0,21.0,-0.5999999999999943,,SKIP,False,2647.0,2784.0,2511.0,3138.0,2604.8,2487.5
2026-08-19,7.0,4506,住友ファーマ,4506.T,1350.5,67.0,135,E,対象外,False,False,50.9,-1.78,0.04,3.57,-0.85,3.34,-16.79,50.46,,,,,0,,162.0,27.0,2.0,,SKIP,False,1310.0,1378.0,1242.0,1553.0,1274.8,1182.1
2026-08-19,7.0,1802,大林組,1802.T,2902.0,66.0,138,E,対象外,False,False,27.4,-3.65,-4.13,-10.49,-1.51,-7.99,-14.77,85.77,,,,,0,,159.0,21.0,0.0,,SKIP,False,2815.0,2960.0,2670.0,3337.0,2773.3,2876.5
2026-08-19,7.0,9021,JR西日本,9021.T,2875.0,65.8,139,E,対象外,False,False,46.4,-0.31,0.49,-3.69,1.41,-2.97,-10.69,68.24,,,,,0,,160.0,21.0,-0.1000000000000085,,SKIP,False,2789.0,2932.0,2645.0,3306.0,2772.6,2768.6
2026-08-19,7.0,6594,ニデック,6594.T,2633.0,65.3,140,E,対象外,False,False,46.2,-6.3,-3.69,6.73,-5.38,-0.36,-9.18,103.74,,,,,0,,79.0,-61.0,-24.10000000000001,,SKIP,False,2554.0,2686.0,2422.0,3028.0,2477.4,2434.8
2026-08-19,7.0,3086,J.フロント リテイリング,3086.T,2885.0,65.1,141,E,対象外,False,False,44.2,1.28,-3.07,-12.73,0.11,-4.51,-20.24,90.94,,,,,0,,164.0,23.0,1.2999999999999972,,SKIP,False,2798.0,2943.0,2654.0,3318.0,2748.6,2799.9
2026-08-19,7.0,8002,丸紅,8002.T,4796.0,65.0,142,E,対象外,False,False,38.6,-2.88,-4.39,-7.66,-2.47,-5.62,-12.0,154.5,,,,,0,,163.0,21.0,0.0,,SKIP,False,4652.0,4892.0,4412.0,5515.0,4564.3,4721.3
2026-08-19,7.0,6762,TDK,6762.T,3006.0,65.0,143,E,対象外,False,False,43.5,-4.24,-3.47,-2.18,-2.92,-1.95,-26.88,160.14,,,,,0,,101.0,-42.0,-18.3,,SKIP,False,2916.0,3066.0,2766.0,3457.0,2765.8,2637.7
2026-08-19,7.0,8031,三井物産,8031.T,4779.0,65.0,144,E,対象外,False,False,46.5,-1.93,-2.47,-0.93,-2.24,-1.48,-11.19,124.55,,,,,0,,140.0,-4.0,-8.0,,SKIP,False,4636.0,4875.0,4397.0,5496.0,4592.2,4638.7
2026-08-19,7.0,6981,村田製作所,6981.T,7331.0,64.5,145,E,対象外,False,False,43.4,-2.2,-2.75,-8.37,-0.65,-5.54,-40.16,715.68,,,,,0,,148.0,3.0,-5.5,,SKIP,False,7111.0,7478.0,6745.0,8431.0,6257.5,5831.7
2026-08-19,7.0,7741,HOYA,7741.T,25415.0,66.0,137,E,対象外,False,False,47.6,-3.33,-2.29,-0.14,-2.25,0.29,-10.87,739.11,,,,,0,,73.0,-64.0,-25.0,,SKIP,False,24653.0,25923.0,23382.0,29227.0,24306.3,23223.3
2026-08-19,7.0,4063,信越化学工業,4063.T,6090.0,63.9,147,E,対象外,False,False,39.5,-2.44,-4.99,-15.48,-1.12,-5.63,-21.98,221.15,,,,,0,,172.0,25.0,2.699999999999996,,SKIP,False,5907.0,6212.0,5603.0,7003.0,5758.3,5607.8
2026-08-19,7.0,6326,クボタ,6326.T,2498.0,60.0,158,E,対象外,False,False,34.8,-5.74,-7.62,-9.26,-5.3,-8.44,-14.95,94.87,,,,,0,,113.0,-45.0,-20.200000000000003,,SKIP,False,2423.0,2548.0,2298.0,2873.0,2355.7,2481.0
2026-08-19,7.0,6702,富士通,6702.T,3607.0,63.3,149,E,対象外,False,False,52.3,0.17,-2.54,9.01,-4.79,1.97,-7.56,130.56,,,,,0,,165.0,16.0,0.0999999999999943,,SKIP,False,3499.0,3679.0,3318.0,4148.0,3411.2,3165.1
2026-08-19,7.0,4005,住友化学,4005.T,512.1,63.0,150,E,対象外,False,False,44.7,-3.81,-2.62,-4.53,-1.49,-2.5,-16.08,16.63,,,,,0,,120.0,-30.0,-15.0,,SKIP,False,497.0,522.0,471.0,589.0,487.2,469.0
2026-08-19,7.0,6770,アルプスアルパイン,6770.T,2117.0,63.0,151,E,対象外,False,False,46.6,-3.33,-3.24,0.69,-3.42,-1.79,-5.6,71.4,,,,,0,,136.0,-15.0,-11.200000000000005,,SKIP,False,2053.0,2159.0,1948.0,2435.0,2009.9,2021.8
2026-08-19,7.0,7202,いすゞ自動車,7202.T,2167.0,63.0,152,E,対象外,False,False,37.7,-3.32,-4.71,-6.98,-2.96,-6.33,-12.28,69.34,,,,,0,,167.0,15.0,0.2000000000000028,,SKIP,False,2102.0,2210.0,1994.0,2492.0,2063.0,2156.2
2026-08-19,7.0,2282,日本ハム,2282.T,6325.0,62.8,153,E,対象外,False,False,55.1,0.02,2.25,1.18,1.95,1.48,-5.17,159.54,,,,,0,,170.0,17.0,0.6999999999999957,,SKIP,False,6135.0,6452.0,5819.0,7274.0,6085.7,5714.3
2026-08-19,7.0,3099,三越伊勢丹ホールディングス,3099.T,3443.0,62.2,154,E,対象外,False,False,34.4,-1.46,-6.36,-11.06,-3.6,-6.47,-17.33,129.76,,,,,0,,168.0,14.0,-0.5,,SKIP,False,3340.0,3512.0,3168.0,3959.0,3248.4,3398.9
2026-08-19,7.0,2432,ディー・エヌ・エー,2432.T,2437.5,62.0,155,E,対象外,False,False,45.2,-1.3,-2.97,0.27,-3.03,-1.05,-10.94,63.82,,,,,0,,147.0,-8.0,-8.0,,SKIP,False,2364.0,2486.0,2242.0,2803.0,2341.8,2361.6
2026-08-19,7.0,3101,東洋紡,3101.T,1575.0,61.7,156,E,対象外,False,False,44.5,-2.9,-2.48,-5.01,-1.23,-2.8,-17.75,73.46,,,,,0,,116.0,-40.0,-17.39999999999999,,SKIP,False,1528.0,1606.0,1449.0,1811.0,1464.8,1429.8
2026-08-19,7.0,9023,東京地下鉄,9023.T,1449.5,61.0,157,E,対象外,False,False,49.0,0.62,-0.99,-0.45,-0.88,-0.66,-4.51,26.21,,,,,0,,189.0,32.0,10.0,,SKIP,False,1406.0,1478.0,1334.0,1667.0,1410.2,1407.9
2026-08-19,7.0,6503,三菱電機,6503.T,5641.0,66.5,136,E,対象外,False,False,45.6,-6.47,-4.26,0.89,-4.48,-1.27,-13.98,247.13,,,,,0,,126.0,-10.0,-10.400000000000006,,SKIP,False,5472.0,5754.0,5190.0,6487.0,5270.3,5024.8
2026-08-19,7.0,9984,ソフトバンクグループ,9984.T,5227.0,59.4,159,E,対象外,False,False,42.9,-10.34,-5.31,-9.11,-3.03,-6.21,-39.45,415.64,,,,,0,,122.0,-37.0,-18.500000000000007,,SKIP,False,5070.0,5332.0,4809.0,6011.0,4603.5,4477.5
2026-08-19,7.0,3092,ZOZO,3092.T,1113.0,63.7,148,E,対象外,False,False,43.2,0.72,-3.68,-4.67,-2.51,-3.44,-9.11,30.97,,,,,0,,171.0,23.0,1.9000000000000057,,SKIP,False,1080.0,1135.0,1024.0,1280.0,1066.5,1084.5
2026-08-19,7.0,1928,積水ハウス,1928.T,3374.0,72.7,123,E,対象外,False,False,44.3,-0.24,-1.4,-3.07,-0.64,-2.39,-8.27,55.15,,,,,0,,105.0,-18.0,-10.0,,SKIP,False,3273.0,3441.0,3104.0,3880.0,3291.3,3309.4
2026-08-19,7.0,6506,安川電機,6506.T,4929.0,15.0,214,E,対象外,False,False,38.4,-4.68,-9.63,-3.71,-8.7,-4.95,-35.61,295.32,,,,,0,,215.0,1.0,0.0,,SKIP,False,4781.0,5028.0,4535.0,5668.0,4486.0,4442.7
2026-08-19,7.0,8035,東京エレクトロン,8035.T,54660.0,64.0,146,E,対象外,False,False,40.3,-3.05,-6.13,-17.89,-1.66,-9.13,-30.63,3656.18,,,,,0,,141.0,-5.0,-9.0,,SKIP,False,53020.0,55753.0,50287.0,62859.0,49175.7,48337.1
2026-08-19,7.0,4751,サイバーエージェント,4751.T,1272.5,39.0,192,E,対象外,False,False,36.7,1.27,2.0,-12.15,5.04,-10.01,-19.26,51.11,,,,,0,,201.0,9.0,0.0,,SKIP,False,1234.0,1298.0,1171.0,1463.0,1195.8,1221.9
2026-08-19,7.0,7974,任天堂,7974.T,8577.0,56.5,166,E,対象外,False,False,63.8,-2.09,1.05,22.65,-4.61,10.73,-3.63,303.76,,,,,0,,181.0,15.0,1.0,,SKIP,False,8320.0,8749.0,7891.0,9864.0,8121.4,6870.5
2026-08-19,7.0,285A,キオクシアホールディングス,285A.T,49950.0,55.0,167,E,対象外,False,False,43.9,-12.6,0.16,-18.2,4.71,-7.33,-54.05,7142.77,,,,,0,,145.0,-22.0,-15.700000000000005,,SKIP,False,48452.0,50949.0,45954.0,57442.0,39235.8,35839.9
2026-08-19,7.0,9735,セコム,9735.T,6364.0,54.9,168,E,対象外,False,False,40.3,0.0,-2.82,-5.51,-1.45,-4.95,-11.27,172.57,,,,,0,,183.0,15.0,0.6000000000000014,,SKIP,False,6173.0,6491.0,5855.0,7319.0,6105.1,6220.7
2026-08-19,7.0,6473,ジェイテクト,6473.T,2044.0,54.0,169,E,対象外,False,False,43.6,-5.48,-3.68,-0.32,-3.6,-3.03,-7.76,73.9,,,,,0,,86.0,-83.0,-33.599999999999994,,SKIP,False,1983.0,2085.0,1880.0,2351.0,1933.2,2000.0
2026-08-19,7.0,2413,エムスリー,2413.T,1732.5,53.7,170,E,対象外,False,False,48.8,2.18,6.19,-9.17,8.48,-3.5,-12.68,92.51,,,,,0,,187.0,17.0,2.6000000000000014,,SKIP,False,1681.0,1767.0,1594.0,1992.0,1593.7,1441.8
2026-08-19,7.0,7270,SUBARU,7270.T,2518.5,53.5,171,E,対象外,False,False,45.5,-2.7,-2.48,-2.8,-1.78,-2.94,-11.59,76.07,,,,,0,,179.0,8.0,-2.6000000000000014,,SKIP,False,2443.0,2569.0,2317.0,2896.0,2404.4,2431.8
2026-08-19,7.0,6113,アマダ,6113.T,2551.0,51.5,172,E,対象外,False,False,38.0,-6.26,-6.88,-10.46,-4.27,-8.78,-20.28,133.52,,,,,0,,155.0,-17.0,-15.5,,SKIP,False,2474.0,2602.0,2347.0,2934.0,2350.7,2465.6
2026-08-19,7.0,7004,カナデビア,7004.T,1162.0,51.1,173,E,対象外,False,False,39.5,-8.07,-4.13,-2.52,-3.5,-4.16,-20.03,45.45,,,,,0,,156.0,-17.0,-15.9,,SKIP,False,1127.0,1185.0,1069.0,1336.0,1093.8,1139.3
2026-08-19,7.0,9532,大阪ガス,9532.T,5434.0,51.0,174,E,対象外,False,False,48.9,-0.18,-2.14,-0.04,-2.13,-0.23,-4.2,119.48,,,,,0,,188.0,14.0,0.0,,SKIP,False,5271.0,5543.0,4999.0,6249.0,5254.8,5239.7
2026-08-19,7.0,1803,清水建設,1803.T,2290.0,58.0,163,E,対象外,False,False,37.6,-4.04,-3.86,-7.04,-2.1,-5.34,-16.73,85.78,,,,,0,,166.0,3.0,-5.0,,SKIP,False,2221.0,2336.0,2107.0,2634.0,2161.3,2167.1
2026-08-19,7.0,7012,川崎重工業,7012.T,2675.5,51.0,175,E,対象外,False,False,43.0,-6.45,-3.59,-0.02,-3.58,-2.93,-20.42,127.85,,,,,0,,107.0,-68.0,-30.90000000000001,,SKIP,False,2595.0,2729.0,2461.0,3077.0,2483.7,2594.0
2026-08-19,7.0,8766,東京海上ホールディングス,8766.T,7241.0,50.6,177,E,対象外,False,False,34.9,-1.76,-6.58,-8.04,-4.57,-7.44,-13.73,190.68,,,,,0,,186.0,9.0,-1.0,,SKIP,False,7024.0,7386.0,6662.0,8327.0,6955.0,7155.0
2026-08-19,7.0,7735,SCREENホールディングス,7735.T,13180.0,50.2,178,E,対象外,False,False,41.8,-3.76,-4.11,-22.38,1.48,-10.32,-32.38,974.4,,,,,0,,180.0,2.0,-5.599999999999994,,SKIP,False,12785.0,13444.0,12126.0,15157.0,11718.4,11313.1
2026-08-19,7.0,6723,ルネサスエレクトロニクス,6723.T,3462.0,48.9,179,E,対象外,False,False,38.3,-9.06,-9.04,-14.2,-5.49,-9.45,-32.42,274.66,,,,,0,,152.0,-27.0,-19.2,,SKIP,False,3358.0,3531.0,3185.0,3981.0,3050.0,3048.7
2026-08-19,7.0,9005,東急,9005.T,1650.5,48.2,180,E,対象外,False,False,40.5,0.52,0.46,-6.41,2.06,-3.77,-10.61,32.78,,,,,0,,192.0,12.0,0.9000000000000057,,SKIP,False,1601.0,1684.0,1518.0,1898.0,1601.3,1617.9
2026-08-19,7.0,6472,NTN,6472.T,369.2,48.0,181,E,対象外,False,False,40.2,-5.67,-4.89,-3.95,-3.91,-3.64,-18.52,14.57,,,,,0,,117.0,-64.0,-30.5,,SKIP,False,358.0,377.0,340.0,425.0,347.3,352.4
2026-08-19,7.0,9531,東京ガス,9531.T,6016.0,47.0,182,E,対象外,False,False,44.8,-0.58,-0.28,-1.81,0.17,-1.27,-7.16,126.41,,,,,0,,178.0,-4.0,-10.0,,SKIP,False,5836.0,6136.0,5535.0,6918.0,5826.4,5846.6
2026-08-19,7.0,6361,荏原製作所,6361.T,4998.0,46.0,183,E,対象外,False,False,38.1,-6.32,-12.67,-10.54,-10.03,-10.68,-25.84,350.4,,,,,0,,169.0,-14.0,-16.299999999999997,,SKIP,False,4848.0,5098.0,4598.0,5748.0,4472.4,4684.5
2026-08-19,7.0,5802,住友電気工業,5802.T,2210.0,45.3,184,E,対象外,False,False,44.2,-8.66,-2.64,-5.41,-1.29,-3.83,-36.7,172.62,,,,,0,,153.0,-31.0,-22.60000000000001,,SKIP,False,2144.0,2254.0,2033.0,2542.0,1951.1,1963.1
2026-08-19,7.0,3436,SUMCO,3436.T,3517.0,45.3,185,E,対象外,False,False,44.9,-7.15,-3.56,-9.82,-1.11,-6.53,-33.73,384.39,,,,,0,,176.0,-9.0,-12.700000000000005,,SKIP,False,3411.0,3587.0,3236.0,4045.0,2940.4,2746.2
2026-08-19,7.0,6902,デンソー,6902.T,1887.5,45.0,186,E,対象外,False,False,42.8,-2.38,-2.73,-5.27,-1.41,-4.41,-14.52,49.52,,,,,0,,158.0,-28.0,-21.700000000000003,,SKIP,False,1831.0,1925.0,1736.0,2171.0,1813.2,1874.1
2026-08-19,7.0,8267,イオン,8267.T,1361.0,45.0,187,E,対象外,False,False,47.1,0.7,-2.33,-0.4,-2.23,-0.97,-6.91,40.37,,,,,0,,194.0,7.0,0.0,,SKIP,False,1320.0,1388.0,1252.0,1565.0,1300.4,1300.0
2026-08-19,7.0,6471,日本精工,6471.T,1095.0,51.0,176,E,対象外,False,False,38.9,-6.41,-6.93,-2.1,-6.4,-4.35,-13.4,39.8,,,,,0,,129.0,-47.0,-25.40000000000001,,SKIP,False,1062.0,1117.0,1007.0,1259.0,1035.3,1068.1
2026-08-19,7.0,4519,中外製薬,4519.T,6885.0,57.0,165,E,対象外,False,False,43.8,0.55,-4.16,-6.92,-2.43,-2.12,-11.98,192.38,,,,,0,,177.0,12.0,0.0,,SKIP,False,6678.0,7023.0,6334.0,7918.0,6596.4,6542.1
2026-08-19,7.0,8802,三菱地所,8802.T,3614.0,58.0,164,E,対象外,False,False,33.7,0.36,-1.9,-15.0,1.85,-7.85,-17.07,106.17,,,,,0,,185.0,21.0,5.0,,SKIP,False,3506.0,3686.0,3325.0,4156.0,3454.8,3531.3
2026-08-19,7.0,4324,電通グループ,4324.T,3474.0,58.5,162,E,対象外,False,False,47.6,-0.86,-8.58,0.26,-8.64,-2.4,-10.33,135.04,,,,,0,,175.0,13.0,-0.7000000000000028,,SKIP,False,3370.0,3543.0,3196.0,3995.0,3271.4,3290.5
2026-08-19,7.0,9064,ヤマトホールディングス,9064.T,1921.0,44.4,189,E,対象外,False,False,44.5,-0.34,-0.83,-5.0,0.42,-3.65,-11.88,53.97,,,,,0,,182.0,-7.0,-10.0,,SKIP,False,1863.0,1959.0,1767.0,2209.0,1840.0,1830.8
2026-08-19,7.0,6976,太陽誘電,6976.T,9686.0,44.5,188,E,対象外,False,False,40.8,-3.05,-5.64,-17.53,-1.26,-10.11,-57.25,1305.82,,,,,0,,193.0,5.0,-0.5,,SKIP,False,9395.0,9880.0,8911.0,11139.0,7727.3,8558.0
2026-08-19,7.0,8801,三井不動産,8801.T,1447.0,39.0,194,E,対象外,False,False,38.5,0.17,-0.31,-8.1,1.71,-4.86,-11.06,34.73,,,,,0,,202.0,8.0,0.0,,SKIP,False,1404.0,1476.0,1331.0,1664.0,1394.9,1417.9
2026-08-19,7.0,6753,シャープ,6753.T,616.0,37.8,195,E,対象外,False,False,45.0,-0.02,-6.57,-1.25,-6.25,-2.16,-8.82,25.2,,,,,0,,191.0,-4.0,-10.5,,SKIP,False,598.0,628.0,567.0,708.0,578.2,583.6
2026-08-19,7.0,5332,TOTO,5332.T,6176.0,35.6,196,E,対象外,False,False,32.6,-2.89,-5.8,-18.01,-1.29,-11.19,-33.7,290.92,,,,,0,,205.0,9.0,-0.6000000000000014,,SKIP,False,5991.0,6300.0,5682.0,7102.0,5739.6,6064.5
2026-08-19,7.0,4704,トレンドマイクロ,4704.T,5614.0,35.2,197,E,対象外,False,False,37.2,1.78,-19.41,-11.79,-16.46,-12.0,-19.41,273.05,,,,,0,,207.0,10.0,1.2000000000000028,,SKIP,False,5446.0,5726.0,5165.0,6456.0,5204.4,5275.5
2026-08-19,7.0,7211,三菱自動車工業,7211.T,338.7,35.0,198,E,対象外,False,False,43.4,-2.95,-2.31,-13.04,0.95,-6.17,-16.62,12.77,,,,,0,,173.0,-25.0,-25.5,,SKIP,False,329.0,345.0,312.0,390.0,319.6,333.9
2026-08-19,7.0,9501,東京電力ホールディングス,9501.T,502.0,34.0,199,E,対象外,False,False,43.4,-4.29,-2.83,-0.28,-2.76,-3.15,-12.94,19.96,,,,,0,,196.0,-3.0,-10.0,,SKIP,False,487.0,512.0,462.0,577.0,472.1,483.4
2026-08-19,7.0,8830,住友不動産,8830.T,3274.0,33.0,200,E,対象外,False,False,27.4,-1.21,-3.88,-14.83,-0.17,-9.01,-17.24,89.16,,,,,0,,208.0,8.0,0.0,,SKIP,False,3176.0,3339.0,3012.0,3765.0,3140.3,3215.8
2026-08-19,7.0,1812,鹿島建設,1812.T,4702.0,31.0,201,E,対象外,False,False,25.5,-3.86,-3.41,-16.1,0.61,-11.2,-24.49,171.05,,,,,0,,210.0,9.0,0.0,,SKIP,False,4561.0,4796.0,4326.0,5407.0,4445.4,4646.6
2026-08-19,7.0,7532,パン・パシフィック・インターナショナルホールディングス,7532.T,814.1,29.0,202,E,対象外,False,False,34.6,-11.08,-12.46,-7.58,-10.57,-9.19,-15.6,31.4,,,,,0,,157.0,-45.0,-37.8,,SKIP,False,790.0,830.0,749.0,936.0,767.0,806.0
2026-08-19,7.0,6367,ダイキン工業,6367.T,20705.0,28.6,203,E,対象外,False,False,23.1,-1.94,-4.01,-15.56,-0.12,-10.45,-20.82,556.15,,,,,0,,195.0,-8.0,-15.699999999999996,,SKIP,False,20084.0,21119.0,19049.0,23811.0,19870.8,20516.9
2026-08-19,7.0,5706,三井金属,5706.T,27505.0,28.4,204,E,対象外,False,False,40.3,-8.5,-5.16,-12.1,-2.13,-10.99,-48.91,2866.97,,,,,0,,203.0,-1.0,-9.0,,SKIP,False,26680.0,28055.0,25305.0,31631.0,23204.5,24656.1
2026-08-19,7.0,5201,AGC,5201.T,5626.0,39.0,193,E,対象外,False,False,33.4,-5.19,-4.64,-10.08,-2.12,-7.11,-30.54,195.3,,,,,0,,184.0,-9.0,-15.0,,SKIP,False,5457.0,5739.0,5176.0,6470.0,5333.1,5553.1
2026-08-19,7.0,4901,富士フイルムホールディングス,4901.T,3138.0,26.6,206,E,対象外,False,False,33.9,-1.38,-1.88,-14.52,1.75,-12.04,-19.08,119.8,,,,,0,,206.0,0.0,-8.799999999999997,,SKIP,False,3044.0,3201.0,2887.0,3609.0,2958.3,3098.4
2026-08-19,7.0,4755,楽天グループ,4755.T,757.4,20.3,207,E,対象外,False,False,41.1,-1.98,1.66,-5.56,3.05,-6.53,-14.56,29.84,,,,,0,,214.0,7.0,0.3000000000000007,,SKIP,False,735.0,773.0,697.0,871.0,712.6,740.5
2026-08-19,7.0,6841,横河電機,6841.T,5079.0,20.2,208,E,対象外,False,False,37.9,-4.99,-7.2,-11.0,-4.45,-8.99,-15.66,235.2,,,,,0,,190.0,-18.0,-29.9,,SKIP,False,4927.0,5181.0,4673.0,5841.0,4726.2,5049.6
2026-08-19,7.0,7201,日産自動車,7201.T,316.0,20.0,209,E,対象外,False,False,42.1,-5.19,-5.98,-4.91,-4.75,-4.82,-20.8,11.05,,,,,0,,211.0,2.0,-10.0,,SKIP,False,307.0,322.0,291.0,363.0,299.4,314.4
2026-08-19,7.0,7731,ニコン,7731.T,1930.0,19.0,210,E,対象外,False,False,40.1,-2.67,-5.04,-10.96,-2.3,-6.5,-16.0,84.97,,,,,0,,199.0,-11.0,-22.3,,SKIP,False,1872.0,1969.0,1776.0,2220.0,1802.5,1821.3
2026-08-19,7.0,6920,レーザーテック,6920.T,35210.0,17.8,211,E,対象外,False,False,40.1,-4.89,-9.67,-17.48,-5.3,-14.18,-38.51,3220.52,,,,,0,,204.0,-7.0,-18.8,,SKIP,False,34154.0,35914.0,32393.0,40492.0,30379.2,33034.0
2026-08-19,7.0,5214,日本電気硝子,5214.T,4778.0,17.0,212,E,対象外,False,False,36.3,-5.85,-4.9,-15.25,-1.08,-8.97,-29.76,229.03,,,,,0,,213.0,1.0,-5.0,,SKIP,False,4635.0,4874.0,4396.0,5495.0,4434.5,4301.4
2026-08-19,7.0,4043,トクヤマ,4043.T,3985.0,16.0,213,E,対象外,False,False,39.7,-5.01,-1.36,-13.24,1.95,-6.39,-29.12,194.59,,,,,0,,212.0,-1.0,-9.4,,SKIP,False,3865.0,4065.0,3666.0,4583.0,3693.1,3695.4
2026-08-19,7.0,9107,川崎汽船,9107.T,3157.0,75.0,109,E,対象外,False,False,75.7,0.51,9.96,14.8,6.26,10.88,0.0,84.53,,,,,0,,124.0,15.0,-2.0,,SKIP,False,3062.0,3220.0,2904.0,3631.0,3030.2,2671.6
2026-08-19,7.0,1801,大成建設,1801.T,12195.0,41.0,191,E,対象外,False,False,34.5,-3.94,-4.99,-10.63,-2.33,-7.82,-19.58,482.11,,,,,0,,200.0,9.0,0.0,,SKIP,False,11829.0,12439.0,11219.0,14024.0,11471.8,12024.6
2026-08-19,7.0,9020,JR東日本,9020.T,3400.0,42.0,190,E,対象外,False,False,41.6,-1.53,-1.56,-6.85,0.15,-4.64,-13.6,87.85,,,,,0,,198.0,8.0,0.0,,SKIP,False,3298.0,3468.0,3128.0,3910.0,3268.2,3334.2
2026-08-19,7.0,6954,ファナック,6954.T,6063.0,28.0,205,E,対象外,False,False,39.5,-3.53,-9.78,-10.52,-7.15,-8.06,-27.81,327.32,,,,,0,,209.0,4.0,-5.0,,SKIP,False,5881.0,6184.0,5578.0,6972.0,5572.0,5779.0
2026-08-20,7.0,7011,三菱重工業,7011.T,4054.0,68.1,145,E,対象外,False,False,51.9,-1.05,-4.75,4.16,-5.79,2.07,-7.23,158.85,,,,,0,,130.0,-15.0,-0.7000000000000028,,SKIP,False,3932.0,4135.0,3730.0,4662.0,3815.7,3602.9
2026-08-20,7.0,4042,東ソー,4042.T,2658.0,69.5,144,E,対象外,False,False,42.4,2.39,-3.54,-5.44,-2.18,-2.73,-12.74,69.17,,,,,0,,132.0,-12.0,2.200000000000003,,SKIP,False,2578.0,2711.0,2445.0,3057.0,2554.2,2535.3
2026-08-20,7.0,3401,帝人,3401.T,1735.5,69.9,143,E,対象外,False,False,54.9,0.52,-2.96,1.46,-3.33,1.53,-2.96,46.44,,,,,0,,131.0,-12.0,1.7000000000000028,,SKIP,False,1683.0,1770.0,1597.0,1996.0,1665.8,1559.2
2026-08-20,7.0,9301,三菱倉庫,9301.T,1502.5,70.0,142,E,対象外,False,False,42.9,0.33,0.17,-6.44,1.78,-3.09,-8.22,34.54,,,,,0,,126.0,-16.0,-0.29999999999999716,,SKIP,False,1457.0,1533.0,1382.0,1728.0,1450.7,1445.2
2026-08-20,7.0,6594,ニデック,6594.T,2619.0,72.5,137,E,対象外,False,False,45.3,-0.53,-5.72,5.6,-7.12,-0.91,-9.66,102.61,,,,,0,,140.0,3.0,7.200000000000003,,SKIP,False,2540.0,2671.0,2409.0,3012.0,2465.1,2434.8
2026-08-20,7.0,3659,ネクソン,3659.T,3048.0,70.0,140,E,対象外,False,False,77.1,1.85,20.88,36.74,11.69,20.9,0.0,131.5,,,,,0,,128.0,-12.0,0.0,,SKIP,False,2957.0,3109.0,2804.0,3505.0,2850.7,2186.5
2026-08-20,7.0,8697,日本取引所グループ,8697.T,2224.5,71.6,139,E,対象外,False,False,51.2,1.44,-2.82,0.29,-2.89,-0.42,-3.03,64.14,,,,,0,,117.0,-22.0,-2.4000000000000057,,SKIP,False,2158.0,2269.0,2047.0,2558.0,2128.3,2091.0
2026-08-20,7.0,3289,東急不動産ホールディングス,3289.T,1343.5,72.2,138,E,対象外,False,False,55.9,2.67,1.28,0.37,1.19,1.07,-4.17,24.52,,,,,0,,161.0,23.0,13.200000000000003,,SKIP,False,1303.0,1370.0,1236.0,1545.0,1306.7,1269.1
2026-08-20,7.0,9984,ソフトバンクグループ,9984.T,5387.0,68.0,146,E,対象外,False,False,45.7,3.06,-3.37,-5.54,-1.99,-2.51,-37.59,406.88,,,,,0,,159.0,13.0,8.600000000000001,,SKIP,False,5225.0,5495.0,4956.0,6195.0,4776.7,4477.5
2026-08-20,7.0,2432,ディー・エヌ・エー,2432.T,2503.0,70.0,141,E,対象外,False,False,51.7,2.69,1.46,3.03,0.7,1.58,-8.55,63.94,,,,,0,,155.0,14.0,8.0,,SKIP,False,2428.0,2553.0,2303.0,2878.0,2407.1,2361.6
2026-08-20,7.0,4324,電通グループ,4324.T,3582.0,67.6,147,E,対象外,False,False,52.7,3.11,-3.63,6.42,-5.24,0.48,-7.54,135.33,,,,,0,,162.0,15.0,9.099999999999994,,SKIP,False,3475.0,3654.0,3295.0,4119.0,3379.0,3290.5
2026-08-20,7.0,9021,JR西日本,9021.T,2888.0,66.6,153,E,対象外,False,False,47.8,0.45,0.64,-1.74,1.08,-2.39,-10.28,67.4,,,,,0,,139.0,-14.0,0.7999999999999972,,SKIP,False,2801.0,2946.0,2657.0,3321.0,2786.9,2768.6
2026-08-20,7.0,1963,日揮ホールディングス,1963.T,2271.5,67.0,149,E,対象外,False,False,44.6,1.88,-0.85,-0.76,-0.66,-0.74,-18.98,81.04,,,,,0,,134.0,-15.0,0.0,,SKIP,False,2203.0,2317.0,2090.0,2612.0,2149.9,2151.2
2026-08-20,7.0,6503,三菱電機,6503.T,5655.0,67.0,150,E,対象外,False,False,46.0,0.25,-6.06,0.46,-6.18,-1.07,-13.77,237.27,,,,,0,,136.0,-14.0,0.5,,SKIP,False,5485.0,5768.0,5203.0,6503.0,5299.1,5024.8
2026-08-20,7.0,6902,デンソー,6902.T,1946.0,67.0,151,E,対象外,False,False,49.6,3.1,2.34,-2.19,2.89,-1.45,-11.87,50.16,,,,,0,,186.0,35.0,22.0,,SKIP,False,1888.0,1985.0,1790.0,2238.0,1870.8,1874.1
2026-08-20,7.0,4519,中外製薬,4519.T,7101.0,67.0,152,E,対象外,False,False,51.3,3.14,-1.03,-2.81,-0.33,1.03,-9.22,196.92,,,,,0,,165.0,13.0,10.0,,SKIP,False,6888.0,7243.0,6533.0,8166.0,6805.6,6542.1
2026-08-20,7.0,7741,HOYA,7741.T,25240.0,66.0,154,E,対象外,False,False,46.0,-0.69,-4.97,0.78,-5.16,-0.35,-11.49,738.46,,,,,0,,137.0,-17.0,0.0,,SKIP,False,24483.0,25745.0,23221.0,29026.0,24132.3,23223.3
2026-08-20,7.0,1802,大林組,1802.T,2977.0,66.0,155,E,対象外,False,False,36.9,2.58,-2.04,-8.71,0.14,-5.36,-12.57,85.0,,,,,0,,138.0,-17.0,0.0,,SKIP,False,2888.0,3037.0,2739.0,3424.0,2849.5,2876.5
2026-08-20,7.0,6471,日本精工,6471.T,1115.5,66.0,156,E,対象外,False,False,43.2,1.87,-5.31,-1.59,-4.91,-2.53,-11.78,38.42,,,,,0,,176.0,20.0,15.0,,SKIP,False,1082.0,1138.0,1026.0,1283.0,1057.9,1068.1
2026-08-20,7.0,6762,TDK,6762.T,3011.0,65.0,157,E,対象外,False,False,43.8,0.17,-6.92,-3.09,-6.15,-1.5,-26.76,152.7,,,,,0,,143.0,-14.0,0.0,,SKIP,False,2921.0,3071.0,2770.0,3463.0,2782.0,2637.7
2026-08-20,7.0,8002,丸紅,8002.T,4856.0,65.0,158,E,対象外,False,False,42.3,1.25,-2.33,-7.68,-0.41,-4.39,-10.9,150.53,,,,,0,,142.0,-16.0,0.0,,SKIP,False,4710.0,4953.0,4468.0,5584.0,4630.2,4721.3
2026-08-20,7.0,285A,キオクシアホールディングス,285A.T,52950.0,65.0,159,E,対象外,False,False,46.7,6.01,2.22,-17.61,6.62,-0.57,-51.29,6920.43,,,,,0,,167.0,8.0,10.0,,SKIP,False,51362.0,54009.0,48714.0,60892.0,42569.4,35839.9
2026-08-20,7.0,4568,第一三共,4568.T,2867.5,67.1,148,E,対象外,False,False,59.9,5.08,3.52,3.84,2.56,4.6,-0.76,89.19,,,,,0,,133.0,-15.0,-0.10000000000000853,,SKIP,False,2781.0,2925.0,2638.0,3298.0,2733.7,2487.5
2026-08-20,7.0,3101,東洋紡,3101.T,1606.0,72.6,136,E,対象外,False,False,47.8,1.97,-2.01,-3.02,-1.26,-0.56,-16.14,70.71,,,,,0,,156.0,20.0,10.899999999999991,,SKIP,False,1558.0,1638.0,1478.0,1847.0,1499.9,1429.8
2026-08-20,7.0,5406,神戸製鋼所,5406.T,2009.5,78.6,110,E,対象外,False,False,52.0,1.03,1.49,1.26,1.17,0.07,-3.25,48.38,,,,,0,,100.0,-10.0,0.09999999999999432,,SKIP,False,1949.0,2050.0,1849.0,2311.0,1936.9,1909.9
2026-08-20,7.0,8031,三井物産,8031.T,4774.0,73.0,134,E,対象外,False,False,46.2,-0.1,-2.45,-2.79,-1.75,-1.64,-10.92,120.01,,,,,0,,144.0,10.0,8.0,,SKIP,False,4631.0,4869.0,4392.0,5490.0,4594.0,4638.7
2026-08-20,7.0,2282,日本ハム,2282.T,6414.0,64.9,160,E,対象外,False,False,58.4,1.41,3.04,2.97,2.29,2.75,-3.84,155.5,,,,,0,,153.0,-7.0,2.1000000000000085,,SKIP,False,6222.0,6542.0,5901.0,7376.0,6180.7,5714.3
2026-08-20,7.0,9022,JR東海,9022.T,3865.0,78.4,111,E,対象外,False,False,53.5,0.65,0.83,1.82,0.38,-0.43,-8.91,95.15,,,,,0,,125.0,14.0,8.100000000000009,,SKIP,False,3749.0,3942.0,3556.0,4445.0,3722.3,3745.2
2026-08-20,7.0,9983,ファーストリテイリング,9983.T,76280.0,78.4,112,E,対象外,False,False,42.5,1.79,-1.38,-2.93,-0.65,-2.27,-13.22,2007.76,,,,,0,,105.0,-7.0,1.3000000000000114,,SKIP,False,73992.0,77806.0,70178.0,87722.0,73268.4,73888.7
2026-08-20,7.0,4005,住友化学,4005.T,522.3,78.0,113,E,対象外,False,False,49.0,1.99,-1.27,-4.69,-0.09,-0.46,-14.41,16.92,,,,,0,,150.0,37.0,15.0,,SKIP,False,507.0,533.0,481.0,601.0,496.9,469.0
2026-08-20,7.0,6504,富士電機,6504.T,13635.0,77.8,114,E,対象外,False,False,46.9,0.96,-8.92,5.41,-10.27,-0.18,-16.43,700.8,,,,,0,,97.0,-17.0,-2.200000000000003,,SKIP,False,13226.0,13908.0,12544.0,15680.0,12583.8,11616.6
2026-08-20,7.0,7013,IHI,7013.T,2768.5,77.1,115,E,対象外,False,False,46.5,-0.16,-6.94,-0.38,-6.85,-1.83,-9.85,132.25,,,,,0,,98.0,-17.0,-1.7000000000000028,,SKIP,False,2685.0,2824.0,2547.0,3184.0,2570.1,2595.0
2026-08-20,7.0,3086,J.フロント リテイリング,3086.T,2979.5,77.1,116,E,対象外,False,False,51.1,3.28,0.17,-4.38,1.26,-1.09,-17.63,92.55,,,,,0,,141.0,25.0,12.0,,SKIP,False,2890.0,3039.0,2741.0,3426.0,2840.7,2799.9
2026-08-20,7.0,2269,明治ホールディングス,2269.T,4342.0,77.1,117,E,対象外,False,False,70.6,1.69,3.58,16.44,-0.53,10.16,0.0,110.16,,,,,0,,111.0,-6.0,2.5999999999999943,,SKIP,False,4212.0,4429.0,3995.0,4993.0,4176.8,3580.0
2026-08-20,7.0,6501,日立製作所,6501.T,5263.0,77.0,118,E,対象外,False,False,50.0,0.73,-7.7,9.49,-10.07,0.69,-8.74,163.89,,,,,0,,113.0,-5.0,2.700000000000003,,SKIP,False,5105.0,5368.0,4842.0,6052.0,5017.2,4771.0
2026-08-20,7.0,3103,ユニチカ,3103.T,1520.0,77.0,119,E,対象外,False,False,64.1,0.07,12.59,67.77,-4.35,41.85,-8.71,146.2,,,,,0,,73.0,-46.0,-10.200000000000003,,SKIP,False,1474.0,1550.0,1398.0,1748.0,1300.7,737.3
2026-08-20,7.0,9107,川崎汽船,9107.T,3174.0,77.0,120,E,対象外,False,False,76.3,0.54,9.32,14.83,5.61,10.67,0.0,83.34,,,,,0,,109.0,-11.0,2.0,,SKIP,False,3079.0,3237.0,2920.0,3650.0,3049.0,2671.6
2026-08-20,7.0,5801,古河電気工業,5801.T,3864.0,73.0,135,E,対象外,False,False,50.4,2.49,-6.01,9.62,-8.41,6.84,-33.38,361.11,,,,,0,,121.0,-14.0,0.0,,SKIP,False,3748.0,3941.0,3555.0,4444.0,3322.3,2632.8
2026-08-20,7.0,7453,良品計画,7453.T,4379.0,76.6,121,E,対象外,False,False,56.8,3.25,-2.25,5.24,-3.56,1.53,-3.25,149.12,,,,,0,,107.0,-14.0,1.3999999999999915,,SKIP,False,4248.0,4467.0,4029.0,5036.0,4155.3,4019.8
2026-08-20,7.0,3407,旭化成,3407.T,1634.0,76.0,123,E,対象外,False,False,38.3,1.08,-5.22,-12.01,-2.22,-6.69,-14.05,50.29,,,,,0,,124.0,1.0,5.0,,SKIP,False,1585.0,1667.0,1503.0,1879.0,1558.6,1550.7
2026-08-20,7.0,3382,セブン＆アイ・ホールディングス,3382.T,2032.5,75.6,124,E,対象外,False,False,46.9,0.12,-0.78,-2.84,-0.07,-2.34,-9.91,53.92,,,,,0,,110.0,-14.0,1.0,,SKIP,False,1972.0,2073.0,1870.0,2337.0,1951.6,1976.1
2026-08-20,7.0,2002,日清製粉グループ本社,2002.T,2043.5,75.5,125,E,対象外,False,False,54.6,0.69,1.31,0.12,1.28,0.79,-5.98,44.04,,,,,0,,116.0,-9.0,1.5,,SKIP,False,1982.0,2084.0,1880.0,2350.0,1977.4,1896.5
2026-08-20,7.0,4506,住友ファーマ,4506.T,1465.0,75.0,126,E,対象外,False,False,63.9,8.48,7.52,13.92,4.04,11.68,-9.74,55.67,,,,,0,,135.0,9.0,8.0,,SKIP,False,1421.0,1494.0,1348.0,1685.0,1381.5,1182.1
2026-08-20,7.0,3092,ZOZO,3092.T,1126.0,74.4,127,E,対象外,False,False,46.6,1.17,-1.01,-0.79,-0.81,-2.11,-8.04,30.26,,,,,0,,148.0,21.0,10.700000000000003,,SKIP,False,1092.0,1149.0,1036.0,1295.0,1080.6,1084.5
2026-08-20,7.0,2501,サッポロホールディングス,2501.T,1912.0,74.3,128,E,対象外,False,False,44.6,-0.62,-4.69,-5.23,-3.38,-4.25,-11.6,78.63,,,,,0,,106.0,-22.0,-1.0,,SKIP,False,1855.0,1950.0,1759.0,2199.0,1794.1,1871.6
2026-08-20,7.0,6770,アルプスアルパイン,6770.T,2187.0,74.1,129,E,対象外,False,False,53.2,3.31,-0.95,2.87,-1.67,1.33,-2.47,71.3,,,,,0,,151.0,22.0,11.099999999999994,,SKIP,False,2121.0,2231.0,2012.0,2515.0,2080.1,2021.8
2026-08-20,7.0,4004,レゾナック・ホールディングス,4004.T,15945.0,74.0,130,E,対象外,False,False,50.8,0.28,-6.21,4.56,-7.35,5.29,-17.49,1185.02,,,,,0,,114.0,-16.0,0.0,,SKIP,False,15467.0,16264.0,14669.0,18337.0,14167.5,11751.0
2026-08-20,7.0,4183,三井化学,4183.T,2113.0,73.5,131,E,対象外,False,False,44.5,1.44,-5.52,-4.06,-4.51,-2.4,-5.52,63.0,,,,,0,,119.0,-12.0,0.4000000000000057,,SKIP,False,2050.0,2155.0,1944.0,2430.0,2018.5,2023.8
2026-08-20,7.0,9843,ニトリホールディングス,9843.T,3056.0,73.5,132,E,対象外,False,False,67.3,5.13,2.81,28.43,-4.3,13.71,-1.42,113.18,,,,,0,,122.0,-10.0,0.7000000000000028,,SKIP,False,2964.0,3117.0,2812.0,3514.0,2886.2,2320.8
2026-08-20,7.0,5803,フジクラ,5803.T,5341.0,73.1,133,E,対象外,False,False,52.7,0.24,-7.27,12.42,-10.38,9.09,-17.67,437.69,,,,,0,,103.0,-30.0,-4.1000000000000085,,SKIP,False,5181.0,5448.0,4914.0,6142.0,4684.5,3646.7
2026-08-20,7.0,9007,小田急電鉄,9007.T,1726.5,76.5,122,E,対象外,False,False,52.5,1.29,1.11,0.41,1.01,-0.23,-6.93,36.14,,,,,0,,112.0,-10.0,2.0999999999999943,,SKIP,False,1675.0,1761.0,1588.0,1985.0,1672.3,1643.2
2026-08-20,7.0,3099,三越伊勢丹ホールディングス,3099.T,3531.0,63.3,161,E,対象外,False,False,42.1,2.56,-4.44,-8.21,-2.38,-3.56,-15.22,126.78,,,,,0,,154.0,-7.0,1.0999999999999943,,SKIP,False,3425.0,3602.0,3249.0,4061.0,3340.8,3398.9
2026-08-20,7.0,9531,東京ガス,9531.T,6009.0,47.0,188,E,対象外,False,False,44.3,-0.12,0.0,-2.31,0.58,-1.37,-7.14,123.09,,,,,0,,182.0,-6.0,0.0,,SKIP,False,5829.0,6129.0,5528.0,6910.0,5824.4,5846.6
2026-08-20,7.0,8035,東京エレクトロン,8035.T,54020.0,62.2,163,E,対象外,False,False,39.4,-1.17,-9.16,-18.1,-4.64,-9.16,-31.45,3507.88,,,,,0,,146.0,-17.0,-1.7999999999999972,,SKIP,False,52399.0,55100.0,49698.0,62123.0,48758.2,48337.1
2026-08-20,7.0,9501,東京電力ホールディングス,9501.T,524.9,44.0,193,E,対象外,False,False,53.8,4.56,0.77,3.88,-0.2,1.1,-8.38,20.89,,,,,0,,199.0,6.0,10.0,,SKIP,False,509.0,535.0,483.0,604.0,493.6,483.4
2026-08-20,7.0,6954,ファナック,6954.T,6116.0,43.0,194,E,対象外,False,False,40.7,0.87,-5.98,-11.01,-3.23,-6.85,-24.99,311.23,,,,,0,,205.0,11.0,15.0,,SKIP,False,5933.0,6238.0,5627.0,7033.0,5649.2,5779.0
2026-08-20,7.0,5201,AGC,5201.T,5765.0,43.0,195,E,対象外,False,False,39.4,2.47,-3.4,-9.13,-1.12,-4.4,-28.83,192.13,,,,,0,,193.0,-2.0,4.0,,SKIP,False,5592.0,5880.0,5304.0,6630.0,5476.8,5553.1
2026-08-20,7.0,8830,住友不動産,8830.T,3384.0,43.0,196,E,対象外,False,False,38.6,3.36,-0.82,-10.78,1.88,-5.5,-13.1,90.64,,,,,0,,200.0,4.0,10.0,,SKIP,False,3282.0,3452.0,3113.0,3892.0,3248.0,3215.8
2026-08-20,7.0,3436,SUMCO,3436.T,3456.0,42.5,197,E,対象外,False,False,43.9,-1.73,-10.14,-8.69,-7.97,-6.3,-34.88,370.22,,,,,0,,185.0,-12.0,-2.799999999999997,,SKIP,False,3352.0,3525.0,3180.0,3974.0,2900.7,2746.2
2026-08-20,7.0,7731,ニコン,7731.T,1966.0,41.7,198,E,対象外,False,False,43.7,1.87,-3.34,-11.14,-0.56,-4.17,-14.43,82.69,,,,,0,,210.0,12.0,22.700000000000003,,SKIP,False,1907.0,2005.0,1809.0,2261.0,1842.0,1821.3
2026-08-20,7.0,1801,大成建設,1801.T,12555.0,41.0,199,E,対象外,False,False,40.9,2.95,-2.67,-7.89,-0.7,-4.82,-17.21,473.39,,,,,0,,191.0,-8.0,0.0,,SKIP,False,12178.0,12806.0,11551.0,14438.0,11844.9,12024.6
2026-08-20,7.0,5332,TOTO,5332.T,6363.0,40.8,200,E,対象外,False,False,37.9,3.03,-4.7,-16.34,-0.62,-7.65,-31.69,283.49,,,,,0,,196.0,-4.0,5.199999999999996,,SKIP,False,6172.0,6490.0,5854.0,7317.0,5937.8,6064.5
2026-08-20,7.0,4755,楽天グループ,4755.T,780.6,40.0,201,E,対象外,False,False,46.6,3.06,2.52,-1.23,2.83,-3.56,-11.95,29.67,,,,,0,,207.0,6.0,19.7,,SKIP,False,757.0,796.0,718.0,898.0,736.1,740.5
2026-08-20,7.0,6976,太陽誘電,6976.T,9623.0,37.9,202,E,対象外,False,False,40.5,-0.65,-12.0,-23.23,-6.19,-9.95,-57.52,1246.69,,,,,0,,188.0,-14.0,-6.600000000000001,,SKIP,False,9334.0,9815.0,8853.0,11066.0,7753.0,8558.0
2026-08-20,7.0,4901,富士フイルムホールディングス,4901.T,3220.0,35.8,203,E,対象外,False,False,38.8,2.61,-1.74,-12.14,1.3,-9.31,-16.97,117.74,,,,,0,,206.0,3.0,9.199999999999996,,SKIP,False,3123.0,3284.0,2962.0,3703.0,3043.4,3098.4
2026-08-20,7.0,4704,トレンドマイクロ,4704.T,5708.0,34.2,204,E,対象外,False,False,39.5,1.67,-16.68,-9.67,-14.27,-10.18,-18.06,262.9,,,,,0,,197.0,-7.0,-1.0,,SKIP,False,5537.0,5822.0,5251.0,6564.0,5313.6,5275.5
2026-08-20,7.0,4061,デンカ,4061.T,3380.0,32.5,205,E,対象外,False,False,41.5,2.24,-5.74,-9.24,-3.44,-5.56,-25.44,185.01,,,,,0,,215.0,10.0,20.5,,SKIP,False,3279.0,3448.0,3110.0,3887.0,3102.5,3166.1
2026-08-20,7.0,5706,三井金属,5706.T,28570.0,32.4,206,E,対象外,False,False,42.9,3.87,-3.15,-14.97,0.59,-6.84,-46.94,2806.83,,,,,0,,204.0,-2.0,4.0,,SKIP,False,27713.0,29141.0,26284.0,32856.0,24359.8,24656.1
2026-08-20,7.0,1812,鹿島建設,1812.T,4841.0,31.0,207,E,対象外,False,False,33.7,2.96,-0.55,-13.52,2.83,-8.08,-22.26,168.76,,,,,0,,201.0,-6.0,0.0,,SKIP,False,4696.0,4938.0,4454.0,5567.0,4587.9,4646.6
2026-08-20,7.0,7532,パン・パシフィック・インターナショナルホールディングス,7532.T,810.2,29.0,208,E,対象外,False,False,34.1,-0.48,-12.53,-6.48,-10.91,-9.37,-16.01,31.04,,,,,0,,202.0,-6.0,0.0,,SKIP,False,786.0,826.0,745.0,932.0,763.6,804.0
2026-08-20,7.0,6367,ダイキン工業,6367.T,20860.0,28.1,209,E,対象外,False,False,26.1,0.75,-2.36,-13.94,1.12,-9.14,-20.23,535.71,,,,,0,,203.0,-6.0,-0.5,,SKIP,False,20234.0,21277.0,19191.0,23989.0,20056.4,20516.9
2026-08-20,7.0,7201,日産自動車,7201.T,337.4,25.0,210,E,対象外,False,False,52.9,6.77,2.09,0.93,1.86,1.23,-15.44,11.84,,,,,0,,209.0,-1.0,5.0,,SKIP,False,327.0,344.0,310.0,388.0,319.6,314.4
2026-08-20,7.0,5214,日本電気硝子,5214.T,4850.0,22.0,211,E,対象外,False,False,38.7,1.51,-4.43,-15.18,-0.64,-6.91,-28.71,220.95,,,,,0,,212.0,1.0,5.0,,SKIP,False,4704.0,4947.0,4462.0,5578.0,4518.6,4301.4
2026-08-20,7.0,6841,横河電機,6841.T,5113.0,19.4,212,E,対象外,False,False,39.1,0.67,-8.2,-10.72,-5.52,-8.14,-15.09,225.54,,,,,0,,208.0,-4.0,-0.8000000000000007,,SKIP,False,4960.0,5215.0,4704.0,5880.0,4774.7,5040.7
2026-08-20,7.0,6920,レーザーテック,6920.T,34930.0,17.7,213,E,対象外,False,False,39.7,-0.8,-13.73,-18.75,-9.04,-14.01,-39.0,3061.2,,,,,0,,211.0,-2.0,-0.10000000000000142,,SKIP,False,33882.0,35629.0,32136.0,40170.0,30338.2,33034.0
2026-08-20,7.0,4043,トクヤマ,4043.T,4071.0,15.0,214,E,対象外,False,False,43.2,2.16,-3.42,-13.11,-0.14,-3.81,-27.59,187.4,,,,,0,,213.0,-1.0,-1.0,,SKIP,False,3949.0,4152.0,3745.0,4682.0,3789.9,3695.4
2026-08-20,7.0,4502,武田薬品工業,4502.T,5825.0,79.4,109,E,対象外,False,False,64.0,0.97,4.79,4.92,3.56,4.75,-0.38,127.68,,,,,0,,104.0,-5.0,2.200000000000003,,SKIP,False,5650.0,5942.0,5359.0,6699.0,5633.5,5198.9
2026-08-20,7.0,9064,ヤマトホールディングス,9064.T,1920.0,44.5,192,E,対象外,False,False,44.4,-0.05,-1.51,-4.81,-0.31,-3.63,-11.93,53.76,,,,,0,,189.0,-3.0,0.10000000000000142,,SKIP,False,1862.0,1958.0,1766.0,2208.0,1839.4,1830.8
2026-08-20,7.0,8267,イオン,8267.T,1385.5,45.0,191,E,対象外,False,False,51.8,1.8,-0.75,2.06,-1.27,0.89,-5.23,39.27,,,,,0,,187.0,-4.0,0.0,,SKIP,False,1344.0,1413.0,1275.0,1593.0,1326.6,1300.0
2026-08-20,7.0,5802,住友電気工業,5802.T,2218.5,45.2,190,E,対象外,False,False,44.5,0.38,-4.97,-9.49,-2.6,-3.06,-36.46,164.44,,,,,0,,184.0,-6.0,-0.09999999999999432,,SKIP,False,2152.0,2263.0,2041.0,2551.0,1971.8,1963.1
2026-08-20,7.0,6361,荏原製作所,6361.T,5026.0,46.0,189,E,対象外,False,False,38.8,0.56,-14.9,-10.14,-12.37,-9.63,-25.42,336.73,,,,,0,,183.0,-6.0,0.0,,SKIP,False,4875.0,5127.0,4624.0,5780.0,4520.9,4684.5
2026-08-20,7.0,7202,いすゞ自動車,7202.T,2230.0,62.2,164,E,対象外,False,False,44.9,2.91,-0.2,-4.25,0.86,-3.44,-9.73,69.64,,,,,0,,152.0,-12.0,-0.7999999999999972,,SKIP,False,2163.0,2275.0,2052.0,2564.0,2125.5,2156.2
2026-08-20,7.0,4063,信越化学工業,4063.T,6161.0,61.5,165,E,対象外,False,False,41.9,1.17,-3.4,-12.92,-0.17,-3.75,-21.07,213.29,,,,,0,,147.0,-18.0,-2.3999999999999986,,SKIP,False,5976.0,6284.0,5668.0,7085.0,5841.1,5607.8
2026-08-20,7.0,9023,東京地下鉄,9023.T,1471.0,61.0,166,E,対象外,False,False,54.4,1.48,1.03,1.66,0.62,0.76,-3.1,26.2,,,,,0,,157.0,-9.0,0.0,,SKIP,False,1427.0,1500.0,1353.0,1692.0,1431.7,1407.9
2026-08-20,7.0,9532,大阪ガス,9532.T,5517.0,61.0,167,E,対象外,False,False,54.8,1.53,0.73,2.0,0.23,1.2,-2.73,118.02,,,,,0,,174.0,7.0,10.0,,SKIP,False,5351.0,5627.0,5076.0,6345.0,5340.0,5239.7
2026-08-20,7.0,6981,村田製作所,6981.T,7205.0,60.5,168,E,対象外,False,False,42.3,-1.72,-13.31,-13.37,-9.97,-6.25,-41.18,684.99,,,,,0,,145.0,-23.0,-4.0,,SKIP,False,6989.0,7349.0,6629.0,8286.0,6177.5,5831.7
2026-08-20,7.0,4751,サイバーエージェント,4751.T,1340.5,59.5,169,E,対象外,False,False,45.9,5.34,6.81,-5.06,8.08,-4.74,-14.94,52.42,,,,,0,,192.0,23.0,20.5,,SKIP,False,1300.0,1367.0,1233.0,1542.0,1261.9,1221.9
2026-08-20,7.0,5333,日本ガイシ,5333.T,5567.0,59.0,170,E,対象外,False,False,41.5,1.03,-7.31,-10.48,-4.69,-4.92,-29.11,304.83,,,,,0,,160.0,-10.0,0.0,,SKIP,False,5400.0,5678.0,5122.0,6402.0,5109.8,5024.8
2026-08-20,7.0,7974,任天堂,7974.T,8781.0,58.0,171,E,対象外,False,False,66.6,2.38,5.48,25.39,-0.87,12.36,-1.34,312.13,,,,,0,,166.0,-5.0,1.5,,SKIP,False,8518.0,8957.0,8079.0,10098.0,8312.8,6875.4
2026-08-20,7.0,6753,シャープ,6753.T,637.4,57.5,172,E,対象外,False,False,51.4,3.47,-2.39,2.44,-3.0,1.29,-5.65,25.05,,,,,0,,195.0,23.0,19.700000000000003,,SKIP,False,618.0,650.0,586.0,733.0,599.8,583.6
2026-08-20,7.0,7270,SUBARU,7270.T,2633.5,56.9,173,E,対象外,False,False,54.2,4.57,2.97,1.96,2.48,1.26,-7.55,79.95,,,,,0,,171.0,-2.0,3.3999999999999986,,SKIP,False,2554.0,2686.0,2423.0,3029.0,2513.6,2431.8
2026-08-20,7.0,6113,アマダ,6113.T,2625.0,56.3,174,E,対象外,False,False,42.1,2.9,-5.23,-8.42,-3.13,-5.81,-17.97,129.98,,,,,0,,172.0,-2.0,4.799999999999997,,SKIP,False,2546.0,2678.0,2415.0,3019.0,2430.0,2465.6
2026-08-20,7.0,1803,清水建設,1803.T,2342.0,63.0,162,E,対象外,False,False,43.0,2.27,-3.36,-5.32,-2.03,-3.03,-13.8,83.55,,,,,0,,163.0,1.0,5.0,,SKIP,False,2272.0,2389.0,2155.0,2693.0,2216.7,2167.1
2026-08-20,7.0,9735,セコム,9735.T,6362.0,56.0,175,E,対象外,False,False,40.2,-0.03,-2.21,-5.54,-0.83,-4.82,-11.29,168.67,,,,,0,,168.0,-7.0,1.1000000000000014,,SKIP,False,6171.0,6489.0,5853.0,7316.0,6109.0,6220.7
2026-08-20,7.0,7211,三菱自動車工業,7211.T,353.8,55.0,177,E,対象外,False,False,51.0,4.46,3.39,-7.79,5.34,-1.94,-12.9,13.0,,,,,0,,198.0,21.0,20.0,,SKIP,False,343.0,361.0,325.0,407.0,334.3,333.9
2026-08-20,7.0,2413,エムスリー,2413.T,1750.5,53.8,178,E,対象外,False,False,50.1,1.04,8.39,-4.81,9.59,-2.07,-11.77,91.69,,,,,0,,170.0,-8.0,0.09999999999999432,,SKIP,False,1698.0,1786.0,1610.0,2013.0,1613.0,1441.8
2026-08-20,7.0,9020,JR東日本,9020.T,3503.0,52.0,179,E,対象外,False,False,49.4,3.03,0.95,-3.15,1.74,-1.69,-10.98,88.94,,,,,0,,190.0,11.0,10.0,,SKIP,False,3398.0,3573.0,3223.0,4028.0,3369.6,3334.2
2026-08-20,7.0,7012,川崎重工業,7012.T,2672.5,51.0,180,E,対象外,False,False,42.9,-0.11,-5.16,-2.34,-4.58,-3.01,-18.17,123.47,,,,,0,,175.0,-5.0,0.0,,SKIP,False,2592.0,2726.0,2459.0,3073.0,2487.3,2594.0
2026-08-20,7.0,8766,東京海上ホールディングス,8766.T,7233.0,50.8,181,E,対象外,False,False,34.8,-0.11,-5.1,-9.26,-2.79,-7.31,-13.82,187.21,,,,,0,,177.0,-4.0,0.19999999999999574,,SKIP,False,7016.0,7378.0,6654.0,8318.0,6952.2,7150.1
2026-08-20,7.0,7004,カナデビア,7004.T,1182.0,50.6,182,E,対象外,False,False,42.9,1.72,-4.14,-2.8,-3.44,-2.43,-18.65,43.85,,,,,0,,173.0,-9.0,-0.5,,SKIP,False,1147.0,1206.0,1087.0,1359.0,1116.2,1139.3
2026-08-20,7.0,7735,SCREENホールディングス,7735.T,13080.0,49.9,183,E,対象外,False,False,41.3,-0.76,-7.46,-20.73,-2.28,-9.76,-32.89,936.59,,,,,0,,178.0,-5.0,-0.30000000000000426,,SKIP,False,12688.0,13342.0,12034.0,15042.0,11675.1,11313.1
2026-08-20,7.0,6723,ルネサスエレクトロニクス,6723.T,3469.0,49.4,184,E,対象外,False,False,38.5,0.2,-7.59,-16.91,-3.36,-8.39,-32.29,262.9,,,,,0,,179.0,-5.0,0.5,,SKIP,False,3365.0,3538.0,3191.0,3989.0,3074.7,3048.7
2026-08-20,7.0,8801,三井不動産,8801.T,1490.0,49.3,185,E,対象外,False,False,47.9,2.97,2.23,-4.3,3.31,-1.9,-8.42,35.89,,,,,0,,194.0,9.0,10.299999999999997,,SKIP,False,1445.0,1520.0,1371.0,1713.0,1436.2,1417.9
2026-08-20,7.0,9005,東急,9005.T,1659.5,48.1,186,E,対象外,False,False,43.1,0.55,1.34,-5.06,2.61,-3.08,-10.13,31.9,,,,,0,,180.0,-6.0,-0.10000000000000142,,SKIP,False,1610.0,1693.0,1527.0,1908.0,1611.6,1617.9
2026-08-20,7.0,6472,NTN,6472.T,371.9,48.0,187,E,対象外,False,False,41.8,0.73,-4.62,-3.4,-3.77,-2.89,-17.92,14.0,,,,,0,,181.0,-6.0,0.0,,SKIP,False,361.0,379.0,342.0,428.0,350.9,352.4
2026-08-20,7.0,8802,三菱地所,8802.T,3680.0,55.0,176,E,対象外,False,False,38.9,1.83,-0.57,-12.46,2.55,-5.66,-15.56,103.73,,,,,0,,164.0,-12.0,-3.0,,SKIP,False,3570.0,3754.0,3386.0,4232.0,3524.4,3531.3
2026-08-20,7.0,6702,富士通,6702.T,3743.0,79.6,108,E,対象外,False,False,57.9,3.77,-0.19,13.05,-3.45,5.37,-4.07,133.38,,,,,0,,149.0,41.0,16.299999999999997,,SKIP,False,3631.0,3818.0,3444.0,4304.0,3542.9,3199.9
2026-08-20,7.0,6645,オムロン,6645.T,6409.0,95.5,55,D,監視候補,False,False,54.4,-0.42,-8.47,17.32,-12.8,6.99,-9.0,315.99,,,,,0,,41.0,-14.0,-1.0,,SKIP,False,6217.0,6537.0,5896.0,7370.0,5935.0,4989.9
2026-08-20,7.0,7733,オリンパス,7733.T,2187.0,80.9,106,E,対象外,False,False,76.5,2.6,5.78,26.71,-0.9,15.26,0.0,66.87,,,,,0,,76.0,-30.0,-5.599999999999994,,SKIP,False,2121.0,2231.0,2012.0,2515.0,2086.7,1698.0
2026-08-20,7.0,9432,NTT,9432.T,161.4,100.0,28,C,監視候補,False,False,62.1,1.25,0.56,6.18,-0.99,3.72,-0.8,2.91,,,,,0,,34.0,6.0,1.5,,SKIP,False,157.0,165.0,148.0,186.0,157.0,148.5
2026-08-20,7.0,6724,セイコーエプソン,6724.T,3059.0,100.0,29,C,監視候補,False,False,53.2,2.41,-3.1,4.15,-4.14,1.38,-6.31,96.32,,,,,0,,58.0,29.0,8.0,,SKIP,False,2967.0,3120.0,2814.0,3518.0,2914.5,2880.5
2026-08-20,7.0,5713,住友金属鉱山,5713.T,10630.0,99.9,30,D,監視候補,False,False,69.0,10.76,8.22,41.34,-2.12,25.56,0.0,557.77,,,,,0,,49.0,19.0,5.700000000000003,,SKIP,False,10311.0,10843.0,9780.0,12224.0,9793.3,6934.2
2026-08-20,7.0,6701,NEC,6701.T,4820.0,99.8,31,D,監視候補,False,False,56.0,3.39,-1.97,10.75,-4.66,3.95,-6.73,192.6,,,,,0,,90.0,59.0,17.5,,SKIP,False,4675.0,4916.0,4434.0,5543.0,4531.1,4170.0
2026-08-20,7.0,6988,日東電工,6988.T,3439.0,99.7,32,D,監視候補,False,False,52.7,2.38,-3.15,4.4,-4.25,0.63,-3.86,102.87,,,,,0,,87.0,55.0,15.799999999999997,,SKIP,False,3336.0,3508.0,3164.0,3955.0,3284.7,3237.7
2026-08-20,7.0,9202,ANAホールディングス,9202.T,3043.0,99.7,33,D,監視候補,False,False,46.7,0.56,-1.46,1.2,-1.76,-1.23,-5.53,60.33,,,,,0,,69.0,36.0,10.400000000000006,,SKIP,False,2952.0,3104.0,2800.0,3499.0,2952.5,2868.6
2026-08-20,7.0,3402,東レ,3402.T,1301.0,99.4,34,D,監視候補,False,False,58.4,1.72,-3.99,11.24,-6.8,5.67,-5.28,39.29,,,,,0,,37.0,3.0,1.9000000000000057,,SKIP,False,1262.0,1327.0,1197.0,1496.0,1242.1,1099.5
2026-08-20,7.0,2801,キッコーマン,2801.T,1838.0,99.2,35,D,監視候補,False,False,67.1,2.45,3.32,13.49,-0.06,8.32,0.0,56.47,,,,,0,,16.0,-19.0,-4.0,,SKIP,False,1783.0,1875.0,1691.0,2114.0,1753.3,1547.2
2026-08-20,7.0,4689,LINEヤフー,4689.T,517.5,99.0,36,D,監視候補,False,False,71.5,4.71,3.6,16.92,-0.63,10.58,0.0,14.8,4689_20260818_01,2026-08-18,497.9,3.0,1,3.9365334404498853,11.0,-25.0,-7.0,MATURE,SKIP,False,502.0,528.0,476.0,595.0,495.3,427.8
2026-08-20,7.0,7751,キヤノン,7751.T,4515.0,98.7,37,D,監視候補,False,False,51.6,0.89,-1.31,-0.46,-1.2,-0.26,-4.95,92.84,,,,,0,,30.0,-7.0,-0.5,,SKIP,False,4380.0,4605.0,4154.0,5192.0,4375.7,4342.2
2026-08-20,7.0,8308,りそなホールディングス,8308.T,2347.5,98.6,38,D,監視候補,False,False,51.7,-0.38,-4.05,1.1,-4.32,0.95,-6.1,79.51,,,,,0,,43.0,5.0,2.3999999999999915,,SKIP,False,2277.0,2394.0,2160.0,2700.0,2228.2,2142.2
2026-08-20,7.0,1928,積水ハウス,1928.T,3437.0,98.5,39,D,監視候補,False,False,51.9,1.87,0.32,-0.64,0.48,-0.56,-6.55,56.56,,,,,0,,123.0,84.0,25.799999999999997,,SKIP,False,3334.0,3506.0,3162.0,3953.0,3352.2,3309.4
2026-08-20,7.0,9766,コナミグループ,9766.T,22160.0,98.5,40,D,監視候補,False,False,64.4,2.21,4.36,19.85,-0.61,8.82,-2.4,828.94,,,,,0,,18.0,-22.0,-4.599999999999994,,SKIP,False,21495.0,22603.0,20387.0,25484.0,20916.6,17740.8
2026-08-20,7.0,4151,協和キリン,4151.T,2625.0,98.5,41,D,監視候補,False,False,55.7,1.37,0.48,-0.08,0.5,1.26,-4.04,60.78,,,,,0,,32.0,-9.0,-0.20000000000000284,,SKIP,False,2546.0,2678.0,2415.0,3019.0,2533.8,2410.4
2026-08-20,7.0,7951,ヤマハ,7951.T,1295.5,98.3,42,D,監視候補,False,False,52.7,1.05,-5.92,5.97,-7.41,0.95,-7.86,37.43,,,,,0,,38.0,-4.0,0.7999999999999972,,SKIP,False,1257.0,1321.0,1192.0,1490.0,1239.4,1189.5
2026-08-20,7.0,1332,ニッスイ,1332.T,1302.0,98.1,43,D,監視候補,False,False,55.7,1.32,2.97,1.52,2.59,2.4,-2.87,32.56,,,,,0,,35.0,-8.0,0.09999999999999432,,SKIP,False,1263.0,1328.0,1198.0,1497.0,1253.2,1200.0
2026-08-20,7.0,7762,シチズン時計,7762.T,2567.0,97.9,44,D,監視候補,False,False,56.9,0.86,-3.89,13.79,-7.34,8.27,-8.35,125.51,,,,,0,,19.0,-25.0,-5.099999999999994,,SKIP,False,2490.0,2618.0,2362.0,2952.0,2378.7,1965.1
2026-08-20,7.0,8306,三菱UFJフィナンシャル・グループ,8306.T,3464.0,97.1,45,D,監視候補,False,False,44.4,-0.89,-6.61,-5.56,-5.22,-4.04,-8.82,100.71,8306_20260818_01,2026-08-18,3654.0,4.0,1,-5.199781061850029,10.0,-35.0,-10.100000000000009,MATURE,SKIP,False,3360.0,3533.0,3187.0,3984.0,3312.9,3397.9
2026-08-20,7.0,9201,日本航空,9201.T,2990.0,96.9,46,D,監視候補,False,False,52.2,0.22,-1.29,4.44,-2.4,0.66,-3.98,59.71,,,,,0,,40.0,-6.0,-0.09999999999999432,,SKIP,False,2900.0,3050.0,2751.0,3438.0,2900.4,2714.4
2026-08-20,7.0,4543,テルモ,4543.T,2576.5,96.8,47,D,監視候補,False,False,61.1,4.23,-1.68,17.17,-5.97,8.44,-3.59,92.84,,,,,0,,15.0,-32.0,-7.1000000000000085,,SKIP,False,2499.0,2628.0,2370.0,2963.0,2437.2,2122.3
2026-08-20,7.0,8253,クレディセゾン,8253.T,4658.0,96.8,48,D,監視候補,False,False,52.0,0.22,-3.84,-1.17,-3.55,0.2,-3.84,113.26,,,,,0,,33.0,-15.0,-1.9000000000000057,,SKIP,False,4518.0,4751.0,4285.0,5357.0,4488.1,4335.2
2026-08-20,7.0,7186,コンコルディア・フィナンシャルグループ,7186.T,1853.0,96.7,49,D,監視候補,False,False,48.4,0.0,-3.84,-2.42,-3.23,-1.59,-6.53,55.86,,,,,0,,46.0,-3.0,1.7999999999999972,,SKIP,False,1797.0,1890.0,1705.0,2131.0,1769.2,1741.2
2026-08-20,7.0,7752,リコー,7752.T,1599.5,96.1,50,D,監視候補,False,False,53.3,0.69,-3.12,3.09,-3.89,0.82,-4.68,43.2,,,,,0,,42.0,-8.0,-0.30000000000001137,,SKIP,False,1552.0,1631.0,1472.0,1839.0,1534.7,1496.0
2026-08-20,7.0,8015,豊田通商,8015.T,7195.0,100.9,27,C,監視候補,False,False,58.7,3.24,-0.04,11.48,-2.91,5.16,-3.55,248.79,,,,,0,,56.0,29.0,7.900000000000006,,SKIP,False,6979.0,7339.0,6619.0,8274.0,6821.8,6304.3
2026-08-20,7.0,7267,本田技研工業,7267.T,1741.5,96.0,51,D,監視候補,False,False,64.5,4.78,5.71,11.71,2.78,7.33,0.0,53.02,,,,,0,,55.0,4.0,2.799999999999997,,SKIP,False,1689.0,1776.0,1602.0,2003.0,1662.0,1523.3
2026-08-20,7.0,9009,京成電鉄,9009.T,1327.0,101.4,26,C,監視候補,False,False,68.3,1.84,4.2,6.5,2.58,3.82,-0.26,29.58,,,,,0,,27.0,1.0,0.9000000000000057,,SKIP,False,1287.0,1354.0,1221.0,1526.0,1282.6,1207.4
2026-08-20,7.0,6305,日立建機,6305.T,5636.0,101.6,24,C,監視候補,False,False,56.2,3.99,1.0,6.46,-0.61,3.41,-0.84,189.78,,,,,0,,29.0,5.0,2.299999999999997,,SKIP,False,5467.0,5749.0,5185.0,6481.0,5351.3,5183.0
2026-08-20,7.0,8309,三井住友トラストグループ,8309.T,1690.5,120.2,1,A,強気買い,True,True,53.4,0.12,-3.57,-1.2,-3.27,0.08,-3.57,40.69,8309_20260818_01,2026-08-18,1734.0,5.0,0,-2.5086505190311414,2.0,1.0,10.299999999999997,MATURE,SKIP,False,1640.0,1724.0,1555.0,1944.0,1629.5,1565.6
2026-08-20,7.0,7269,スズキ,7269.T,2087.0,115.3,2,B,買い候補,True,True,55.7,3.21,4.32,1.51,3.95,2.55,-3.09,68.19,7269_20260818_01,2026-08-18,2081.0,4.0,0,0.28832292167226825,31.0,29.0,16.5,ACCELERATION,ENTRY,True,2024.0,2129.0,1920.0,2400.0,1984.7,1797.0
2026-08-20,7.0,5101,横浜ゴム,5101.T,7562.0,115.2,3,B,買い候補,True,True,49.9,3.9,-0.84,-1.84,-0.38,-0.6,-4.51,331.67,5101_20260818_01,2026-08-18,7647.0,4.0,0,-1.1115470119000936,28.0,25.0,15.299999999999997,MATURE,SKIP,False,7335.0,7713.0,6957.0,8696.0,7064.5,7077.4
2026-08-20,7.0,8601,大和証券グループ本社,8601.T,1757.0,114.8,4,B,買い候補,True,True,46.6,1.27,-3.36,-5.16,-2.07,-3.23,-6.49,42.53,8601_20260818_01,2026-08-18,1771.0,4.0,0,-0.7905138339920903,23.0,19.0,12.899999999999991,MATURE,SKIP,False,1704.0,1792.0,1616.0,2021.0,1693.2,1710.4
2026-08-20,7.0,8604,野村ホールディングス,8604.T,1521.0,114.0,5,B,買い候補,True,True,47.3,0.76,-3.83,-5.12,-2.55,-2.59,-6.46,39.12,8604_20260818_01,2026-08-18,1554.0,5.0,0,-2.1235521235521193,1.0,-4.0,1.2999999999999972,MATURE,SKIP,False,1475.0,1551.0,1399.0,1749.0,1462.3,1448.2
2026-08-20,7.0,5108,ブリヂストン,5108.T,4089.0,110.5,6,B,買い候補,False,True,58.9,1.94,-0.97,8.49,-3.09,3.28,-5.35,104.67,5108_20260818_01,2026-08-18,4074.0,4.0,0,0.3681885125184081,9.0,3.0,3.200000000000003,MATURE,SKIP,False,3966.0,4171.0,3762.0,4702.0,3932.0,3656.6
2026-08-20,7.0,8331,千葉銀行,8331.T,2709.5,109.6,7,C,買い候補,False,True,50.8,-0.51,-4.66,0.06,-4.68,0.02,-4.71,80.32,8331_20260818_01,2026-08-18,2837.5,4.0,0,-4.511013215859028,4.0,-3.0,0.7999999999999972,MATURE,SKIP,False,2628.0,2764.0,2493.0,3116.0,2589.0,2491.5
2026-08-20,7.0,2503,キリンホールディングス,2503.T,3032.0,109.3,8,C,買い候補,False,True,56.2,1.12,-0.3,4.34,-1.38,2.19,-3.22,82.54,2503_20260818_01,2026-08-18,3000.0,5.0,0,1.0666666666666602,5.0,-3.0,0.7000000000000028,MATURE,SKIP,False,2941.0,3093.0,2789.0,3487.0,2908.2,2791.5
2026-08-20,7.0,4021,日産化学,4021.T,8162.0,109.1,9,C,買い候補,False,True,57.3,5.15,1.48,3.55,0.59,5.25,-5.61,264.85,4021_20260818_01,2026-08-18,8059.0,5.0,0,1.2780742027546754,13.0,4.0,3.299999999999997,ACCELERATION,ENTRY,True,7917.0,8325.0,7509.0,9386.0,7764.7,7173.9
2026-08-20,7.0,5019,出光興産,5019.T,1349.5,108.7,10,C,買い候補,False,True,58.8,0.93,5.18,2.55,4.55,3.76,-4.12,35.31,5019_20260818_01,2026-08-18,1370.5,5.0,0,-1.5322874863188618,7.0,-3.0,0.7000000000000028,ACCELERATION,ENTRY,True,1309.0,1376.0,1242.0,1552.0,1296.5,1221.9
2026-08-20,7.0,8725,MS&ADインシュアランスグループホールディングス,8725.T,4773.0,108.5,11,C,買い候補,False,True,49.1,-1.79,-1.49,-0.58,-1.34,-1.28,-5.49,120.95,8725_20260818_01,2026-08-18,4985.0,5.0,0,-4.252758274824475,3.0,-8.0,-0.5,MATURE,SKIP,False,4630.0,4868.0,4391.0,5489.0,4591.6,4678.5
2026-08-20,7.0,8411,みずほフィナンシャルグループ,8411.T,8085.0,108.3,12,C,買い候補,False,True,45.1,-0.28,-7.86,-5.21,-6.56,-3.39,-7.86,271.57,8411_20260818_01,2026-08-18,8531.0,5.0,0,-5.22799202907045,12.0,0.0,2.5,MATURE,SKIP,False,7842.0,8247.0,7438.0,9298.0,7677.6,7722.2
2026-08-20,7.0,4631,DIC,4631.T,5240.0,108.3,13,C,買い候補,False,True,58.3,0.42,-7.67,14.79,-11.36,8.92,-7.67,195.76,4631_20260818_01,2026-08-18,5495.0,5.0,0,-4.640582347588717,6.0,-7.0,0.0,MATURE,SKIP,False,5083.0,5345.0,4821.0,6026.0,4946.4,4244.7
2026-08-20,7.0,2871,ニチレイ,2871.T,2182.5,107.3,14,C,買い候補,False,True,52.2,1.42,1.07,2.95,0.33,0.66,-7.29,70.98,2871_20260818_01,2026-08-18,2141.5,5.0,0,1.9145458790567282,8.0,-6.0,-0.29999999999999716,RE-ENTRY,WATCH,False,2117.0,2226.0,2008.0,2510.0,2076.0,2039.8
2026-08-20,7.0,4578,大塚ホールディングス,4578.T,12600.0,106.8,15,C,買い候補,False,True,64.3,4.52,1.33,14.86,-2.39,7.91,-0.83,411.93,4578_20260818_01,2026-08-18,12040.0,4.0,0,4.651162790697683,20.0,5.0,3.799999999999997,HOLD,HOLD,False,12222.0,12852.0,11592.0,14490.0,11982.1,10746.0
2026-08-20,7.0,9503,関西電力,9503.T,2557.5,106.7,16,C,買い候補,False,True,68.8,8.37,6.58,8.76,4.39,6.96,0.0,63.98,9503_20260820_01,2026-08-20,2557.5,0.0,0,0.0,77.0,61.0,20.5,ACCELERATION,ENTRY,True,2481.0,2609.0,2353.0,2941.0,2461.5,2319.3
2026-08-20,7.0,4503,アステラス製薬,4503.T,2418.0,106.6,17,C,買い候補,False,True,65.9,3.47,3.89,11.15,1.1,7.49,0.0,63.69,4503_20260820_01,2026-08-20,2418.0,0.0,0,0.0,14.0,-3.0,2.299999999999997,ACCELERATION,ENTRY,True,2345.0,2466.0,2225.0,2781.0,2322.5,2114.4
2026-08-20,7.0,5714,DOWAホールディングス,5714.T,9789.0,104.5,18,C,監視候補,False,False,64.4,5.64,2.28,15.75,-1.66,12.15,-9.74,386.07,,,,,0,,36.0,18.0,6.900000000000006,,SKIP,False,9495.0,9985.0,9006.0,11257.0,9209.9,7646.6
2026-08-20,7.0,8354,ふくおかフィナンシャルグループ,8354.T,7507.0,104.4,19,C,監視候補,False,False,51.1,0.64,-2.56,-0.58,-2.41,-0.22,-3.79,223.88,,,,,0,,24.0,5.0,2.9000000000000057,,SKIP,False,7282.0,7657.0,6906.0,8633.0,7171.2,7057.5
2026-08-20,7.0,2914,日本たばこ産業（JT）,2914.T,6870.0,104.1,20,C,監視候補,False,False,55.4,-0.64,-2.8,6.38,-4.4,1.6,-3.71,158.46,,,,,0,,17.0,-3.0,1.0,,SKIP,False,6664.0,7007.0,6320.0,7900.0,6632.3,6330.2
2026-08-20,7.0,4208,UBE,4208.T,3532.0,103.4,21,C,監視候補,False,False,61.2,-0.2,-2.08,8.98,-4.32,5.29,-3.73,91.26,,,,,0,,22.0,1.0,1.4000000000000057,,SKIP,False,3426.0,3603.0,3249.0,4062.0,3395.1,3073.6
2026-08-20,7.0,6857,アドバンテスト,6857.T,35360.0,103.0,22,C,監視候補,False,False,58.3,0.97,-1.61,19.52,-6.49,11.33,-6.41,2272.99,,,,,0,,21.0,-1.0,0.20000000000000284,,SKIP,False,34299.0,36067.0,32531.0,40664.0,31950.5,24014.3
2026-08-20,7.0,8750,第一生命ホールディングス,8750.T,1767.5,102.7,23,C,監視候補,False,False,37.9,-0.48,-6.18,-6.83,-4.48,-5.95,-9.78,47.5,8750_20260818_01,2026-08-18,1841.5,3.0,2,-4.018463209340217,47.0,24.0,8.200000000000003,MATURE,SKIP,False,1714.0,1803.0,1626.0,2033.0,1696.2,1741.2
2026-08-20,7.0,6103,オークマ,6103.T,4980.0,101.5,25,C,監視候補,False,False,45.9,0.61,-8.12,1.84,-8.58,-2.51,-10.75,208.47,,,,,0,,60.0,35.0,10.200000000000003,,SKIP,False,4831.0,5080.0,4582.0,5727.0,4667.3,4621.8
2026-08-20,7.0,4452,花王,4452.T,3553.0,96.0,52,D,監視候補,False,False,59.3,2.01,-0.11,10.0,-2.61,4.61,-4.95,94.45,,,,,0,,53.0,1.0,2.200000000000003,,SKIP,False,3446.0,3624.0,3269.0,4086.0,3411.3,3124.3
2026-08-20,7.0,2502,アサヒグループホールディングス,2502.T,1671.5,95.9,53,D,監視候補,False,False,52.8,1.0,-0.71,2.58,-1.36,0.46,-5.91,44.33,,,,,0,,78.0,25.0,9.700000000000003,,SKIP,False,1621.0,1705.0,1538.0,1922.0,1605.0,1597.0
2026-08-20,7.0,8628,松井証券,8628.T,1090.0,95.8,54,D,監視候補,False,False,56.3,-0.64,-1.62,-1.71,-1.2,0.41,-2.94,23.27,,,,,0,,39.0,-15.0,-1.2000000000000028,,SKIP,False,1057.0,1112.0,1003.0,1254.0,1055.1,1017.9
2026-08-20,7.0,9104,商船三井,9104.T,6957.0,88.0,83,E,対象外,False,False,79.5,-0.13,10.8,20.3,5.72,14.38,-0.13,179.64,,,,,0,,72.0,-11.0,0.0,,SKIP,False,6748.0,7096.0,6400.0,8001.0,6687.5,5629.7
2026-08-20,7.0,4523,エーザイ,4523.T,4962.0,88.0,84,E,対象外,False,False,61.6,2.58,1.85,9.05,-0.42,5.07,-2.9,141.93,,,,,0,,82.0,-2.0,3.0,,SKIP,False,4813.0,5061.0,4565.0,5706.0,4749.1,4453.6
2026-08-20,7.0,5411,JFEホールディングス,5411.T,1847.5,87.5,85,E,対象外,False,False,60.3,2.95,2.78,7.76,0.84,3.11,-1.07,47.8,,,,,0,,127.0,42.0,17.299999999999997,,SKIP,False,1792.0,1884.0,1700.0,2125.0,1775.8,1690.5
2026-08-20,7.0,7912,大日本印刷,7912.T,3222.0,87.4,86,E,対象外,False,False,59.2,-0.65,-2.42,2.19,-2.97,3.06,-2.92,88.37,,,,,0,,79.0,-7.0,1.3000000000000114,,SKIP,False,3125.0,3286.0,2964.0,3705.0,3089.4,2819.3
2026-08-20,7.0,5401,日本製鉄,5401.T,663.0,87.0,87,E,対象外,False,False,56.0,-2.2,-2.17,10.68,-4.84,2.19,-4.95,17.52,,,,,0,,68.0,-19.0,-2.299999999999997,,SKIP,False,643.0,676.0,610.0,762.0,636.7,595.3
2026-08-20,7.0,8001,伊藤忠商事,8001.T,2004.0,86.4,88,E,対象外,False,False,51.7,1.37,-3.56,2.04,-4.07,0.14,-4.39,46.88,,,,,0,,80.0,-8.0,0.7000000000000028,,SKIP,False,1944.0,2044.0,1844.0,2305.0,1933.7,1930.3
2026-08-20,7.0,9502,中部電力,9502.T,2875.0,86.0,89,E,対象外,False,False,52.6,2.77,1.91,-3.1,2.69,1.3,-11.54,86.01,,,,,0,,118.0,29.0,12.799999999999997,,SKIP,False,2789.0,2932.0,2645.0,3306.0,2746.0,2550.2
2026-08-20,7.0,9008,京王電鉄,9008.T,773.4,85.5,90,E,対象外,False,False,51.5,1.1,1.71,-2.23,2.27,-1.01,-8.02,16.21,,,,,0,,129.0,39.0,16.5,,SKIP,False,750.0,789.0,712.0,889.0,749.1,738.4
2026-08-20,7.0,2802,味の素,2802.T,5349.0,85.5,91,E,対象外,False,False,50.0,1.31,-5.09,1.83,-5.55,2.19,-13.38,225.58,,,,,0,,75.0,-16.0,-1.0999999999999943,,SKIP,False,5189.0,5456.0,4921.0,6151.0,5010.6,4697.4
2026-08-20,7.0,5711,三菱マテリアル,5711.T,5345.0,85.2,92,E,対象外,False,False,66.2,5.84,0.66,27.14,-6.13,17.59,0.0,257.77,,,,,0,,89.0,-3.0,2.6000000000000085,,SKIP,False,5185.0,5452.0,4917.0,6147.0,4958.3,3805.9
2026-08-20,7.0,8058,三菱商事,8058.T,4696.0,85.0,93,E,対象外,False,False,47.9,1.03,-2.81,-3.93,-1.83,-1.23,-8.35,127.22,,,,,0,,108.0,15.0,10.0,,SKIP,False,4555.0,4790.0,4320.0,5400.0,4505.2,4558.1
2026-08-20,7.0,8233,高島屋,8233.T,2355.0,84.9,94,E,対象外,False,False,55.3,3.74,1.25,-1.98,1.74,1.5,-9.49,69.87,,,,,0,,84.0,-10.0,0.4000000000000057,,SKIP,False,2284.0,2402.0,2167.0,2708.0,2250.2,2181.0
2026-08-20,7.0,8591,オリックス,8591.T,6021.0,84.8,95,E,対象外,False,False,37.3,-0.05,-5.51,-8.52,-3.38,-5.91,-9.77,157.61,,,,,0,,86.0,-9.0,0.7999999999999972,,SKIP,False,5840.0,6141.0,5539.0,6924.0,5784.6,5926.2
2026-08-20,7.0,7261,マツダ,7261.T,1201.5,84.4,96,E,対象外,False,False,57.1,5.91,4.75,3.53,3.87,3.43,-1.56,37.75,,,,,0,,94.0,-2.0,3.9000000000000057,,SKIP,False,1165.0,1226.0,1105.0,1382.0,1144.9,1089.5
2026-08-20,7.0,6473,ジェイテクト,6473.T,2089.0,84.1,97,E,対象外,False,False,48.3,2.2,-1.72,1.28,-2.04,-0.91,-5.73,71.91,,,,,0,,169.0,72.0,30.099999999999994,,SKIP,False,2026.0,2131.0,1922.0,2402.0,1981.1,2000.0
2026-08-20,7.0,5233,太平洋セメント,5233.T,4135.0,84.0,98,E,対象外,False,False,49.7,1.85,-2.82,-1.62,-2.42,-0.03,-8.72,131.36,,,,,0,,115.0,17.0,10.0,,SKIP,False,4011.0,4218.0,3804.0,4755.0,3938.0,3895.4
2026-08-20,7.0,1808,長谷工コーポレーション,1808.T,2798.0,83.9,99,E,対象外,False,False,52.8,1.14,0.54,-0.48,0.66,0.61,-3.6,58.19,,,,,0,,88.0,-11.0,1.0,,SKIP,False,2714.0,2854.0,2574.0,3218.0,2710.7,2619.3
2026-08-20,7.0,6861,キーエンス,6861.T,80690.0,83.8,100,E,対象外,False,False,49.1,1.31,-6.86,11.9,-9.83,1.28,-7.95,2805.74,,,,,0,,83.0,-17.0,-0.9000000000000057,,SKIP,False,78269.0,82304.0,74235.0,92794.0,76481.4,69600.2
2026-08-20,7.0,1721,コムシスホールディングス,1721.T,5257.0,83.0,101,E,対象外,False,False,47.6,1.25,-0.92,0.54,-1.06,-0.17,-4.97,130.1,,,,,0,,120.0,19.0,10.0,,SKIP,False,5099.0,5362.0,4836.0,6046.0,5061.9,5075.5
2026-08-20,7.0,1925,大和ハウス工業,1925.T,4651.0,82.7,102,E,対象外,False,False,54.9,1.73,0.96,1.0,0.71,0.5,-5.26,81.8,,,,,0,,91.0,-11.0,1.4000000000000057,,SKIP,False,4511.0,4744.0,4279.0,5349.0,4528.3,4461.6
2026-08-20,7.0,3861,王子ホールディングス,3861.T,861.4,82.4,103,E,対象外,False,False,51.0,0.81,-1.14,0.41,-1.24,-0.67,-3.92,16.79,,,,,0,,93.0,-10.0,1.5,,SKIP,False,836.0,879.0,792.0,991.0,836.2,838.3
2026-08-20,7.0,4911,資生堂,4911.T,3668.0,82.4,104,E,対象外,False,False,66.0,4.71,4.03,20.66,-1.14,10.52,0.0,147.96,,,,,0,,81.0,-23.0,-3.0999999999999943,,SKIP,False,3558.0,3741.0,3375.0,4218.0,3446.1,2968.6
2026-08-20,7.0,9602,東宝,9602.T,1547.0,81.0,105,E,対象外,False,False,61.7,0.78,4.88,12.47,1.76,4.55,-3.22,48.86,,,,,0,,92.0,-13.0,0.0,,SKIP,False,1501.0,1578.0,1423.0,1779.0,1473.7,1326.8
2026-08-20,7.0,4188,三菱ケミカルグループ,4188.T,1144.0,88.3,82,E,対象外,False,False,45.1,1.06,-6.76,-4.31,-5.69,-3.5,-8.22,39.63,,,,,0,,99.0,17.0,9.700000000000003,,SKIP,False,1110.0,1167.0,1052.0,1316.0,1084.6,1095.0
2026-08-20,7.0,6178,日本郵政,6178.T,2314.0,88.6,81,E,対象外,False,False,44.7,0.3,-2.73,-5.69,-1.31,-3.44,-8.23,60.53,,,,,0,,74.0,-7.0,1.6999999999999886,,SKIP,False,2245.0,2360.0,2129.0,2661.0,2223.2,2256.2
2026-08-20,7.0,9434,ソフトバンク,9434.T,233.1,88.8,80,E,対象外,False,False,59.7,0.3,-0.13,5.28,-1.45,2.4,-1.19,4.84,,,,,0,,95.0,15.0,8.5,,SKIP,False,226.0,238.0,214.0,268.0,225.8,217.2
2026-08-20,7.0,7203,トヨタ自動車,7203.T,3066.0,89.3,79,E,対象外,False,False,58.0,4.25,2.71,4.32,1.63,2.76,-4.9,79.35,,,,,0,,71.0,-8.0,1.2999999999999972,,SKIP,False,2974.0,3127.0,2821.0,3526.0,2947.0,2855.2
2026-08-20,7.0,6506,安川電機,6506.T,5023.0,15.0,215,E,対象外,False,False,40.8,1.91,-8.34,-3.64,-7.43,-2.83,-34.38,285.87,,,,,0,,214.0,-1.0,0.0,,SKIP,False,4872.0,5123.0,4621.0,5776.0,4594.2,4442.7
2026-08-20,7.0,8053,住友商事,8053.T,1701.5,94.9,56,D,監視候補,False,False,52.3,1.4,-4.38,6.08,-5.9,1.85,-5.34,51.8,,,,,0,,51.0,-5.0,1.0,,SKIP,False,1650.0,1736.0,1565.0,1957.0,1623.8,1531.8
2026-08-20,7.0,9147,NIPPON EXPRESSホールディングス,9147.T,5441.0,94.1,57,D,監視候補,False,False,51.5,-1.36,-2.7,-1.45,-2.34,0.19,-4.28,160.91,,,,,0,,45.0,-12.0,-0.9000000000000057,,SKIP,False,5278.0,5550.0,5006.0,6257.0,5199.6,5011.8
2026-08-20,7.0,5020,ENEOSホールディングス,5020.T,1303.0,94.1,58,D,監視候補,False,False,52.4,2.04,1.6,-1.29,1.92,0.35,-3.45,36.81,,,,,0,,85.0,27.0,10.099999999999994,,SKIP,False,1264.0,1329.0,1199.0,1498.0,1247.8,1258.7
2026-08-20,7.0,6752,パナソニック ホールディングス,6752.T,4303.0,94.0,59,D,監視候補,False,False,49.5,-0.9,-8.04,5.08,-9.31,1.86,-10.13,223.93,,,,,0,,50.0,-9.0,0.0,,SKIP,False,4174.0,4389.0,3959.0,4948.0,3967.1,3347.2
2026-08-20,7.0,1605,INPEX,1605.T,3869.0,93.9,60,D,監視候補,False,False,65.1,0.23,4.57,7.03,2.81,6.76,-0.79,107.22,,,,,0,,52.0,-8.0,0.0,,SKIP,False,3753.0,3946.0,3559.0,4449.0,3708.2,3360.1
2026-08-20,7.0,7911,TOPPANホールディングス,7911.T,5112.0,93.9,61,D,監視候補,False,False,55.4,0.43,-6.17,6.63,-7.83,6.44,-6.17,230.44,,,,,0,,62.0,1.0,3.0,,SKIP,False,4959.0,5214.0,4703.0,5879.0,4766.3,4141.2
2026-08-20,7.0,9433,KDDI,9433.T,2861.0,93.4,62,D,監視候補,False,False,50.0,0.72,1.1,-0.5,1.22,-1.23,-7.95,73.17,,,,,0,,57.0,-5.0,0.8000000000000114,,SKIP,False,2775.0,2918.0,2632.0,3290.0,2751.2,2765.1
2026-08-20,7.0,6758,ソニーグループ,6758.T,3777.0,93.3,63,D,監視候補,False,False,57.8,2.39,2.08,9.67,-0.34,3.95,-3.45,120.18,,,,,0,,48.0,-15.0,-1.0,,SKIP,False,3664.0,3853.0,3475.0,4344.0,3596.7,3343.2
2026-08-20,7.0,5301,東海カーボン,5301.T,1709.0,93.1,64,D,監視候補,False,False,50.6,-1.5,-5.71,3.64,-6.62,2.18,-8.98,65.51,,,,,0,,54.0,-10.0,-0.6000000000000085,,SKIP,False,1658.0,1743.0,1572.0,1965.0,1610.7,1502.5
2026-08-20,7.0,8316,三井住友フィナンシャルグループ,8316.T,6546.0,93.0,65,D,監視候補,False,False,42.5,-0.33,-6.07,-7.44,-4.21,-4.54,-9.26,183.68,8316_20260818_01,2026-08-18,6900.0,3.0,2,-5.130434782608695,59.0,-6.0,1.2000000000000028,MATURE,SKIP,False,6350.0,6677.0,6022.0,7528.0,6270.5,6387.9
2026-08-20,7.0,8252,丸井グループ,8252.T,2978.0,80.7,107,E,対象外,False,False,54.4,1.02,0.03,0.66,-0.13,0.64,-3.78,57.16,,,,,0,,101.0,-6.0,2.299999999999997,,SKIP,False,2889.0,3038.0,2740.0,3425.0,2892.3,2821.3
2026-08-20,7.0,6301,小松製作所,6301.T,7049.0,92.5,66,D,監視候補,False,False,52.1,3.56,-4.25,9.34,-6.59,1.56,-5.33,232.44,,,,,0,,44.0,-22.0,-3.700000000000003,,SKIP,False,6838.0,7190.0,6485.0,8106.0,6700.3,6414.8
2026-08-20,7.0,6302,住友重機械工業,6302.T,5683.0,91.7,68,D,監視候補,False,False,52.7,4.33,-5.14,8.91,-7.37,2.72,-5.25,235.84,,,,,0,,67.0,-1.0,2.0,,SKIP,False,5513.0,5797.0,5228.0,6535.0,5329.2,4929.2
2026-08-20,7.0,7832,バンダイナムコホールディングス,7832.T,5554.0,91.0,69,D,監視候補,False,False,74.8,3.64,5.75,35.63,-3.16,17.02,0.0,197.53,,,,,0,,61.0,-8.0,0.0,,SKIP,False,5387.0,5665.0,5110.0,6387.0,5257.7,4018.8
2026-08-20,7.0,6098,リクルートホールディングス,6098.T,16145.0,91.0,70,D,監視候補,False,False,71.2,2.57,-3.84,31.21,-11.64,16.92,-3.84,615.9,,,,,0,,25.0,-45.0,-10.0,,SKIP,False,15661.0,16468.0,14853.0,18567.0,15221.1,11845.5
2026-08-20,7.0,6971,京セラ,6971.T,3567.0,90.5,71,D,監視候補,False,False,42.4,-2.03,-8.66,-5.63,-7.25,-4.12,-8.91,138.56,,,,,0,,26.0,-45.0,-10.5,,SKIP,False,3460.0,3638.0,3282.0,4102.0,3359.2,3480.5
2026-08-20,7.0,8804,東京建物,8804.T,3388.0,90.2,72,D,監視候補,False,False,51.7,2.29,0.41,-2.76,1.1,-0.35,-3.97,80.43,,,,,0,,102.0,30.0,12.200000000000003,,SKIP,False,3286.0,3456.0,3117.0,3896.0,3267.4,3228.8
2026-08-20,7.0,9101,日本郵船,9101.T,6795.0,90.0,73,D,監視候補,False,False,76.1,0.92,9.4,16.79,5.2,11.59,0.0,165.65,,,,,0,,65.0,-8.0,0.0,,SKIP,False,6591.0,6931.0,6251.0,7814.0,6546.5,5706.3
2026-08-20,7.0,6326,クボタ,6326.T,2649.0,90.0,74,D,監視候補,False,False,46.4,6.04,-3.67,-4.14,-2.64,-2.77,-9.81,98.88,,,,,0,,158.0,84.0,30.0,,SKIP,False,2570.0,2702.0,2437.0,3046.0,2500.7,2481.0
2026-08-20,7.0,4507,塩野義製薬,4507.T,2932.5,90.0,75,D,監視候補,False,False,57.6,2.57,4.03,1.96,3.54,2.3,-4.48,73.24,,,,,0,,96.0,21.0,10.0,,SKIP,False,2845.0,2991.0,2698.0,3372.0,2822.6,2718.3
2026-08-20,7.0,5232,住友大阪セメント,5232.T,5591.0,89.9,76,E,対象外,False,False,47.1,1.07,-2.07,-2.17,-1.52,-1.28,-12.26,259.97,,,,,0,,64.0,-12.0,-0.29999999999999716,,SKIP,False,5423.0,5703.0,5144.0,6430.0,5201.1,5127.2
2026-08-20,7.0,9001,東武鉄道,9001.T,2984.0,89.8,77,E,対象外,False,False,51.4,0.78,0.84,-1.97,1.34,-0.83,-6.69,60.49,,,,,0,,70.0,-7.0,1.3999999999999915,,SKIP,False,2894.0,3044.0,2745.0,3432.0,2893.3,2870.1
2026-08-20,7.0,8795,T&Dホールディングス,8795.T,4689.0,89.6,78,E,対象外,False,False,37.6,-1.03,-4.83,-7.48,-2.96,-5.65,-9.41,130.76,,,,,0,,66.0,-12.0,-0.30000000000001137,,SKIP,False,4548.0,4783.0,4314.0,5392.0,4492.9,4654.6
2026-08-20,7.0,3405,クラレ,3405.T,1831.5,92.2,67,D,監視候補,False,False,50.6,0.91,-2.37,1.5,-2.75,-0.76,-6.29,51.56,,,,,0,,63.0,-4.0,1.6000000000000085,,SKIP,False,1777.0,1868.0,1685.0,2106.0,1754.2,1748.2
2026-08-20,7.0,6526,ソシオネクスト,6526.T,1934.0,10.0,216,E,対象外,False,False,38.4,2.06,-2.89,-22.22,2.67,-9.99,-35.96,134.84,,,,,0,,216.0,0.0,0.0,,SKIP,False,1876.0,1973.0,1779.0,2224.0,1731.7,1807.9
