signal_date,code,ticker,signal_id,model_version,ver6_selected,ver7_entry,entry_price,return_5d,mfe_5d,mae_5d,efficiency_5d,exit_date_5d,return_10d,mfe_10d,mae_10d,efficiency_10d,exit_date_10d,return_20d,mfe_20d,mae_20d,efficiency_20d,exit_date_20d
2026-08-18 00:00:00,8309,8309.T,8309_20260818_01,7.0,True,True,1734.0,0.0,0.1441753171856907,-3.3737024221453304,0.0427350427350406,2026-08-25,4.354094579008083,5.103806228373697,-3.3737024221453304,1.5128205128205106,2026-09-01,2.768166089965396,5.103806228373697,-3.3737024221453304,1.5128205128205106,2026-09-15
2026-08-18 00:00:00,7269,7269.T,7269_20260818_01,7.0,True,True,2081.0,1.8260451705910616,2.90725612686209,-3.2916866890917773,0.8832116788321196,2026-08-25,8.361364728495913,9.947140797693413,-3.2916866890917773,3.0218978102189813,2026-09-01,-2.570879384911096,9.947140797693413,-6.246996636232582,1.5923076923076909,2026-09-15
2026-08-18 00:00:00,8604,8604.T,8604_20260818_01,7.0,True,False,1554.0,1.1261261261261255,1.4157014157014205,-3.667953667953672,0.3859649122807026,2026-08-25,5.566280566280568,6.3063063063063085,-3.667953667953672,1.719298245614034,2026-09-01,6.370656370656369,8.622908622908621,-3.667953667953672,2.350877192982453,2026-09-15
2026-08-18 00:00:00,8750,8750.T,8750_20260818_01,7.0,True,False,1841.5,,,,,,,,,,,,,,,
2026-08-18 00:00:00,8601,8601.T,8601_20260818_01,7.0,True,False,1771.0,,,,,,,,,,,,,,,
2026-08-18 00:00:00,5101,5101.T,5101_20260818_01,7.0,False,True,7647.0,-2.3538642604943094,1.47770367464366,-5.675428272525174,0.2603686635944716,2026-08-25,-2.7592519942461147,1.47770367464366,-5.675428272525174,0.2603686635944716,2026-09-01,-12.318556296586902,1.47770367464366,-14.240878775990584,0.1037649219467407,2026-09-15
2026-08-18 00:00:00,8411,8411.T,8411_20260818_01,7.0,False,True,8531.0,-3.786191536748329,-2.8484351189778434,-6.62290470050404,-0.4300884955752212,2026-08-25,1.9458445668737443,2.3678349548704736,-6.62290470050404,0.3575221238938057,2026-09-01,1.711405462431137,4.255069745633566,-6.62290470050404,0.6424778761061943,2026-09-15
2026-08-18 00:00:00,8306,8306.T,8306_20260818_01,7.0,False,True,3654.0,-3.4209085933223915,-1.3957307060755375,-6.540777230432404,-0.2133891213389127,2026-08-25,1.258894362342633,2.025177887246854,-6.540777230432404,0.3096234309623432,2026-09-01,0.8483853311439526,3.8587848932676527,-6.540777230432404,0.5899581589958159,2026-09-15
2026-08-18 00:00:00,8331,8331.T,8331_20260818_01,7.0,False,True,2837.5,,,,,,,,,,,,,,,
2026-08-18 00:00:00,8725,8725.T,8725_20260818_01,7.0,False,True,4985.0,1.745235707121373,1.745235707121373,-4.613841524573726,0.378260869565219,2026-08-25,4.052156469408219,4.794383149448356,-4.613841524573726,1.03913043478261,2026-09-01,3.0090270812437314,6.619859578736209,-4.613841524573726,1.4347826086956508,2026-09-15
2026-08-18 00:00:00,4021,4021.T,4021_20260818_01,7.0,False,True,8059.0,1.5634694130785445,2.3452041196178275,-3.710137734210195,0.6321070234113745,2026-08-25,3.3006576498324947,3.8590395830748303,-3.710137734210195,1.0401337792642174,2026-09-01,-2.556148405509373,3.8590395830748303,-4.405013028911775,0.8760563380281708,2026-09-15
2026-08-18 00:00:00,5019,5019.T,5019_20260818_01,7.0,False,True,1370.5,0.5837285662167124,1.9336008755928449,-3.429405326523172,0.5638297872340404,2026-08-25,8.17219992703393,8.17219992703393,-3.429405326523172,2.382978723404252,2026-09-01,18.31448376504925,24.66253192265597,-3.429405326523172,7.19148936170212,2026-09-15
2026-08-18 00:00:00,8316,8316.T,8316_20260818_01,7.0,False,True,6900.0,-3.869565217391302,-2.898550724637683,-6.275362318840583,-0.4618937644341802,2026-08-25,1.5797101449275264,2.07246376811594,-6.275362318840583,0.3302540415704382,2026-09-01,0.0144927536231964,4.0724637681159415,-6.275362318840583,0.6489607390300227,2026-09-15
,4631,4631.T,4631_20260818_01,7.0,True,False,5495.0,,,,,,,,,,,,,,,
,4631,4631.T,4631_20260818_01,7.0,True,False,5495.0,,,,,,,,,,,,,,,
,8604,8604.T,8604_20260818_01,7.0,True,False,1509.5,,,,,,,,,,,,,,,
,8309,8309.T,8309_20260818_01,7.0,True,False,1688.5,,,,,,,,,,,,,,,
,8725,8725.T,8725_20260818_01,7.0,True,False,4860.0,,,,,,,,,,,,,,,
,8331,8331.T,8331_20260818_01,7.0,True,False,2723.5,,,,,,,,,,,,,,,
,2503,2503.T,2503_20260818_01,7.0,True,False,2998.5,,,,,,,,,,,,,,,
,5019,5019.T,5019_20260818_01,7.0,False,True,1337.0,,,,,,,,,,,,,,,
,4631,4631.T,4631_20260818_01,7.0,True,False,5495.0,,,,,,,,,,,,,,,
,8331,8331.T,8331_20260818_01,7.0,True,False,2723.5,,,,,,,,,,,,,,,
,2503,2503.T,2503_20260818_01,7.0,True,False,2998.5,,,,,,,,,,,,,,,
,5019,5019.T,5019_20260818_01,7.0,False,True,1337.0,,,,,,,,,,,,,,,
,8725,8725.T,8725_20260818_01,7.0,True,False,4860.0,,,,,,,,,,,,,,,
,8309,8309.T,8309_20260818_01,7.0,True,False,1688.5,,,,,,,,,,,,,,,
,8604,8604.T,8604_20260818_01,7.0,True,False,1509.5,,,,,,,,,,,,,,,
,8309,8309.T,8309_20260818_01,7.0,True,False,1690.5,,,,,,,,,,,,,,,
,7269,7269.T,7269_20260818_01,7.0,True,True,2087.0,,,,,,,,,,,,,,,
,5101,5101.T,5101_20260818_01,7.0,True,False,7562.0,,,,,,,,,,,,,,,
,8601,8601.T,8601_20260818_01,7.0,True,False,1757.0,,,,,,,,,,,,,,,
,8604,8604.T,8604_20260818_01,7.0,True,False,1521.0,,,,,,,,,,,,,,,
,4021,4021.T,4021_20260818_01,7.0,False,True,8162.0,,,,,,,,,,,,,,,
,5019,5019.T,5019_20260818_01,7.0,False,True,1349.5,,,,,,,,,,,,,,,
,9503,9503.T,9503_20260820_01,7.0,False,True,2557.5,,,,,,,,,,,,,,,
,4503,4503.T,4503_20260820_01,7.0,False,True,2418.0,,,,,,,,,,,,,,,
,4631,4631.T,4631_20260818_01,7.0,True,False,5495.0,,,,,,,,,,,,,,,
,8604,8604.T,8604_20260818_01,7.0,True,False,1509.5,,,,,,,,,,,,,,,
,8331,8331.T,8331_20260818_01,7.0,True,False,2723.5,,,,,,,,,,,,,,,
,2503,2503.T,2503_20260818_01,7.0,True,False,2998.5,,,,,,,,,,,,,,,
,5019,5019.T,5019_20260818_01,7.0,False,True,1337.0,,,,,,,,,,,,,,,
,8725,8725.T,8725_20260818_01,7.0,True,False,4860.0,,,,,,,,,,,,,,,
,8309,8309.T,8309_20260818_01,7.0,True,False,1688.5,,,,,,,,,,,,,,,
,8601,8601.T,8601_20260818_01,7.0,True,False,1757.0,,,,,,,,,,,,,,,
,8604,8604.T,8604_20260818_01,7.0,True,False,1521.0,,,,,,,,,,,,,,,
,4021,4021.T,4021_20260818_01,7.0,False,True,8162.0,,,,,,,,,,,,,,,
,5101,5101.T,5101_20260818_01,7.0,True,False,7562.0,,,,,,,,,,,,,,,
,5019,5019.T,5019_20260818_01,7.0,False,True,1349.5,,,,,,,,,,,,,,,
,9503,9503.T,9503_20260820_01,7.0,False,True,2557.5,,,,,,,,,,,,,,,
,4503,4503.T,4503_20260820_01,7.0,False,True,2418.0,,,,,,,,,,,,,,,
,7269,7269.T,7269_20260818_01,7.0,True,True,2087.0,,,,,,,,,,,,,,,
,8309,8309.T,8309_20260818_01,7.0,True,False,1690.5,,,,,,,,,,,,,,,
,8309,8309.T,8309_20260818_01,7.0,True,False,1715.5,,,,,,,,,,,,,,,
,8601,8601.T,8601_20260818_01,7.0,True,False,1779.0,,,,,,,,,,,,,,,
,8604,8604.T,8604_20260818_01,7.0,True,False,1535.0,,,,,,,,,,,,,,,
,8725,8725.T,8725_20260818_01,7.0,True,True,4945.0,,,,,,,,,,,,,,,
,8331,8331.T,8331_20260818_01,7.0,True,False,2753.5,,,,,,,,,,,,,,,
,7269,7269.T,7269_20260818_01,7.0,False,True,2103.5,,,,,,,,,,,,,,,
,4631,4631.T,4631_20260818_01,7.0,True,False,5495.0,,,,,,,,,,,,,,,
,5019,5019.T,5019_20260818_01,7.0,False,True,1337.0,,,,,,,,,,,,,,,
,8725,8725.T,8725_20260818_01,7.0,True,False,4860.0,,,,,,,,,,,,,,,
,2503,2503.T,2503_20260818_01,7.0,True,False,2998.5,,,,,,,,,,,,,,,
,8309,8309.T,8309_20260818_01,7.0,True,False,1688.5,,,,,,,,,,,,,,,
,8331,8331.T,8331_20260818_01,7.0,True,False,2723.5,,,,,,,,,,,,,,,
,8604,8604.T,8604_20260818_01,7.0,True,False,1509.5,,,,,,,,,,,,,,,
,8309,8309.T,8309_20260818_01,7.0,True,False,1690.5,,,,,,,,,,,,,,,
,8601,8601.T,8601_20260818_01,7.0,True,False,1757.0,,,,,,,,,,,,,,,
,8604,8604.T,8604_20260818_01,7.0,True,False,1521.0,,,,,,,,,,,,,,,
,4021,4021.T,4021_20260818_01,7.0,False,True,8162.0,,,,,,,,,,,,,,,
,5101,5101.T,5101_20260818_01,7.0,True,False,7562.0,,,,,,,,,,,,,,,
,5019,5019.T,5019_20260818_01,7.0,False,True,1349.5,,,,,,,,,,,,,,,
,9503,9503.T,9503_20260820_01,7.0,False,True,2557.5,,,,,,,,,,,,,,,
,4503,4503.T,4503_20260820_01,7.0,False,True,2418.0,,,,,,,,,,,,,,,
,7269,7269.T,7269_20260818_01,7.0,True,True,2087.0,,,,,,,,,,,,,,,
,7269,7269.T,7269_20260818_01,7.0,False,True,2103.5,,,,,,,,,,,,,,,
,8309,8309.T,8309_20260818_01,7.0,True,False,1715.5,,,,,,,,,,,,,,,
,8725,8725.T,8725_20260818_01,7.0,True,True,4945.0,,,,,,,,,,,,,,,
,8604,8604.T,8604_20260818_01,7.0,True,False,1535.0,,,,,,,,,,,,,,,
,8601,8601.T,8601_20260818_01,7.0,True,False,1779.0,,,,,,,,,,,,,,,
,8331,8331.T,8331_20260818_01,7.0,True,False,2753.5,,,,,,,,,,,,,,,
,8309,8309.T,8309_20260818_01,7.0,True,False,1702.0,,,,,,,,,,,,,,,
,8601,8601.T,8601_20260818_01,7.0,True,False,1786.5,,,,,,,,,,,,,,,
,8604,8604.T,8604_20260818_01,7.0,True,False,1539.0,,,,,,,,,,,,,,,
,8725,8725.T,8725_20260818_01,7.0,True,False,4927.0,,,,,,,,,,,,,,,
,7269,7269.T,7269_20260818_01,7.0,True,False,2126.5,,,,,,,,,,,,,,,
,4503,4503.T,4503_20260820_01,7.0,False,True,2406.5,,,,,,,,,,,,,,,
,9503,9503.T,9503_20260820_01,7.0,False,True,2582.0,,,,,,,,,,,,,,,
,4631,4631.T,4631_20260818_01,7.0,True,False,5495.0,-7.279344858962689,-1.273885350318471,-8.043676069153772,-0.1583710407239819,2026-08-25,,,,,,,,,,
,8604,8604.T,8604_20260818_01,7.0,True,False,1509.5,,,,,,,,,,,,,,,
,5019,5019.T,5019_20260818_01,7.0,False,True,1337.0,,,,,,,,,,,,,,,
,8725,8725.T,8725_20260818_01,7.0,True,False,4860.0,,,,,,,,,,,,,,,
,2503,2503.T,2503_20260818_01,7.0,True,False,2998.5,,,,,,,,,,,,,,,
,8309,8309.T,8309_20260818_01,7.0,True,False,1688.5,,,,,,,,,,,,,,,
,8331,8331.T,8331_20260818_01,7.0,True,False,2723.5,,,,,,,,,,,,,,,
,5019,5019.T,5019_20260818_01,7.0,False,True,1349.5,,,,,,,,,,,,,,,
,5101,5101.T,5101_20260818_01,7.0,True,False,7562.0,,,,,,,,,,,,,,,
,4021,4021.T,4021_20260818_01,7.0,False,True,8162.0,,,,,,,,,,,,,,,
,8601,8601.T,8601_20260818_01,7.0,True,False,1757.0,,,,,,,,,,,,,,,
,8604,8604.T,8604_20260818_01,7.0,True,False,1521.0,,,,,,,,,,,,,,,
,9503,9503.T,9503_20260820_01,7.0,False,True,2557.5,,,,,,,,,,,,,,,
,4503,4503.T,4503_20260820_01,7.0,False,True,2418.0,,,,,,,,,,,,,,,
,7269,7269.T,7269_20260818_01,7.0,True,True,2087.0,,,,,,,,,,,,,,,
,8309,8309.T,8309_20260818_01,7.0,True,False,1690.5,,,,,,,,,,,,,,,
,7269,7269.T,7269_20260818_01,7.0,False,True,2103.5,,,,,,,,,,,,,,,
,8309,8309.T,8309_20260818_01,7.0,True,False,1715.5,,,,,,,,,,,,,,,
,8725,8725.T,8725_20260818_01,7.0,True,True,4945.0,,,,,,,,,,,,,,,
,8604,8604.T,8604_20260818_01,7.0,True,False,1535.0,,,,,,,,,,,,,,,
,8601,8601.T,8601_20260818_01,7.0,True,False,1779.0,,,,,,,,,,,,,,,
,8331,8331.T,8331_20260818_01,7.0,True,False,2753.5,,,,,,,,,,,,,,,
,7269,7269.T,7269_20260818_01,7.0,True,False,2126.5,,,,,,,,,,,,,,,
,8725,8725.T,8725_20260818_01,7.0,True,False,4927.0,,,,,,,,,,,,,,,
,8604,8604.T,8604_20260818_01,7.0,True,False,1539.0,,,,,,,,,,,,,,,
,8601,8601.T,8601_20260818_01,7.0,True,False,1786.5,,,,,,,,,,,,,,,
,4503,4503.T,4503_20260820_01,7.0,False,True,2406.5,,,,,,,,,,,,,,,
,9503,9503.T,9503_20260820_01,7.0,False,True,2582.0,,,,,,,,,,,,,,,
,8309,8309.T,8309_20260818_01,7.0,True,False,1702.0,,,,,,,,,,,,,,,
,8309,8309.T,8309_20260818_01,7.0,True,False,1734.0,,,,,,,,,,,,,,,
,8601,8601.T,8601_20260818_01,7.0,True,False,1813.5,,,,,,,,,,,,,,,
,8604,8604.T,8604_20260818_01,7.0,True,False,1571.5,,,,,,,,,,,,,,,
,8725,8725.T,8725_20260818_01,7.0,True,False,5072.0,,,,,,,,,,,,,,,
,7269,7269.T,7269_20260818_01,7.0,True,False,2119.0,,,,,,,,,,,,,,,
,2503,2503.T,2503_20260818_01,7.0,False,True,3084.0,,,,,,,,,,,,,,,
,4503,4503.T,4503_20260820_01,7.0,False,True,2415.0,,,,,,,,,,,,,,,
,9503,9503.T,9503_20260820_01,7.0,False,True,2591.5,,,,,,,,,,,,,,,
,4631,4631.T,4631_20260818_01,7.0,True,False,5495.0,-7.279344858962689,-1.273885350318471,-8.043676069153772,-0.1583710407239819,2026-08-25,,,,,,,,,,
,5019,5019.T,5019_20260818_01,7.0,False,True,1337.0,1.533283470456248,4.487658937920713,-0.4487658937920691,10.00000000000005,2026-08-26,,,,,,,,,,
,8725,8725.T,8725_20260818_01,7.0,True,False,4860.0,4.609053497942384,4.97942386831276,-2.1604938271604923,2.304761904761908,2026-08-26,,,,,,,,,,
,2503,2503.T,2503_20260818_01,7.0,True,False,2998.5,2.6846756711689235,4.018676004669008,0.1834250458562669,21.90909090909029,2026-08-26,,,,,,,,,,
,8309,8309.T,8309_20260818_01,7.0,True,False,1688.5,3.6718981344388446,4.441812259401834,-0.7699141249629893,5.769230769230734,2026-08-26,,,,,,,,,,
,8331,8331.T,8331_20260818_01,7.0,True,False,2723.5,3.6166697264549352,4.681476041857913,-1.230034881586195,3.805970149253736,2026-08-26,,,,,,,,,,
,8604,8604.T,8604_20260818_01,7.0,True,False,1509.5,6.227227558794302,6.989069228221267,-0.8280887711162643,8.439999999999996,2026-08-26,,,,,,,,,,
,8309,8309.T,8309_20260818_01,7.0,True,False,1690.5,3.904170363797688,4.939367051168286,-0.3549245785270605,13.916666666666744,2026-08-27,,,,,,,,,,
,5019,5019.T,5019_20260818_01,7.0,False,True,1349.5,1.519081141163392,3.519822156354202,-0.7039644312708426,4.999999999999984,2026-08-27,,,,,,,,,,
,5101,5101.T,5101_20260818_01,7.0,True,False,7562.0,-0.8066649034646933,2.618354932557532,-2.36709865115049,1.1061452513966508,2026-08-27,,,,,,,,,,
,4021,4021.T,4021_20260818_01,7.0,False,True,8162.0,-1.3354569958343498,1.1761823082577785,-4.165645675079633,0.2823529411764705,2026-08-27,,,,,,,,,,
,8601,8601.T,8601_20260818_01,7.0,True,False,1757.0,4.012521343198627,4.524758110415483,-0.8252703471826939,5.482758620689684,2026-08-27,,,,,,,,,,
,8604,8604.T,8604_20260818_01,7.0,True,False,1521.0,6.5088757396449815,6.804733727810652,-1.4792899408283988,4.600000000000012,2026-08-27,,,,,,,,,,
,9503,9503.T,9503_20260820_01,7.0,False,True,2557.5,1.2903225806451646,3.186705767350939,-1.2903225806451646,2.4696969696969715,2026-08-27,,,,,,,,,,
,4503,4503.T,4503_20260820_01,7.0,False,True,2418.0,-1.1579818031430933,1.530190239867668,-1.8610421836228297,0.8222222222222266,2026-08-27,,,,,,,,,,
,7269,7269.T,7269_20260818_01,7.0,True,True,2087.0,2.779108768567329,4.120747484427412,-0.7906085289889786,5.212121212121223,2026-08-27,,,,,,,,,,
,7269,7269.T,7269_20260818_01,7.0,False,True,2103.5,,,,,,,,,,,,,,,
,8309,8309.T,8309_20260818_01,7.0,True,False,1715.5,,,,,,,,,,,,,,,
,8725,8725.T,8725_20260818_01,7.0,True,True,4945.0,,,,,,,,,,,,,,,
,8604,8604.T,8604_20260818_01,7.0,True,False,1535.0,,,,,,,,,,,,,,,
,8601,8601.T,8601_20260818_01,7.0,True,False,1779.0,,,,,,,,,,,,,,,
,8331,8331.T,8331_20260818_01,7.0,True,False,2753.5,,,,,,,,,,,,,,,
,7269,7269.T,7269_20260818_01,7.0,True,False,2126.5,,,,,,,,,,,,,,,
,8725,8725.T,8725_20260818_01,7.0,True,False,4927.0,,,,,,,,,,,,,,,
,8604,8604.T,8604_20260818_01,7.0,True,False,1539.0,,,,,,,,,,,,,,,
,8601,8601.T,8601_20260818_01,7.0,True,False,1786.5,,,,,,,,,,,,,,,
,4503,4503.T,4503_20260820_01,7.0,False,True,2406.5,,,,,,,,,,,,,,,
,9503,9503.T,9503_20260820_01,7.0,False,True,2582.0,,,,,,,,,,,,,,,
,8309,8309.T,8309_20260818_01,7.0,True,False,1702.0,,,,,,,,,,,,,,,
,4503,4503.T,4503_20260820_01,7.0,False,True,2415.0,,,,,,,,,,,,,,,
,7269,7269.T,7269_20260818_01,7.0,True,False,2119.0,,,,,,,,,,,,,,,
,8725,8725.T,8725_20260818_01,7.0,True,False,5072.0,,,,,,,,,,,,,,,
,8604,8604.T,8604_20260818_01,7.0,True,False,1571.5,,,,,,,,,,,,,,,
,8601,8601.T,8601_20260818_01,7.0,True,False,1813.5,,,,,,,,,,,,,,,
,2503,2503.T,2503_20260818_01,7.0,False,True,3084.0,,,,,,,,,,,,,,,
,9503,9503.T,9503_20260820_01,7.0,False,True,2591.5,,,,,,,,,,,,,,,
,8309,8309.T,8309_20260818_01,7.0,True,False,1734.0,,,,,,,,,,,,,,,
,9432,9432.T,9432_20260827_01,7.0,False,True,167.6,,,,,,,,,,,,,,,
,9503,9503.T,9503_20260820_01,7.0,False,True,2590.5,,,,,,,,,,,,,,,
,8308,8308.T,8308_20260827_01,7.0,False,True,2430.0,,,,,,,,,,,,,,,
,8309,8309.T,8309_20260818_01,7.0,True,False,1756.5,,,,,,,,,,,,,,,
,8604,8604.T,8604_20260818_01,7.0,True,True,1620.0,,,,,,,,,,,,,,,
,8601,8601.T,8601_20260818_01,7.0,True,False,1827.5,,,,,,,,,,,,,,,
,8750,8750.T,8750_20260827_02,7.0,True,False,1817.0,,,,,,,,,,,,,,,
,8725,8725.T,8725_20260818_01,7.0,True,False,5042.0,,,,,,,,,,,,,,,
,8411,8411.T,8411_20260818_01,7.0,False,True,8326.0,,,,,,,,,,,,,,,
,8354,8354.T,8354_20260821_01,7.0,False,True,7733.0,,,,,,,,,,,,,,,
,2914,2914.T,2914_20260821_01,7.0,False,True,7014.0,,,,,,,,,,,,,,,
,4631,4631.T,4631_20260818_01,7.0,True,False,5495.0,-7.279344858962689,-1.273885350318471,-8.043676069153772,-0.1583710407239819,2026-08-25,,,,,,,,,,
,8604,8604.T,8604_20260818_01,7.0,True,False,1509.5,6.227227558794302,6.989069228221267,-0.8280887711162643,8.439999999999996,2026-08-26,,,,,,,,,,
,5019,5019.T,5019_20260818_01,7.0,False,True,1337.0,1.533283470456248,4.487658937920713,-0.4487658937920691,10.00000000000005,2026-08-26,,,,,,,,,,
,8725,8725.T,8725_20260818_01,7.0,True,False,4860.0,4.609053497942384,4.97942386831276,-2.1604938271604923,2.304761904761908,2026-08-26,,,,,,,,,,
,2503,2503.T,2503_20260818_01,7.0,True,False,2998.5,2.6846756711689235,4.018676004669008,0.1834250458562669,21.90909090909029,2026-08-26,,,,,,,,,,
,8309,8309.T,8309_20260818_01,7.0,True,False,1688.5,3.6718981344388446,4.441812259401834,-0.7699141249629893,5.769230769230734,2026-08-26,,,,,,,,,,
,8331,8331.T,8331_20260818_01,7.0,True,False,2723.5,3.6166697264549352,4.681476041857913,-1.230034881586195,3.805970149253736,2026-08-26,,,,,,,,,,
,8604,8604.T,8604_20260818_01,7.0,True,False,1521.0,5.950032873109801,6.804733727810652,-1.4792899408283988,4.600000000000012,2026-08-27,,,,,,,,,,
,4021,4021.T,4021_20260818_01,7.0,False,True,8162.0,-1.3354569958343498,1.1761823082577785,-4.165645675079633,0.2823529411764705,2026-08-27,,,,,,,,,,
,5101,5101.T,5101_20260818_01,7.0,True,False,7562.0,-1.5075376884422065,2.618354932557532,-2.36709865115049,1.1061452513966508,2026-08-27,,,,,,,,,,
,5019,5019.T,5019_20260818_01,7.0,False,True,1349.5,1.519081141163392,3.519822156354202,-0.7039644312708426,4.999999999999984,2026-08-27,,,,,,,,,,
,8601,8601.T,8601_20260818_01,7.0,True,False,1757.0,3.7564029595902095,4.524758110415483,-0.8252703471826939,5.482758620689684,2026-08-27,,,,,,,,,,
,7269,7269.T,7269_20260818_01,7.0,True,True,2087.0,2.2520364159080097,4.120747484427412,-0.7906085289889786,5.212121212121223,2026-08-27,,,,,,,,,,
,9503,9503.T,9503_20260820_01,7.0,False,True,2557.5,1.8572825024437911,3.186705767350939,-1.2903225806451646,2.4696969696969715,2026-08-27,,,,,,,,,,
,4503,4503.T,4503_20260820_01,7.0,False,True,2418.0,-1.1166253101737025,1.530190239867668,-1.8610421836228297,0.8222222222222266,2026-08-27,,,,,,,,,,
,8309,8309.T,8309_20260818_01,7.0,True,False,1690.5,4.170363797693,4.939367051168286,-0.3549245785270605,13.916666666666744,2026-08-27,,,,,,,,,,
,7269,7269.T,7269_20260818_01,7.0,False,True,2103.5,3.042548134062284,3.304017114333257,-1.02210601378655,3.232558139534875,2026-08-28,,,,,,,,,,
,8309,8309.T,8309_20260818_01,7.0,True,False,1715.5,4.167881084232006,4.809093558729227,-1.0492567764500138,4.58333333333333,2026-08-28,,,,,,,,,,
,8725,8725.T,8725_20260818_01,7.0,True,True,4945.0,3.4175935288169867,3.842264914054594,-1.7391304347826098,2.20930232558139,2026-08-28,,,,,,,,,,
,8604,8604.T,8604_20260818_01,7.0,True,False,1535.0,7.003257328990231,7.622149837133539,-1.140065146579805,6.685714285714274,2026-08-28,,,,,,,,,,
,8601,8601.T,8601_20260818_01,7.0,True,False,1779.0,5.059021922428331,5.340078695896566,-0.6464305789769531,8.260869565217387,2026-08-28,,,,,,,,,,
,8331,8331.T,8331_20260818_01,7.0,True,False,2753.5,2.4332667514072925,3.5409478845106257,-1.2529507899037615,2.826086956521735,2026-08-28,,,,,,,,,,
,7269,7269.T,7269_20260818_01,7.0,True,False,2126.5,,,,,,,,,,,,,,,
,8725,8725.T,8725_20260818_01,7.0,True,False,4927.0,,,,,,,,,,,,,,,
,8604,8604.T,8604_20260818_01,7.0,True,False,1539.0,,,,,,,,,,,,,,,
,8601,8601.T,8601_20260818_01,7.0,True,False,1786.5,,,,,,,,,,,,,,,
,4503,4503.T,4503_20260820_01,7.0,False,True,2406.5,,,,,,,,,,,,,,,
,9503,9503.T,9503_20260820_01,7.0,False,True,2582.0,,,,,,,,,,,,,,,
,8309,8309.T,8309_20260818_01,7.0,True,False,1702.0,,,,,,,,,,,,,,,
,4503,4503.T,4503_20260820_01,7.0,False,True,2415.0,,,,,,,,,,,,,,,
,7269,7269.T,7269_20260818_01,7.0,True,False,2119.0,,,,,,,,,,,,,,,
,8725,8725.T,8725_20260818_01,7.0,True,False,5072.0,,,,,,,,,,,,,,,
,8604,8604.T,8604_20260818_01,7.0,True,False,1571.5,,,,,,,,,,,,,,,
,8601,8601.T,8601_20260818_01,7.0,True,False,1813.5,,,,,,,,,,,,,,,
,2503,2503.T,2503_20260818_01,7.0,False,True,3084.0,,,,,,,,,,,,,,,
,9503,9503.T,9503_20260820_01,7.0,False,True,2591.5,,,,,,,,,,,,,,,
,8309,8309.T,8309_20260818_01,7.0,True,False,1734.0,,,,,,,,,,,,,,,
,8601,8601.T,8601_20260818_01,7.0,True,False,1827.5,,,,,,,,,,,,,,,
,8750,8750.T,8750_20260827_02,7.0,True,False,1817.0,,,,,,,,,,,,,,,
,8725,8725.T,8725_20260818_01,7.0,True,False,5042.0,,,,,,,,,,,,,,,
,8411,8411.T,8411_20260818_01,7.0,False,True,8326.0,,,,,,,,,,,,,,,
,8604,8604.T,8604_20260818_01,7.0,True,True,1620.0,,,,,,,,,,,,,,,
,8354,8354.T,8354_20260821_01,7.0,False,True,7733.0,,,,,,,,,,,,,,,
,2914,2914.T,2914_20260821_01,7.0,False,True,7014.0,,,,,,,,,,,,,,,
,8309,8309.T,8309_20260818_01,7.0,True,False,1756.5,,,,,,,,,,,,,,,
,8308,8308.T,8308_20260827_01,7.0,False,True,2430.0,,,,,,,,,,,,,,,
,9503,9503.T,9503_20260820_01,7.0,False,True,2590.5,,,,,,,,,,,,,,,
,9432,9432.T,9432_20260827_01,7.0,False,True,167.6,,,,,,,,,,,,,,,
,6178,6178.T,6178_20260828_01,7.0,False,True,2425.5,,,,,,,,,,,,,,,
,8015,8015.T,8015_20260828_01,7.0,False,True,7583.0,,,,,,,,,,,,,,,
,8309,8309.T,8309_20260818_01,7.0,True,False,1787.0,,,,,,,,,,,,,,,
,8604,8604.T,8604_20260818_01,7.0,True,False,1642.5,,,,,,,,,,,,,,,
,8601,8601.T,8601_20260818_01,7.0,True,False,1869.5,,,,,,,,,,,,,,,
,8411,8411.T,8411_20260818_01,7.0,True,True,8449.0,,,,,,,,,,,,,,,
,8725,8725.T,8725_20260818_01,7.0,True,False,5115.0,,,,,,,,,,,,,,,
,8331,8331.T,8331_20260818_01,7.0,False,True,2822.0,,,,,,,,,,,,,,,
,8354,8354.T,8354_20260821_01,7.0,False,True,7861.0,,,,,,,,,,,,,,,
,8316,8316.T,8316_20260827_02,7.0,False,True,6881.0,,,,,,,,,,,,,,,
,9766,9766.T,9766_20260824_01,7.0,False,True,22185.0,,,,,,,,,,,,,,,
,8308,8308.T,8308_20260827_01,7.0,False,True,2520.0,,,,,,,,,,,,,,,
,4631,4631.T,4631_20260818_01,7.0,True,False,5495.0,-7.279344858962689,-1.273885350318471,-8.043676069153772,-0.1583710407239819,2026-08-25,,,,,,,,,,
,8725,8725.T,8725_20260818_01,7.0,True,False,4860.0,4.609053497942384,4.97942386831276,-2.1604938271604923,2.304761904761908,2026-08-26,,,,,,,,,,
,2503,2503.T,2503_20260818_01,7.0,True,False,2998.5,2.6846756711689235,4.018676004669008,0.1834250458562669,21.90909090909029,2026-08-26,,,,,,,,,,
,5019,5019.T,5019_20260818_01,7.0,False,True,1337.0,1.533283470456248,4.487658937920713,-0.4487658937920691,10.00000000000005,2026-08-26,,,,,,,,,,
,8309,8309.T,8309_20260818_01,7.0,True,False,1688.5,3.6718981344388446,4.441812259401834,-0.7699141249629893,5.769230769230734,2026-08-26,,,,,,,,,,
,8331,8331.T,8331_20260818_01,7.0,True,False,2723.5,3.6166697264549352,4.681476041857913,-1.230034881586195,3.805970149253736,2026-08-26,,,,,,,,,,
,8604,8604.T,8604_20260818_01,7.0,True,False,1509.5,6.227227558794302,6.989069228221267,-0.8280887711162643,8.439999999999996,2026-08-26,,,,,,,,,,
,8604,8604.T,8604_20260818_01,7.0,True,False,1521.0,5.950032873109801,6.804733727810652,-1.4792899408283988,4.600000000000012,2026-08-27,,,,,,,,,,
,4021,4021.T,4021_20260818_01,7.0,False,True,8162.0,-1.3354569958343498,1.1761823082577785,-4.165645675079633,0.2823529411764705,2026-08-27,,,,,,,,,,
,5101,5101.T,5101_20260818_01,7.0,True,False,7562.0,-1.5075376884422065,2.618354932557532,-2.36709865115049,1.1061452513966508,2026-08-27,,,,,,,,,,
,5019,5019.T,5019_20260818_01,7.0,False,True,1349.5,1.519081141163392,3.519822156354202,-0.7039644312708426,4.999999999999984,2026-08-27,,,,,,,,,,
,8601,8601.T,8601_20260818_01,7.0,True,False,1757.0,3.7564029595902095,4.524758110415483,-0.8252703471826939,5.482758620689684,2026-08-27,,,,,,,,,,
,7269,7269.T,7269_20260818_01,7.0,True,True,2087.0,2.2520364159080097,4.120747484427412,-0.7906085289889786,5.212121212121223,2026-08-27,,,,,,,,,,
,9503,9503.T,9503_20260820_01,7.0,False,True,2557.5,1.8572825024437911,3.186705767350939,-1.2903225806451646,2.4696969696969715,2026-08-27,,,,,,,,,,
,4503,4503.T,4503_20260820_01,7.0,False,True,2418.0,-1.1166253101737025,1.530190239867668,-1.8610421836228297,0.8222222222222266,2026-08-27,,,,,,,,,,
,8309,8309.T,8309_20260818_01,7.0,True,False,1690.5,4.170363797693,4.939367051168286,-0.3549245785270605,13.916666666666744,2026-08-27,,,,,,,,,,
,8331,8331.T,8331_20260818_01,7.0,True,False,2753.5,2.215362266206644,3.5409478845106257,-1.2529507899037615,2.826086956521735,2026-08-28,,,,,,,,,,
,7269,7269.T,7269_20260818_01,7.0,False,True,2103.5,3.161397670549082,3.304017114333257,-1.02210601378655,3.232558139534875,2026-08-28,,,,,,,,,,
,8604,8604.T,8604_20260818_01,7.0,True,False,1535.0,6.970684039087938,7.622149837133539,-1.140065146579805,6.685714285714274,2026-08-28,,,,,,,,,,
,8725,8725.T,8725_20260818_01,7.0,True,True,4945.0,3.4175935288169867,3.842264914054594,-1.7391304347826098,2.20930232558139,2026-08-28,,,,,,,,,,
,8309,8309.T,8309_20260818_01,7.0,True,False,1715.5,4.313611192072275,4.809093558729227,-1.0492567764500138,4.58333333333333,2026-08-28,,,,,,,,,,
,8601,8601.T,8601_20260818_01,7.0,True,False,1779.0,4.721753794266448,5.340078695896566,-0.6464305789769531,8.260869565217387,2026-08-28,,,,,,,,,,
,7269,7269.T,7269_20260818_01,7.0,True,False,2126.5,3.644486245003531,3.879614389842456,-0.446743475193978,8.684210526315823,2026-08-31,,,,,,,,,,
,8725,8725.T,8725_20260818_01,7.0,True,False,4927.0,2.9226709965496145,4.221635883905006,0.9133346864217629,4.622222222222188,2026-08-31,,,,,,,,,,
,8604,8604.T,8604_20260818_01,7.0,True,False,1539.0,5.945419103313832,7.342430149447687,0.5198180636777128,14.12499999999999,2026-08-31,,,,,,,,,,
,8601,8601.T,8601_20260818_01,7.0,True,False,1786.5,3.1626084522810016,4.897844948222785,0.2518891687657509,19.44444444444385,2026-08-31,,,,,,,,,,
,4503,4503.T,4503_20260820_01,7.0,False,True,2406.5,-2.0569291502181564,2.015375025971333,-3.158113442759192,0.6381578947368443,2026-08-31,,,,,,,,,,
,9503,9503.T,9503_20260820_01,7.0,False,True,2582.0,6.990704879938026,7.048799380325321,-0.7164988381099913,9.83783783783784,2026-08-31,,,,,,,,,,
,8309,8309.T,8309_20260818_01,7.0,True,False,1702.0,3.965922444183323,5.640423031727382,-0.1175088131609825,48.00000000000189,2026-08-31,,,,,,,,,,
,8604,8604.T,8604_20260818_01,7.0,True,False,1571.5,,,,,,,,,,,,,,,
,2503,2503.T,2503_20260818_01,7.0,False,True,3084.0,,,,,,,,,,,,,,,
,8601,8601.T,8601_20260818_01,7.0,True,False,1813.5,,,,,,,,,,,,,,,
,8725,8725.T,8725_20260818_01,7.0,True,False,5072.0,,,,,,,,,,,,,,,
,4503,4503.T,4503_20260820_01,7.0,False,True,2415.0,,,,,,,,,,,,,,,
,7269,7269.T,7269_20260818_01,7.0,True,False,2119.0,,,,,,,,,,,,,,,
,9503,9503.T,9503_20260820_01,7.0,False,True,2591.5,,,,,,,,,,,,,,,
,8309,8309.T,8309_20260818_01,7.0,True,False,1734.0,,,,,,,,,,,,,,,
,9503,9503.T,9503_20260820_01,7.0,False,True,2590.5,,,,,,,,,,,,,,,
,8308,8308.T,8308_20260827_01,7.0,False,True,2430.0,,,,,,,,,,,,,,,
,8601,8601.T,8601_20260818_01,7.0,True,False,1827.5,,,,,,,,,,,,,,,
,8750,8750.T,8750_20260827_02,7.0,True,False,1817.0,,,,,,,,,,,,,,,
,8725,8725.T,8725_20260818_01,7.0,True,False,5042.0,,,,,,,,,,,,,,,
,8411,8411.T,8411_20260818_01,7.0,False,True,8326.0,,,,,,,,,,,,,,,
,8604,8604.T,8604_20260818_01,7.0,True,True,1620.0,,,,,,,,,,,,,,,
,2914,2914.T,2914_20260821_01,7.0,False,True,7014.0,,,,,,,,,,,,,,,
,8309,8309.T,8309_20260818_01,7.0,True,False,1756.5,,,,,,,,,,,,,,,
,8354,8354.T,8354_20260821_01,7.0,False,True,7733.0,,,,,,,,,,,,,,,
,9432,9432.T,9432_20260827_01,7.0,False,True,167.6,,,,,,,,,,,,,,,
,8354,8354.T,8354_20260821_01,7.0,False,True,7861.0,,,,,,,,,,,,,,,
,8601,8601.T,8601_20260818_01,7.0,True,False,1869.5,,,,,,,,,,,,,,,
,8411,8411.T,8411_20260818_01,7.0,True,True,8449.0,,,,,,,,,,,,,,,
,8725,8725.T,8725_20260818_01,7.0,True,False,5115.0,,,,,,,,,,,,,,,
,8331,8331.T,8331_20260818_01,7.0,False,True,2822.0,,,,,,,,,,,,,,,
,8604,8604.T,8604_20260818_01,7.0,True,False,1642.5,,,,,,,,,,,,,,,
,8316,8316.T,8316_20260827_02,7.0,False,True,6881.0,,,,,,,,,,,,,,,
,9766,9766.T,9766_20260824_01,7.0,False,True,22185.0,,,,,,,,,,,,,,,
,8308,8308.T,8308_20260827_01,7.0,False,True,2520.0,,,,,,,,,,,,,,,
,8309,8309.T,8309_20260818_01,7.0,True,False,1787.0,,,,,,,,,,,,,,,
,6178,6178.T,6178_20260828_01,7.0,False,True,2425.5,,,,,,,,,,,,,,,
,8015,8015.T,8015_20260828_01,7.0,False,True,7583.0,,,,,,,,,,,,,,,
,8308,8308.T,8308_20260827_01,7.0,False,True,2516.0,,,,,,,,,,,,,,,
,8309,8309.T,8309_20260818_01,7.0,True,False,1767.5,,,,,,,,,,,,,,,
,8604,8604.T,8604_20260818_01,7.0,True,False,1630.0,,,,,,,,,,,,,,,
,8601,8601.T,8601_20260818_01,7.0,True,False,1844.0,,,,,,,,,,,,,,,
,8725,8725.T,8725_20260818_01,7.0,True,True,5071.0,,,,,,,,,,,,,,,
,9101,9101.T,9101_20260827_01,7.0,True,False,6941.0,,,,,,,,,,,,,,,
,7269,7269.T,7269_20260818_01,7.0,False,True,2202.0,,,,,,,,,,,,,,,
,8354,8354.T,8354_20260821_01,7.0,False,True,7815.0,,,,,,,,,,,,,,,
,8316,8316.T,8316_20260827_02,7.0,False,True,6872.0,,,,,,,,,,,,,,,
,4631,4631.T,4631_20260818_01,7.0,True,False,5495.0,-7.279344858962689,-1.273885350318471,-8.043676069153772,-0.1583710407239819,2026-08-25,,,,,,,,,,
,8604,8604.T,8604_20260818_01,7.0,True,False,1509.5,6.227227558794302,6.989069228221267,-0.8280887711162643,8.439999999999996,2026-08-26,,,,,,,,,,
,8725,8725.T,8725_20260818_01,7.0,True,False,4860.0,4.609053497942384,4.97942386831276,-2.1604938271604923,2.304761904761908,2026-08-26,,,,,,,,,,
,2503,2503.T,2503_20260818_01,7.0,True,False,2998.5,2.6846756711689235,4.018676004669008,0.1834250458562669,21.90909090909029,2026-08-26,,,,,,,,,,
,5019,5019.T,5019_20260818_01,7.0,False,True,1337.0,1.533283470456248,4.487658937920713,-0.4487658937920691,10.00000000000005,2026-08-26,,,,,,,,,,
,8331,8331.T,8331_20260818_01,7.0,True,False,2723.5,3.6166697264549352,4.681476041857913,-1.230034881586195,3.805970149253736,2026-08-26,,,,,,,,,,
,8309,8309.T,8309_20260818_01,7.0,True,False,1688.5,3.6718981344388446,4.441812259401834,-0.7699141249629893,5.769230769230734,2026-08-26,,,,,,,,,,
,8601,8601.T,8601_20260818_01,7.0,True,False,1757.0,3.7564029595902095,4.524758110415483,-0.8252703471826939,5.482758620689684,2026-08-27,,,,,,,,,,
,5019,5019.T,5019_20260818_01,7.0,False,True,1349.5,1.519081141163392,3.519822156354202,-0.7039644312708426,4.999999999999984,2026-08-27,,,,,,,,,,
,4021,4021.T,4021_20260818_01,7.0,False,True,8162.0,-1.3354569958343498,1.1761823082577785,-4.165645675079633,0.2823529411764705,2026-08-27,,,,,,,,,,
,5101,5101.T,5101_20260818_01,7.0,True,False,7562.0,-1.5075376884422065,2.618354932557532,-2.36709865115049,1.1061452513966508,2026-08-27,,,,,,,,,,
,7269,7269.T,7269_20260818_01,7.0,True,True,2087.0,2.2520364159080097,4.120747484427412,-0.7906085289889786,5.212121212121223,2026-08-27,,,,,,,,,,
,9503,9503.T,9503_20260820_01,7.0,False,True,2557.5,1.8572825024437911,3.186705767350939,-1.2903225806451646,2.4696969696969715,2026-08-27,,,,,,,,,,
,4503,4503.T,4503_20260820_01,7.0,False,True,2418.0,-1.1166253101737025,1.530190239867668,-1.8610421836228297,0.8222222222222266,2026-08-27,,,,,,,,,,
,8309,8309.T,8309_20260818_01,7.0,True,False,1690.5,4.170363797693,4.939367051168286,-0.3549245785270605,13.916666666666744,2026-08-27,,,,,,,,,,
,8604,8604.T,8604_20260818_01,7.0,True,False,1521.0,5.950032873109801,6.804733727810652,-1.4792899408283988,4.600000000000012,2026-08-27,,,,,,,,,,
,8331,8331.T,8331_20260818_01,7.0,True,False,2753.5,2.215362266206644,3.5409478845106257,-1.2529507899037615,2.826086956521735,2026-08-28,,,,,,,,,,
,7269,7269.T,7269_20260818_01,7.0,False,True,2103.5,3.161397670549082,3.304017114333257,-1.02210601378655,3.232558139534875,2026-08-28,,,,,,,,,,
,8604,8604.T,8604_20260818_01,7.0,True,False,1535.0,6.970684039087938,7.622149837133539,-1.140065146579805,6.685714285714274,2026-08-28,,,,,,,,,,
,8725,8725.T,8725_20260818_01,7.0,True,True,4945.0,3.4175935288169867,3.842264914054594,-1.7391304347826098,2.20930232558139,2026-08-28,,,,,,,,,,
,8309,8309.T,8309_20260818_01,7.0,True,False,1715.5,4.313611192072275,4.809093558729227,-1.0492567764500138,4.58333333333333,2026-08-28,,,,,,,,,,
,8601,8601.T,8601_20260818_01,7.0,True,False,1779.0,4.721753794266448,5.340078695896566,-0.6464305789769531,8.260869565217387,2026-08-28,,,,,,,,,,
,8601,8601.T,8601_20260818_01,7.0,True,False,1786.5,3.862300587741396,4.897844948222785,0.2518891687657509,19.44444444444385,2026-09-01,,,,,,,,,,
,8604,8604.T,8604_20260818_01,7.0,True,False,1539.0,6.400259909031836,7.342430149447687,0.5198180636777128,14.12499999999999,2026-09-01,,,,,,,,,,
,8725,8725.T,8725_20260818_01,7.0,True,False,4927.0,5.175563223056634,5.581489750355195,0.9133346864217629,6.111111111111087,2026-09-01,,,,,,,,,,
,7269,7269.T,7269_20260818_01,7.0,True,False,2126.5,6.607100869974136,7.053844345168114,-0.446743475193978,15.789473684210614,2026-09-01,,,,,,,,,,
,4503,4503.T,4503_20260820_01,7.0,False,True,2406.5,0.7687512985663725,2.015375025971333,-1.7660502804903389,1.1411764705882383,2026-09-01,,,,,,,,,,
,9503,9503.T,9503_20260820_01,7.0,False,True,2582.0,12.935708752904729,13.729666924864436,-0.7164988381099913,19.162162162162176,2026-09-01,,,,,,,,,,
,8309,8309.T,8309_20260818_01,7.0,True,False,1702.0,5.552291421856648,5.963572267920103,-0.1175088131609825,50.75000000000205,2026-09-01,,,,,,,,,,
,8604,8604.T,8604_20260818_01,7.0,True,False,1571.5,,,,,,,,,,,,,,,
,2503,2503.T,2503_20260818_01,7.0,False,True,3084.0,,,,,,,,,,,,,,,
,8601,8601.T,8601_20260818_01,7.0,True,False,1813.5,,,,,,,,,,,,,,,
,8725,8725.T,8725_20260818_01,7.0,True,False,5072.0,,,,,,,,,,,,,,,
,4503,4503.T,4503_20260820_01,7.0,False,True,2415.0,,,,,,,,,,,,,,,
,7269,7269.T,7269_20260818_01,7.0,True,False,2119.0,,,,,,,,,,,,,,,
,9503,9503.T,9503_20260820_01,7.0,False,True,2591.5,,,,,,,,,,,,,,,
,8309,8309.T,8309_20260818_01,7.0,True,False,1734.0,,,,,,,,,,,,,,,
,8601,8601.T,8601_20260818_01,7.0,True,False,1827.5,,,,,,,,,,,,,,,
,8750,8750.T,8750_20260827_02,7.0,True,False,1817.0,,,,,,,,,,,,,,,
,8725,8725.T,8725_20260818_01,7.0,True,False,5042.0,,,,,,,,,,,,,,,
,8411,8411.T,8411_20260818_01,7.0,False,True,8326.0,,,,,,,,,,,,,,,
,8604,8604.T,8604_20260818_01,7.0,True,True,1620.0,,,,,,,,,,,,,,,
,2914,2914.T,2914_20260821_01,7.0,False,True,7014.0,,,,,,,,,,,,,,,
,8309,8309.T,8309_20260818_01,7.0,True,False,1756.5,,,,,,,,,,,,,,,
,8308,8308.T,8308_20260827_01,7.0,False,True,2430.0,,,,,,,,,,,,,,,
,8354,8354.T,8354_20260821_01,7.0,False,True,7733.0,,,,,,,,,,,,,,,
,9503,9503.T,9503_20260820_01,7.0,False,True,2590.5,,,,,,,,,,,,,,,
,9432,9432.T,9432_20260827_01,7.0,False,True,167.6,,,,,,,,,,,,,,,
,6178,6178.T,6178_20260828_01,7.0,False,True,2425.5,,,,,,,,,,,,,,,
,8015,8015.T,8015_20260828_01,7.0,False,True,7583.0,,,,,,,,,,,,,,,
,8354,8354.T,8354_20260821_01,7.0,False,True,7861.0,,,,,,,,,,,,,,,
,8601,8601.T,8601_20260818_01,7.0,True,False,1869.5,,,,,,,,,,,,,,,
,8411,8411.T,8411_20260818_01,7.0,True,True,8449.0,,,,,,,,,,,,,,,
,8725,8725.T,8725_20260818_01,7.0,True,False,5115.0,,,,,,,,,,,,,,,
,8331,8331.T,8331_20260818_01,7.0,False,True,2822.0,,,,,,,,,,,,,,,
,8604,8604.T,8604_20260818_01,7.0,True,False,1642.5,,,,,,,,,,,,,,,
,8316,8316.T,8316_20260827_02,7.0,False,True,6881.0,,,,,,,,,,,,,,,
,9766,9766.T,9766_20260824_01,7.0,False,True,22185.0,,,,,,,,,,,,,,,
,8308,8308.T,8308_20260827_01,7.0,False,True,2520.0,,,,,,,,,,,,,,,
,8309,8309.T,8309_20260818_01,7.0,True,False,1787.0,,,,,,,,,,,,,,,
,8601,8601.T,8601_20260818_01,7.0,True,False,1844.0,,,,,,,,,,,,,,,
,7269,7269.T,7269_20260818_01,7.0,False,True,2202.0,,,,,,,,,,,,,,,
,9101,9101.T,9101_20260827_01,7.0,True,False,6941.0,,,,,,,,,,,,,,,
,8725,8725.T,8725_20260818_01,7.0,True,True,5071.0,,,,,,,,,,,,,,,
,8354,8354.T,8354_20260821_01,7.0,False,True,7815.0,,,,,,,,,,,,,,,
,8316,8316.T,8316_20260827_02,7.0,False,True,6872.0,,,,,,,,,,,,,,,
,8604,8604.T,8604_20260818_01,7.0,True,False,1630.0,,,,,,,,,,,,,,,
,8309,8309.T,8309_20260818_01,7.0,True,False,1767.5,,,,,,,,,,,,,,,
,8308,8308.T,8308_20260827_01,7.0,False,True,2516.0,,,,,,,,,,,,,,,
,6178,6178.T,6178_20260828_01,7.0,False,True,2512.0,,,,,,,,,,,,,,,
,8309,8309.T,8309_20260818_01,7.0,True,False,1796.5,,,,,,,,,,,,,,,
,8604,8604.T,8604_20260818_01,7.0,True,False,1637.0,,,,,,,,,,,,,,,
,8601,8601.T,8601_20260818_01,7.0,True,False,1855.0,,,,,,,,,,,,,,,
,8725,8725.T,8725_20260818_01,7.0,True,False,5183.0,,,,,,,,,,,,,,,
,8411,8411.T,8411_20260818_01,7.0,True,True,8621.0,,,,,,,,,,,,,,,
,8306,8306.T,8306_20260818_01,7.0,False,True,3686.0,,,,,,,,,,,,,,,
,8331,8331.T,8331_20260818_01,7.0,False,True,2842.0,,,,,,,,,,,,,,,
,8354,8354.T,8354_20260821_01,7.0,False,True,7941.0,,,,,,,,,,,,,,,
,8316,8316.T,8316_20260827_02,7.0,False,True,6971.0,,,,,,,,,,,,,,,
,7203,7203.T,7203_20260901_01,7.0,False,True,3230.0,,,,,,,,,,,,,,,
,8015,8015.T,8015_20260828_01,7.0,False,True,7620.0,,,,,,,,,,,,,,,
,4021,4021.T,4021_20260831_02,7.0,False,True,8325.0,,,,,,,,,,,,,,,
,8308,8308.T,8308_20260827_01,7.0,False,True,2517.5,,,,,,,,,,,,,,,
,4631,4631.T,4631_20260818_01,7.0,True,False,5495.0,-7.279344858962689,-1.273885350318471,-8.043676069153772,-0.1583710407239819,2026-08-25,-3.639672429481344,-1.273885350318471,-11.22838944494996,-0.1134521880064829,2026-09-01,,,,,
,8725,8725.T,8725_20260818_01,7.0,True,False,4860.0,4.609053497942384,4.97942386831276,-2.1604938271604923,2.304761904761908,2026-08-26,6.2139917695473335,7.489711934156373,-2.1604938271604923,3.466666666666667,2026-09-02,,,,,
,2503,2503.T,2503_20260818_01,7.0,True,False,2998.5,2.6846756711689235,4.018676004669008,0.1834250458562669,21.90909090909029,2026-08-26,1.617475404368851,4.018676004669008,0.1834250458562669,21.90909090909029,2026-09-02,,,,,
,5019,5019.T,5019_20260818_01,7.0,False,True,1337.0,1.533283470456248,4.487658937920713,-0.4487658937920691,10.00000000000005,2026-08-26,11.593118922961864,12.266267763649964,-0.4487658937920691,27.3333333333335,2026-09-02,,,,,
,8331,8331.T,8331_20260818_01,7.0,True,False,2723.5,3.6166697264549352,4.681476041857913,-1.230034881586195,3.805970149253736,2026-08-26,4.497888746098777,5.195520469983483,-1.230034881586195,4.223880597014928,2026-09-02,,,,,
,8309,8309.T,8309_20260818_01,7.0,True,False,1688.5,3.6718981344388446,4.441812259401834,-0.7699141249629893,5.769230769230734,2026-08-26,5.389398874740903,7.936037903464621,-0.7699141249629893,10.30769230769226,2026-09-02,,,,,
,8604,8604.T,8604_20260818_01,7.0,True,False,1509.5,6.227227558794302,6.989069228221267,-0.8280887711162643,8.439999999999996,2026-08-26,7.32030473666776,9.4402119907254,-0.8280887711162643,11.399999999999984,2026-09-02,,,,,
,8601,8601.T,8601_20260818_01,7.0,True,False,1757.0,3.7564029595902095,4.524758110415483,-0.8252703471826939,5.482758620689684,2026-08-27,,,,,,,,,,
,5019,5019.T,5019_20260818_01,7.0,False,True,1349.5,1.519081141163392,3.519822156354202,-0.7039644312708426,4.999999999999984,2026-08-27,,,,,,,,,,
,4021,4021.T,4021_20260818_01,7.0,False,True,8162.0,-1.3354569958343498,1.1761823082577785,-4.165645675079633,0.2823529411764705,2026-08-27,,,,,,,,,,
,5101,5101.T,5101_20260818_01,7.0,True,False,7562.0,-1.5075376884422065,2.618354932557532,-2.36709865115049,1.1061452513966508,2026-08-27,,,,,,,,,,
,7269,7269.T,7269_20260818_01,7.0,True,True,2087.0,2.2520364159080097,4.120747484427412,-0.7906085289889786,5.212121212121223,2026-08-27,,,,,,,,,,
,9503,9503.T,9503_20260820_01,7.0,False,True,2557.5,1.8572825024437911,3.186705767350939,-1.2903225806451646,2.4696969696969715,2026-08-27,,,,,,,,,,
,8309,8309.T,8309_20260818_01,7.0,True,False,1690.5,4.170363797693,4.939367051168286,-0.3549245785270605,13.916666666666744,2026-08-27,,,,,,,,,,
,8604,8604.T,8604_20260818_01,7.0,True,False,1521.0,5.950032873109801,6.804733727810652,-1.4792899408283988,4.600000000000012,2026-08-27,,,,,,,,,,
,4503,4503.T,4503_20260820_01,7.0,False,True,2418.0,-1.1166253101737025,1.530190239867668,-1.8610421836228297,0.8222222222222266,2026-08-27,,,,,,,,,,
,8309,8309.T,8309_20260818_01,7.0,True,False,1715.5,4.313611192072275,4.809093558729227,-1.0492567764500138,4.58333333333333,2026-08-28,,,,,,,,,,
,8725,8725.T,8725_20260818_01,7.0,True,True,4945.0,3.4175935288169867,3.842264914054594,-1.7391304347826098,2.20930232558139,2026-08-28,,,,,,,,,,
,8604,8604.T,8604_20260818_01,7.0,True,False,1535.0,6.970684039087938,7.622149837133539,-1.140065146579805,6.685714285714274,2026-08-28,,,,,,,,,,
,8331,8331.T,8331_20260818_01,7.0,True,False,2753.5,2.215362266206644,3.5409478845106257,-1.2529507899037615,2.826086956521735,2026-08-28,,,,,,,,,,
,7269,7269.T,7269_20260818_01,7.0,False,True,2103.5,3.161397670549082,3.304017114333257,-1.02210601378655,3.232558139534875,2026-08-28,,,,,,,,,,
,8601,8601.T,8601_20260818_01,7.0,True,False,1779.0,4.721753794266448,5.340078695896566,-0.6464305789769531,8.260869565217387,2026-08-28,,,,,,,,,,
,8601,8601.T,8601_20260818_01,7.0,True,False,1786.5,3.1905961376994085,4.897844948222785,0.2518891687657509,19.44444444444385,2026-08-31,,,,,,,,,,
,8604,8604.T,8604_20260818_01,7.0,True,False,1539.0,6.270305393112419,7.342430149447687,0.5198180636777128,14.12499999999999,2026-08-31,,,,,,,,,,
,8725,8725.T,8725_20260818_01,7.0,True,False,4927.0,3.653338745687029,4.221635883905006,0.9133346864217629,4.622222222222188,2026-08-31,,,,,,,,,,
,7269,7269.T,7269_20260818_01,7.0,True,False,2126.5,4.726075711262645,5.360921702327759,-0.446743475193978,12.00000000000005,2026-08-31,,,,,,,,,,
,4503,4503.T,4503_20260820_01,7.0,False,True,2406.5,-1.4543943486390989,2.015375025971333,-3.158113442759192,0.6381578947368443,2026-08-31,,,,,,,,,,
,9503,9503.T,9503_20260820_01,7.0,False,True,2582.0,8.849728892331532,9.004647560030987,-0.7164988381099913,12.56756756756759,2026-08-31,,,,,,,,,,
,8309,8309.T,8309_20260818_01,7.0,True,False,1702.0,4.406580493537016,5.640423031727382,-0.1175088131609825,48.00000000000189,2026-08-31,,,,,,,,,,
,2503,2503.T,2503_20260818_01,7.0,False,True,3084.0,-0.745784695201035,1.1348897535667923,-2.075226977950717,0.5468749999999971,2026-09-01,,,,,,,,,,
,8601,8601.T,8601_20260818_01,7.0,True,False,1813.5,2.591673559415497,3.3360904328646246,-1.2406947890818865,2.688888888888886,2026-09-01,,,,,,,,,,
,8725,8725.T,8725_20260818_01,7.0,True,False,5072.0,2.267350157728698,2.9968454258675115,-1.0055205047318605,2.980392156862751,2026-09-01,,,,,,,,,,
,4503,4503.T,4503_20260820_01,7.0,False,True,2415.0,-0.0207039337474124,1.6563146997929712,-3.498964803312632,0.4733727810650914,2026-09-01,,,,,,,,,,
,7269,7269.T,7269_20260818_01,7.0,True,False,2119.0,6.418121755545059,7.975460122699385,0.4483246814535269,17.789473684210083,2026-09-01,,,,,,,,,,
,9503,9503.T,9503_20260820_01,7.0,False,True,2591.5,14.02662550646343,14.084507042253524,-1.0804553347482204,13.035714285714226,2026-09-01,,,,,,,,,,
,8309,8309.T,8309_20260818_01,7.0,True,False,1734.0,4.354094579008083,5.103806228373697,0.4901960784313708,10.41176470588238,2026-09-01,,,,,,,,,,
,8604,8604.T,8604_20260818_01,7.0,True,False,1571.5,4.39070951320395,5.122494432071267,0.1590836780146265,32.20000000000184,2026-09-01,,,,,,,,,,
,9503,9503.T,9503_20260820_01,7.0,False,True,2590.5,,,,,,,,,,,,,,,
,8308,8308.T,8308_20260827_01,7.0,False,True,2430.0,,,,,,,,,,,,,,,
,8601,8601.T,8601_20260818_01,7.0,True,False,1827.5,,,,,,,,,,,,,,,
,8750,8750.T,8750_20260827_02,7.0,True,False,1817.0,,,,,,,,,,,,,,,
,8725,8725.T,8725_20260818_01,7.0,True,False,5042.0,,,,,,,,,,,,,,,
,8411,8411.T,8411_20260818_01,7.0,False,True,8326.0,,,,,,,,,,,,,,,
,8604,8604.T,8604_20260818_01,7.0,True,True,1620.0,,,,,,,,,,,,,,,
,2914,2914.T,2914_20260821_01,7.0,False,True,7014.0,,,,,,,,,,,,,,,
,8309,8309.T,8309_20260818_01,7.0,True,False,1756.5,,,,,,,,,,,,,,,
,8354,8354.T,8354_20260821_01,7.0,False,True,7733.0,,,,,,,,,,,,,,,
,9432,9432.T,9432_20260827_01,7.0,False,True,167.6,,,,,,,,,,,,,,,
,8604,8604.T,8604_20260818_01,7.0,True,False,1642.5,,,,,,,,,,,,,,,
,8316,8316.T,8316_20260827_02,7.0,False,True,6881.0,,,,,,,,,,,,,,,
,8725,8725.T,8725_20260818_01,7.0,True,False,5115.0,,,,,,,,,,,,,,,
,8411,8411.T,8411_20260818_01,7.0,True,True,8449.0,,,,,,,,,,,,,,,
,8601,8601.T,8601_20260818_01,7.0,True,False,1869.5,,,,,,,,,,,,,,,
,8331,8331.T,8331_20260818_01,7.0,False,True,2822.0,,,,,,,,,,,,,,,
,9766,9766.T,9766_20260824_01,7.0,False,True,22185.0,,,,,,,,,,,,,,,
,8308,8308.T,8308_20260827_01,7.0,False,True,2520.0,,,,,,,,,,,,,,,
,8309,8309.T,8309_20260818_01,7.0,True,False,1787.0,,,,,,,,,,,,,,,
,8354,8354.T,8354_20260821_01,7.0,False,True,7861.0,,,,,,,,,,,,,,,
,6178,6178.T,6178_20260828_01,7.0,False,True,2425.5,,,,,,,,,,,,,,,
,8015,8015.T,8015_20260828_01,7.0,False,True,7583.0,,,,,,,,,,,,,,,
,8308,8308.T,8308_20260827_01,7.0,False,True,2516.0,,,,,,,,,,,,,,,
,8309,8309.T,8309_20260818_01,7.0,True,False,1767.5,,,,,,,,,,,,,,,
,8601,8601.T,8601_20260818_01,7.0,True,False,1844.0,,,,,,,,,,,,,,,
,7269,7269.T,7269_20260818_01,7.0,False,True,2202.0,,,,,,,,,,,,,,,
,9101,9101.T,9101_20260827_01,7.0,True,False,6941.0,,,,,,,,,,,,,,,
,8725,8725.T,8725_20260818_01,7.0,True,True,5071.0,,,,,,,,,,,,,,,
,8354,8354.T,8354_20260821_01,7.0,False,True,7815.0,,,,,,,,,,,,,,,
,8316,8316.T,8316_20260827_02,7.0,False,True,6872.0,,,,,,,,,,,,,,,
,8604,8604.T,8604_20260818_01,7.0,True,False,1630.0,,,,,,,,,,,,,,,
,8604,8604.T,8604_20260818_01,7.0,True,False,1637.0,,,,,,,,,,,,,,,
,8601,8601.T,8601_20260818_01,7.0,True,False,1855.0,,,,,,,,,,,,,,,
,8725,8725.T,8725_20260818_01,7.0,True,False,5183.0,,,,,,,,,,,,,,,
,8411,8411.T,8411_20260818_01,7.0,True,True,8621.0,,,,,,,,,,,,,,,
,8306,8306.T,8306_20260818_01,7.0,False,True,3686.0,,,,,,,,,,,,,,,
,8331,8331.T,8331_20260818_01,7.0,False,True,2842.0,,,,,,,,,,,,,,,
,8354,8354.T,8354_20260821_01,7.0,False,True,7941.0,,,,,,,,,,,,,,,
,7203,7203.T,7203_20260901_01,7.0,False,True,3230.0,,,,,,,,,,,,,,,
,8015,8015.T,8015_20260828_01,7.0,False,True,7620.0,,,,,,,,,,,,,,,
,4021,4021.T,4021_20260831_02,7.0,False,True,8325.0,,,,,,,,,,,,,,,
,8308,8308.T,8308_20260827_01,7.0,False,True,2517.5,,,,,,,,,,,,,,,
,8309,8309.T,8309_20260818_01,7.0,True,False,1796.5,,,,,,,,,,,,,,,
,8316,8316.T,8316_20260827_02,7.0,False,True,6971.0,,,,,,,,,,,,,,,
,6178,6178.T,6178_20260828_01,7.0,False,True,2512.0,,,,,,,,,,,,,,,
,8309,8309.T,8309_20260818_01,7.0,True,False,1787.5,,,,,,,,,,,,,,,
,8604,8604.T,8604_20260818_01,7.0,True,False,1623.5,,,,,,,,,,,,,,,
,8601,8601.T,8601_20260818_01,7.0,True,False,1842.0,,,,,,,,,,,,,,,
,7269,7269.T,7269_20260818_01,7.0,True,False,2215.5,,,,,,,,,,,,,,,
,8725,8725.T,8725_20260818_01,7.0,True,False,5180.0,,,,,,,,,,,,,,,
,4578,4578.T,4578_20260818_01,7.0,False,True,12335.0,,,,,,,,,,,,,,,
,8316,8316.T,8316_20260827_02,7.0,False,True,6990.0,,,,,,,,,,,,,,,
,7203,7203.T,7203_20260901_01,7.0,False,True,3183.0,,,,,,,,,,,,,,,
,8591,8591.T,8591_20260901_02,7.0,False,True,6386.0,,,,,,,,,,,,,,,
,2914,2914.T,2914_20260821_01,7.0,False,True,7055.0,,,,,,,,,,,,,,,
,6178,6178.T,6178_20260828_01,7.0,False,True,2551.0,,,,,,,,,,,,,,,
,4631,4631.T,4631_20260818_01,7.0,True,False,5495.0,-7.279344858962689,-1.273885350318471,-8.043676069153772,-0.1583710407239819,2026-08-25,-3.639672429481344,-1.273885350318471,-11.22838944494996,-0.1134521880064829,2026-09-01,,,,,
,8604,8604.T,8604_20260818_01,7.0,True,False,1509.5,6.227227558794302,6.989069228221267,-0.8280887711162643,8.439999999999996,2026-08-26,6.558463067240816,9.4402119907254,-0.8280887711162643,11.399999999999984,2026-09-02,,,,,
,8309,8309.T,8309_20260818_01,7.0,True,False,1688.5,3.6718981344388446,4.441812259401834,-0.7699141249629893,5.769230769230734,2026-08-26,5.1228901391767945,7.936037903464621,-0.7699141249629893,10.30769230769226,2026-09-02,,,,,
,8725,8725.T,8725_20260818_01,7.0,True,False,4860.0,4.609053497942384,4.97942386831276,-2.1604938271604923,2.304761904761908,2026-08-26,5.65843621399178,7.489711934156373,-2.1604938271604923,3.466666666666667,2026-09-02,,,,,
,2503,2503.T,2503_20260818_01,7.0,True,False,2998.5,2.6846756711689235,4.018676004669008,0.1834250458562669,21.90909090909029,2026-08-26,-0.8004002001000488,4.018676004669008,-0.9504752376188086,4.228070175438607,2026-09-02,,,,,
,5019,5019.T,5019_20260818_01,7.0,False,True,1337.0,1.533283470456248,4.487658937920713,-0.4487658937920691,10.00000000000005,2026-08-26,9.349289454001486,12.266267763649964,-0.4487658937920691,27.3333333333335,2026-09-02,,,,,
,8331,8331.T,8331_20260818_01,7.0,True,False,2723.5,3.6166697264549352,4.681476041857913,-1.230034881586195,3.805970149253736,2026-08-26,2.808885625114743,5.195520469983483,-1.230034881586195,4.223880597014928,2026-09-02,,,,,
,7269,7269.T,7269_20260818_01,7.0,True,True,2087.0,2.2520364159080097,4.120747484427412,-0.7906085289889786,5.212121212121223,2026-08-27,2.587446094873025,9.631049353138476,-0.7906085289889786,12.181818181818194,2026-09-03,,,,,
,5101,5101.T,5101_20260818_01,7.0,True,False,7562.0,-1.5075376884422065,2.618354932557532,-2.36709865115049,1.1061452513966508,2026-08-27,-8.754297804813538,2.618354932557532,-9.151018249140442,0.2861271676300585,2026-09-03,,,,,
,4021,4021.T,4021_20260818_01,7.0,False,True,8162.0,-1.3354569958343498,1.1761823082577785,-4.165645675079633,0.2823529411764705,2026-08-27,-2.4136241117373225,2.54839500122519,-4.165645675079633,0.6117647058823537,2026-09-03,,,,,
,5019,5019.T,5019_20260818_01,7.0,False,True,1349.5,1.519081141163392,3.519822156354202,-0.7039644312708426,4.999999999999984,2026-08-27,10.596517228603195,11.374583178955168,-0.7039644312708426,16.157894736842067,2026-09-03,,,,,
,8309,8309.T,8309_20260818_01,7.0,True,False,1690.5,4.170363797693,4.939367051168286,-0.3549245785270605,13.916666666666744,2026-08-27,6.27033422064478,7.808340727595375,-0.3549245785270605,22.000000000000124,2026-09-03,,,,,
,8604,8604.T,8604_20260818_01,7.0,True,False,1521.0,5.950032873109801,6.804733727810652,-1.4792899408283988,4.600000000000012,2026-08-27,8.284023668639051,8.612754766600927,-1.4792899408283988,5.822222222222241,2026-09-03,,,,,
,8601,8601.T,8601_20260818_01,7.0,True,False,1757.0,3.7564029595902095,4.524758110415483,-0.8252703471826939,5.482758620689684,2026-08-27,5.577689243027884,6.659077973819016,-0.8252703471826939,8.068965517241425,2026-09-03,,,,,
,9503,9503.T,9503_20260820_01,7.0,False,True,2557.5,1.8572825024437911,3.186705767350939,-1.2903225806451646,2.4696969696969715,2026-08-27,15.229716520039103,15.91397849462366,-1.2903225806451646,12.333333333333306,2026-09-03,,,,,
,4503,4503.T,4503_20260820_01,7.0,False,True,2418.0,-1.1166253101737025,1.530190239867668,-1.8610421836228297,0.8222222222222266,2026-08-27,-0.4135649296939658,1.530190239867668,-3.61869313482217,0.4228571428571449,2026-09-03,,,,,
,8309,8309.T,8309_20260818_01,7.0,True,False,1715.5,4.313611192072275,4.809093558729227,-1.0492567764500138,4.58333333333333,2026-08-28,,,,,,,,,,
,8725,8725.T,8725_20260818_01,7.0,True,True,4945.0,3.4175935288169867,3.842264914054594,-1.7391304347826098,2.20930232558139,2026-08-28,,,,,,,,,,
,8604,8604.T,8604_20260818_01,7.0,True,False,1535.0,6.970684039087938,7.622149837133539,-1.140065146579805,6.685714285714274,2026-08-28,,,,,,,,,,
,8331,8331.T,8331_20260818_01,7.0,True,False,2753.5,2.215362266206644,3.5409478845106257,-1.2529507899037615,2.826086956521735,2026-08-28,,,,,,,,,,
,7269,7269.T,7269_20260818_01,7.0,False,True,2103.5,3.161397670549082,3.304017114333257,-1.02210601378655,3.232558139534875,2026-08-28,,,,,,,,,,
,8601,8601.T,8601_20260818_01,7.0,True,False,1779.0,4.721753794266448,5.340078695896566,-0.6464305789769531,8.260869565217387,2026-08-28,,,,,,,,,,
,8601,8601.T,8601_20260818_01,7.0,True,False,1786.5,3.1905961376994085,4.897844948222785,0.2518891687657509,19.44444444444385,2026-08-31,,,,,,,,,,
,8604,8604.T,8604_20260818_01,7.0,True,False,1539.0,6.270305393112419,7.342430149447687,0.5198180636777128,14.12499999999999,2026-08-31,,,,,,,,,,
,8725,8725.T,8725_20260818_01,7.0,True,False,4927.0,3.653338745687029,4.221635883905006,0.9133346864217629,4.622222222222188,2026-08-31,,,,,,,,,,
,7269,7269.T,7269_20260818_01,7.0,True,False,2126.5,4.726075711262645,5.360921702327759,-0.446743475193978,12.00000000000005,2026-08-31,,,,,,,,,,
,4503,4503.T,4503_20260820_01,7.0,False,True,2406.5,-1.4543943486390989,2.015375025971333,-3.158113442759192,0.6381578947368443,2026-08-31,,,,,,,,,,
,9503,9503.T,9503_20260820_01,7.0,False,True,2582.0,8.849728892331532,9.004647560030987,-0.7164988381099913,12.56756756756759,2026-08-31,,,,,,,,,,
,8309,8309.T,8309_20260818_01,7.0,True,False,1702.0,4.406580493537016,5.640423031727382,-0.1175088131609825,48.00000000000189,2026-08-31,,,,,,,,,,
,8604,8604.T,8604_20260818_01,7.0,True,False,1571.5,4.39070951320395,5.122494432071267,0.1590836780146265,32.20000000000184,2026-09-01,,,,,,,,,,
,2503,2503.T,2503_20260818_01,7.0,False,True,3084.0,-0.745784695201035,1.1348897535667923,-2.075226977950717,0.5468749999999971,2026-09-01,,,,,,,,,,
,8601,8601.T,8601_20260818_01,7.0,True,False,1813.5,2.591673559415497,3.3360904328646246,-1.2406947890818865,2.688888888888886,2026-09-01,,,,,,,,,,
,8725,8725.T,8725_20260818_01,7.0,True,False,5072.0,2.267350157728698,2.9968454258675115,-1.0055205047318605,2.980392156862751,2026-09-01,,,,,,,,,,
,4503,4503.T,4503_20260820_01,7.0,False,True,2415.0,-0.0207039337474124,1.6563146997929712,-3.498964803312632,0.4733727810650914,2026-09-01,,,,,,,,,,
,7269,7269.T,7269_20260818_01,7.0,True,False,2119.0,6.418121755545059,7.975460122699385,0.4483246814535269,17.789473684210083,2026-09-01,,,,,,,,,,
,9503,9503.T,9503_20260820_01,7.0,False,True,2591.5,14.02662550646343,14.084507042253524,-1.0804553347482204,13.035714285714226,2026-09-01,,,,,,,,,,
,8309,8309.T,8309_20260818_01,7.0,True,False,1734.0,4.354094579008083,5.103806228373697,0.4901960784313708,10.41176470588238,2026-09-01,,,,,,,,,,
,8604,8604.T,8604_20260818_01,7.0,True,True,1620.0,1.6666666666666607,1.975308641975304,-1.4197530864197505,1.3913043478260865,2026-09-03,,,,,,,,,,
,8601,8601.T,8601_20260818_01,7.0,True,False,1827.5,1.477428180574547,2.5444596443228384,-0.5198358413132653,4.894736842105289,2026-09-03,,,,,,,,,,
,8411,8411.T,8411_20260818_01,7.0,False,True,8326.0,5.332692769637282,5.404756185443183,-0.4323804948354603,12.499999999999831,2026-09-03,,,,,,,,,,
,8725,8725.T,8725_20260818_01,7.0,True,False,5042.0,3.689012296707661,3.7088456961523297,-0.4165013883379642,8.90476190476186,2026-09-03,,,,,,,,,,
,8750,8750.T,8750_20260827_02,7.0,True,False,1817.0,3.577325261419917,3.880022014309304,-0.3577325261419961,10.846153846153737,2026-09-03,,,,,,,,,,
,2914,2914.T,2914_20260821_01,7.0,False,True,7014.0,-0.5132591958939225,1.3544339891645274,-1.6110635871114942,0.840707964601768,2026-09-03,,,,,,,,,,
,8309,8309.T,8309_20260818_01,7.0,True,False,1756.5,2.1918588101337955,3.757472245943627,-0.5693139766581257,6.599999999999996,2026-09-03,,,,,,,,,,
,9503,9503.T,9503_20260820_01,7.0,False,True,2590.5,13.896931094383325,14.43736730360934,-1.042269832078746,13.851851851851892,2026-09-03,,,,,,,,,,
,8308,8308.T,8308_20260827_01,7.0,False,True,2430.0,5.823045267489713,5.843621399176957,0.5144032921810648,11.360000000000117,2026-09-03,,,,,,,,,,
,9432,9432.T,9432_20260827_01,7.0,False,True,167.6,4.653934305778273,4.892603252838801,-0.1789957925072638,27.33362155783776,2026-09-03,,,,,,,,,,
,8354,8354.T,8354_20260821_01,7.0,False,True,7733.0,2.211302211302213,2.9613345402819125,-0.4138109401267242,7.156250000000101,2026-09-03,,,,,,,,,,
,6178,6178.T,6178_20260828_01,7.0,False,True,2425.5,,,,,,,,,,,,,,,
,8015,8015.T,8015_20260828_01,7.0,False,True,7583.0,,,,,,,,,,,,,,,
,8309,8309.T,8309_20260818_01,7.0,True,False,1787.0,,,,,,,,,,,,,,,
,8604,8604.T,8604_20260818_01,7.0,True,False,1642.5,,,,,,,,,,,,,,,
,8316,8316.T,8316_20260827_02,7.0,False,True,6881.0,,,,,,,,,,,,,,,
,8725,8725.T,8725_20260818_01,7.0,True,False,5115.0,,,,,,,,,,,,,,,
,8411,8411.T,8411_20260818_01,7.0,True,True,8449.0,,,,,,,,,,,,,,,
,8601,8601.T,8601_20260818_01,7.0,True,False,1869.5,,,,,,,,,,,,,,,
,8331,8331.T,8331_20260818_01,7.0,False,True,2822.0,,,,,,,,,,,,,,,
,9766,9766.T,9766_20260824_01,7.0,False,True,22185.0,,,,,,,,,,,,,,,
,8308,8308.T,8308_20260827_01,7.0,False,True,2520.0,,,,,,,,,,,,,,,
,8354,8354.T,8354_20260821_01,7.0,False,True,7861.0,,,,,,,,,,,,,,,
,8725,8725.T,8725_20260818_01,7.0,True,True,5071.0,,,,,,,,,,,,,,,
,9101,9101.T,9101_20260827_01,7.0,True,False,6941.0,,,,,,,,,,,,,,,
,8601,8601.T,8601_20260818_01,7.0,True,False,1844.0,,,,,,,,,,,,,,,
,8354,8354.T,8354_20260821_01,7.0,False,True,7815.0,,,,,,,,,,,,,,,
,7269,7269.T,7269_20260818_01,7.0,False,True,2202.0,,,,,,,,,,,,,,,
,8316,8316.T,8316_20260827_02,7.0,False,True,6872.0,,,,,,,,,,,,,,,
,8604,8604.T,8604_20260818_01,7.0,True,False,1630.0,,,,,,,,,,,,,,,
,8309,8309.T,8309_20260818_01,7.0,True,False,1767.5,,,,,,,,,,,,,,,
,8308,8308.T,8308_20260827_01,7.0,False,True,2516.0,,,,,,,,,,,,,,,
,6178,6178.T,6178_20260828_01,7.0,False,True,2512.0,,,,,,,,,,,,,,,
,8316,8316.T,8316_20260827_02,7.0,False,True,6971.0,,,,,,,,,,,,,,,
,8604,8604.T,8604_20260818_01,7.0,True,False,1637.0,,,,,,,,,,,,,,,
,8601,8601.T,8601_20260818_01,7.0,True,False,1855.0,,,,,,,,,,,,,,,
,8725,8725.T,8725_20260818_01,7.0,True,False,5183.0,,,,,,,,,,,,,,,
,8411,8411.T,8411_20260818_01,7.0,True,True,8621.0,,,,,,,,,,,,,,,
,8306,8306.T,8306_20260818_01,7.0,False,True,3686.0,,,,,,,,,,,,,,,
,8331,8331.T,8331_20260818_01,7.0,False,True,2842.0,,,,,,,,,,,,,,,
,8354,8354.T,8354_20260821_01,7.0,False,True,7941.0,,,,,,,,,,,,,,,
,7203,7203.T,7203_20260901_01,7.0,False,True,3230.0,,,,,,,,,,,,,,,
,8015,8015.T,8015_20260828_01,7.0,False,True,7620.0,,,,,,,,,,,,,,,
,4021,4021.T,4021_20260831_02,7.0,False,True,8325.0,,,,,,,,,,,,,,,
,8308,8308.T,8308_20260827_01,7.0,False,True,2517.5,,,,,,,,,,,,,,,
,8309,8309.T,8309_20260818_01,7.0,True,False,1796.5,,,,,,,,,,,,,,,
,8725,8725.T,8725_20260818_01,7.0,True,False,5180.0,,,,,,,,,,,,,,,
,7269,7269.T,7269_20260818_01,7.0,True,False,2215.5,,,,,,,,,,,,,,,
,8601,8601.T,8601_20260818_01,7.0,True,False,1842.0,,,,,,,,,,,,,,,
,8604,8604.T,8604_20260818_01,7.0,True,False,1623.5,,,,,,,,,,,,,,,
,4578,4578.T,4578_20260818_01,7.0,False,True,12335.0,,,,,,,,,,,,,,,
,8316,8316.T,8316_20260827_02,7.0,False,True,6990.0,,,,,,,,,,,,,,,
,7203,7203.T,7203_20260901_01,7.0,False,True,3183.0,,,,,,,,,,,,,,,
,8591,8591.T,8591_20260901_02,7.0,False,True,6386.0,,,,,,,,,,,,,,,
,2914,2914.T,2914_20260821_01,7.0,False,True,7055.0,,,,,,,,,,,,,,,
,6178,6178.T,6178_20260828_01,7.0,False,True,2551.0,,,,,,,,,,,,,,,
,8309,8309.T,8309_20260818_01,7.0,True,False,1787.5,,,,,,,,,,,,,,,
,7269,7269.T,7269_20260818_01,7.0,True,False,2140.5,,,,,,,,,,,,,,,
,4578,4578.T,4578_20260818_01,7.0,True,False,12235.0,,,,,,,,,,,,,,,
,2801,2801.T,2801_20260827_01,7.0,True,False,1827.0,,,,,,,,,,,,,,,
,5108,5108.T,5108_20260818_01,7.0,True,False,4107.0,,,,,,,,,,,,,,,
,2503,2503.T,2503_20260818_01,7.0,True,False,2971.5,,,,,,,,,,,,,,,
,4631,4631.T,4631_20260818_01,7.0,True,False,5495.0,-7.279344858962689,-1.273885350318471,-8.043676069153772,-0.1583710407239819,2026-08-25,-3.639672429481344,-1.273885350318471,-11.22838944494996,-0.1134521880064829,2026-09-01,,,,,
,8725,8725.T,8725_20260818_01,7.0,True,False,4860.0,4.609053497942384,4.97942386831276,-2.1604938271604923,2.304761904761908,2026-08-26,5.65843621399178,7.489711934156373,-2.1604938271604923,3.466666666666667,2026-09-02,,,,,
,2503,2503.T,2503_20260818_01,7.0,True,False,2998.5,2.6846756711689235,4.018676004669008,0.1834250458562669,21.90909090909029,2026-08-26,-0.8004002001000488,4.018676004669008,-0.9504752376188086,4.228070175438607,2026-09-02,,,,,
,5019,5019.T,5019_20260818_01,7.0,False,True,1337.0,1.533283470456248,4.487658937920713,-0.4487658937920691,10.00000000000005,2026-08-26,9.349289454001486,12.266267763649964,-0.4487658937920691,27.3333333333335,2026-09-02,,,,,
,8331,8331.T,8331_20260818_01,7.0,True,False,2723.5,3.6166697264549352,4.681476041857913,-1.230034881586195,3.805970149253736,2026-08-26,2.808885625114743,5.195520469983483,-1.230034881586195,4.223880597014928,2026-09-02,,,,,
,8309,8309.T,8309_20260818_01,7.0,True,False,1688.5,3.6718981344388446,4.441812259401834,-0.7699141249629893,5.769230769230734,2026-08-26,5.1228901391767945,7.936037903464621,-0.7699141249629893,10.30769230769226,2026-09-02,,,,,
,8604,8604.T,8604_20260818_01,7.0,True,False,1509.5,6.227227558794302,6.989069228221267,-0.8280887711162643,8.439999999999996,2026-08-26,6.558463067240816,9.4402119907254,-0.8280887711162643,11.399999999999984,2026-09-02,,,,,
,4503,4503.T,4503_20260820_01,7.0,False,True,2418.0,-1.1166253101737025,1.530190239867668,-1.8610421836228297,0.8222222222222266,2026-08-27,-0.041356492969391,1.530190239867668,-3.61869313482217,0.4228571428571449,2026-09-03,,,,,
,8601,8601.T,8601_20260818_01,7.0,True,False,1757.0,3.7564029595902095,4.524758110415483,-0.8252703471826939,5.482758620689684,2026-08-27,5.634604439385327,6.659077973819016,-0.8252703471826939,8.068965517241425,2026-09-03,,,,,
,7269,7269.T,7269_20260818_01,7.0,True,True,2087.0,2.2520364159080097,4.120747484427412,-0.7906085289889786,5.212121212121223,2026-08-27,1.030186871106853,9.631049353138476,-0.7906085289889786,12.181818181818194,2026-09-03,,,,,
,5101,5101.T,5101_20260818_01,7.0,True,False,7562.0,-1.5075376884422065,2.618354932557532,-2.36709865115049,1.1061452513966508,2026-08-27,-7.061623909018778,2.618354932557532,-9.151018249140442,0.2861271676300585,2026-09-03,,,,,
,4021,4021.T,4021_20260818_01,7.0,False,True,8162.0,-1.3354569958343498,1.1761823082577785,-4.165645675079633,0.2823529411764705,2026-08-27,-2.058319039451117,2.54839500122519,-4.165645675079633,0.6117647058823537,2026-09-03,,,,,
,5019,5019.T,5019_20260818_01,7.0,False,True,1349.5,1.519081141163392,3.519822156354202,-0.7039644312708426,4.999999999999984,2026-08-27,10.37421267135976,11.633938495739171,-0.7039644312708426,16.52631578947366,2026-09-03,,,,,
,8309,8309.T,8309_20260818_01,7.0,True,False,1690.5,4.170363797693,4.939367051168286,-0.3549245785270605,13.916666666666744,2026-08-27,5.708370304643595,7.808340727595375,-0.3549245785270605,22.000000000000124,2026-09-03,,,,,
,8604,8604.T,8604_20260818_01,7.0,True,False,1521.0,5.950032873109801,6.804733727810652,-1.4792899408283988,4.600000000000012,2026-08-27,7.297830374753443,9.434582511505596,-1.4792899408283988,6.377777777777798,2026-09-03,,,,,
,9503,9503.T,9503_20260820_01,7.0,False,True,2557.5,1.8572825024437911,3.186705767350939,-1.2903225806451646,2.4696969696969715,2026-08-27,18.318670576735087,19.37438905180841,-1.2903225806451646,15.015151515151484,2026-09-03,,,,,
,8725,8725.T,8725_20260818_01,7.0,True,True,4945.0,3.4175935288169867,3.842264914054594,-1.7391304347826098,2.20930232558139,2026-08-28,5.379170879676432,7.239635995955518,-1.7391304347826098,4.162790697674421,2026-09-04,,,,,
,8604,8604.T,8604_20260818_01,7.0,True,False,1535.0,6.970684039087938,7.622149837133539,-1.140065146579805,6.685714285714274,2026-08-28,6.319218241042335,9.348534201954406,-1.140065146579805,8.200000000000005,2026-09-04,,,,,
,8331,8331.T,8331_20260818_01,7.0,True,False,2753.5,2.215362266206644,3.5409478845106257,-1.2529507899037615,2.826086956521735,2026-08-28,3.286725985109862,4.249137461412755,-1.2529507899037615,3.3913043478260856,2026-09-04,,,,,
,7269,7269.T,7269_20260818_01,7.0,False,True,2103.5,3.161397670549082,3.304017114333257,-1.02210601378655,3.232558139534875,2026-08-28,0.2376990729736183,8.771095792726413,-1.02210601378655,8.581395348837182,2026-09-04,,,,,
,8601,8601.T,8601_20260818_01,7.0,True,False,1779.0,4.721753794266448,5.340078695896566,-0.6464305789769531,8.260869565217387,2026-08-28,4.328274311410896,6.68915120854412,-0.6464305789769531,10.347826086956516,2026-09-04,,,,,
,8309,8309.T,8309_20260818_01,7.0,True,False,1715.5,4.313611192072275,4.809093558729227,-1.0492567764500138,4.58333333333333,2026-08-28,4.167881084232006,6.237248615563984,-1.0492567764500138,5.944444444444457,2026-09-04,,,,,
,8601,8601.T,8601_20260818_01,7.0,True,False,1786.5,3.1905961376994085,4.897844948222785,0.2518891687657509,19.44444444444385,2026-08-31,,,,,,,,,,
,8604,8604.T,8604_20260818_01,7.0,True,False,1539.0,6.270305393112419,7.342430149447687,0.5198180636777128,14.12499999999999,2026-08-31,,,,,,,,,,
,8725,8725.T,8725_20260818_01,7.0,True,False,4927.0,3.653338745687029,4.221635883905006,0.9133346864217629,4.622222222222188,2026-08-31,,,,,,,,,,
,7269,7269.T,7269_20260818_01,7.0,True,False,2126.5,4.726075711262645,5.360921702327759,-0.446743475193978,12.00000000000005,2026-08-31,,,,,,,,,,
,4503,4503.T,4503_20260820_01,7.0,False,True,2406.5,-1.4543943486390989,2.015375025971333,-3.158113442759192,0.6381578947368443,2026-08-31,,,,,,,,,,
,9503,9503.T,9503_20260820_01,7.0,False,True,2582.0,8.849728892331532,9.004647560030987,-0.7164988381099913,12.56756756756759,2026-08-31,,,,,,,,,,
,8309,8309.T,8309_20260818_01,7.0,True,False,1702.0,4.406580493537016,5.640423031727382,-0.1175088131609825,48.00000000000189,2026-08-31,,,,,,,,,,
,4503,4503.T,4503_20260820_01,7.0,False,True,2415.0,-0.0207039337474124,1.6563146997929712,-3.498964803312632,0.4733727810650914,2026-09-01,,,,,,,,,,
,7269,7269.T,7269_20260818_01,7.0,True,False,2119.0,6.418121755545059,7.975460122699385,0.4483246814535269,17.789473684210083,2026-09-01,,,,,,,,,,
,8725,8725.T,8725_20260818_01,7.0,True,False,5072.0,2.267350157728698,2.9968454258675115,-1.0055205047318605,2.980392156862751,2026-09-01,,,,,,,,,,
,8601,8601.T,8601_20260818_01,7.0,True,False,1813.5,2.591673559415497,3.3360904328646246,-1.2406947890818865,2.688888888888886,2026-09-01,,,,,,,,,,
,9503,9503.T,9503_20260820_01,7.0,False,True,2591.5,14.02662550646343,14.084507042253524,-1.0804553347482204,13.035714285714226,2026-09-01,,,,,,,,,,
,8309,8309.T,8309_20260818_01,7.0,True,False,1734.0,4.354094579008083,5.103806228373697,0.4901960784313708,10.41176470588238,2026-09-01,,,,,,,,,,
,2503,2503.T,2503_20260818_01,7.0,False,True,3084.0,-0.745784695201035,1.1348897535667923,-2.075226977950717,0.5468749999999971,2026-09-01,,,,,,,,,,
,8604,8604.T,8604_20260818_01,7.0,True,False,1571.5,4.39070951320395,5.122494432071267,0.1590836780146265,32.20000000000184,2026-09-01,,,,,,,,,,
,9503,9503.T,9503_20260820_01,7.0,False,True,2590.5,16.811426365566497,17.853696197645252,-1.042269832078746,17.129629629629694,2026-09-03,,,,,,,,,,
,8308,8308.T,8308_20260827_01,7.0,False,True,2430.0,4.938271604938271,7.037037037037042,0.5144032921810648,13.680000000000144,2026-09-03,,,,,,,,,,
,8604,8604.T,8604_20260818_01,7.0,True,True,1620.0,0.7407407407407307,2.746913580246924,-1.4197530864197505,1.9347826086956628,2026-09-03,,,,,,,,,,
,8601,8601.T,8601_20260818_01,7.0,True,False,1827.5,1.559507523939807,2.5444596443228384,-0.5198358413132653,4.894736842105289,2026-09-03,,,,,,,,,,
,8411,8411.T,8411_20260818_01,7.0,False,True,8326.0,4.864280566898871,6.822003362959395,-0.4323804948354603,15.777777777777567,2026-09-03,,,,,,,,,,
,8725,8725.T,8725_20260818_01,7.0,True,False,5042.0,3.3518445061483604,4.204680682268935,-0.4165013883379642,10.095238095238006,2026-09-03,,,,,,,,,,
,8750,8750.T,8750_20260827_02,7.0,True,False,1817.0,3.6598789212988425,4.155200880572374,-0.3577325261419961,11.615384615384496,2026-09-03,,,,,,,,,,
,2914,2914.T,2914_20260821_01,7.0,False,True,7014.0,-0.9409751924721932,1.3544339891645274,-1.6110635871114942,0.840707964601768,2026-09-03,,,,,,,,,,
,8309,8309.T,8309_20260818_01,7.0,True,False,1756.5,1.7364076288072905,3.757472245943627,-0.5693139766581257,6.599999999999996,2026-09-03,,,,,,,,,,
,8354,8354.T,8354_20260821_01,7.0,False,True,7733.0,2.5863183757920627,3.724298461140574,-0.4138109401267242,9.000000000000135,2026-09-03,,,,,,,,,,
,9432,9432.T,9432_20260827_01,7.0,False,True,167.6,3.341286961958345,5.011933174224348,-0.1789957925072638,28.000284833627912,2026-09-03,,,,,,,,,,
,8725,8725.T,8725_20260818_01,7.0,True,False,5115.0,1.8768328445747828,3.910068426197455,-1.0752688172043,3.636363636363636,2026-09-04,,,,,,,,,,
,8316,8316.T,8316_20260827_02,7.0,False,True,6881.0,3.022816451097232,4.359831419851767,-1.5259409969481164,2.857142857142861,2026-09-04,,,,,,,,,,
,8604,8604.T,8604_20260818_01,7.0,True,False,1642.5,-0.6392694063926951,2.191780821917799,-2.7701674277016752,0.7912087912087877,2026-09-04,,,,,,,,,,
,8411,8411.T,8411_20260818_01,7.0,True,True,8449.0,3.3376730974079782,5.266895490590606,-1.4676293052432232,3.5887096774193594,2026-09-04,,,,,,,,,,
,8601,8601.T,8601_20260818_01,7.0,True,False,1869.5,-0.7221182134260484,1.5244717838994282,-2.754747258625301,0.5533980582524235,2026-09-04,,,,,,,,,,
,9766,9766.T,9766_20260824_01,7.0,False,True,22185.0,-2.5918413342348456,1.1043497858913789,-3.944106378183454,0.2800000000000029,2026-09-04,,,,,,,,,,
,8308,8308.T,8308_20260827_01,7.0,False,True,2520.0,1.1904761904761862,3.214285714285725,-1.6666666666666718,1.928571428571429,2026-09-04,,,,,,,,,,
,8331,8331.T,8331_20260818_01,7.0,False,True,2822.0,0.7795889440113335,1.7186392629340963,-1.8426647767540767,0.9326923076923104,2026-09-04,,,,,,,,,,
,8309,8309.T,8309_20260818_01,7.0,True,False,1787.0,0.0,1.9865696698377235,-2.266368214885284,0.8765432098765457,2026-09-04,,,,,,,,,,
,8354,8354.T,8354_20260821_01,7.0,False,True,7861.0,0.9159140058516702,2.048085485307216,-1.717338760971887,1.1925925925925942,2026-09-04,,,,,,,,,,
,6178,6178.T,6178_20260828_01,7.0,False,True,2425.5,5.215419501133778,7.318078746650181,-0.8864151721294622,8.255813953488337,2026-09-04,,,,,,,,,,
,8015,8015.T,8015_20260828_01,7.0,False,True,7583.0,1.186865356718969,2.5187920348147097,-3.2045364631412387,0.7860082304526721,2026-09-04,,,,,,,,,,
,8309,8309.T,8309_20260818_01,7.0,True,False,1767.5,,,,,,,,,,,,,,,
,8725,8725.T,8725_20260818_01,7.0,True,True,5071.0,,,,,,,,,,,,,,,
,9101,9101.T,9101_20260827_01,7.0,True,False,6941.0,,,,,,,,,,,,,,,
,8601,8601.T,8601_20260818_01,7.0,True,False,1844.0,,,,,,,,,,,,,,,
,8354,8354.T,8354_20260821_01,7.0,False,True,7815.0,,,,,,,,,,,,,,,
,7269,7269.T,7269_20260818_01,7.0,False,True,2202.0,,,,,,,,,,,,,,,
,8316,8316.T,8316_20260827_02,7.0,False,True,6872.0,,,,,,,,,,,,,,,
,8604,8604.T,8604_20260818_01,7.0,True,False,1630.0,,,,,,,,,,,,,,,
,8308,8308.T,8308_20260827_01,7.0,False,True,2516.0,,,,,,,,,,,,,,,
,8354,8354.T,8354_20260821_01,7.0,False,True,7941.0,,,,,,,,,,,,,,,
,8331,8331.T,8331_20260818_01,7.0,False,True,2842.0,,,,,,,,,,,,,,,
,8306,8306.T,8306_20260818_01,7.0,False,True,3686.0,,,,,,,,,,,,,,,
,8604,8604.T,8604_20260818_01,7.0,True,False,1637.0,,,,,,,,,,,,,,,
,8411,8411.T,8411_20260818_01,7.0,True,True,8621.0,,,,,,,,,,,,,,,
,8725,8725.T,8725_20260818_01,7.0,True,False,5183.0,,,,,,,,,,,,,,,
,8601,8601.T,8601_20260818_01,7.0,True,False,1855.0,,,,,,,,,,,,,,,
,7203,7203.T,7203_20260901_01,7.0,False,True,3230.0,,,,,,,,,,,,,,,
,8015,8015.T,8015_20260828_01,7.0,False,True,7620.0,,,,,,,,,,,,,,,
,4021,4021.T,4021_20260831_02,7.0,False,True,8325.0,,,,,,,,,,,,,,,
,8308,8308.T,8308_20260827_01,7.0,False,True,2517.5,,,,,,,,,,,,,,,
,8309,8309.T,8309_20260818_01,7.0,True,False,1796.5,,,,,,,,,,,,,,,
,8316,8316.T,8316_20260827_02,7.0,False,True,6971.0,,,,,,,,,,,,,,,
,6178,6178.T,6178_20260828_01,7.0,False,True,2512.0,,,,,,,,,,,,,,,
,8725,8725.T,8725_20260818_01,7.0,True,False,5180.0,,,,,,,,,,,,,,,
,7269,7269.T,7269_20260818_01,7.0,True,False,2215.5,,,,,,,,,,,,,,,
,8601,8601.T,8601_20260818_01,7.0,True,False,1842.0,,,,,,,,,,,,,,,
,8604,8604.T,8604_20260818_01,7.0,True,False,1623.5,,,,,,,,,,,,,,,
,4578,4578.T,4578_20260818_01,7.0,False,True,12335.0,,,,,,,,,,,,,,,
,8316,8316.T,8316_20260827_02,7.0,False,True,6990.0,,,,,,,,,,,,,,,
,7203,7203.T,7203_20260901_01,7.0,False,True,3183.0,,,,,,,,,,,,,,,
,8591,8591.T,8591_20260901_02,7.0,False,True,6386.0,,,,,,,,,,,,,,,
,2914,2914.T,2914_20260821_01,7.0,False,True,7055.0,,,,,,,,,,,,,,,
,6178,6178.T,6178_20260828_01,7.0,False,True,2551.0,,,,,,,,,,,,,,,
,8309,8309.T,8309_20260818_01,7.0,True,False,1787.5,,,,,,,,,,,,,,,
,8604,8604.T,8604_20260818_01,7.0,True,True,1632.0,,,,,,,,,,,,,,,
,8308,8308.T,8308_20260827_01,7.0,False,True,2550.0,,,,,,,,,,,,,,,
,6178,6178.T,6178_20260828_01,7.0,False,True,2552.0,,,,,,,,,,,,,,,
,8015,8015.T,8015_20260828_01,7.0,False,True,7673.0,,,,,,,,,,,,,,,
,8316,8316.T,8316_20260827_02,7.0,False,True,7089.0,,,,,,,,,,,,,,,
,8354,8354.T,8354_20260821_01,7.0,False,True,7933.0,,,,,,,,,,,,,,,
,8306,8306.T,8306_20260818_01,7.0,False,True,3754.0,,,,,,,,,,,,,,,
,8411,8411.T,8411_20260818_01,7.0,False,True,8731.0,,,,,,,,,,,,,,,
,8750,8750.T,8750_20260827_02,7.0,True,False,1883.5,,,,,,,,,,,,,,,
,8725,8725.T,8725_20260818_01,7.0,True,True,5211.0,,,,,,,,,,,,,,,
,8601,8601.T,8601_20260818_01,7.0,True,True,1856.0,,,,,,,,,,,,,,,
,8309,8309.T,8309_20260818_01,7.0,True,False,1787.0,,,,,,,,,,,,,,,
,2503,2503.T,2503_20260818_01,7.0,True,False,2971.5,,,,,,,,,,,,,,,
,5108,5108.T,5108_20260818_01,7.0,True,False,4107.0,,,,,,,,,,,,,,,
,2801,2801.T,2801_20260827_01,7.0,True,False,1827.0,,,,,,,,,,,,,,,
,4578,4578.T,4578_20260818_01,7.0,True,False,12235.0,,,,,,,,,,,,,,,
,7269,7269.T,7269_20260818_01,7.0,True,False,2140.5,,,,,,,,,,,,,,,
,4631,4631.T,4631_20260818_01,7.0,True,False,5495.0,-7.279344858962689,-1.273885350318471,-8.043676069153772,-0.1583710407239819,2026-08-25,-3.639672429481344,-1.273885350318471,-11.22838944494996,-0.1134521880064829,2026-09-01,,,,,
,8604,8604.T,8604_20260818_01,7.0,True,False,1509.5,6.227227558794302,6.989069228221267,-0.8280887711162643,8.439999999999996,2026-08-26,6.558463067240816,9.4402119907254,-0.8280887711162643,11.399999999999984,2026-09-02,,,,,
,8309,8309.T,8309_20260818_01,7.0,True,False,1688.5,3.6718981344388446,4.441812259401834,-0.7699141249629893,5.769230769230734,2026-08-26,5.1228901391767945,7.936037903464621,-0.7699141249629893,10.30769230769226,2026-09-02,,,,,
,8725,8725.T,8725_20260818_01,7.0,True,False,4860.0,4.609053497942384,4.97942386831276,-2.1604938271604923,2.304761904761908,2026-08-26,5.65843621399178,7.489711934156373,-2.1604938271604923,3.466666666666667,2026-09-02,,,,,
,2503,2503.T,2503_20260818_01,7.0,True,False,2998.5,2.6846756711689235,4.018676004669008,0.1834250458562669,21.90909090909029,2026-08-26,-0.8004002001000488,4.018676004669008,-0.9504752376188086,4.228070175438607,2026-09-02,,,,,
,5019,5019.T,5019_20260818_01,7.0,False,True,1337.0,1.533283470456248,4.487658937920713,-0.4487658937920691,10.00000000000005,2026-08-26,9.349289454001486,12.266267763649964,-0.4487658937920691,27.3333333333335,2026-09-02,,,,,
,8331,8331.T,8331_20260818_01,7.0,True,False,2723.5,3.6166697264549352,4.681476041857913,-1.230034881586195,3.805970149253736,2026-08-26,2.808885625114743,5.195520469983483,-1.230034881586195,4.223880597014928,2026-09-02,,,,,
,5019,5019.T,5019_20260818_01,7.0,False,True,1349.5,1.519081141163392,3.519822156354202,-0.7039644312708426,4.999999999999984,2026-08-27,10.37421267135976,11.633938495739171,-0.7039644312708426,16.52631578947366,2026-09-03,,,,,
,4021,4021.T,4021_20260818_01,7.0,False,True,8162.0,-1.3354569958343498,1.1761823082577785,-4.165645675079633,0.2823529411764705,2026-08-27,-2.058319039451117,2.54839500122519,-4.165645675079633,0.6117647058823537,2026-09-03,,,,,
,5101,5101.T,5101_20260818_01,7.0,True,False,7562.0,-1.5075376884422065,2.618354932557532,-2.36709865115049,1.1061452513966508,2026-08-27,-7.061623909018778,2.618354932557532,-9.151018249140442,0.2861271676300585,2026-09-03,,,,,
,7269,7269.T,7269_20260818_01,7.0,True,True,2087.0,2.2520364159080097,4.120747484427412,-0.7906085289889786,5.212121212121223,2026-08-27,1.030186871106853,9.631049353138476,-0.7906085289889786,12.181818181818194,2026-09-03,,,,,
,8309,8309.T,8309_20260818_01,7.0,True,False,1690.5,4.170363797693,4.939367051168286,-0.3549245785270605,13.916666666666744,2026-08-27,5.708370304643595,7.808340727595375,-0.3549245785270605,22.000000000000124,2026-09-03,,,,,
,8604,8604.T,8604_20260818_01,7.0,True,False,1521.0,5.950032873109801,6.804733727810652,-1.4792899408283988,4.600000000000012,2026-08-27,7.297830374753443,9.434582511505596,-1.4792899408283988,6.377777777777798,2026-09-03,,,,,
,8601,8601.T,8601_20260818_01,7.0,True,False,1757.0,3.7564029595902095,4.524758110415483,-0.8252703471826939,5.482758620689684,2026-08-27,5.634604439385327,6.659077973819016,-0.8252703471826939,8.068965517241425,2026-09-03,,,,,
,4503,4503.T,4503_20260820_01,7.0,False,True,2418.0,-1.1166253101737025,1.530190239867668,-1.8610421836228297,0.8222222222222266,2026-08-27,-0.041356492969391,1.530190239867668,-3.61869313482217,0.4228571428571449,2026-09-03,,,,,
,9503,9503.T,9503_20260820_01,7.0,False,True,2557.5,1.8572825024437911,3.186705767350939,-1.2903225806451646,2.4696969696969715,2026-08-27,18.318670576735087,19.37438905180841,-1.2903225806451646,15.015151515151484,2026-09-03,,,,,
,8725,8725.T,8725_20260818_01,7.0,True,True,4945.0,3.4175935288169867,3.842264914054594,-1.7391304347826098,2.20930232558139,2026-08-28,5.965621840242674,7.482305358948427,-1.7391304347826098,4.302325581395343,2026-09-04,,,,,
,8604,8604.T,8604_20260818_01,7.0,True,False,1535.0,6.970684039087938,7.622149837133539,-1.140065146579805,6.685714285714274,2026-08-28,8.729641693811075,9.348534201954406,-1.140065146579805,8.200000000000005,2026-09-04,,,,,
,8331,8331.T,8331_20260818_01,7.0,True,False,2753.5,2.215362266206644,3.5409478845106257,-1.2529507899037615,2.826086956521735,2026-08-28,3.904122026511714,4.249137461412755,-1.2529507899037615,3.3913043478260856,2026-09-04,,,,,
,7269,7269.T,7269_20260818_01,7.0,False,True,2103.5,3.161397670549082,3.304017114333257,-1.02210601378655,3.232558139534875,2026-08-28,-1.735203232707394,8.771095792726413,-2.1868314713572645,4.010869565217388,2026-09-04,,,,,
,8601,8601.T,8601_20260818_01,7.0,True,False,1779.0,4.721753794266448,5.340078695896566,-0.6464305789769531,8.260869565217387,2026-08-28,4.946599213041036,6.68915120854412,-0.6464305789769531,10.347826086956516,2026-09-04,,,,,
,8309,8309.T,8309_20260818_01,7.0,True,False,1715.5,4.313611192072275,4.809093558729227,-1.0492567764500138,4.58333333333333,2026-08-28,4.983969688137568,6.237248615563984,-1.0492567764500138,5.944444444444457,2026-09-04,,,,,
,8604,8604.T,8604_20260818_01,7.0,True,False,1539.0,6.270305393112419,7.342430149447687,0.5198180636777128,14.12499999999999,2026-08-31,,,,,,,,,,
,8601,8601.T,8601_20260818_01,7.0,True,False,1786.5,3.1905961376994085,4.897844948222785,0.2518891687657509,19.44444444444385,2026-08-31,,,,,,,,,,
,7269,7269.T,7269_20260818_01,7.0,True,False,2126.5,4.726075711262645,5.360921702327759,-0.446743475193978,12.00000000000005,2026-08-31,,,,,,,,,,
,8725,8725.T,8725_20260818_01,7.0,True,False,4927.0,3.653338745687029,4.221635883905006,0.9133346864217629,4.622222222222188,2026-08-31,,,,,,,,,,
,9503,9503.T,9503_20260820_01,7.0,False,True,2582.0,8.849728892331532,9.004647560030987,-0.7164988381099913,12.56756756756759,2026-08-31,,,,,,,,,,
,4503,4503.T,4503_20260820_01,7.0,False,True,2406.5,-1.4543943486390989,2.015375025971333,-3.158113442759192,0.6381578947368443,2026-08-31,,,,,,,,,,
,8309,8309.T,8309_20260818_01,7.0,True,False,1702.0,4.406580493537016,5.640423031727382,-0.1175088131609825,48.00000000000189,2026-08-31,,,,,,,,,,
,4503,4503.T,4503_20260820_01,7.0,False,True,2415.0,-0.0207039337474124,1.6563146997929712,-3.498964803312632,0.4733727810650914,2026-09-01,,,,,,,,,,
,7269,7269.T,7269_20260818_01,7.0,True,False,2119.0,6.418121755545059,7.975460122699385,0.4483246814535269,17.789473684210083,2026-09-01,,,,,,,,,,
,8725,8725.T,8725_20260818_01,7.0,True,False,5072.0,2.267350157728698,2.9968454258675115,-1.0055205047318605,2.980392156862751,2026-09-01,,,,,,,,,,
,8601,8601.T,8601_20260818_01,7.0,True,False,1813.5,2.591673559415497,3.3360904328646246,-1.2406947890818865,2.688888888888886,2026-09-01,,,,,,,,,,
,9503,9503.T,9503_20260820_01,7.0,False,True,2591.5,14.02662550646343,14.084507042253524,-1.0804553347482204,13.035714285714226,2026-09-01,,,,,,,,,,
,8309,8309.T,8309_20260818_01,7.0,True,False,1734.0,4.354094579008083,5.103806228373697,0.4901960784313708,10.41176470588238,2026-09-01,,,,,,,,,,
,2503,2503.T,2503_20260818_01,7.0,False,True,3084.0,-0.745784695201035,1.1348897535667923,-2.075226977950717,0.5468749999999971,2026-09-01,,,,,,,,,,
,8604,8604.T,8604_20260818_01,7.0,True,False,1571.5,4.39070951320395,5.122494432071267,0.1590836780146265,32.20000000000184,2026-09-01,,,,,,,,,,
,8750,8750.T,8750_20260827_02,7.0,True,False,1817.0,3.6598789212988425,4.155200880572374,-0.3577325261419961,11.615384615384496,2026-09-03,,,,,,,,,,
,8604,8604.T,8604_20260818_01,7.0,True,True,1620.0,0.7407407407407307,2.746913580246924,-1.4197530864197505,1.9347826086956628,2026-09-03,,,,,,,,,,
,8411,8411.T,8411_20260818_01,7.0,False,True,8326.0,4.864280566898871,6.822003362959395,-0.4323804948354603,15.777777777777567,2026-09-03,,,,,,,,,,
,8601,8601.T,8601_20260818_01,7.0,True,False,1827.5,1.559507523939807,2.5444596443228384,-0.5198358413132653,4.894736842105289,2026-09-03,,,,,,,,,,
,8725,8725.T,8725_20260818_01,7.0,True,False,5042.0,3.3518445061483604,4.204680682268935,-0.4165013883379642,10.095238095238006,2026-09-03,,,,,,,,,,
,2914,2914.T,2914_20260821_01,7.0,False,True,7014.0,-0.9409751924721932,1.3544339891645274,-1.6110635871114942,0.840707964601768,2026-09-03,,,,,,,,,,
,8309,8309.T,8309_20260818_01,7.0,True,False,1756.5,1.7364076288072905,3.757472245943627,-0.5693139766581257,6.599999999999996,2026-09-03,,,,,,,,,,
,9503,9503.T,9503_20260820_01,7.0,False,True,2590.5,16.811426365566497,17.853696197645252,-1.042269832078746,17.129629629629694,2026-09-03,,,,,,,,,,
,8308,8308.T,8308_20260827_01,7.0,False,True,2430.0,4.938271604938271,7.037037037037042,0.5144032921810648,13.680000000000144,2026-09-03,,,,,,,,,,
,9432,9432.T,9432_20260827_01,7.0,False,True,167.6,3.341286961958345,5.011933174224348,-0.1789957925072638,28.000284833627912,2026-09-03,,,,,,,,,,
,8354,8354.T,8354_20260821_01,7.0,False,True,7733.0,2.5863183757920627,3.724298461140574,-0.4138109401267242,9.000000000000135,2026-09-03,,,,,,,,,,
,6178,6178.T,6178_20260828_01,7.0,False,True,2425.5,3.586889301175012,7.318078746650181,-0.8864151721294622,8.255813953488337,2026-09-04,,,,,,,,,,
,8015,8015.T,8015_20260828_01,7.0,False,True,7583.0,0.0659369642621587,2.5187920348147097,-3.2045364631412387,0.7860082304526721,2026-09-04,,,,,,,,,,
,8354,8354.T,8354_20260821_01,7.0,False,True,7861.0,0.8141457829792698,2.048085485307216,-1.717338760971887,1.1925925925925942,2026-09-04,,,,,,,,,,
,8309,8309.T,8309_20260818_01,7.0,True,False,1787.0,0.7834359261331914,1.9865696698377235,-2.266368214885284,0.8765432098765457,2026-09-04,,,,,,,,,,
,8725,8725.T,8725_20260818_01,7.0,True,False,5115.0,2.4437927663734094,3.910068426197455,-1.0752688172043,3.636363636363636,2026-09-04,,,,,,,,,,
,8316,8316.T,8316_20260827_02,7.0,False,True,6881.0,2.935619822700186,4.359831419851767,-1.5259409969481164,2.857142857142861,2026-09-04,,,,,,,,,,
,8604,8604.T,8604_20260818_01,7.0,True,False,1642.5,1.6133942161339343,2.191780821917799,-2.7701674277016752,0.7912087912087877,2026-09-04,,,,,,,,,,
,8411,8411.T,8411_20260818_01,7.0,True,True,8449.0,3.846609066161677,5.266895490590606,-1.4676293052432232,3.5887096774193594,2026-09-04,,,,,,,,,,
,8601,8601.T,8601_20260818_01,7.0,True,False,1869.5,-0.1337255950788929,1.5244717838994282,-2.754747258625301,0.5533980582524235,2026-09-04,,,,,,,,,,
,9766,9766.T,9766_20260824_01,7.0,False,True,22185.0,-3.0876718503493383,1.1043497858913789,-3.944106378183454,0.2800000000000029,2026-09-04,,,,,,,,,,
,8308,8308.T,8308_20260827_01,7.0,False,True,2520.0,1.1904761904761862,3.214285714285725,-1.6666666666666718,1.928571428571429,2026-09-04,,,,,,,,,,
,8331,8331.T,8331_20260818_01,7.0,False,True,2822.0,1.381998582565558,1.7186392629340963,-1.8426647767540767,0.9326923076923104,2026-09-04,,,,,,,,,,
,7269,7269.T,7269_20260818_01,7.0,False,True,2202.0,,,,,,,,,,,,,,,
,8354,8354.T,8354_20260821_01,7.0,False,True,7815.0,,,,,,,,,,,,,,,
,8601,8601.T,8601_20260818_01,7.0,True,False,1844.0,,,,,,,,,,,,,,,
,9101,9101.T,9101_20260827_01,7.0,True,False,6941.0,,,,,,,,,,,,,,,
,8725,8725.T,8725_20260818_01,7.0,True,True,5071.0,,,,,,,,,,,,,,,
,8316,8316.T,8316_20260827_02,7.0,False,True,6872.0,,,,,,,,,,,,,,,
,8604,8604.T,8604_20260818_01,7.0,True,False,1630.0,,,,,,,,,,,,,,,
,8309,8309.T,8309_20260818_01,7.0,True,False,1767.5,,,,,,,,,,,,,,,
,8308,8308.T,8308_20260827_01,7.0,False,True,2516.0,,,,,,,,,,,,,,,
,8354,8354.T,8354_20260821_01,7.0,False,True,7941.0,,,,,,,,,,,,,,,
,6178,6178.T,6178_20260828_01,7.0,False,True,2512.0,,,,,,,,,,,,,,,
,8316,8316.T,8316_20260827_02,7.0,False,True,6971.0,,,,,,,,,,,,,,,
,8331,8331.T,8331_20260818_01,7.0,False,True,2842.0,,,,,,,,,,,,,,,
,8306,8306.T,8306_20260818_01,7.0,False,True,3686.0,,,,,,,,,,,,,,,
,8604,8604.T,8604_20260818_01,7.0,True,False,1637.0,,,,,,,,,,,,,,,
,8411,8411.T,8411_20260818_01,7.0,True,True,8621.0,,,,,,,,,,,,,,,
,8725,8725.T,8725_20260818_01,7.0,True,False,5183.0,,,,,,,,,,,,,,,
,8601,8601.T,8601_20260818_01,7.0,True,False,1855.0,,,,,,,,,,,,,,,
,8015,8015.T,8015_20260828_01,7.0,False,True,7620.0,,,,,,,,,,,,,,,
,4021,4021.T,4021_20260831_02,7.0,False,True,8325.0,,,,,,,,,,,,,,,
,8308,8308.T,8308_20260827_01,7.0,False,True,2517.5,,,,,,,,,,,,,,,
,8309,8309.T,8309_20260818_01,7.0,True,False,1796.5,,,,,,,,,,,,,,,
,7203,7203.T,7203_20260901_01,7.0,False,True,3230.0,,,,,,,,,,,,,,,
,8601,8601.T,8601_20260818_01,7.0,True,False,1842.0,,,,,,,,,,,,,,,
,8604,8604.T,8604_20260818_01,7.0,True,False,1623.5,,,,,,,,,,,,,,,
,7269,7269.T,7269_20260818_01,7.0,True,False,2215.5,,,,,,,,,,,,,,,
,8725,8725.T,8725_20260818_01,7.0,True,False,5180.0,,,,,,,,,,,,,,,
,4578,4578.T,4578_20260818_01,7.0,False,True,12335.0,,,,,,,,,,,,,,,
,8316,8316.T,8316_20260827_02,7.0,False,True,6990.0,,,,,,,,,,,,,,,
,7203,7203.T,7203_20260901_01,7.0,False,True,3183.0,,,,,,,,,,,,,,,
,8591,8591.T,8591_20260901_02,7.0,False,True,6386.0,,,,,,,,,,,,,,,
,2914,2914.T,2914_20260821_01,7.0,False,True,7055.0,,,,,,,,,,,,,,,
,6178,6178.T,6178_20260828_01,7.0,False,True,2551.0,,,,,,,,,,,,,,,
,8309,8309.T,8309_20260818_01,7.0,True,False,1787.5,,,,,,,,,,,,,,,
,8601,8601.T,8601_20260818_01,7.0,True,True,1856.0,,,,,,,,,,,,,,,
,8725,8725.T,8725_20260818_01,7.0,True,True,5211.0,,,,,,,,,,,,,,,
,8750,8750.T,8750_20260827_02,7.0,True,False,1883.5,,,,,,,,,,,,,,,
,8411,8411.T,8411_20260818_01,7.0,False,True,8731.0,,,,,,,,,,,,,,,
,8306,8306.T,8306_20260818_01,7.0,False,True,3754.0,,,,,,,,,,,,,,,
,8354,8354.T,8354_20260821_01,7.0,False,True,7933.0,,,,,,,,,,,,,,,
,8316,8316.T,8316_20260827_02,7.0,False,True,7089.0,,,,,,,,,,,,,,,
,8015,8015.T,8015_20260828_01,7.0,False,True,7673.0,,,,,,,,,,,,,,,
,6178,6178.T,6178_20260828_01,7.0,False,True,2552.0,,,,,,,,,,,,,,,
,8308,8308.T,8308_20260827_01,7.0,False,True,2550.0,,,,,,,,,,,,,,,
,8604,8604.T,8604_20260818_01,7.0,True,True,1632.0,,,,,,,,,,,,,,,
,8309,8309.T,8309_20260818_01,7.0,True,False,1787.0,,,,,,,,,,,,,,,
,8309,8309.T,8309_20260818_01,7.0,True,False,1801.0,,,,,,,,,,,,,,,
,8604,8604.T,8604_20260818_01,7.0,True,True,1669.0,,,,,,,,,,,,,,,
,8601,8601.T,8601_20260818_01,7.0,True,False,1867.0,,,,,,,,,,,,,,,
,8725,8725.T,8725_20260818_01,7.0,True,True,5240.0,,,,,,,,,,,,,,,
,8750,8750.T,8750_20260827_02,7.0,True,False,1877.5,,,,,,,,,,,,,,,
,8411,8411.T,8411_20260818_01,7.0,False,True,8774.0,,,,,,,,,,,,,,,
,8306,8306.T,8306_20260818_01,7.0,False,True,3785.0,,,,,,,,,,,,,,,
,8354,8354.T,8354_20260821_01,7.0,False,True,7925.0,,,,,,,,,,,,,,,
,8316,8316.T,8316_20260827_02,7.0,False,True,7083.0,,,,,,,,,,,,,,,
,6178,6178.T,6178_20260828_01,7.0,False,True,2512.5,,,,,,,,,,,,,,,
,8053,8053.T,8053_20260904_01,7.0,False,True,1820.0,,,,,,,,,,,,,,,
,4631,4631.T,4631_20260818_01,7.0,True,False,5495.0,-7.279344858962689,-1.273885350318471,-8.043676069153772,-0.1583710407239819,2026-08-25,-3.639672429481344,-1.273885350318471,-11.22838944494996,-0.1134521880064829,2026-09-01,,,,,
,8725,8725.T,8725_20260818_01,7.0,True,False,4860.0,4.609053497942384,4.97942386831276,-2.1604938271604923,2.304761904761908,2026-08-26,5.65843621399178,7.489711934156373,-2.1604938271604923,3.466666666666667,2026-09-02,,,,,
,2503,2503.T,2503_20260818_01,7.0,True,False,2998.5,2.6846756711689235,4.018676004669008,0.1834250458562669,21.90909090909029,2026-08-26,-0.8004002001000488,4.018676004669008,-0.9504752376188086,4.228070175438607,2026-09-02,,,,,
,5019,5019.T,5019_20260818_01,7.0,False,True,1337.0,1.533283470456248,4.487658937920713,-0.4487658937920691,10.00000000000005,2026-08-26,9.349289454001486,12.266267763649964,-0.4487658937920691,27.3333333333335,2026-09-02,,,,,
,8331,8331.T,8331_20260818_01,7.0,True,False,2723.5,3.6166697264549352,4.681476041857913,-1.230034881586195,3.805970149253736,2026-08-26,2.808885625114743,5.195520469983483,-1.230034881586195,4.223880597014928,2026-09-02,,,,,
,8309,8309.T,8309_20260818_01,7.0,True,False,1688.5,3.6718981344388446,4.441812259401834,-0.7699141249629893,5.769230769230734,2026-08-26,5.1228901391767945,7.936037903464621,-0.7699141249629893,10.30769230769226,2026-09-02,,,,,
,8604,8604.T,8604_20260818_01,7.0,True,False,1509.5,6.227227558794302,6.989069228221267,-0.8280887711162643,8.439999999999996,2026-08-26,6.558463067240816,9.4402119907254,-0.8280887711162643,11.399999999999984,2026-09-02,,,,,
,4503,4503.T,4503_20260820_01,7.0,False,True,2418.0,-1.1166253101737025,1.530190239867668,-1.8610421836228297,0.8222222222222266,2026-08-27,-0.041356492969391,1.530190239867668,-3.61869313482217,0.4228571428571449,2026-09-03,,,,,
,9503,9503.T,9503_20260820_01,7.0,False,True,2557.5,1.8572825024437911,3.186705767350939,-1.2903225806451646,2.4696969696969715,2026-08-27,18.318670576735087,19.37438905180841,-1.2903225806451646,15.015151515151484,2026-09-03,,,,,
,8601,8601.T,8601_20260818_01,7.0,True,False,1757.0,3.7564029595902095,4.524758110415483,-0.8252703471826939,5.482758620689684,2026-08-27,5.634604439385327,6.659077973819016,-0.8252703471826939,8.068965517241425,2026-09-03,,,,,
,5019,5019.T,5019_20260818_01,7.0,False,True,1349.5,1.519081141163392,3.519822156354202,-0.7039644312708426,4.999999999999984,2026-08-27,10.37421267135976,11.633938495739171,-0.7039644312708426,16.52631578947366,2026-09-03,,,,,
,4021,4021.T,4021_20260818_01,7.0,False,True,8162.0,-1.3354569958343498,1.1761823082577785,-4.165645675079633,0.2823529411764705,2026-08-27,-2.058319039451117,2.54839500122519,-4.165645675079633,0.6117647058823537,2026-09-03,,,,,
,5101,5101.T,5101_20260818_01,7.0,True,False,7562.0,-1.5075376884422065,2.618354932557532,-2.36709865115049,1.1061452513966508,2026-08-27,-7.061623909018778,2.618354932557532,-9.151018249140442,0.2861271676300585,2026-09-03,,,,,
,7269,7269.T,7269_20260818_01,7.0,True,True,2087.0,2.2520364159080097,4.120747484427412,-0.7906085289889786,5.212121212121223,2026-08-27,1.030186871106853,9.631049353138476,-0.7906085289889786,12.181818181818194,2026-09-03,,,,,
,8309,8309.T,8309_20260818_01,7.0,True,False,1690.5,4.170363797693,4.939367051168286,-0.3549245785270605,13.916666666666744,2026-08-27,5.708370304643595,7.808340727595375,-0.3549245785270605,22.000000000000124,2026-09-03,,,,,
,8604,8604.T,8604_20260818_01,7.0,True,False,1521.0,5.950032873109801,6.804733727810652,-1.4792899408283988,4.600000000000012,2026-08-27,7.297830374753443,9.434582511505596,-1.4792899408283988,6.377777777777798,2026-09-03,,,,,
,8604,8604.T,8604_20260818_01,7.0,True,False,1535.0,6.970684039087938,7.622149837133539,-1.140065146579805,6.685714285714274,2026-08-28,8.729641693811075,9.348534201954406,-1.140065146579805,8.200000000000005,2026-09-04,,,,,
,8331,8331.T,8331_20260818_01,7.0,True,False,2753.5,2.215362266206644,3.5409478845106257,-1.2529507899037615,2.826086956521735,2026-08-28,3.904122026511714,4.249137461412755,-1.2529507899037615,3.3913043478260856,2026-09-04,,,,,
,7269,7269.T,7269_20260818_01,7.0,False,True,2103.5,3.161397670549082,3.304017114333257,-1.02210601378655,3.232558139534875,2026-08-28,-1.735203232707394,8.771095792726413,-2.1868314713572645,4.010869565217388,2026-09-04,,,,,
,8601,8601.T,8601_20260818_01,7.0,True,False,1779.0,4.721753794266448,5.340078695896566,-0.6464305789769531,8.260869565217387,2026-08-28,4.946599213041036,6.68915120854412,-0.6464305789769531,10.347826086956516,2026-09-04,,,,,
,8309,8309.T,8309_20260818_01,7.0,True,False,1715.5,4.313611192072275,4.809093558729227,-1.0492567764500138,4.58333333333333,2026-08-28,4.983969688137568,6.237248615563984,-1.0492567764500138,5.944444444444457,2026-09-04,,,,,
,8725,8725.T,8725_20260818_01,7.0,True,True,4945.0,3.4175935288169867,3.842264914054594,-1.7391304347826098,2.20930232558139,2026-08-28,5.965621840242674,7.482305358948427,-1.7391304347826098,4.302325581395343,2026-09-04,,,,,
,8604,8604.T,8604_20260818_01,7.0,True,False,1539.0,6.270305393112419,7.342430149447687,0.5198180636777128,14.12499999999999,2026-08-31,7.602339181286544,9.064327485380108,0.5198180636777128,17.437499999999982,2026-09-07,,,,,
,8601,8601.T,8601_20260818_01,7.0,True,False,1786.5,3.1905961376994085,4.897844948222785,0.2518891687657509,19.44444444444385,2026-08-31,4.478029666946548,6.241253848306738,0.2518891687657509,24.777777777776976,2026-09-07,,,,,
,7269,7269.T,7269_20260818_01,7.0,True,False,2126.5,4.726075711262645,5.360921702327759,-0.446743475193978,12.00000000000005,2026-08-31,-3.362332471196805,7.594639078297671,-3.99717846226193,1.900000000000001,2026-09-07,,,,,
,8725,8725.T,8725_20260818_01,7.0,True,False,4927.0,3.653338745687029,4.221635883905006,0.9133346864217629,4.622222222222188,2026-08-31,4.5057844530139946,7.874974629592035,0.9133346864217629,8.622222222222163,2026-09-07,,,,,
,9503,9503.T,9503_20260820_01,7.0,False,True,2582.0,8.849728892331532,9.004647560030987,-0.7164988381099913,12.56756756756759,2026-08-31,14.852827265685509,18.24167312161116,-0.7164988381099913,25.4594594594595,2026-09-07,,,,,
,4503,4503.T,4503_20260820_01,7.0,False,True,2406.5,-1.4543943486390989,2.015375025971333,-3.158113442759192,0.6381578947368443,2026-08-31,-4.300851859547061,2.015375025971333,-4.529399542904633,0.4449541284403682,2026-09-07,,,,,
,8309,8309.T,8309_20260818_01,7.0,True,False,1702.0,4.406580493537016,5.640423031727382,-0.1175088131609825,48.00000000000189,2026-08-31,4.700352526439477,7.079905992949476,-0.1175088131609825,60.25000000000239,2026-09-07,,,,,
,8725,8725.T,8725_20260818_01,7.0,True,False,5072.0,2.267350157728698,2.9968454258675115,-1.0055205047318605,2.980392156862751,2026-09-01,0.5717665615141865,4.7910094637223954,-1.0055205047318605,4.764705882352943,2026-09-08,,,,,
,4503,4503.T,4503_20260820_01,7.0,False,True,2415.0,-0.0207039337474124,1.6563146997929712,-3.498964803312632,0.4733727810650914,2026-09-01,-5.093167701863354,1.6563146997929712,-5.9834368530020665,0.2768166089965417,2026-09-08,,,,,
,7269,7269.T,7269_20260818_01,7.0,True,False,2119.0,6.418121755545059,7.975460122699385,0.4483246814535269,17.789473684210083,2026-09-01,-4.766399244926856,7.975460122699385,-5.474280320906089,1.4568965517241377,2026-09-08,,,,,
,8601,8601.T,8601_20260818_01,7.0,True,False,1813.5,2.591673559415497,3.3360904328646246,-1.2406947890818865,2.688888888888886,2026-09-01,2.4538185828508308,4.659498207885315,-1.2406947890818865,3.755555555555562,2026-09-08,,,,,
,9503,9503.T,9503_20260820_01,7.0,False,True,2591.5,14.02662550646343,14.084507042253524,-1.0804553347482204,13.035714285714226,2026-09-01,14.354620875940572,17.808219178082197,-1.0804553347482204,16.482142857142783,2026-09-08,,,,,
,8309,8309.T,8309_20260818_01,7.0,True,False,1734.0,4.354094579008083,5.103806228373697,0.4901960784313708,10.41176470588238,2026-09-01,2.1914648212226107,5.103806228373697,0.4901960784313708,10.41176470588238,2026-09-08,,,,,
,2503,2503.T,2503_20260818_01,7.0,False,True,3084.0,-0.745784695201035,1.1348897535667923,-2.075226977950717,0.5468749999999971,2026-09-01,-7.101167315175094,1.1348897535667923,-7.71725032425421,0.1470588235294113,2026-09-08,,,,,
,8604,8604.T,8604_20260818_01,7.0,True,False,1571.5,4.39070951320395,5.122494432071267,0.1590836780146265,32.20000000000184,2026-09-01,5.917912822144444,6.808781419026411,0.1590836780146265,42.80000000000248,2026-09-08,,,,,
,9503,9503.T,9503_20260820_01,7.0,False,True,2590.5,16.811426365566497,17.853696197645252,-1.042269832078746,17.129629629629694,2026-09-03,,,,,,,,,,
,8308,8308.T,8308_20260827_01,7.0,False,True,2430.0,4.938271604938271,7.037037037037042,0.5144032921810648,13.680000000000144,2026-09-03,,,,,,,,,,
,8750,8750.T,8750_20260827_02,7.0,True,False,1817.0,3.6598789212988425,4.155200880572374,-0.3577325261419961,11.615384615384496,2026-09-03,,,,,,,,,,
,8604,8604.T,8604_20260818_01,7.0,True,True,1620.0,0.7407407407407307,2.746913580246924,-1.4197530864197505,1.9347826086956628,2026-09-03,,,,,,,,,,
,8411,8411.T,8411_20260818_01,7.0,False,True,8326.0,4.864280566898871,6.822003362959395,-0.4323804948354603,15.777777777777567,2026-09-03,,,,,,,,,,
,8601,8601.T,8601_20260818_01,7.0,True,False,1827.5,1.559507523939807,2.5444596443228384,-0.5198358413132653,4.894736842105289,2026-09-03,,,,,,,,,,
,8725,8725.T,8725_20260818_01,7.0,True,False,5042.0,3.3518445061483604,4.204680682268935,-0.4165013883379642,10.095238095238006,2026-09-03,,,,,,,,,,
,2914,2914.T,2914_20260821_01,7.0,False,True,7014.0,-0.9409751924721932,1.3544339891645274,-1.6110635871114942,0.840707964601768,2026-09-03,,,,,,,,,,
,8309,8309.T,8309_20260818_01,7.0,True,False,1756.5,1.7364076288072905,3.757472245943627,-0.5693139766581257,6.599999999999996,2026-09-03,,,,,,,,,,
,8354,8354.T,8354_20260821_01,7.0,False,True,7733.0,2.5863183757920627,3.724298461140574,-0.4138109401267242,9.000000000000135,2026-09-03,,,,,,,,,,
,9432,9432.T,9432_20260827_01,7.0,False,True,167.6,3.341286961958345,5.011933174224348,-0.1789957925072638,28.000284833627912,2026-09-03,,,,,,,,,,
,8601,8601.T,8601_20260818_01,7.0,True,False,1869.5,-0.1337255950788929,1.5244717838994282,-2.754747258625301,0.5533980582524235,2026-09-04,,,,,,,,,,
,8316,8316.T,8316_20260827_02,7.0,False,True,6881.0,2.935619822700186,4.359831419851767,-1.5259409969481164,2.857142857142861,2026-09-04,,,,,,,,,,
,8604,8604.T,8604_20260818_01,7.0,True,False,1642.5,1.6133942161339343,2.191780821917799,-2.7701674277016752,0.7912087912087877,2026-09-04,,,,,,,,,,
,8411,8411.T,8411_20260818_01,7.0,True,True,8449.0,3.846609066161677,5.266895490590606,-1.4676293052432232,3.5887096774193594,2026-09-04,,,,,,,,,,
,8308,8308.T,8308_20260827_01,7.0,False,True,2520.0,1.1904761904761862,3.214285714285725,-1.6666666666666718,1.928571428571429,2026-09-04,,,,,,,,,,
,8331,8331.T,8331_20260818_01,7.0,False,True,2822.0,1.381998582565558,1.7186392629340963,-1.8426647767540767,0.9326923076923104,2026-09-04,,,,,,,,,,
,8725,8725.T,8725_20260818_01,7.0,True,False,5115.0,2.4437927663734094,3.910068426197455,-1.0752688172043,3.636363636363636,2026-09-04,,,,,,,,,,
,9766,9766.T,9766_20260824_01,7.0,False,True,22185.0,-3.0876718503493383,1.1043497858913789,-3.944106378183454,0.2800000000000029,2026-09-04,,,,,,,,,,
,8309,8309.T,8309_20260818_01,7.0,True,False,1787.0,0.7834359261331914,1.9865696698377235,-2.266368214885284,0.8765432098765457,2026-09-04,,,,,,,,,,
,6178,6178.T,6178_20260828_01,7.0,False,True,2425.5,3.586889301175012,7.318078746650181,-0.8864151721294622,8.255813953488337,2026-09-04,,,,,,,,,,
,8015,8015.T,8015_20260828_01,7.0,False,True,7583.0,0.0659369642621587,2.5187920348147097,-3.2045364631412387,0.7860082304526721,2026-09-04,,,,,,,,,,
,8354,8354.T,8354_20260821_01,7.0,False,True,7861.0,0.8141457829792698,2.048085485307216,-1.717338760971887,1.1925925925925942,2026-09-04,,,,,,,,,,
,8309,8309.T,8309_20260818_01,7.0,True,False,1767.5,0.8203677510608243,3.111739745403108,-1.1881188118811892,2.6190476190476137,2026-09-07,,,,,,,,,,
,7269,7269.T,7269_20260818_01,7.0,False,True,2202.0,-6.675749318801094,3.905540417802,-7.288828337874664,0.5358255451713395,2026-09-07,,,,,,,,,,
,8354,8354.T,8354_20260821_01,7.0,False,True,7815.0,0.6525911708253451,2.648752399232235,-0.754958413307738,3.508474576271188,2026-09-07,,,,,,,,,,
,8601,8601.T,8601_20260818_01,7.0,True,False,1844.0,1.2201735357917576,2.9284164859002093,-1.4099783080260275,2.076923076923076,2026-09-07,,,,,,,,,,
,9101,9101.T,9101_20260827_01,7.0,True,False,6941.0,6.901022907362053,7.549344474859532,0.7491715891081885,10.076923076923205,2026-09-07,,,,,,,,,,
,8725,8725.T,8725_20260818_01,7.0,True,True,5071.0,1.5381581542102118,4.811674225990936,0.1971997633602784,24.40000000000072,2026-09-07,,,,,,,,,,
,8316,8316.T,8316_20260827_02,7.0,False,True,6872.0,1.5133876600698537,4.49650756693829,-0.1018626309662429,44.142857142855696,2026-09-07,,,,,,,,,,
,8604,8604.T,8604_20260818_01,7.0,True,False,1630.0,1.595092024539868,2.9754601226993804,-2.024539877300613,1.469696969696967,2026-09-07,,,,,,,,,,
,8308,8308.T,8308_20260827_01,7.0,False,True,2516.0,1.0532591414944337,3.378378378378377,-1.5103338632750374,2.2368421052631606,2026-09-07,,,,,,,,,,
,8601,8601.T,8601_20260818_01,7.0,True,False,1855.0,0.2156334231805834,2.3180592991913773,-1.99460916442048,1.1621621621621665,2026-09-08,,,,,,,,,,
,8306,8306.T,8306_20260818_01,7.0,False,True,3686.0,-0.1899077590884479,2.9571351058057527,-1.6006511123168754,1.847457627118644,2026-09-08,,,,,,,,,,
,8411,8411.T,8411_20260818_01,7.0,True,True,8621.0,0.5451803735065486,3.166685999304031,-1.3339519777287978,2.373913043478272,2026-09-08,,,,,,,,,,
,8604,8604.T,8604_20260818_01,7.0,True,False,1637.0,1.740989615149657,2.5351252290775728,-2.443494196701279,1.0374999999999983,2026-09-08,,,,,,,,,,
,8725,8725.T,8725_20260818_01,7.0,True,False,5183.0,-1.562801466332242,2.5467875747636537,-2.2187922052865128,1.1478260869565236,2026-09-08,,,,,,,,,,
,8015,8015.T,8015_20260828_01,7.0,False,True,7620.0,0.0918635170603643,2.33595800524935,-2.650918635170607,0.8811881188118824,2026-09-08,,,,,,,,,,
,4021,4021.T,4021_20260831_02,7.0,False,True,8325.0,-4.86486486486486,-1.5135135135135092,-6.21021021021021,-0.2437137330754345,2026-09-08,,,,,,,,,,
,8308,8308.T,8308_20260827_01,7.0,False,True,2517.5,-0.2780536246276055,3.3167825223435976,-1.6087388282025827,2.061728395061729,2026-09-08,,,,,,,,,,
,8309,8309.T,8309_20260818_01,7.0,True,False,1796.5,-1.3359309768995242,1.0019482326746545,-2.783189535207342,0.360000000000004,2026-09-08,,,,,,,,,,
,7203,7203.T,7203_20260901_01,7.0,False,True,3230.0,-6.346749226006187,-1.2383900928792602,-6.996904024767803,-0.1769911504424783,2026-09-08,,,,,,,,,,
,8331,8331.T,8331_20260818_01,7.0,False,True,2842.0,-1.6361717100633388,1.3546798029556717,-2.867698803659391,0.4723926380368128,2026-09-08,,,,,,,,,,
,8316,8316.T,8316_20260827_02,7.0,False,True,6971.0,-0.5164251900731553,3.0124802754267765,-2.209152201979625,1.3636363636363704,2026-09-08,,,,,,,,,,
,6178,6178.T,6178_20260828_01,7.0,False,True,2512.0,-1.6321656050955369,3.6226114649681618,-2.2292993630573243,1.6250000000000044,2026-09-08,,,,,,,,,,
,8354,8354.T,8354_20260821_01,7.0,False,True,7941.0,-0.931872560130964,1.0200226671703838,-2.1911598035511903,0.4655172413793113,2026-09-08,,,,,,,,,,
,8601,8601.T,8601_20260818_01,7.0,True,False,1842.0,,,,,,,,,,,,,,,
,8604,8604.T,8604_20260818_01,7.0,True,False,1623.5,,,,,,,,,,,,,,,
,7269,7269.T,7269_20260818_01,7.0,True,False,2215.5,,,,,,,,,,,,,,,
,8725,8725.T,8725_20260818_01,7.0,True,False,5180.0,,,,,,,,,,,,,,,
,4578,4578.T,4578_20260818_01,7.0,False,True,12335.0,,,,,,,,,,,,,,,
,8316,8316.T,8316_20260827_02,7.0,False,True,6990.0,,,,,,,,,,,,,,,
,7203,7203.T,7203_20260901_01,7.0,False,True,3183.0,,,,,,,,,,,,,,,
,8591,8591.T,8591_20260901_02,7.0,False,True,6386.0,,,,,,,,,,,,,,,
,2914,2914.T,2914_20260821_01,7.0,False,True,7055.0,,,,,,,,,,,,,,,
,6178,6178.T,6178_20260828_01,7.0,False,True,2551.0,,,,,,,,,,,,,,,
,8309,8309.T,8309_20260818_01,7.0,True,False,1787.5,,,,,,,,,,,,,,,
,8309,8309.T,8309_20260818_01,7.0,True,False,1787.0,,,,,,,,,,,,,,,
,8601,8601.T,8601_20260818_01,7.0,True,True,1856.0,,,,,,,,,,,,,,,
,8725,8725.T,8725_20260818_01,7.0,True,True,5211.0,,,,,,,,,,,,,,,
,8750,8750.T,8750_20260827_02,7.0,True,False,1883.5,,,,,,,,,,,,,,,
,8411,8411.T,8411_20260818_01,7.0,False,True,8731.0,,,,,,,,,,,,,,,
,8306,8306.T,8306_20260818_01,7.0,False,True,3754.0,,,,,,,,,,,,,,,
,8354,8354.T,8354_20260821_01,7.0,False,True,7933.0,,,,,,,,,,,,,,,
,8316,8316.T,8316_20260827_02,7.0,False,True,7089.0,,,,,,,,,,,,,,,
,8015,8015.T,8015_20260828_01,7.0,False,True,7673.0,,,,,,,,,,,,,,,
,6178,6178.T,6178_20260828_01,7.0,False,True,2552.0,,,,,,,,,,,,,,,
,8308,8308.T,8308_20260827_01,7.0,False,True,2550.0,,,,,,,,,,,,,,,
,8604,8604.T,8604_20260818_01,7.0,True,True,1632.0,,,,,,,,,,,,,,,
,8354,8354.T,8354_20260821_01,7.0,False,True,7925.0,,,,,,,,,,,,,,,
,8306,8306.T,8306_20260818_01,7.0,False,True,3785.0,,,,,,,,,,,,,,,
,8411,8411.T,8411_20260818_01,7.0,False,True,8774.0,,,,,,,,,,,,,,,
,8750,8750.T,8750_20260827_02,7.0,True,False,1877.5,,,,,,,,,,,,,,,
,8725,8725.T,8725_20260818_01,7.0,True,True,5240.0,,,,,,,,,,,,,,,
,8601,8601.T,8601_20260818_01,7.0,True,False,1867.0,,,,,,,,,,,,,,,
,8316,8316.T,8316_20260827_02,7.0,False,True,7083.0,,,,,,,,,,,,,,,
,6178,6178.T,6178_20260828_01,7.0,False,True,2512.5,,,,,,,,,,,,,,,
,8053,8053.T,8053_20260904_01,7.0,False,True,1820.0,,,,,,,,,,,,,,,
,8604,8604.T,8604_20260818_01,7.0,True,True,1669.0,,,,,,,,,,,,,,,
,8309,8309.T,8309_20260818_01,7.0,True,False,1801.0,,,,,,,,,,,,,,,
,8309,8309.T,8309_20260818_01,7.0,True,False,1771.5,,,,,,,,,,,,,,,
,8604,8604.T,8604_20260818_01,7.0,True,False,1662.5,,,,,,,,,,,,,,,
,8601,8601.T,8601_20260818_01,7.0,True,False,1857.5,,,,,,,,,,,,,,,
,8411,8411.T,8411_20260818_01,7.0,True,False,8655.0,,,,,,,,,,,,,,,
,4689,4689.T,4689_20260903_02,7.0,True,False,526.6,,,,,,,,,,,,,,,
,6857,6857.T,6857_20260903_02,7.0,False,True,34520.0,,,,,,,,,,,,,,,
,4631,4631.T,4631_20260818_01,7.0,True,False,5495.0,-7.279344858962689,-1.273885350318471,-8.043676069153772,-0.1583710407239819,2026-08-25,-3.639672429481344,-1.273885350318471,-11.22838944494996,-0.1134521880064829,2026-09-01,,,,,
,8604,8604.T,8604_20260818_01,7.0,True,False,1509.5,6.227227558794302,6.989069228221267,-0.8280887711162643,8.439999999999996,2026-08-26,6.558463067240816,9.4402119907254,-0.8280887711162643,11.399999999999984,2026-09-02,,,,,
,8309,8309.T,8309_20260818_01,7.0,True,False,1688.5,3.6718981344388446,4.441812259401834,-0.7699141249629893,5.769230769230734,2026-08-26,5.1228901391767945,7.936037903464621,-0.7699141249629893,10.30769230769226,2026-09-02,,,,,
,8725,8725.T,8725_20260818_01,7.0,True,False,4860.0,4.609053497942384,4.97942386831276,-2.1604938271604923,2.304761904761908,2026-08-26,5.65843621399178,7.489711934156373,-2.1604938271604923,3.466666666666667,2026-09-02,,,,,
,2503,2503.T,2503_20260818_01,7.0,True,False,2998.5,2.6846756711689235,4.018676004669008,0.1834250458562669,21.90909090909029,2026-08-26,-0.8004002001000488,4.018676004669008,-0.9504752376188086,4.228070175438607,2026-09-02,,,,,
,5019,5019.T,5019_20260818_01,7.0,False,True,1337.0,1.533283470456248,4.487658937920713,-0.4487658937920691,10.00000000000005,2026-08-26,9.349289454001486,12.266267763649964,-0.4487658937920691,27.3333333333335,2026-09-02,,,,,
,8331,8331.T,8331_20260818_01,7.0,True,False,2723.5,3.6166697264549352,4.681476041857913,-1.230034881586195,3.805970149253736,2026-08-26,2.808885625114743,5.195520469983483,-1.230034881586195,4.223880597014928,2026-09-02,,,,,
,7269,7269.T,7269_20260818_01,7.0,True,True,2087.0,2.2520364159080097,4.120747484427412,-0.7906085289889786,5.212121212121223,2026-08-27,1.030186871106853,9.631049353138476,-0.7906085289889786,12.181818181818194,2026-09-03,,,,,
,5101,5101.T,5101_20260818_01,7.0,True,False,7562.0,-1.5075376884422065,2.618354932557532,-2.36709865115049,1.1061452513966508,2026-08-27,-7.061623909018778,2.618354932557532,-9.151018249140442,0.2861271676300585,2026-09-03,,,,,
,4021,4021.T,4021_20260818_01,7.0,False,True,8162.0,-1.3354569958343498,1.1761823082577785,-4.165645675079633,0.2823529411764705,2026-08-27,-2.058319039451117,2.54839500122519,-4.165645675079633,0.6117647058823537,2026-09-03,,,,,
,5019,5019.T,5019_20260818_01,7.0,False,True,1349.5,1.519081141163392,3.519822156354202,-0.7039644312708426,4.999999999999984,2026-08-27,10.37421267135976,11.633938495739171,-0.7039644312708426,16.52631578947366,2026-09-03,,,,,
,8604,8604.T,8604_20260818_01,7.0,True,False,1521.0,5.950032873109801,6.804733727810652,-1.4792899408283988,4.600000000000012,2026-08-27,7.297830374753443,9.434582511505596,-1.4792899408283988,6.377777777777798,2026-09-03,,,,,
,8309,8309.T,8309_20260818_01,7.0,True,False,1690.5,4.170363797693,4.939367051168286,-0.3549245785270605,13.916666666666744,2026-08-27,5.708370304643595,7.808340727595375,-0.3549245785270605,22.000000000000124,2026-09-03,,,,,
,8601,8601.T,8601_20260818_01,7.0,True,False,1757.0,3.7564029595902095,4.524758110415483,-0.8252703471826939,5.482758620689684,2026-08-27,5.634604439385327,6.659077973819016,-0.8252703471826939,8.068965517241425,2026-09-03,,,,,
,4503,4503.T,4503_20260820_01,7.0,False,True,2418.0,-1.1166253101737025,1.530190239867668,-1.8610421836228297,0.8222222222222266,2026-08-27,-0.041356492969391,1.530190239867668,-3.61869313482217,0.4228571428571449,2026-09-03,,,,,
,9503,9503.T,9503_20260820_01,7.0,False,True,2557.5,1.8572825024437911,3.186705767350939,-1.2903225806451646,2.4696969696969715,2026-08-27,18.318670576735087,19.37438905180841,-1.2903225806451646,15.015151515151484,2026-09-03,,,,,
,8604,8604.T,8604_20260818_01,7.0,True,False,1535.0,6.970684039087938,7.622149837133539,-1.140065146579805,6.685714285714274,2026-08-28,8.729641693811075,9.348534201954406,-1.140065146579805,8.200000000000005,2026-09-04,,,,,
,8331,8331.T,8331_20260818_01,7.0,True,False,2753.5,2.215362266206644,3.5409478845106257,-1.2529507899037615,2.826086956521735,2026-08-28,3.904122026511714,4.249137461412755,-1.2529507899037615,3.3913043478260856,2026-09-04,,,,,
,7269,7269.T,7269_20260818_01,7.0,False,True,2103.5,3.161397670549082,3.304017114333257,-1.02210601378655,3.232558139534875,2026-08-28,-1.735203232707394,8.771095792726413,-2.1868314713572645,4.010869565217388,2026-09-04,,,,,
,8601,8601.T,8601_20260818_01,7.0,True,False,1779.0,4.721753794266448,5.340078695896566,-0.6464305789769531,8.260869565217387,2026-08-28,4.946599213041036,6.68915120854412,-0.6464305789769531,10.347826086956516,2026-09-04,,,,,
,8309,8309.T,8309_20260818_01,7.0,True,False,1715.5,4.313611192072275,4.809093558729227,-1.0492567764500138,4.58333333333333,2026-08-28,4.983969688137568,6.237248615563984,-1.0492567764500138,5.944444444444457,2026-09-04,,,,,
,8725,8725.T,8725_20260818_01,7.0,True,True,4945.0,3.4175935288169867,3.842264914054594,-1.7391304347826098,2.20930232558139,2026-08-28,5.965621840242674,7.482305358948427,-1.7391304347826098,4.302325581395343,2026-09-04,,,,,
,8604,8604.T,8604_20260818_01,7.0,True,False,1539.0,6.270305393112419,7.342430149447687,0.5198180636777128,14.12499999999999,2026-08-31,7.602339181286544,9.064327485380108,0.5198180636777128,17.437499999999982,2026-09-07,,,,,
,8601,8601.T,8601_20260818_01,7.0,True,False,1786.5,3.1905961376994085,4.897844948222785,0.2518891687657509,19.44444444444385,2026-08-31,4.478029666946548,6.241253848306738,0.2518891687657509,24.777777777776976,2026-09-07,,,,,
,7269,7269.T,7269_20260818_01,7.0,True,False,2126.5,4.726075711262645,5.360921702327759,-0.446743475193978,12.00000000000005,2026-08-31,-3.362332471196805,7.594639078297671,-3.99717846226193,1.900000000000001,2026-09-07,,,,,
,8725,8725.T,8725_20260818_01,7.0,True,False,4927.0,3.653338745687029,4.221635883905006,0.9133346864217629,4.622222222222188,2026-08-31,4.5057844530139946,7.874974629592035,0.9133346864217629,8.622222222222163,2026-09-07,,,,,
,4503,4503.T,4503_20260820_01,7.0,False,True,2406.5,-1.4543943486390989,2.015375025971333,-3.158113442759192,0.6381578947368443,2026-08-31,-4.300851859547061,2.015375025971333,-4.529399542904633,0.4449541284403682,2026-09-07,,,,,
,8309,8309.T,8309_20260818_01,7.0,True,False,1702.0,4.406580493537016,5.640423031727382,-0.1175088131609825,48.00000000000189,2026-08-31,4.700352526439477,7.079905992949476,-0.1175088131609825,60.25000000000239,2026-09-07,,,,,
,9503,9503.T,9503_20260820_01,7.0,False,True,2582.0,8.849728892331532,9.004647560030987,-0.7164988381099913,12.56756756756759,2026-08-31,14.852827265685509,18.24167312161116,-0.7164988381099913,25.4594594594595,2026-09-07,,,,,
,2503,2503.T,2503_20260818_01,7.0,False,True,3084.0,-0.745784695201035,1.1348897535667923,-2.075226977950717,0.5468749999999971,2026-09-01,-7.70103761348897,1.1348897535667923,-7.8793774319066205,0.1440329218106989,2026-09-08,,,,,
,8725,8725.T,8725_20260818_01,7.0,True,False,5072.0,2.267350157728698,2.9968454258675115,-1.0055205047318605,2.980392156862751,2026-09-01,0.1182965299684646,4.7910094637223954,-1.0055205047318605,4.764705882352943,2026-09-08,,,,,
,4503,4503.T,4503_20260820_01,7.0,False,True,2415.0,-0.0207039337474124,1.6563146997929712,-3.498964803312632,0.4733727810650914,2026-09-01,-5.569358178053829,1.6563146997929712,-5.9834368530020665,0.2768166089965417,2026-09-08,,,,,
,7269,7269.T,7269_20260818_01,7.0,True,False,2119.0,6.418121755545059,7.975460122699385,0.4483246814535269,17.789473684210083,2026-09-01,-6.559697970740919,7.975460122699385,-6.559697970740919,1.2158273381294955,2026-09-08,,,,,
,8601,8601.T,8601_20260818_01,7.0,True,False,1813.5,2.591673559415497,3.3360904328646246,-1.2406947890818865,2.688888888888886,2026-09-01,1.1579818031431044,4.659498207885315,-1.2406947890818865,3.755555555555562,2026-09-08,,,,,
,9503,9503.T,9503_20260820_01,7.0,False,True,2591.5,14.02662550646343,14.084507042253524,-1.0804553347482204,13.035714285714226,2026-09-01,13.428516303299244,17.808219178082197,-1.0804553347482204,16.482142857142783,2026-09-08,,,,,
,8309,8309.T,8309_20260818_01,7.0,True,False,1734.0,4.354094579008083,5.103806228373697,0.4901960784313708,10.41176470588238,2026-09-01,1.2975778546712835,5.103806228373697,0.4901960784313708,10.41176470588238,2026-09-08,,,,,
,8604,8604.T,8604_20260818_01,7.0,True,False,1571.5,4.39070951320395,5.122494432071267,0.1590836780146265,32.20000000000184,2026-09-01,4.899777282850781,7.031498568246897,0.1590836780146265,44.20000000000254,2026-09-08,,,,,
,8725,8725.T,8725_20260818_01,7.0,True,False,5042.0,3.3518445061483604,4.204680682268935,-0.4165013883379642,10.095238095238006,2026-09-03,,,,,,,,,,
,8601,8601.T,8601_20260818_01,7.0,True,False,1827.5,1.559507523939807,2.5444596443228384,-0.5198358413132653,4.894736842105289,2026-09-03,,,,,,,,,,
,8604,8604.T,8604_20260818_01,7.0,True,True,1620.0,0.7407407407407307,2.746913580246924,-1.4197530864197505,1.9347826086956628,2026-09-03,,,,,,,,,,
,8750,8750.T,8750_20260827_02,7.0,True,False,1817.0,3.6598789212988425,4.155200880572374,-0.3577325261419961,11.615384615384496,2026-09-03,,,,,,,,,,
,8411,8411.T,8411_20260818_01,7.0,False,True,8326.0,4.864280566898871,6.822003362959395,-0.4323804948354603,15.777777777777567,2026-09-03,,,,,,,,,,
,8309,8309.T,8309_20260818_01,7.0,True,False,1756.5,1.7364076288072905,3.757472245943627,-0.5693139766581257,6.599999999999996,2026-09-03,,,,,,,,,,
,2914,2914.T,2914_20260821_01,7.0,False,True,7014.0,-0.9409751924721932,1.3544339891645274,-1.6110635871114942,0.840707964601768,2026-09-03,,,,,,,,,,
,8308,8308.T,8308_20260827_01,7.0,False,True,2430.0,4.938271604938271,7.037037037037042,0.5144032921810648,13.680000000000144,2026-09-03,,,,,,,,,,
,9503,9503.T,9503_20260820_01,7.0,False,True,2590.5,16.811426365566497,17.853696197645252,-1.042269832078746,17.129629629629694,2026-09-03,,,,,,,,,,
,9432,9432.T,9432_20260827_01,7.0,False,True,167.6,3.341286961958345,5.011933174224348,-0.1789957925072638,28.000284833627912,2026-09-03,,,,,,,,,,
,8354,8354.T,8354_20260821_01,7.0,False,True,7733.0,2.5863183757920627,3.724298461140574,-0.4138109401267242,9.000000000000135,2026-09-03,,,,,,,,,,
,6178,6178.T,6178_20260828_01,7.0,False,True,2425.5,3.586889301175012,7.318078746650181,-0.8864151721294622,8.255813953488337,2026-09-04,,,,,,,,,,
,8015,8015.T,8015_20260828_01,7.0,False,True,7583.0,0.0659369642621587,2.5187920348147097,-3.2045364631412387,0.7860082304526721,2026-09-04,,,,,,,,,,
,8354,8354.T,8354_20260821_01,7.0,False,True,7861.0,0.8141457829792698,2.048085485307216,-1.717338760971887,1.1925925925925942,2026-09-04,,,,,,,,,,
,9766,9766.T,9766_20260824_01,7.0,False,True,22185.0,-3.0876718503493383,1.1043497858913789,-3.944106378183454,0.2800000000000029,2026-09-04,,,,,,,,,,
,8601,8601.T,8601_20260818_01,7.0,True,False,1869.5,-0.1337255950788929,1.5244717838994282,-2.754747258625301,0.5533980582524235,2026-09-04,,,,,,,,,,
,8316,8316.T,8316_20260827_02,7.0,False,True,6881.0,2.935619822700186,4.359831419851767,-1.5259409969481164,2.857142857142861,2026-09-04,,,,,,,,,,
,8604,8604.T,8604_20260818_01,7.0,True,False,1642.5,1.6133942161339343,2.191780821917799,-2.7701674277016752,0.7912087912087877,2026-09-04,,,,,,,,,,
,8411,8411.T,8411_20260818_01,7.0,True,True,8449.0,3.846609066161677,5.266895490590606,-1.4676293052432232,3.5887096774193594,2026-09-04,,,,,,,,,,
,8308,8308.T,8308_20260827_01,7.0,False,True,2520.0,1.1904761904761862,3.214285714285725,-1.6666666666666718,1.928571428571429,2026-09-04,,,,,,,,,,
,8331,8331.T,8331_20260818_01,7.0,False,True,2822.0,1.381998582565558,1.7186392629340963,-1.8426647767540767,0.9326923076923104,2026-09-04,,,,,,,,,,
,8725,8725.T,8725_20260818_01,7.0,True,False,5115.0,2.4437927663734094,3.910068426197455,-1.0752688172043,3.636363636363636,2026-09-04,,,,,,,,,,
,8309,8309.T,8309_20260818_01,7.0,True,False,1787.0,0.7834359261331914,1.9865696698377235,-2.266368214885284,0.8765432098765457,2026-09-04,,,,,,,,,,
,8725,8725.T,8725_20260818_01,7.0,True,True,5071.0,1.5381581542102118,4.811674225990936,0.1971997633602784,24.40000000000072,2026-09-07,,,,,,,,,,
,8308,8308.T,8308_20260827_01,7.0,False,True,2516.0,1.0532591414944337,3.378378378378377,-1.5103338632750374,2.2368421052631606,2026-09-07,,,,,,,,,,
,8601,8601.T,8601_20260818_01,7.0,True,False,1844.0,1.2201735357917576,2.9284164859002093,-1.4099783080260275,2.076923076923076,2026-09-07,,,,,,,,,,
,8354,8354.T,8354_20260821_01,7.0,False,True,7815.0,0.6525911708253451,2.648752399232235,-0.754958413307738,3.508474576271188,2026-09-07,,,,,,,,,,
,9101,9101.T,9101_20260827_01,7.0,True,False,6941.0,6.901022907362053,7.549344474859532,0.7491715891081885,10.076923076923205,2026-09-07,,,,,,,,,,
,8316,8316.T,8316_20260827_02,7.0,False,True,6872.0,1.5133876600698537,4.49650756693829,-0.1018626309662429,44.142857142855696,2026-09-07,,,,,,,,,,
,8604,8604.T,8604_20260818_01,7.0,True,False,1630.0,1.595092024539868,2.9754601226993804,-2.024539877300613,1.469696969696967,2026-09-07,,,,,,,,,,
,7269,7269.T,7269_20260818_01,7.0,False,True,2202.0,-6.675749318801094,3.905540417802,-7.288828337874664,0.5358255451713395,2026-09-07,,,,,,,,,,
,8309,8309.T,8309_20260818_01,7.0,True,False,1767.5,0.8203677510608243,3.111739745403108,-1.1881188118811892,2.6190476190476137,2026-09-07,,,,,,,,,,
,6178,6178.T,6178_20260828_01,7.0,False,True,2512.0,-2.6671974522292974,3.6226114649681618,-2.7468152866242046,1.318840579710148,2026-09-08,,,,,,,,,,
,8316,8316.T,8316_20260827_02,7.0,False,True,6971.0,-0.6168411992540479,3.0124802754267765,-2.209152201979625,1.3636363636363704,2026-09-08,,,,,,,,,,
,8601,8601.T,8601_20260818_01,7.0,True,False,1855.0,-1.1051212938005373,2.3180592991913773,-1.99460916442048,1.1621621621621665,2026-09-08,,,,,,,,,,
,8306,8306.T,8306_20260818_01,7.0,False,True,3686.0,-0.8138903960933308,2.9571351058057527,-1.6006511123168754,1.847457627118644,2026-09-08,,,,,,,,,,
,8411,8411.T,8411_20260818_01,7.0,True,True,8621.0,-0.2551908131307234,3.166685999304031,-1.3339519777287978,2.373913043478272,2026-09-08,,,,,,,,,,
,8604,8604.T,8604_20260818_01,7.0,True,False,1637.0,0.7025045815516107,2.748930971288943,-2.443494196701279,1.1250000000000018,2026-09-08,,,,,,,,,,
,8725,8725.T,8725_20260818_01,7.0,True,False,5183.0,-2.0258537526529063,2.5467875747636537,-2.2187922052865128,1.1478260869565236,2026-09-08,,,,,,,,,,
,4021,4021.T,4021_20260831_02,7.0,False,True,8325.0,-6.04204204204204,-1.5135135135135092,-6.21021021021021,-0.2437137330754345,2026-09-08,,,,,,,,,,
,8308,8308.T,8308_20260827_01,7.0,False,True,2517.5,-1.0526315789473717,3.3167825223435976,-1.6087388282025827,2.061728395061729,2026-09-08,,,,,,,,,,
,8309,8309.T,8309_20260818_01,7.0,True,False,1796.5,-2.2265516281658737,1.0019482326746545,-2.783189535207342,0.360000000000004,2026-09-08,,,,,,,,,,
,7203,7203.T,7203_20260901_01,7.0,False,True,3230.0,-8.095975232198139,-1.2383900928792602,-8.095975232198139,-0.1529636711281075,2026-09-08,,,,,,,,,,
,8331,8331.T,8331_20260818_01,7.0,False,True,2842.0,-3.184377199155519,1.3546798029556717,-3.184377199155519,0.4254143646408868,2026-09-08,,,,,,,,,,
,8015,8015.T,8015_20260828_01,7.0,False,True,7620.0,-1.8110236220472475,2.33595800524935,-2.650918635170607,0.8811881188118824,2026-09-08,,,,,,,,,,
,8354,8354.T,8354_20260821_01,7.0,False,True,7941.0,-2.6570960836166724,1.0200226671703838,-2.6570960836166724,0.3838862559241715,2026-09-08,,,,,,,,,,
,8725,8725.T,8725_20260818_01,7.0,True,False,5180.0,-4.285714285714281,2.6061776061776065,-4.420849420849415,0.5895196506550227,2026-09-09,,,,,,,,,,
,8604,8604.T,8604_20260818_01,7.0,True,False,1623.5,0.1539882968894401,3.6033261472128153,-0.6159531875577495,5.849999999999969,2026-09-09,,,,,,,,,,
,7269,7269.T,7269_20260818_01,7.0,True,False,2215.5,-9.749492213947184,-2.482509591514326,-11.938614308282558,-0.2079395085066157,2026-09-09,,,,,,,,,,
,4578,4578.T,4578_20260818_01,7.0,False,True,12335.0,-5.18848804215647,0.4053506282934771,-5.269558167815158,0.0769230769230775,2026-09-09,,,,,,,,,,
,8316,8316.T,8316_20260827_02,7.0,False,True,6990.0,-1.2875536480686731,2.7324749642346102,-2.474964234620891,1.1040462427745603,2026-09-09,,,,,,,,,,
,7203,7203.T,7203_20260901_01,7.0,False,True,3183.0,-6.503298774740807,-0.0314169022934351,-7.650015708451152,-0.0041067761806983,2026-09-09,,,,,,,,,,
,8591,8591.T,8591_20260901_02,7.0,False,True,6386.0,-4.963983714375198,3.0848731600375823,-5.590353899154399,0.5518207282913167,2026-09-09,,,,,,,,,,
,2914,2914.T,2914_20260821_01,7.0,False,True,7055.0,-6.038270729978734,-0.5953224663359347,-6.123316796598155,-0.0972222222222227,2026-09-09,,,,,,,,,,
,6178,6178.T,6178_20260828_01,7.0,False,True,2551.0,-5.468443747549978,2.0384163073304595,-5.82124656997256,0.3501683501683503,2026-09-09,,,,,,,,,,
,8309,8309.T,8309_20260818_01,7.0,True,False,1787.5,-2.293706293706299,1.51048951048951,-3.2167832167832144,0.4695652173913045,2026-09-09,,,,,,,,,,
,8601,8601.T,8601_20260818_01,7.0,True,False,1842.0,-1.574375678610207,3.040173724212813,-1.954397394136809,1.5555555555555556,2026-09-09,,,,,,,,,,
,8411,8411.T,8411_20260818_01,7.0,False,True,8731.0,,,,,,,,,,,,,,,
,8725,8725.T,8725_20260818_01,7.0,True,True,5211.0,,,,,,,,,,,,,,,
,8601,8601.T,8601_20260818_01,7.0,True,True,1856.0,,,,,,,,,,,,,,,
,8750,8750.T,8750_20260827_02,7.0,True,False,1883.5,,,,,,,,,,,,,,,
,8306,8306.T,8306_20260818_01,7.0,False,True,3754.0,,,,,,,,,,,,,,,
,8015,8015.T,8015_20260828_01,7.0,False,True,7673.0,,,,,,,,,,,,,,,
,8316,8316.T,8316_20260827_02,7.0,False,True,7089.0,,,,,,,,,,,,,,,
,6178,6178.T,6178_20260828_01,7.0,False,True,2552.0,,,,,,,,,,,,,,,
,8308,8308.T,8308_20260827_01,7.0,False,True,2550.0,,,,,,,,,,,,,,,
,8354,8354.T,8354_20260821_01,7.0,False,True,7933.0,,,,,,,,,,,,,,,
,8604,8604.T,8604_20260818_01,7.0,True,True,1632.0,,,,,,,,,,,,,,,
,8309,8309.T,8309_20260818_01,7.0,True,False,1787.0,,,,,,,,,,,,,,,
,8309,8309.T,8309_20260818_01,7.0,True,False,1801.0,,,,,,,,,,,,,,,
,8354,8354.T,8354_20260821_01,7.0,False,True,7925.0,,,,,,,,,,,,,,,
,8306,8306.T,8306_20260818_01,7.0,False,True,3785.0,,,,,,,,,,,,,,,
,8411,8411.T,8411_20260818_01,7.0,False,True,8774.0,,,,,,,,,,,,,,,
,8750,8750.T,8750_20260827_02,7.0,True,False,1877.5,,,,,,,,,,,,,,,
,8725,8725.T,8725_20260818_01,7.0,True,True,5240.0,,,,,,,,,,,,,,,
,8601,8601.T,8601_20260818_01,7.0,True,False,1867.0,,,,,,,,,,,,,,,
,8316,8316.T,8316_20260827_02,7.0,False,True,7083.0,,,,,,,,,,,,,,,
,6178,6178.T,6178_20260828_01,7.0,False,True,2512.5,,,,,,,,,,,,,,,
,8053,8053.T,8053_20260904_01,7.0,False,True,1820.0,,,,,,,,,,,,,,,
,8604,8604.T,8604_20260818_01,7.0,True,True,1669.0,,,,,,,,,,,,,,,
,6857,6857.T,6857_20260903_02,7.0,False,True,34520.0,,,,,,,,,,,,,,,
,4689,4689.T,4689_20260903_02,7.0,True,False,526.6,,,,,,,,,,,,,,,
,8411,8411.T,8411_20260818_01,7.0,True,False,8655.0,,,,,,,,,,,,,,,
,8601,8601.T,8601_20260818_01,7.0,True,False,1857.5,,,,,,,,,,,,,,,
,8604,8604.T,8604_20260818_01,7.0,True,False,1662.5,,,,,,,,,,,,,,,
,8309,8309.T,8309_20260818_01,7.0,True,False,1771.5,,,,,,,,,,,,,,,
,8604,8604.T,8604_20260818_01,7.0,True,True,1629.0,,,,,,,,,,,,,,,
,8309,8309.T,8309_20260818_01,7.0,True,False,1747.5,,,,,,,,,,,,,,,
,8601,8601.T,8601_20260818_01,7.0,True,False,1818.0,,,,,,,,,,,,,,,
,8411,8411.T,8411_20260818_01,7.0,True,False,8617.0,,,,,,,,,,,,,,,
,8015,8015.T,8015_20260828_01,7.0,True,False,7466.0,,,,,,,,,,,,,,,
,8053,8053.T,8053_20260904_01,7.0,False,True,1861.5,,,,,,,,,,,,,,,
,5713,5713.T,5713_20260904_01,7.0,False,True,10160.0,,,,,,,,,,,,,,,
,4631,4631.T,4631_20260818_01,7.0,True,False,5495.0,-7.279344858962689,-1.273885350318471,-8.043676069153772,-0.1583710407239819,2026-08-25,-3.639672429481344,-1.273885350318471,-11.22838944494996,-0.1134521880064829,2026-09-01,,,,,
,8725,8725.T,8725_20260818_01,7.0,True,False,4860.0,4.609053497942384,4.97942386831276,-2.1604938271604923,2.304761904761908,2026-08-26,5.65843621399178,7.489711934156373,-2.1604938271604923,3.466666666666667,2026-09-02,,,,,
,2503,2503.T,2503_20260818_01,7.0,True,False,2998.5,2.6846756711689235,4.018676004669008,0.1834250458562669,21.90909090909029,2026-08-26,-0.8004002001000488,4.018676004669008,-0.9504752376188086,4.228070175438607,2026-09-02,,,,,
,5019,5019.T,5019_20260818_01,7.0,False,True,1337.0,1.533283470456248,4.487658937920713,-0.4487658937920691,10.00000000000005,2026-08-26,9.349289454001486,12.266267763649964,-0.4487658937920691,27.3333333333335,2026-09-02,,,,,
,8331,8331.T,8331_20260818_01,7.0,True,False,2723.5,3.6166697264549352,4.681476041857913,-1.230034881586195,3.805970149253736,2026-08-26,2.808885625114743,5.195520469983483,-1.230034881586195,4.223880597014928,2026-09-02,,,,,
,8309,8309.T,8309_20260818_01,7.0,True,False,1688.5,3.6718981344388446,4.441812259401834,-0.7699141249629893,5.769230769230734,2026-08-26,5.1228901391767945,7.936037903464621,-0.7699141249629893,10.30769230769226,2026-09-02,,,,,
,8604,8604.T,8604_20260818_01,7.0,True,False,1509.5,6.227227558794302,6.989069228221267,-0.8280887711162643,8.439999999999996,2026-08-26,6.558463067240816,9.4402119907254,-0.8280887711162643,11.399999999999984,2026-09-02,,,,,
,4503,4503.T,4503_20260820_01,7.0,False,True,2418.0,-1.1166253101737025,1.530190239867668,-1.8610421836228297,0.8222222222222266,2026-08-27,-0.041356492969391,1.530190239867668,-3.61869313482217,0.4228571428571449,2026-09-03,,,,,
,9503,9503.T,9503_20260820_01,7.0,False,True,2557.5,1.8572825024437911,3.186705767350939,-1.2903225806451646,2.4696969696969715,2026-08-27,18.318670576735087,19.37438905180841,-1.2903225806451646,15.015151515151484,2026-09-03,,,,,
,8601,8601.T,8601_20260818_01,7.0,True,False,1757.0,3.7564029595902095,4.524758110415483,-0.8252703471826939,5.482758620689684,2026-08-27,5.634604439385327,6.659077973819016,-0.8252703471826939,8.068965517241425,2026-09-03,,,,,
,7269,7269.T,7269_20260818_01,7.0,True,True,2087.0,2.2520364159080097,4.120747484427412,-0.7906085289889786,5.212121212121223,2026-08-27,1.030186871106853,9.631049353138476,-0.7906085289889786,12.181818181818194,2026-09-03,,,,,
,5101,5101.T,5101_20260818_01,7.0,True,False,7562.0,-1.5075376884422065,2.618354932557532,-2.36709865115049,1.1061452513966508,2026-08-27,-7.061623909018778,2.618354932557532,-9.151018249140442,0.2861271676300585,2026-09-03,,,,,
,4021,4021.T,4021_20260818_01,7.0,False,True,8162.0,-1.3354569958343498,1.1761823082577785,-4.165645675079633,0.2823529411764705,2026-08-27,-2.058319039451117,2.54839500122519,-4.165645675079633,0.6117647058823537,2026-09-03,,,,,
,5019,5019.T,5019_20260818_01,7.0,False,True,1349.5,1.519081141163392,3.519822156354202,-0.7039644312708426,4.999999999999984,2026-08-27,10.37421267135976,11.633938495739171,-0.7039644312708426,16.52631578947366,2026-09-03,,,,,
,8604,8604.T,8604_20260818_01,7.0,True,False,1521.0,5.950032873109801,6.804733727810652,-1.4792899408283988,4.600000000000012,2026-08-27,7.297830374753443,9.434582511505596,-1.4792899408283988,6.377777777777798,2026-09-03,,,,,
,8309,8309.T,8309_20260818_01,7.0,True,False,1690.5,4.170363797693,4.939367051168286,-0.3549245785270605,13.916666666666744,2026-08-27,5.708370304643595,7.808340727595375,-0.3549245785270605,22.000000000000124,2026-09-03,,,,,
,8601,8601.T,8601_20260818_01,7.0,True,False,1779.0,4.721753794266448,5.340078695896566,-0.6464305789769531,8.260869565217387,2026-08-28,4.946599213041036,6.68915120854412,-0.6464305789769531,10.347826086956516,2026-09-04,,,,,
,7269,7269.T,7269_20260818_01,7.0,False,True,2103.5,3.161397670549082,3.304017114333257,-1.02210601378655,3.232558139534875,2026-08-28,-1.735203232707394,8.771095792726413,-2.1868314713572645,4.010869565217388,2026-09-04,,,,,
,8331,8331.T,8331_20260818_01,7.0,True,False,2753.5,2.215362266206644,3.5409478845106257,-1.2529507899037615,2.826086956521735,2026-08-28,3.904122026511714,4.249137461412755,-1.2529507899037615,3.3913043478260856,2026-09-04,,,,,
,8309,8309.T,8309_20260818_01,7.0,True,False,1715.5,4.313611192072275,4.809093558729227,-1.0492567764500138,4.58333333333333,2026-08-28,4.983969688137568,6.237248615563984,-1.0492567764500138,5.944444444444457,2026-09-04,,,,,
,8725,8725.T,8725_20260818_01,7.0,True,True,4945.0,3.4175935288169867,3.842264914054594,-1.7391304347826098,2.20930232558139,2026-08-28,5.965621840242674,7.482305358948427,-1.7391304347826098,4.302325581395343,2026-09-04,,,,,
,8604,8604.T,8604_20260818_01,7.0,True,False,1535.0,6.970684039087938,7.622149837133539,-1.140065146579805,6.685714285714274,2026-08-28,8.729641693811075,9.348534201954406,-1.140065146579805,8.200000000000005,2026-09-04,,,,,
,9503,9503.T,9503_20260820_01,7.0,False,True,2582.0,8.849728892331532,9.004647560030987,-0.7164988381099913,12.56756756756759,2026-08-31,14.852827265685509,18.24167312161116,-0.7164988381099913,25.4594594594595,2026-09-07,,,,,
,8604,8604.T,8604_20260818_01,7.0,True,False,1539.0,6.270305393112419,7.342430149447687,0.5198180636777128,14.12499999999999,2026-08-31,7.602339181286544,9.064327485380108,0.5198180636777128,17.437499999999982,2026-09-07,,,,,
,8601,8601.T,8601_20260818_01,7.0,True,False,1786.5,3.1905961376994085,4.897844948222785,0.2518891687657509,19.44444444444385,2026-08-31,4.478029666946548,6.241253848306738,0.2518891687657509,24.777777777776976,2026-09-07,,,,,
,7269,7269.T,7269_20260818_01,7.0,True,False,2126.5,4.726075711262645,5.360921702327759,-0.446743475193978,12.00000000000005,2026-08-31,-3.362332471196805,7.594639078297671,-3.99717846226193,1.900000000000001,2026-09-07,,,,,
,8725,8725.T,8725_20260818_01,7.0,True,False,4927.0,3.653338745687029,4.221635883905006,0.9133346864217629,4.622222222222188,2026-08-31,4.5057844530139946,7.874974629592035,0.9133346864217629,8.622222222222163,2026-09-07,,,,,
,4503,4503.T,4503_20260820_01,7.0,False,True,2406.5,-1.4543943486390989,2.015375025971333,-3.158113442759192,0.6381578947368443,2026-08-31,-4.300851859547061,2.015375025971333,-4.529399542904633,0.4449541284403682,2026-09-07,,,,,
,8309,8309.T,8309_20260818_01,7.0,True,False,1702.0,4.406580493537016,5.640423031727382,-0.1175088131609825,48.00000000000189,2026-08-31,4.700352526439477,7.079905992949476,-0.1175088131609825,60.25000000000239,2026-09-07,,,,,
,7269,7269.T,7269_20260818_01,7.0,True,False,2119.0,6.418121755545059,7.975460122699385,0.4483246814535269,17.789473684210083,2026-09-01,-6.559697970740919,7.975460122699385,-6.559697970740919,1.2158273381294955,2026-09-08,,,,,
,4503,4503.T,4503_20260820_01,7.0,False,True,2415.0,-0.0207039337474124,1.6563146997929712,-3.498964803312632,0.4733727810650914,2026-09-01,-5.569358178053829,1.6563146997929712,-5.9834368530020665,0.2768166089965417,2026-09-08,,,,,
,8725,8725.T,8725_20260818_01,7.0,True,False,5072.0,2.267350157728698,2.9968454258675115,-1.0055205047318605,2.980392156862751,2026-09-01,0.1182965299684646,4.7910094637223954,-1.0055205047318605,4.764705882352943,2026-09-08,,,,,
,8601,8601.T,8601_20260818_01,7.0,True,False,1813.5,2.591673559415497,3.3360904328646246,-1.2406947890818865,2.688888888888886,2026-09-01,1.1579818031431044,4.659498207885315,-1.2406947890818865,3.755555555555562,2026-09-08,,,,,
,9503,9503.T,9503_20260820_01,7.0,False,True,2591.5,14.02662550646343,14.084507042253524,-1.0804553347482204,13.035714285714226,2026-09-01,13.428516303299244,17.808219178082197,-1.0804553347482204,16.482142857142783,2026-09-08,,,,,
,8309,8309.T,8309_20260818_01,7.0,True,False,1734.0,4.354094579008083,5.103806228373697,0.4901960784313708,10.41176470588238,2026-09-01,1.2975778546712835,5.103806228373697,0.4901960784313708,10.41176470588238,2026-09-08,,,,,
,2503,2503.T,2503_20260818_01,7.0,False,True,3084.0,-0.745784695201035,1.1348897535667923,-2.075226977950717,0.5468749999999971,2026-09-01,-7.70103761348897,1.1348897535667923,-7.8793774319066205,0.1440329218106989,2026-09-08,,,,,
,8604,8604.T,8604_20260818_01,7.0,True,False,1571.5,4.39070951320395,5.122494432071267,0.1590836780146265,32.20000000000184,2026-09-01,4.899777282850781,7.031498568246897,0.1590836780146265,44.20000000000254,2026-09-08,,,,,
,8308,8308.T,8308_20260827_01,7.0,False,True,2430.0,4.938271604938271,7.037037037037042,0.5144032921810648,13.680000000000144,2026-09-03,0.6378600823045311,7.037037037037042,-1.0082304526748964,6.979591836734703,2026-09-10,,,,,
,9503,9503.T,9503_20260820_01,7.0,False,True,2590.5,16.811426365566497,17.853696197645252,-1.042269832078746,17.129629629629694,2026-09-03,14.977803512835353,17.853696197645252,-1.042269832078746,17.129629629629694,2026-09-10,,,,,
,8725,8725.T,8725_20260818_01,7.0,True,False,5042.0,3.3518445061483604,4.204680682268935,-0.4165013883379642,10.095238095238006,2026-09-03,-1.943673145577152,5.414518048393502,-2.518841729472432,2.149606299212601,2026-09-10,,,,,
,8601,8601.T,8601_20260818_01,7.0,True,False,1827.5,1.559507523939807,2.5444596443228384,-0.5198358413132653,4.894736842105289,2026-09-03,-0.8755129958960328,3.857729138166888,-2.0519835841313228,1.8800000000000003,2026-09-10,,,,,
,8604,8604.T,8604_20260818_01,7.0,True,True,1620.0,0.7407407407407307,2.746913580246924,-1.4197530864197505,1.9347826086956628,2026-09-03,1.1111111111111072,3.827160493827164,-1.4197530864197505,2.695652173913051,2026-09-10,,,,,
,8750,8750.T,8750_20260827_02,7.0,True,False,1817.0,3.6598789212988425,4.155200880572374,-0.3577325261419961,11.615384615384496,2026-09-03,-0.4127682993946058,5.503577325261411,-1.871216290588884,2.9411764705882284,2026-09-10,,,,,
,8411,8411.T,8411_20260818_01,7.0,False,True,8326.0,4.864280566898871,6.822003362959395,-0.4323804948354603,15.777777777777567,2026-09-03,1.7775642565457606,6.822003362959395,-0.4323804948354603,15.777777777777567,2026-09-10,,,,,
,8309,8309.T,8309_20260818_01,7.0,True,False,1756.5,1.7364076288072905,3.757472245943627,-0.5693139766581257,6.599999999999996,2026-09-03,-1.3948192428124062,3.757472245943627,-1.8218047253060088,2.062499999999991,2026-09-10,,,,,
,2914,2914.T,2914_20260821_01,7.0,False,True,7014.0,-0.9409751924721932,1.3544339891645274,-1.6110635871114942,0.840707964601768,2026-09-03,-5.902480752780159,1.3544339891645274,-6.016538351867695,0.2251184834123221,2026-09-10,,,,,
,8354,8354.T,8354_20260821_01,7.0,False,True,7733.0,2.5863183757920627,3.724298461140574,-0.4138109401267242,9.000000000000135,2026-09-03,-0.7500323289796995,3.737230053019536,-1.9785335574809213,1.8888888888888973,2026-09-10,,,,,
,9432,9432.T,9432_20260827_01,7.0,False,True,167.6,3.341286961958345,5.011933174224348,-0.1789957925072638,28.000284833627912,2026-09-03,2.5059684079700606,5.011933174224348,-0.1789957925072638,28.000284833627912,2026-09-10,,,,,
,8411,8411.T,8411_20260818_01,7.0,True,True,8449.0,3.846609066161677,5.266895490590606,-1.4676293052432232,3.5887096774193594,2026-09-04,,,,,,,,,,
,8604,8604.T,8604_20260818_01,7.0,True,False,1642.5,1.6133942161339343,2.191780821917799,-2.7701674277016752,0.7912087912087877,2026-09-04,,,,,,,,,,
,8316,8316.T,8316_20260827_02,7.0,False,True,6881.0,2.935619822700186,4.359831419851767,-1.5259409969481164,2.857142857142861,2026-09-04,,,,,,,,,,
,8309,8309.T,8309_20260818_01,7.0,True,False,1787.0,0.7834359261331914,1.9865696698377235,-2.266368214885284,0.8765432098765457,2026-09-04,,,,,,,,,,
,8308,8308.T,8308_20260827_01,7.0,False,True,2520.0,1.1904761904761862,3.214285714285725,-1.6666666666666718,1.928571428571429,2026-09-04,,,,,,,,,,
,8331,8331.T,8331_20260818_01,7.0,False,True,2822.0,1.381998582565558,1.7186392629340963,-1.8426647767540767,0.9326923076923104,2026-09-04,,,,,,,,,,
,8725,8725.T,8725_20260818_01,7.0,True,False,5115.0,2.4437927663734094,3.910068426197455,-1.0752688172043,3.636363636363636,2026-09-04,,,,,,,,,,
,8601,8601.T,8601_20260818_01,7.0,True,False,1869.5,-0.1337255950788929,1.5244717838994282,-2.754747258625301,0.5533980582524235,2026-09-04,,,,,,,,,,
,9766,9766.T,9766_20260824_01,7.0,False,True,22185.0,-3.0876718503493383,1.1043497858913789,-3.944106378183454,0.2800000000000029,2026-09-04,,,,,,,,,,
,6178,6178.T,6178_20260828_01,7.0,False,True,2425.5,3.586889301175012,7.318078746650181,-0.8864151721294622,8.255813953488337,2026-09-04,,,,,,,,,,
,8015,8015.T,8015_20260828_01,7.0,False,True,7583.0,0.0659369642621587,2.5187920348147097,-3.2045364631412387,0.7860082304526721,2026-09-04,,,,,,,,,,
,8354,8354.T,8354_20260821_01,7.0,False,True,7861.0,0.8141457829792698,2.048085485307216,-1.717338760971887,1.1925925925925942,2026-09-04,,,,,,,,,,
,7269,7269.T,7269_20260818_01,7.0,False,True,2202.0,-6.675749318801094,3.905540417802,-7.288828337874664,0.5358255451713395,2026-09-07,,,,,,,,,,
,8725,8725.T,8725_20260818_01,7.0,True,True,5071.0,1.5381581542102118,4.811674225990936,0.1971997633602784,24.40000000000072,2026-09-07,,,,,,,,,,
,8308,8308.T,8308_20260827_01,7.0,False,True,2516.0,1.0532591414944337,3.378378378378377,-1.5103338632750374,2.2368421052631606,2026-09-07,,,,,,,,,,
,8601,8601.T,8601_20260818_01,7.0,True,False,1844.0,1.2201735357917576,2.9284164859002093,-1.4099783080260275,2.076923076923076,2026-09-07,,,,,,,,,,
,8354,8354.T,8354_20260821_01,7.0,False,True,7815.0,0.6525911708253451,2.648752399232235,-0.754958413307738,3.508474576271188,2026-09-07,,,,,,,,,,
,9101,9101.T,9101_20260827_01,7.0,True,False,6941.0,6.901022907362053,7.549344474859532,0.7491715891081885,10.076923076923205,2026-09-07,,,,,,,,,,
,8316,8316.T,8316_20260827_02,7.0,False,True,6872.0,1.5133876600698537,4.49650756693829,-0.1018626309662429,44.142857142855696,2026-09-07,,,,,,,,,,
,8604,8604.T,8604_20260818_01,7.0,True,False,1630.0,1.595092024539868,2.9754601226993804,-2.024539877300613,1.469696969696967,2026-09-07,,,,,,,,,,
,8309,8309.T,8309_20260818_01,7.0,True,False,1767.5,0.8203677510608243,3.111739745403108,-1.1881188118811892,2.6190476190476137,2026-09-07,,,,,,,,,,
,8725,8725.T,8725_20260818_01,7.0,True,False,5183.0,-2.0258537526529063,2.5467875747636537,-2.2187922052865128,1.1478260869565236,2026-09-08,,,,,,,,,,
,8604,8604.T,8604_20260818_01,7.0,True,False,1637.0,0.7025045815516107,2.748930971288943,-2.443494196701279,1.1250000000000018,2026-09-08,,,,,,,,,,
,8411,8411.T,8411_20260818_01,7.0,True,True,8621.0,-0.2551908131307234,3.166685999304031,-1.3339519777287978,2.373913043478272,2026-09-08,,,,,,,,,,
,8306,8306.T,8306_20260818_01,7.0,False,True,3686.0,-0.8138903960933308,2.9571351058057527,-1.6006511123168754,1.847457627118644,2026-09-08,,,,,,,,,,
,8601,8601.T,8601_20260818_01,7.0,True,False,1855.0,-1.1051212938005373,2.3180592991913773,-1.99460916442048,1.1621621621621665,2026-09-08,,,,,,,,,,
,8015,8015.T,8015_20260828_01,7.0,False,True,7620.0,-1.8110236220472475,2.33595800524935,-2.650918635170607,0.8811881188118824,2026-09-08,,,,,,,,,,
,4021,4021.T,4021_20260831_02,7.0,False,True,8325.0,-6.04204204204204,-1.5135135135135092,-6.21021021021021,-0.2437137330754345,2026-09-08,,,,,,,,,,
,8308,8308.T,8308_20260827_01,7.0,False,True,2517.5,-1.0526315789473717,3.3167825223435976,-1.6087388282025827,2.061728395061729,2026-09-08,,,,,,,,,,
,8309,8309.T,8309_20260818_01,7.0,True,False,1796.5,-2.2265516281658737,1.0019482326746545,-2.783189535207342,0.360000000000004,2026-09-08,,,,,,,,,,
,7203,7203.T,7203_20260901_01,7.0,False,True,3230.0,-8.095975232198139,-1.2383900928792602,-8.095975232198139,-0.1529636711281075,2026-09-08,,,,,,,,,,
,8331,8331.T,8331_20260818_01,7.0,False,True,2842.0,-3.184377199155519,1.3546798029556717,-3.184377199155519,0.4254143646408868,2026-09-08,,,,,,,,,,
,6178,6178.T,6178_20260828_01,7.0,False,True,2512.0,-2.6671974522292974,3.6226114649681618,-2.7468152866242046,1.318840579710148,2026-09-08,,,,,,,,,,
,8316,8316.T,8316_20260827_02,7.0,False,True,6971.0,-0.6168411992540479,3.0124802754267765,-2.209152201979625,1.3636363636363704,2026-09-08,,,,,,,,,,
,8354,8354.T,8354_20260821_01,7.0,False,True,7941.0,-2.6570960836166724,1.0200226671703838,-2.6570960836166724,0.3838862559241715,2026-09-08,,,,,,,,,,
,8604,8604.T,8604_20260818_01,7.0,True,False,1623.5,-0.4619648906683093,3.6033261472128153,-0.6159531875577495,5.849999999999969,2026-09-09,,,,,,,,,,
,7269,7269.T,7269_20260818_01,7.0,True,False,2215.5,-10.200857594222525,-2.482509591514326,-11.938614308282558,-0.2079395085066157,2026-09-09,,,,,,,,,,
,4578,4578.T,4578_20260818_01,7.0,False,True,12335.0,-5.350628293473858,0.4053506282934771,-5.7559789217673245,0.0704225352112682,2026-09-09,,,,,,,,,,
,8316,8316.T,8316_20260827_02,7.0,False,True,6990.0,-2.7038626609442007,2.7324749642346102,-2.7038626609442007,1.0105820105820087,2026-09-09,,,,,,,,,,
,7203,7203.T,7203_20260901_01,7.0,False,True,3183.0,-6.660383286207983,-0.0314169022934351,-7.650015708451152,-0.0041067761806983,2026-09-09,,,,,,,,,,
,8591,8591.T,8591_20260901_02,7.0,False,True,6386.0,-5.715627936110246,3.0848731600375823,-5.919198246163482,0.5211640211640212,2026-09-09,,,,,,,,,,
,2914,2914.T,2914_20260821_01,7.0,False,True,7055.0,-6.307583274273565,-0.5953224663359347,-6.3784549964564174,-0.0933333333333337,2026-09-09,,,,,,,,,,
,6178,6178.T,6178_20260828_01,7.0,False,True,2551.0,-5.919247353978829,2.0384163073304595,-5.919247353978829,0.3443708609271526,2026-09-09,,,,,,,,,,
,8309,8309.T,8309_20260818_01,7.0,True,False,1787.5,-3.2167832167832144,1.51048951048951,-3.244755244755249,0.4655172413793096,2026-09-09,,,,,,,,,,
,8601,8601.T,8601_20260818_01,7.0,True,False,1842.0,-2.442996742671011,3.040173724212813,-2.8230184581976125,1.0769230769230769,2026-09-09,,,,,,,,,,
,8725,8725.T,8725_20260818_01,7.0,True,False,5180.0,-4.498069498069501,2.6061776061776065,-4.826254826254828,0.5399999999999999,2026-09-09,,,,,,,,,,
,8309,8309.T,8309_20260818_01,7.0,True,False,1787.0,-3.105763850027976,1.5388919977616045,-3.497481813094572,0.4399999999999979,2026-09-10,,,,,,,,,,
,8411,8411.T,8411_20260818_01,7.0,False,True,8731.0,-2.817546672775173,1.408773336387581,-3.7681823387928026,0.3738601823708202,2026-09-10,,,,,,,,,,
,8725,8725.T,8725_20260818_01,7.0,True,True,5211.0,-5.258107848781424,1.9957781615812744,-5.680291690654382,0.3513513513513522,2026-09-10,,,,,,,,,,
,8601,8601.T,8601_20260818_01,7.0,True,True,1856.0,-2.370689655172409,2.2629310344827624,-3.5560344827586188,0.6363636363636378,2026-09-10,,,,,,,,,,
,8750,8750.T,8750_20260827_02,7.0,True,False,1883.5,-4.008494823466946,1.7786036633926194,-5.335810990177858,0.3333333333333333,2026-09-10,,,,,,,,,,
,8306,8306.T,8306_20260818_01,7.0,False,True,3754.0,-4.075652637187,1.0921683537559843,-4.635055940330313,0.2356321839080441,2026-09-10,,,,,,,,,,
,8316,8316.T,8316_20260827_02,7.0,False,True,7089.0,-3.865143179573993,1.2977853011708174,-4.499929468190156,0.2884012539184928,2026-09-10,,,,,,,,,,
,6178,6178.T,6178_20260828_01,7.0,False,True,2552.0,-5.858150470219437,1.998432601880884,-6.328369905956111,0.3157894736842116,2026-09-10,,,,,,,,,,
,8308,8308.T,8308_20260827_01,7.0,False,True,2550.0,-3.8039215686274552,1.8235294117647127,-5.666666666666664,0.3217993079584788,2026-09-10,,,,,,,,,,
,8354,8354.T,8354_20260821_01,7.0,False,True,7933.0,-3.2396319173074506,1.121895877978063,-4.449766796924237,0.2521246458923507,2026-09-10,,,,,,,,,,
,8015,8015.T,8015_20260828_01,7.0,False,True,7673.0,-4.209566010686827,1.6290890134236902,-5.069725009774539,0.3213367609254489,2026-09-10,,,,,,,,,,
,8604,8604.T,8604_20260818_01,7.0,True,True,1632.0,0.4289215686274605,3.0637254901960675,-1.1335784313725503,2.7027027027026893,2026-09-10,,,,,,,,,,
,8306,8306.T,8306_20260818_01,7.0,False,True,3785.0,,,,,,,,,,,,,,,
,8411,8411.T,8411_20260818_01,7.0,False,True,8774.0,,,,,,,,,,,,,,,
,8750,8750.T,8750_20260827_02,7.0,True,False,1877.5,,,,,,,,,,,,,,,
,8725,8725.T,8725_20260818_01,7.0,True,True,5240.0,,,,,,,,,,,,,,,
,8601,8601.T,8601_20260818_01,7.0,True,False,1867.0,,,,,,,,,,,,,,,
,8316,8316.T,8316_20260827_02,7.0,False,True,7083.0,,,,,,,,,,,,,,,
,6178,6178.T,6178_20260828_01,7.0,False,True,2512.5,,,,,,,,,,,,,,,
,8053,8053.T,8053_20260904_01,7.0,False,True,1820.0,,,,,,,,,,,,,,,
,8604,8604.T,8604_20260818_01,7.0,True,True,1669.0,,,,,,,,,,,,,,,
,8354,8354.T,8354_20260821_01,7.0,False,True,7925.0,,,,,,,,,,,,,,,
,8309,8309.T,8309_20260818_01,7.0,True,False,1801.0,,,,,,,,,,,,,,,
,6857,6857.T,6857_20260903_02,7.0,False,True,34520.0,,,,,,,,,,,,,,,
,4689,4689.T,4689_20260903_02,7.0,True,False,526.6,,,,,,,,,,,,,,,
,8411,8411.T,8411_20260818_01,7.0,True,False,8655.0,,,,,,,,,,,,,,,
,8601,8601.T,8601_20260818_01,7.0,True,False,1857.5,,,,,,,,,,,,,,,
,8604,8604.T,8604_20260818_01,7.0,True,False,1662.5,,,,,,,,,,,,,,,
,8309,8309.T,8309_20260818_01,7.0,True,False,1771.5,,,,,,,,,,,,,,,
,8601,8601.T,8601_20260818_01,7.0,True,False,1818.0,,,,,,,,,,,,,,,
,8411,8411.T,8411_20260818_01,7.0,True,False,8617.0,,,,,,,,,,,,,,,
,8015,8015.T,8015_20260828_01,7.0,True,False,7466.0,,,,,,,,,,,,,,,
,8309,8309.T,8309_20260818_01,7.0,True,False,1747.5,,,,,,,,,,,,,,,
,8053,8053.T,8053_20260904_01,7.0,False,True,1861.5,,,,,,,,,,,,,,,
,5713,5713.T,5713_20260904_01,7.0,False,True,10160.0,,,,,,,,,,,,,,,
,8604,8604.T,8604_20260818_01,7.0,True,True,1629.0,,,,,,,,,,,,,,,
,8604,8604.T,8604_20260818_01,7.0,True,False,1638.0,,,,,,,,,,,,,,,
,8309,8309.T,8309_20260818_01,7.0,True,False,1734.0,,,,,,,,,,,,,,,
,8601,8601.T,8601_20260818_01,7.0,True,False,1810.5,,,,,,,,,,,,,,,
,9101,9101.T,9101_20260904_02,7.0,True,False,7217.0,,,,,,,,,,,,,,,
,4689,4689.T,4689_20260903_02,7.0,True,False,515.1,,,,,,,,,,,,,,,
,4631,4631.T,4631_20260818_01,7.0,True,False,5495.0,-7.279344858962689,-1.273885350318471,-8.043676069153772,-0.1583710407239819,2026-08-25,-3.639672429481344,-1.273885350318471,-11.22838944494996,-0.1134521880064829,2026-09-01,,,,,
,8604,8604.T,8604_20260818_01,7.0,True,False,1509.5,6.227227558794302,6.989069228221267,-0.8280887711162643,8.439999999999996,2026-08-26,6.558463067240816,9.4402119907254,-0.8280887711162643,11.399999999999984,2026-09-02,,,,,
,8309,8309.T,8309_20260818_01,7.0,True,False,1688.5,3.6718981344388446,4.441812259401834,-0.7699141249629893,5.769230769230734,2026-08-26,5.1228901391767945,7.936037903464621,-0.7699141249629893,10.30769230769226,2026-09-02,,,,,
,8725,8725.T,8725_20260818_01,7.0,True,False,4860.0,4.609053497942384,4.97942386831276,-2.1604938271604923,2.304761904761908,2026-08-26,5.65843621399178,7.489711934156373,-2.1604938271604923,3.466666666666667,2026-09-02,,,,,
,2503,2503.T,2503_20260818_01,7.0,True,False,2998.5,2.6846756711689235,4.018676004669008,0.1834250458562669,21.90909090909029,2026-08-26,-0.8004002001000488,4.018676004669008,-0.9504752376188086,4.228070175438607,2026-09-02,,,,,
,5019,5019.T,5019_20260818_01,7.0,False,True,1337.0,1.533283470456248,4.487658937920713,-0.4487658937920691,10.00000000000005,2026-08-26,9.349289454001486,12.266267763649964,-0.4487658937920691,27.3333333333335,2026-09-02,,,,,
,8331,8331.T,8331_20260818_01,7.0,True,False,2723.5,3.6166697264549352,4.681476041857913,-1.230034881586195,3.805970149253736,2026-08-26,2.808885625114743,5.195520469983483,-1.230034881586195,4.223880597014928,2026-09-02,,,,,
,5019,5019.T,5019_20260818_01,7.0,False,True,1349.5,1.519081141163392,3.519822156354202,-0.7039644312708426,4.999999999999984,2026-08-27,10.37421267135976,11.633938495739171,-0.7039644312708426,16.52631578947366,2026-09-03,,,,,
,4021,4021.T,4021_20260818_01,7.0,False,True,8162.0,-1.3354569958343498,1.1761823082577785,-4.165645675079633,0.2823529411764705,2026-08-27,-2.058319039451117,2.54839500122519,-4.165645675079633,0.6117647058823537,2026-09-03,,,,,
,7269,7269.T,7269_20260818_01,7.0,True,True,2087.0,2.2520364159080097,4.120747484427412,-0.7906085289889786,5.212121212121223,2026-08-27,1.030186871106853,9.631049353138476,-0.7906085289889786,12.181818181818194,2026-09-03,,,,,
,5101,5101.T,5101_20260818_01,7.0,True,False,7562.0,-1.5075376884422065,2.618354932557532,-2.36709865115049,1.1061452513966508,2026-08-27,-7.061623909018778,2.618354932557532,-9.151018249140442,0.2861271676300585,2026-09-03,,,,,
,8604,8604.T,8604_20260818_01,7.0,True,False,1521.0,5.950032873109801,6.804733727810652,-1.4792899408283988,4.600000000000012,2026-08-27,7.297830374753443,9.434582511505596,-1.4792899408283988,6.377777777777798,2026-09-03,,,,,
,8309,8309.T,8309_20260818_01,7.0,True,False,1690.5,4.170363797693,4.939367051168286,-0.3549245785270605,13.916666666666744,2026-08-27,5.708370304643595,7.808340727595375,-0.3549245785270605,22.000000000000124,2026-09-03,,,,,
,8601,8601.T,8601_20260818_01,7.0,True,False,1757.0,3.7564029595902095,4.524758110415483,-0.8252703471826939,5.482758620689684,2026-08-27,5.634604439385327,6.659077973819016,-0.8252703471826939,8.068965517241425,2026-09-03,,,,,
,4503,4503.T,4503_20260820_01,7.0,False,True,2418.0,-1.1166253101737025,1.530190239867668,-1.8610421836228297,0.8222222222222266,2026-08-27,-0.041356492969391,1.530190239867668,-3.61869313482217,0.4228571428571449,2026-09-03,,,,,
,9503,9503.T,9503_20260820_01,7.0,False,True,2557.5,1.8572825024437911,3.186705767350939,-1.2903225806451646,2.4696969696969715,2026-08-27,18.318670576735087,19.37438905180841,-1.2903225806451646,15.015151515151484,2026-09-03,,,,,
,8601,8601.T,8601_20260818_01,7.0,True,False,1779.0,4.721753794266448,5.340078695896566,-0.6464305789769531,8.260869565217387,2026-08-28,4.946599213041036,6.68915120854412,-0.6464305789769531,10.347826086956516,2026-09-04,,,,,
,7269,7269.T,7269_20260818_01,7.0,False,True,2103.5,3.161397670549082,3.304017114333257,-1.02210601378655,3.232558139534875,2026-08-28,-1.735203232707394,8.771095792726413,-2.1868314713572645,4.010869565217388,2026-09-04,,,,,
,8331,8331.T,8331_20260818_01,7.0,True,False,2753.5,2.215362266206644,3.5409478845106257,-1.2529507899037615,2.826086956521735,2026-08-28,3.904122026511714,4.249137461412755,-1.2529507899037615,3.3913043478260856,2026-09-04,,,,,
,8309,8309.T,8309_20260818_01,7.0,True,False,1715.5,4.313611192072275,4.809093558729227,-1.0492567764500138,4.58333333333333,2026-08-28,4.983969688137568,6.237248615563984,-1.0492567764500138,5.944444444444457,2026-09-04,,,,,
,8725,8725.T,8725_20260818_01,7.0,True,True,4945.0,3.4175935288169867,3.842264914054594,-1.7391304347826098,2.20930232558139,2026-08-28,5.965621840242674,7.482305358948427,-1.7391304347826098,4.302325581395343,2026-09-04,,,,,
,8604,8604.T,8604_20260818_01,7.0,True,False,1535.0,6.970684039087938,7.622149837133539,-1.140065146579805,6.685714285714274,2026-08-28,8.729641693811075,9.348534201954406,-1.140065146579805,8.200000000000005,2026-09-04,,,,,
,8725,8725.T,8725_20260818_01,7.0,True,False,4927.0,3.653338745687029,4.221635883905006,0.9133346864217629,4.622222222222188,2026-08-31,4.5057844530139946,7.874974629592035,0.9133346864217629,8.622222222222163,2026-09-07,,,,,
,7269,7269.T,7269_20260818_01,7.0,True,False,2126.5,4.726075711262645,5.360921702327759,-0.446743475193978,12.00000000000005,2026-08-31,-3.362332471196805,7.594639078297671,-3.99717846226193,1.900000000000001,2026-09-07,,,,,
,8604,8604.T,8604_20260818_01,7.0,True,False,1539.0,6.270305393112419,7.342430149447687,0.5198180636777128,14.12499999999999,2026-08-31,7.602339181286544,9.064327485380108,0.5198180636777128,17.437499999999982,2026-09-07,,,,,
,8601,8601.T,8601_20260818_01,7.0,True,False,1786.5,3.1905961376994085,4.897844948222785,0.2518891687657509,19.44444444444385,2026-08-31,4.478029666946548,6.241253848306738,0.2518891687657509,24.777777777776976,2026-09-07,,,,,
,4503,4503.T,4503_20260820_01,7.0,False,True,2406.5,-1.4543943486390989,2.015375025971333,-3.158113442759192,0.6381578947368443,2026-08-31,-4.300851859547061,2.015375025971333,-4.529399542904633,0.4449541284403682,2026-09-07,,,,,
,8309,8309.T,8309_20260818_01,7.0,True,False,1702.0,4.406580493537016,5.640423031727382,-0.1175088131609825,48.00000000000189,2026-08-31,4.700352526439477,7.079905992949476,-0.1175088131609825,60.25000000000239,2026-09-07,,,,,
,9503,9503.T,9503_20260820_01,7.0,False,True,2582.0,8.849728892331532,9.004647560030987,-0.7164988381099913,12.56756756756759,2026-08-31,14.852827265685509,18.24167312161116,-0.7164988381099913,25.4594594594595,2026-09-07,,,,,
,2503,2503.T,2503_20260818_01,7.0,False,True,3084.0,-0.745784695201035,1.1348897535667923,-2.075226977950717,0.5468749999999971,2026-09-01,-7.70103761348897,1.1348897535667923,-7.8793774319066205,0.1440329218106989,2026-09-08,,,,,
,7269,7269.T,7269_20260818_01,7.0,True,False,2119.0,6.418121755545059,7.975460122699385,0.4483246814535269,17.789473684210083,2026-09-01,-6.559697970740919,7.975460122699385,-6.559697970740919,1.2158273381294955,2026-09-08,,,,,
,4503,4503.T,4503_20260820_01,7.0,False,True,2415.0,-0.0207039337474124,1.6563146997929712,-3.498964803312632,0.4733727810650914,2026-09-01,-5.569358178053829,1.6563146997929712,-5.9834368530020665,0.2768166089965417,2026-09-08,,,,,
,8725,8725.T,8725_20260818_01,7.0,True,False,5072.0,2.267350157728698,2.9968454258675115,-1.0055205047318605,2.980392156862751,2026-09-01,0.1182965299684646,4.7910094637223954,-1.0055205047318605,4.764705882352943,2026-09-08,,,,,
,8601,8601.T,8601_20260818_01,7.0,True,False,1813.5,2.591673559415497,3.3360904328646246,-1.2406947890818865,2.688888888888886,2026-09-01,1.1579818031431044,4.659498207885315,-1.2406947890818865,3.755555555555562,2026-09-08,,,,,
,9503,9503.T,9503_20260820_01,7.0,False,True,2591.5,14.02662550646343,14.084507042253524,-1.0804553347482204,13.035714285714226,2026-09-01,13.428516303299244,17.808219178082197,-1.0804553347482204,16.482142857142783,2026-09-08,,,,,
,8309,8309.T,8309_20260818_01,7.0,True,False,1734.0,4.354094579008083,5.103806228373697,0.4901960784313708,10.41176470588238,2026-09-01,1.2975778546712835,5.103806228373697,0.4901960784313708,10.41176470588238,2026-09-08,,,,,
,8604,8604.T,8604_20260818_01,7.0,True,False,1571.5,4.39070951320395,5.122494432071267,0.1590836780146265,32.20000000000184,2026-09-01,4.899777282850781,7.031498568246897,0.1590836780146265,44.20000000000254,2026-09-08,,,,,
,8604,8604.T,8604_20260818_01,7.0,True,True,1620.0,0.7407407407407307,2.746913580246924,-1.4197530864197505,1.9347826086956628,2026-09-03,2.839506172839501,3.827160493827164,-1.4197530864197505,2.695652173913051,2026-09-10,,,,,
,8750,8750.T,8750_20260827_02,7.0,True,False,1817.0,3.6598789212988425,4.155200880572374,-0.3577325261419961,11.615384615384496,2026-09-03,0.8805723720418213,5.503577325261411,-1.871216290588884,2.9411764705882284,2026-09-10,,,,,
,8725,8725.T,8725_20260818_01,7.0,True,False,5042.0,3.3518445061483604,4.204680682268935,-0.4165013883379642,10.095238095238006,2026-09-03,-1.547005156683856,5.414518048393502,-2.518841729472432,2.149606299212601,2026-09-10,,,,,
,8601,8601.T,8601_20260818_01,7.0,True,False,1827.5,1.559507523939807,2.5444596443228384,-0.5198358413132653,4.894736842105289,2026-09-03,0.5198358413132764,3.857729138166888,-2.0519835841313228,1.8800000000000003,2026-09-10,,,,,
,8411,8411.T,8411_20260818_01,7.0,False,True,8326.0,4.864280566898871,6.822003362959395,-0.4323804948354603,15.777777777777567,2026-09-03,3.362959404275756,6.822003362959395,-0.4323804948354603,15.777777777777567,2026-09-10,,,,,
,8309,8309.T,8309_20260818_01,7.0,True,False,1756.5,1.7364076288072905,3.757472245943627,-0.5693139766581257,6.599999999999996,2026-09-03,0.0569313976658047,3.757472245943627,-1.8218047253060088,2.062499999999991,2026-09-10,,,,,
,2914,2914.T,2914_20260821_01,7.0,False,True,7014.0,-0.9409751924721932,1.3544339891645274,-1.6110635871114942,0.840707964601768,2026-09-03,-5.702879954376961,1.3544339891645274,-6.102081551183347,0.2219626168224298,2026-09-10,,,,,
,9503,9503.T,9503_20260820_01,7.0,False,True,2590.5,16.811426365566497,17.853696197645252,-1.042269832078746,17.129629629629694,2026-09-03,14.147847905809696,17.853696197645252,-1.042269832078746,17.129629629629694,2026-09-10,,,,,
,8308,8308.T,8308_20260827_01,7.0,False,True,2430.0,4.938271604938271,7.037037037037042,0.5144032921810648,13.680000000000144,2026-09-03,2.4074074074074137,7.037037037037042,-1.0082304526748964,6.979591836734703,2026-09-10,,,,,
,9432,9432.T,9432_20260827_01,7.0,False,True,167.6,3.341286961958345,5.011933174224348,-0.1789957925072638,28.000284833627912,2026-09-03,4.534604384392726,5.011933174224348,-0.1789957925072638,28.000284833627912,2026-09-10,,,,,
,8354,8354.T,8354_20260821_01,7.0,False,True,7733.0,2.5863183757920627,3.724298461140574,-0.4138109401267242,9.000000000000135,2026-09-03,0.4526057157636209,3.737230053019536,-1.9785335574809213,1.8888888888888973,2026-09-10,,,,,
,6178,6178.T,6178_20260828_01,7.0,False,True,2425.5,3.586889301175012,7.318078746650181,-0.8864151721294622,8.255813953488337,2026-09-04,-1.7728303442589133,7.318078746650181,-1.7934446505875057,4.08045977011495,2026-09-11,,,,,
,8015,8015.T,8015_20260828_01,7.0,False,True,7583.0,0.0659369642621587,2.5187920348147097,-3.2045364631412387,0.7860082304526721,2026-09-04,-3.903468284320189,2.8352894632731163,-4.008967427139654,0.7072368421052646,2026-09-11,,,,,
,8354,8354.T,8354_20260821_01,7.0,False,True,7861.0,0.8141457829792698,2.048085485307216,-1.717338760971887,1.1925925925925942,2026-09-04,-3.116651825467498,2.048085485307216,-3.574608828393333,0.5729537366548054,2026-09-11,,,,,
,9766,9766.T,9766_20260824_01,7.0,False,True,22185.0,-3.0876718503493383,1.1043497858913789,-3.944106378183454,0.2800000000000029,2026-09-04,-6.896551724137934,1.1043497858913789,-8.90241153932837,0.1240506329113936,2026-09-11,,,,,
,8601,8601.T,8601_20260818_01,7.0,True,False,1869.5,-0.1337255950788929,1.5244717838994282,-2.754747258625301,0.5533980582524235,2026-09-04,-4.065258090398505,1.5244717838994282,-4.2792190425247405,0.3562499999999975,2026-09-11,,,,,
,8411,8411.T,8411_20260818_01,7.0,True,True,8449.0,3.846609066161677,5.266895490590606,-1.4676293052432232,3.5887096774193594,2026-09-04,-0.1183572020357459,5.266895490590606,-1.4676293052432232,3.5887096774193594,2026-09-11,,,,,
,8604,8604.T,8604_20260818_01,7.0,True,False,1642.5,1.6133942161339343,2.191780821917799,-2.7701674277016752,0.7912087912087877,2026-09-04,-1.4003044140030396,2.404870624048705,-2.7701674277016752,0.8681318681318674,2026-09-11,,,,,
,8316,8316.T,8316_20260827_02,7.0,False,True,6881.0,2.935619822700186,4.359831419851767,-1.5259409969481164,2.857142857142861,2026-09-04,-1.6567359395436745,4.359831419851767,-1.7003342537421862,2.5641025641025688,2026-09-11,,,,,
,8309,8309.T,8309_20260818_01,7.0,True,False,1787.0,0.7834359261331914,1.9865696698377235,-2.266368214885284,0.8765432098765457,2026-09-04,-3.917179630665924,1.9865696698377235,-3.973139339675436,0.5000000000000014,2026-09-11,,,,,
,8308,8308.T,8308_20260827_01,7.0,False,True,2520.0,1.1904761904761862,3.214285714285725,-1.6666666666666718,1.928571428571429,2026-09-04,-3.5317460317460303,3.214285714285725,-4.543650793650789,0.7074235807860293,2026-09-11,,,,,
,8331,8331.T,8331_20260818_01,7.0,False,True,2822.0,1.381998582565558,1.7186392629340963,-1.8426647767540767,0.9326923076923104,2026-09-04,-5.98866052445074,2.072997873848337,-6.413890857547844,0.3232044198895028,2026-09-11,,,,,
,8725,8725.T,8725_20260818_01,7.0,True,False,5115.0,2.4437927663734094,3.910068426197455,-1.0752688172043,3.636363636363636,2026-09-04,-3.519061583577709,3.910068426197455,-3.910068426197455,1.0,2026-09-11,,,,,
,9101,9101.T,9101_20260827_01,7.0,True,False,6941.0,6.901022907362053,7.549344474859532,0.7491715891081885,10.076923076923205,2026-09-07,,,,,,,,,,
,8725,8725.T,8725_20260818_01,7.0,True,True,5071.0,1.5381581542102118,4.811674225990936,0.1971997633602784,24.40000000000072,2026-09-07,,,,,,,,,,
,8308,8308.T,8308_20260827_01,7.0,False,True,2516.0,1.0532591414944337,3.378378378378377,-1.5103338632750374,2.2368421052631606,2026-09-07,,,,,,,,,,
,8601,8601.T,8601_20260818_01,7.0,True,False,1844.0,1.2201735357917576,2.9284164859002093,-1.4099783080260275,2.076923076923076,2026-09-07,,,,,,,,,,
,8354,8354.T,8354_20260821_01,7.0,False,True,7815.0,0.6525911708253451,2.648752399232235,-0.754958413307738,3.508474576271188,2026-09-07,,,,,,,,,,
,8316,8316.T,8316_20260827_02,7.0,False,True,6872.0,1.5133876600698537,4.49650756693829,-0.1018626309662429,44.142857142855696,2026-09-07,,,,,,,,,,
,8604,8604.T,8604_20260818_01,7.0,True,False,1630.0,1.595092024539868,2.9754601226993804,-2.024539877300613,1.469696969696967,2026-09-07,,,,,,,,,,
,7269,7269.T,7269_20260818_01,7.0,False,True,2202.0,-6.675749318801094,3.905540417802,-7.288828337874664,0.5358255451713395,2026-09-07,,,,,,,,,,
,8309,8309.T,8309_20260818_01,7.0,True,False,1767.5,0.8203677510608243,3.111739745403108,-1.1881188118811892,2.6190476190476137,2026-09-07,,,,,,,,,,
,8725,8725.T,8725_20260818_01,7.0,True,False,5183.0,-2.0258537526529063,2.5467875747636537,-2.2187922052865128,1.1478260869565236,2026-09-08,,,,,,,,,,
,6178,6178.T,6178_20260828_01,7.0,False,True,2512.0,-2.6671974522292974,3.6226114649681618,-2.7468152866242046,1.318840579710148,2026-09-08,,,,,,,,,,
,8316,8316.T,8316_20260827_02,7.0,False,True,6971.0,-0.6168411992540479,3.0124802754267765,-2.209152201979625,1.3636363636363704,2026-09-08,,,,,,,,,,
,8604,8604.T,8604_20260818_01,7.0,True,False,1637.0,0.7025045815516107,2.748930971288943,-2.443494196701279,1.1250000000000018,2026-09-08,,,,,,,,,,
,8411,8411.T,8411_20260818_01,7.0,True,True,8621.0,-0.2551908131307234,3.166685999304031,-1.3339519777287978,2.373913043478272,2026-09-08,,,,,,,,,,
,8306,8306.T,8306_20260818_01,7.0,False,True,3686.0,-0.8138903960933308,2.9571351058057527,-1.6006511123168754,1.847457627118644,2026-09-08,,,,,,,,,,
,8601,8601.T,8601_20260818_01,7.0,True,False,1855.0,-1.1051212938005373,2.3180592991913773,-1.99460916442048,1.1621621621621665,2026-09-08,,,,,,,,,,
,8354,8354.T,8354_20260821_01,7.0,False,True,7941.0,-2.6570960836166724,1.0200226671703838,-2.6570960836166724,0.3838862559241715,2026-09-08,,,,,,,,,,
,4021,4021.T,4021_20260831_02,7.0,False,True,8325.0,-6.04204204204204,-1.5135135135135092,-6.21021021021021,-0.2437137330754345,2026-09-08,,,,,,,,,,
,8308,8308.T,8308_20260827_01,7.0,False,True,2517.5,-1.0526315789473717,3.3167825223435976,-1.6087388282025827,2.061728395061729,2026-09-08,,,,,,,,,,
,8309,8309.T,8309_20260818_01,7.0,True,False,1796.5,-2.2265516281658737,1.0019482326746545,-2.783189535207342,0.360000000000004,2026-09-08,,,,,,,,,,
,7203,7203.T,7203_20260901_01,7.0,False,True,3230.0,-8.095975232198139,-1.2383900928792602,-8.095975232198139,-0.1529636711281075,2026-09-08,,,,,,,,,,
,8331,8331.T,8331_20260818_01,7.0,False,True,2842.0,-3.184377199155519,1.3546798029556717,-3.184377199155519,0.4254143646408868,2026-09-08,,,,,,,,,,
,8015,8015.T,8015_20260828_01,7.0,False,True,7620.0,-1.8110236220472475,2.33595800524935,-2.650918635170607,0.8811881188118824,2026-09-08,,,,,,,,,,
,4578,4578.T,4578_20260818_01,7.0,False,True,12335.0,-5.350628293473858,0.4053506282934771,-5.7559789217673245,0.0704225352112682,2026-09-09,,,,,,,,,,
,7269,7269.T,7269_20260818_01,7.0,True,False,2215.5,-10.200857594222525,-2.482509591514326,-11.938614308282558,-0.2079395085066157,2026-09-09,,,,,,,,,,
,8604,8604.T,8604_20260818_01,7.0,True,False,1623.5,-0.4619648906683093,3.6033261472128153,-0.6159531875577495,5.849999999999969,2026-09-09,,,,,,,,,,
,7203,7203.T,7203_20260901_01,7.0,False,True,3183.0,-6.660383286207983,-0.0314169022934351,-7.650015708451152,-0.0041067761806983,2026-09-09,,,,,,,,,,
,8591,8591.T,8591_20260901_02,7.0,False,True,6386.0,-5.715627936110246,3.0848731600375823,-5.919198246163482,0.5211640211640212,2026-09-09,,,,,,,,,,
,2914,2914.T,2914_20260821_01,7.0,False,True,7055.0,-6.307583274273565,-0.5953224663359347,-6.3784549964564174,-0.0933333333333337,2026-09-09,,,,,,,,,,
,6178,6178.T,6178_20260828_01,7.0,False,True,2551.0,-5.919247353978829,2.0384163073304595,-5.919247353978829,0.3443708609271526,2026-09-09,,,,,,,,,,
,8309,8309.T,8309_20260818_01,7.0,True,False,1787.5,-3.2167832167832144,1.51048951048951,-3.244755244755249,0.4655172413793096,2026-09-09,,,,,,,,,,
,8601,8601.T,8601_20260818_01,7.0,True,False,1842.0,-2.442996742671011,3.040173724212813,-2.8230184581976125,1.0769230769230769,2026-09-09,,,,,,,,,,
,8316,8316.T,8316_20260827_02,7.0,False,True,6990.0,-2.7038626609442007,2.7324749642346102,-2.7038626609442007,1.0105820105820087,2026-09-09,,,,,,,,,,
,8725,8725.T,8725_20260818_01,7.0,True,False,5180.0,-4.498069498069501,2.6061776061776065,-4.826254826254828,0.5399999999999999,2026-09-09,,,,,,,,,,
,8750,8750.T,8750_20260827_02,7.0,True,False,1883.5,-2.6811786567560447,1.7786036633926194,-5.335810990177858,0.3333333333333333,2026-09-10,,,,,,,,,,
,8725,8725.T,8725_20260818_01,7.0,True,True,5211.0,-4.739973133755515,1.9957781615812744,-5.680291690654382,0.3513513513513522,2026-09-10,,,,,,,,,,
,8411,8411.T,8411_20260818_01,7.0,False,True,8731.0,-1.431680219906084,1.408773336387581,-3.7681823387928026,0.3738601823708202,2026-09-10,,,,,,,,,,
,8601,8601.T,8601_20260818_01,7.0,True,True,1856.0,-1.0237068965517238,2.2629310344827624,-3.5560344827586188,0.6363636363636378,2026-09-10,,,,,,,,,,
,8306,8306.T,8306_20260818_01,7.0,False,True,3754.0,-2.4507192328183325,1.0921683537559843,-4.635055940330313,0.2356321839080441,2026-09-10,,,,,,,,,,
,8015,8015.T,8015_20260828_01,7.0,False,True,7673.0,-3.166949042095657,1.6290890134236902,-5.069725009774539,0.3213367609254489,2026-09-10,,,,,,,,,,
,8316,8316.T,8316_20260827_02,7.0,False,True,7089.0,-2.6519960502186524,1.2977853011708174,-4.499929468190156,0.2884012539184928,2026-09-10,,,,,,,,,,
,6178,6178.T,6178_20260828_01,7.0,False,True,2552.0,-4.682601880877746,1.998432601880884,-6.328369905956111,0.3157894736842116,2026-09-10,,,,,,,,,,
,8308,8308.T,8308_20260827_01,7.0,False,True,2550.0,-2.4117647058823577,1.8235294117647127,-5.666666666666664,0.3217993079584788,2026-09-10,,,,,,,,,,
,8354,8354.T,8354_20260821_01,7.0,False,True,7933.0,-2.0799193243413616,1.121895877978063,-4.449766796924237,0.2521246458923507,2026-09-10,,,,,,,,,,
,8604,8604.T,8604_20260818_01,7.0,True,True,1632.0,2.083333333333326,3.0637254901960675,-1.1335784313725503,2.7027027027026893,2026-09-10,,,,,,,,,,
,8309,8309.T,8309_20260818_01,7.0,True,False,1787.0,-1.6508114157806395,1.5388919977616045,-3.497481813094572,0.4399999999999979,2026-09-10,,,,,,,,,,
,8309,8309.T,8309_20260818_01,7.0,True,False,1801.0,-4.414214325374788,0.3886729594669624,-4.71960022209883,0.0823529411764705,2026-09-11,,,,,,,,,,
,8306,8306.T,8306_20260818_01,7.0,False,True,3785.0,-5.310435931307788,0.264200792602387,-5.548216644649939,0.0476190476190492,2026-09-11,,,,,,,,,,
,8411,8411.T,8411_20260818_01,7.0,False,True,8774.0,-3.5901527239571407,0.9117848187827572,-4.239799407339873,0.2150537634408575,2026-09-11,,,,,,,,,,
,8750,8750.T,8750_20260827_02,7.0,True,False,1877.5,-3.142476697736352,0.9320905459387464,-5.033288948069236,0.1851851851851849,2026-09-11,,,,,,,,,,
,8725,8725.T,8725_20260818_01,7.0,True,True,5240.0,-5.667938931297711,0.1717557251908363,-6.202290076335881,0.0276923076923071,2026-09-11,,,,,,,,,,
,8601,8601.T,8601_20260818_01,7.0,True,False,1867.0,-3.722549544724152,0.5356186395286455,-4.151044456347086,0.1290322580645135,2026-09-11,,,,,,,,,,
,8316,8316.T,8316_20260827_02,7.0,False,True,7083.0,-4.235493434985171,0.1553014259494611,-4.503741352534241,0.0344827586206906,2026-09-11,,,,,,,,,,
,6178,6178.T,6178_20260828_01,7.0,False,True,2512.5,-4.935323383084578,0.776119402985076,-5.194029850746274,0.1494252873563219,2026-09-11,,,,,,,,,,
,8053,8053.T,8053_20260904_01,7.0,False,True,1820.0,-2.637362637362639,3.901098901098909,-2.7472527472527486,1.4200000000000024,2026-09-11,,,,,,,,,,
,8604,8604.T,8604_20260818_01,7.0,True,True,1669.0,-2.726183343319355,0.7789095266626633,-3.325344517675255,0.2342342342342315,2026-09-11,,,,,,,,,,
,8354,8354.T,8354_20260821_01,7.0,False,True,7925.0,-3.621451104100948,0.7444794952681466,-4.353312302839118,0.1710144927536249,2026-09-11,,,,,,,,,,
,6857,6857.T,6857_20260903_02,7.0,False,True,34520.0,,,,,,,,,,,,,,,
,4689,4689.T,4689_20260903_02,7.0,True,False,526.6,,,,,,,,,,,,,,,
,8411,8411.T,8411_20260818_01,7.0,True,False,8655.0,,,,,,,,,,,,,,,
,8601,8601.T,8601_20260818_01,7.0,True,False,1857.5,,,,,,,,,,,,,,,
,8604,8604.T,8604_20260818_01,7.0,True,False,1662.5,,,,,,,,,,,,,,,
,8309,8309.T,8309_20260818_01,7.0,True,False,1771.5,,,,,,,,,,,,,,,
,8601,8601.T,8601_20260818_01,7.0,True,False,1818.0,,,,,,,,,,,,,,,
,8411,8411.T,8411_20260818_01,7.0,True,False,8617.0,,,,,,,,,,,,,,,
,8015,8015.T,8015_20260828_01,7.0,True,False,7466.0,,,,,,,,,,,,,,,
,8309,8309.T,8309_20260818_01,7.0,True,False,1747.5,,,,,,,,,,,,,,,
,8053,8053.T,8053_20260904_01,7.0,False,True,1861.5,,,,,,,,,,,,,,,
,5713,5713.T,5713_20260904_01,7.0,False,True,10160.0,,,,,,,,,,,,,,,
,8604,8604.T,8604_20260818_01,7.0,True,True,1629.0,,,,,,,,,,,,,,,
,8601,8601.T,8601_20260818_01,7.0,True,False,1810.5,,,,,,,,,,,,,,,
,9101,9101.T,9101_20260904_02,7.0,True,False,7217.0,,,,,,,,,,,,,,,
,4689,4689.T,4689_20260903_02,7.0,True,False,515.1,,,,,,,,,,,,,,,
,8309,8309.T,8309_20260818_01,7.0,True,False,1734.0,,,,,,,,,,,,,,,
,8604,8604.T,8604_20260818_01,7.0,True,False,1638.0,,,,,,,,,,,,,,,
,8604,8604.T,8604_20260818_01,7.0,True,False,1666.0,,,,,,,,,,,,,,,
,8309,8309.T,8309_20260818_01,7.0,True,False,1757.5,,,,,,,,,,,,,,,
,8601,8601.T,8601_20260818_01,7.0,True,False,1837.0,,,,,,,,,,,,,,,
,9101,9101.T,9101_20260904_02,7.0,True,False,7198.0,,,,,,,,,,,,,,,
,4689,4689.T,4689_20260903_02,7.0,True,False,522.1,,,,,,,,,,,,,,,
,4631,4631.T,4631_20260818_01,7.0,True,False,5495.0,-7.279344858962689,-1.273885350318471,-8.043676069153772,-0.1583710407239819,2026-08-25,-3.639672429481344,-1.273885350318471,-11.22838944494996,-0.1134521880064829,2026-09-01,,,,,
,8725,8725.T,8725_20260818_01,7.0,True,False,4860.0,4.609053497942384,4.97942386831276,-2.1604938271604923,2.304761904761908,2026-08-26,5.65843621399178,7.489711934156373,-2.1604938271604923,3.466666666666667,2026-09-02,,,,,
,2503,2503.T,2503_20260818_01,7.0,True,False,2998.5,2.6846756711689235,4.018676004669008,0.1834250458562669,21.90909090909029,2026-08-26,-0.8004002001000488,4.018676004669008,-0.9504752376188086,4.228070175438607,2026-09-02,,,,,
,5019,5019.T,5019_20260818_01,7.0,False,True,1337.0,1.533283470456248,4.487658937920713,-0.4487658937920691,10.00000000000005,2026-08-26,9.349289454001486,12.266267763649964,-0.4487658937920691,27.3333333333335,2026-09-02,,,,,
,8331,8331.T,8331_20260818_01,7.0,True,False,2723.5,3.6166697264549352,4.681476041857913,-1.230034881586195,3.805970149253736,2026-08-26,2.808885625114743,5.195520469983483,-1.230034881586195,4.223880597014928,2026-09-02,,,,,
,8309,8309.T,8309_20260818_01,7.0,True,False,1688.5,3.6718981344388446,4.441812259401834,-0.7699141249629893,5.769230769230734,2026-08-26,5.1228901391767945,7.936037903464621,-0.7699141249629893,10.30769230769226,2026-09-02,,,,,
,8604,8604.T,8604_20260818_01,7.0,True,False,1509.5,6.227227558794302,6.989069228221267,-0.8280887711162643,8.439999999999996,2026-08-26,6.558463067240816,9.4402119907254,-0.8280887711162643,11.399999999999984,2026-09-02,,,,,
,4503,4503.T,4503_20260820_01,7.0,False,True,2418.0,-1.1166253101737025,1.530190239867668,-1.8610421836228297,0.8222222222222266,2026-08-27,-0.041356492969391,1.530190239867668,-3.61869313482217,0.4228571428571449,2026-09-03,,,,,
,9503,9503.T,9503_20260820_01,7.0,False,True,2557.5,1.8572825024437911,3.186705767350939,-1.2903225806451646,2.4696969696969715,2026-08-27,18.318670576735087,19.37438905180841,-1.2903225806451646,15.015151515151484,2026-09-03,,,,,
,8601,8601.T,8601_20260818_01,7.0,True,False,1757.0,3.7564029595902095,4.524758110415483,-0.8252703471826939,5.482758620689684,2026-08-27,5.634604439385327,6.659077973819016,-0.8252703471826939,8.068965517241425,2026-09-03,,,,,
,5019,5019.T,5019_20260818_01,7.0,False,True,1349.5,1.519081141163392,3.519822156354202,-0.7039644312708426,4.999999999999984,2026-08-27,10.37421267135976,11.633938495739171,-0.7039644312708426,16.52631578947366,2026-09-03,,,,,
,4021,4021.T,4021_20260818_01,7.0,False,True,8162.0,-1.3354569958343498,1.1761823082577785,-4.165645675079633,0.2823529411764705,2026-08-27,-2.058319039451117,2.54839500122519,-4.165645675079633,0.6117647058823537,2026-09-03,,,,,
,7269,7269.T,7269_20260818_01,7.0,True,True,2087.0,2.2520364159080097,4.120747484427412,-0.7906085289889786,5.212121212121223,2026-08-27,1.030186871106853,9.631049353138476,-0.7906085289889786,12.181818181818194,2026-09-03,,,,,
,5101,5101.T,5101_20260818_01,7.0,True,False,7562.0,-1.5075376884422065,2.618354932557532,-2.36709865115049,1.1061452513966508,2026-08-27,-7.061623909018778,2.618354932557532,-9.151018249140442,0.2861271676300585,2026-09-03,,,,,
,8604,8604.T,8604_20260818_01,7.0,True,False,1521.0,5.950032873109801,6.804733727810652,-1.4792899408283988,4.600000000000012,2026-08-27,7.297830374753443,9.434582511505596,-1.4792899408283988,6.377777777777798,2026-09-03,,,,,
,8309,8309.T,8309_20260818_01,7.0,True,False,1690.5,4.170363797693,4.939367051168286,-0.3549245785270605,13.916666666666744,2026-08-27,5.708370304643595,7.808340727595375,-0.3549245785270605,22.000000000000124,2026-09-03,,,,,
,8601,8601.T,8601_20260818_01,7.0,True,False,1779.0,4.721753794266448,5.340078695896566,-0.6464305789769531,8.260869565217387,2026-08-28,4.946599213041036,6.68915120854412,-0.6464305789769531,10.347826086956516,2026-09-04,,,,,
,7269,7269.T,7269_20260818_01,7.0,False,True,2103.5,3.161397670549082,3.304017114333257,-1.02210601378655,3.232558139534875,2026-08-28,-1.735203232707394,8.771095792726413,-2.1868314713572645,4.010869565217388,2026-09-04,,,,,
,8331,8331.T,8331_20260818_01,7.0,True,False,2753.5,2.215362266206644,3.5409478845106257,-1.2529507899037615,2.826086956521735,2026-08-28,3.904122026511714,4.249137461412755,-1.2529507899037615,3.3913043478260856,2026-09-04,,,,,
,8309,8309.T,8309_20260818_01,7.0,True,False,1715.5,4.313611192072275,4.809093558729227,-1.0492567764500138,4.58333333333333,2026-08-28,4.983969688137568,6.237248615563984,-1.0492567764500138,5.944444444444457,2026-09-04,,,,,
,8725,8725.T,8725_20260818_01,7.0,True,True,4945.0,3.4175935288169867,3.842264914054594,-1.7391304347826098,2.20930232558139,2026-08-28,5.965621840242674,7.482305358948427,-1.7391304347826098,4.302325581395343,2026-09-04,,,,,
,8604,8604.T,8604_20260818_01,7.0,True,False,1535.0,6.970684039087938,7.622149837133539,-1.140065146579805,6.685714285714274,2026-08-28,8.729641693811075,9.348534201954406,-1.140065146579805,8.200000000000005,2026-09-04,,,,,
,9503,9503.T,9503_20260820_01,7.0,False,True,2582.0,8.849728892331532,9.004647560030987,-0.7164988381099913,12.56756756756759,2026-08-31,14.852827265685509,18.24167312161116,-0.7164988381099913,25.4594594594595,2026-09-07,,,,,
,8725,8725.T,8725_20260818_01,7.0,True,False,4927.0,3.653338745687029,4.221635883905006,0.9133346864217629,4.622222222222188,2026-08-31,4.5057844530139946,7.874974629592035,0.9133346864217629,8.622222222222163,2026-09-07,,,,,
,7269,7269.T,7269_20260818_01,7.0,True,False,2126.5,4.726075711262645,5.360921702327759,-0.446743475193978,12.00000000000005,2026-08-31,-3.362332471196805,7.594639078297671,-3.99717846226193,1.900000000000001,2026-09-07,,,,,
,8604,8604.T,8604_20260818_01,7.0,True,False,1539.0,6.270305393112419,7.342430149447687,0.5198180636777128,14.12499999999999,2026-08-31,7.602339181286544,9.064327485380108,0.5198180636777128,17.437499999999982,2026-09-07,,,,,
,8601,8601.T,8601_20260818_01,7.0,True,False,1786.5,3.1905961376994085,4.897844948222785,0.2518891687657509,19.44444444444385,2026-08-31,4.478029666946548,6.241253848306738,0.2518891687657509,24.777777777776976,2026-09-07,,,,,
,4503,4503.T,4503_20260820_01,7.0,False,True,2406.5,-1.4543943486390989,2.015375025971333,-3.158113442759192,0.6381578947368443,2026-08-31,-4.300851859547061,2.015375025971333,-4.529399542904633,0.4449541284403682,2026-09-07,,,,,
,8309,8309.T,8309_20260818_01,7.0,True,False,1702.0,4.406580493537016,5.640423031727382,-0.1175088131609825,48.00000000000189,2026-08-31,4.700352526439477,7.079905992949476,-0.1175088131609825,60.25000000000239,2026-09-07,,,,,
,8601,8601.T,8601_20260818_01,7.0,True,False,1813.5,2.591673559415497,3.3360904328646246,-1.2406947890818865,2.688888888888886,2026-09-01,1.1579818031431044,4.659498207885315,-1.2406947890818865,3.755555555555562,2026-09-08,,,,,
,8725,8725.T,8725_20260818_01,7.0,True,False,5072.0,2.267350157728698,2.9968454258675115,-1.0055205047318605,2.980392156862751,2026-09-01,0.1182965299684646,4.7910094637223954,-1.0055205047318605,4.764705882352943,2026-09-08,,,,,
,7269,7269.T,7269_20260818_01,7.0,True,False,2119.0,6.418121755545059,7.975460122699385,0.4483246814535269,17.789473684210083,2026-09-01,-6.559697970740919,7.975460122699385,-6.559697970740919,1.2158273381294955,2026-09-08,,,,,
,4503,4503.T,4503_20260820_01,7.0,False,True,2415.0,-0.0207039337474124,1.6563146997929712,-3.498964803312632,0.4733727810650914,2026-09-01,-5.569358178053829,1.6563146997929712,-5.9834368530020665,0.2768166089965417,2026-09-08,,,,,
,9503,9503.T,9503_20260820_01,7.0,False,True,2591.5,14.02662550646343,14.084507042253524,-1.0804553347482204,13.035714285714226,2026-09-01,13.428516303299244,17.808219178082197,-1.0804553347482204,16.482142857142783,2026-09-08,,,,,
,8309,8309.T,8309_20260818_01,7.0,True,False,1734.0,4.354094579008083,5.103806228373697,0.4901960784313708,10.41176470588238,2026-09-01,1.2975778546712835,5.103806228373697,0.4901960784313708,10.41176470588238,2026-09-08,,,,,
,8604,8604.T,8604_20260818_01,7.0,True,False,1571.5,4.39070951320395,5.122494432071267,0.1590836780146265,32.20000000000184,2026-09-01,4.899777282850781,7.031498568246897,0.1590836780146265,44.20000000000254,2026-09-08,,,,,
,2503,2503.T,2503_20260818_01,7.0,False,True,3084.0,-0.745784695201035,1.1348897535667923,-2.075226977950717,0.5468749999999971,2026-09-01,-7.70103761348897,1.1348897535667923,-7.8793774319066205,0.1440329218106989,2026-09-08,,,,,
,8308,8308.T,8308_20260827_01,7.0,False,True,2430.0,4.938271604938271,7.037037037037042,0.5144032921810648,13.680000000000144,2026-09-03,2.4074074074074137,7.037037037037042,-1.0082304526748964,6.979591836734703,2026-09-10,,,,,
,9503,9503.T,9503_20260820_01,7.0,False,True,2590.5,16.811426365566497,17.853696197645252,-1.042269832078746,17.129629629629694,2026-09-03,14.147847905809696,17.853696197645252,-1.042269832078746,17.129629629629694,2026-09-10,,,,,
,8604,8604.T,8604_20260818_01,7.0,True,True,1620.0,0.7407407407407307,2.746913580246924,-1.4197530864197505,1.9347826086956628,2026-09-03,2.839506172839501,3.827160493827164,-1.4197530864197505,2.695652173913051,2026-09-10,,,,,
,8750,8750.T,8750_20260827_02,7.0,True,False,1817.0,3.6598789212988425,4.155200880572374,-0.3577325261419961,11.615384615384496,2026-09-03,0.8805723720418213,5.503577325261411,-1.871216290588884,2.9411764705882284,2026-09-10,,,,,
,8725,8725.T,8725_20260818_01,7.0,True,False,5042.0,3.3518445061483604,4.204680682268935,-0.4165013883379642,10.095238095238006,2026-09-03,-1.547005156683856,5.414518048393502,-2.518841729472432,2.149606299212601,2026-09-10,,,,,
,8601,8601.T,8601_20260818_01,7.0,True,False,1827.5,1.559507523939807,2.5444596443228384,-0.5198358413132653,4.894736842105289,2026-09-03,0.5198358413132764,3.857729138166888,-2.0519835841313228,1.8800000000000003,2026-09-10,,,,,
,8411,8411.T,8411_20260818_01,7.0,False,True,8326.0,4.864280566898871,6.822003362959395,-0.4323804948354603,15.777777777777567,2026-09-03,3.362959404275756,6.822003362959395,-0.4323804948354603,15.777777777777567,2026-09-10,,,,,
,8309,8309.T,8309_20260818_01,7.0,True,False,1756.5,1.7364076288072905,3.757472245943627,-0.5693139766581257,6.599999999999996,2026-09-03,0.0569313976658047,3.757472245943627,-1.8218047253060088,2.062499999999991,2026-09-10,,,,,
,2914,2914.T,2914_20260821_01,7.0,False,True,7014.0,-0.9409751924721932,1.3544339891645274,-1.6110635871114942,0.840707964601768,2026-09-03,-5.702879954376961,1.3544339891645274,-6.102081551183347,0.2219626168224298,2026-09-10,,,,,
,8354,8354.T,8354_20260821_01,7.0,False,True,7733.0,2.5863183757920627,3.724298461140574,-0.4138109401267242,9.000000000000135,2026-09-03,0.4526057157636209,3.737230053019536,-1.9785335574809213,1.8888888888888973,2026-09-10,,,,,
,9432,9432.T,9432_20260827_01,7.0,False,True,167.6,3.341286961958345,5.011933174224348,-0.1789957925072638,28.000284833627912,2026-09-03,4.534604384392726,5.011933174224348,-0.1789957925072638,28.000284833627912,2026-09-10,,,,,
,8411,8411.T,8411_20260818_01,7.0,True,True,8449.0,3.846609066161677,5.266895490590606,-1.4676293052432232,3.5887096774193594,2026-09-04,2.426322641732748,5.266895490590606,-1.4676293052432232,3.5887096774193594,2026-09-11,,,,,
,8604,8604.T,8604_20260818_01,7.0,True,False,1642.5,1.6133942161339343,2.191780821917799,-2.7701674277016752,0.7912087912087877,2026-09-04,1.3394216133942205,2.404870624048705,-2.7701674277016752,0.8681318681318674,2026-09-11,,,,,
,8316,8316.T,8316_20260827_02,7.0,False,True,6881.0,2.935619822700186,4.359831419851767,-1.5259409969481164,2.857142857142861,2026-09-04,0.4359831419851856,4.359831419851767,-1.860194739136756,2.343749999999998,2026-09-11,,,,,
,8725,8725.T,8725_20260818_01,7.0,True,False,5115.0,2.4437927663734094,3.910068426197455,-1.0752688172043,3.636363636363636,2026-09-04,-0.4692082111436901,3.910068426197455,-3.910068426197455,1.0,2026-09-11,,,,,
,8309,8309.T,8309_20260818_01,7.0,True,False,1787.0,0.7834359261331914,1.9865696698377235,-2.266368214885284,0.8765432098765457,2026-09-04,-1.1191941801902638,1.9865696698377235,-3.973139339675436,0.5000000000000014,2026-09-11,,,,,
,8308,8308.T,8308_20260827_01,7.0,False,True,2520.0,1.1904761904761862,3.214285714285725,-1.6666666666666718,1.928571428571429,2026-09-04,0.079365079365079,3.214285714285725,-4.543650793650789,0.7074235807860293,2026-09-11,,,,,
,8331,8331.T,8331_20260818_01,7.0,False,True,2822.0,1.381998582565558,1.7186392629340963,-1.8426647767540767,0.9326923076923104,2026-09-04,-3.2955350815024764,2.072997873848337,-6.413890857547844,0.3232044198895028,2026-09-11,,,,,
,8601,8601.T,8601_20260818_01,7.0,True,False,1869.5,-0.1337255950788929,1.5244717838994282,-2.754747258625301,0.5533980582524235,2026-09-04,-1.4709815458678777,1.5244717838994282,-4.2792190425247405,0.3562499999999975,2026-09-11,,,,,
,9766,9766.T,9766_20260824_01,7.0,False,True,22185.0,-3.0876718503493383,1.1043497858913789,-3.944106378183454,0.2800000000000029,2026-09-04,-6.558485463150776,1.1043497858913789,-8.90241153932837,0.1240506329113936,2026-09-11,,,,,
,6178,6178.T,6178_20260828_01,7.0,False,True,2425.5,3.586889301175012,7.318078746650181,-0.8864151721294622,8.255813953488337,2026-09-04,1.7934446505875057,7.318078746650181,-1.7934446505875057,4.08045977011495,2026-09-11,,,,,
,8015,8015.T,8015_20260828_01,7.0,False,True,7583.0,0.0659369642621587,2.5187920348147097,-3.2045364631412387,0.7860082304526721,2026-09-04,-0.3956217855729971,2.8352894632731163,-4.219965712778584,0.6718750000000012,2026-09-11,,,,,
,8354,8354.T,8354_20260821_01,7.0,False,True,7861.0,0.8141457829792698,2.048085485307216,-1.717338760971887,1.1925925925925942,2026-09-04,-0.4325149472077294,2.048085485307216,-3.574608828393333,0.5729537366548054,2026-09-11,,,,,
,7269,7269.T,7269_20260818_01,7.0,False,True,2202.0,-6.675749318801094,3.905540417802,-7.288828337874664,0.5358255451713395,2026-09-07,-6.993642143505907,3.905540417802,-11.398728428701176,0.3426294820717134,2026-09-14,,,,,
,9101,9101.T,9101_20260827_01,7.0,True,False,6941.0,6.901022907362053,7.549344474859532,0.7491715891081885,10.076923076923205,2026-09-07,5.316236853479328,7.549344474859532,0.7491715891081885,10.076923076923205,2026-09-14,,,,,
,8725,8725.T,8725_20260818_01,7.0,True,True,5071.0,1.5381581542102118,4.811674225990936,0.1971997633602784,24.40000000000072,2026-09-07,1.9128377045947609,4.811674225990936,-3.076316308420435,1.564102564102564,2026-09-14,,,,,
,8308,8308.T,8308_20260827_01,7.0,False,True,2516.0,1.0532591414944337,3.378378378378377,-1.5103338632750374,2.2368421052631606,2026-09-07,-0.2384737678855275,3.378378378378377,-4.3918918918918965,0.7692307692307682,2026-09-14,,,,,
,8601,8601.T,8601_20260818_01,7.0,True,False,1844.0,1.2201735357917576,2.9284164859002093,-1.4099783080260275,2.076923076923076,2026-09-07,0.1355748373101928,2.9284164859002093,-2.955531453362259,0.9908256880733908,2026-09-14,,,,,
,8354,8354.T,8354_20260821_01,7.0,False,True,7815.0,0.6525911708253451,2.648752399232235,-0.754958413307738,3.508474576271188,2026-09-07,-0.102367242482404,2.648752399232235,-3.00703774792066,0.8808510638297852,2026-09-14,,,,,
,8604,8604.T,8604_20260818_01,7.0,True,False,1630.0,1.595092024539868,2.9754601226993804,-2.024539877300613,1.469696969696967,2026-09-07,2.116564417177913,3.1901840490797584,-2.024539877300613,1.575757575757578,2026-09-14,,,,,
,8316,8316.T,8316_20260827_02,7.0,False,True,6872.0,1.5133876600698537,4.49650756693829,-0.1018626309662429,44.142857142855696,2026-09-07,0.3201396973224746,4.49650756693829,-1.7316647264260745,2.5966386554621828,2026-09-14,,,,,
,8309,8309.T,8309_20260818_01,7.0,True,False,1767.5,0.8203677510608243,3.111739745403108,-1.1881188118811892,2.6190476190476137,2026-09-07,0.1131541725601037,3.111739745403108,-2.91371994342291,1.067961165048544,2026-09-14,,,,,
,8354,8354.T,8354_20260821_01,7.0,False,True,7941.0,-2.6570960836166724,1.0200226671703838,-2.6570960836166724,0.3838862559241715,2026-09-08,,,,,,,,,,
,8604,8604.T,8604_20260818_01,7.0,True,False,1637.0,0.7025045815516107,2.748930971288943,-2.443494196701279,1.1250000000000018,2026-09-08,,,,,,,,,,
,8411,8411.T,8411_20260818_01,7.0,True,True,8621.0,-0.2551908131307234,3.166685999304031,-1.3339519777287978,2.373913043478272,2026-09-08,,,,,,,,,,
,8306,8306.T,8306_20260818_01,7.0,False,True,3686.0,-0.8138903960933308,2.9571351058057527,-1.6006511123168754,1.847457627118644,2026-09-08,,,,,,,,,,
,8601,8601.T,8601_20260818_01,7.0,True,False,1855.0,-1.1051212938005373,2.3180592991913773,-1.99460916442048,1.1621621621621665,2026-09-08,,,,,,,,,,
,8015,8015.T,8015_20260828_01,7.0,False,True,7620.0,-1.8110236220472475,2.33595800524935,-2.650918635170607,0.8811881188118824,2026-09-08,,,,,,,,,,
,4021,4021.T,4021_20260831_02,7.0,False,True,8325.0,-6.04204204204204,-1.5135135135135092,-6.21021021021021,-0.2437137330754345,2026-09-08,,,,,,,,,,
,8308,8308.T,8308_20260827_01,7.0,False,True,2517.5,-1.0526315789473717,3.3167825223435976,-1.6087388282025827,2.061728395061729,2026-09-08,,,,,,,,,,
,8309,8309.T,8309_20260818_01,7.0,True,False,1796.5,-2.2265516281658737,1.0019482326746545,-2.783189535207342,0.360000000000004,2026-09-08,,,,,,,,,,
,7203,7203.T,7203_20260901_01,7.0,False,True,3230.0,-8.095975232198139,-1.2383900928792602,-8.095975232198139,-0.1529636711281075,2026-09-08,,,,,,,,,,
,8331,8331.T,8331_20260818_01,7.0,False,True,2842.0,-3.184377199155519,1.3546798029556717,-3.184377199155519,0.4254143646408868,2026-09-08,,,,,,,,,,
,6178,6178.T,6178_20260828_01,7.0,False,True,2512.0,-2.6671974522292974,3.6226114649681618,-2.7468152866242046,1.318840579710148,2026-09-08,,,,,,,,,,
,8316,8316.T,8316_20260827_02,7.0,False,True,6971.0,-0.6168411992540479,3.0124802754267765,-2.209152201979625,1.3636363636363704,2026-09-08,,,,,,,,,,
,8725,8725.T,8725_20260818_01,7.0,True,False,5183.0,-2.0258537526529063,2.5467875747636537,-2.2187922052865128,1.1478260869565236,2026-09-08,,,,,,,,,,
,8316,8316.T,8316_20260827_02,7.0,False,True,6990.0,-2.7038626609442007,2.7324749642346102,-2.7038626609442007,1.0105820105820087,2026-09-09,,,,,,,,,,
,4578,4578.T,4578_20260818_01,7.0,False,True,12335.0,-5.350628293473858,0.4053506282934771,-5.7559789217673245,0.0704225352112682,2026-09-09,,,,,,,,,,
,7269,7269.T,7269_20260818_01,7.0,True,False,2215.5,-10.200857594222525,-2.482509591514326,-11.938614308282558,-0.2079395085066157,2026-09-09,,,,,,,,,,
,8604,8604.T,8604_20260818_01,7.0,True,False,1623.5,-0.4619648906683093,3.6033261472128153,-0.6159531875577495,5.849999999999969,2026-09-09,,,,,,,,,,
,7203,7203.T,7203_20260901_01,7.0,False,True,3183.0,-6.660383286207983,-0.0314169022934351,-7.650015708451152,-0.0041067761806983,2026-09-09,,,,,,,,,,
,8591,8591.T,8591_20260901_02,7.0,False,True,6386.0,-5.715627936110246,3.0848731600375823,-5.919198246163482,0.5211640211640212,2026-09-09,,,,,,,,,,
,2914,2914.T,2914_20260821_01,7.0,False,True,7055.0,-6.307583274273565,-0.5953224663359347,-6.3784549964564174,-0.0933333333333337,2026-09-09,,,,,,,,,,
,6178,6178.T,6178_20260828_01,7.0,False,True,2551.0,-5.919247353978829,2.0384163073304595,-5.919247353978829,0.3443708609271526,2026-09-09,,,,,,,,,,
,8309,8309.T,8309_20260818_01,7.0,True,False,1787.5,-3.2167832167832144,1.51048951048951,-3.244755244755249,0.4655172413793096,2026-09-09,,,,,,,,,,
,8601,8601.T,8601_20260818_01,7.0,True,False,1842.0,-2.442996742671011,3.040173724212813,-2.8230184581976125,1.0769230769230769,2026-09-09,,,,,,,,,,
,8725,8725.T,8725_20260818_01,7.0,True,False,5180.0,-4.498069498069501,2.6061776061776065,-4.826254826254828,0.5399999999999999,2026-09-09,,,,,,,,,,
,8309,8309.T,8309_20260818_01,7.0,True,False,1787.0,-1.6508114157806395,1.5388919977616045,-3.497481813094572,0.4399999999999979,2026-09-10,,,,,,,,,,
,8750,8750.T,8750_20260827_02,7.0,True,False,1883.5,-2.6811786567560447,1.7786036633926194,-5.335810990177858,0.3333333333333333,2026-09-10,,,,,,,,,,
,8725,8725.T,8725_20260818_01,7.0,True,True,5211.0,-4.739973133755515,1.9957781615812744,-5.680291690654382,0.3513513513513522,2026-09-10,,,,,,,,,,
,8411,8411.T,8411_20260818_01,7.0,False,True,8731.0,-1.431680219906084,1.408773336387581,-3.7681823387928026,0.3738601823708202,2026-09-10,,,,,,,,,,
,8601,8601.T,8601_20260818_01,7.0,True,True,1856.0,-1.0237068965517238,2.2629310344827624,-3.5560344827586188,0.6363636363636378,2026-09-10,,,,,,,,,,
,8306,8306.T,8306_20260818_01,7.0,False,True,3754.0,-2.4507192328183325,1.0921683537559843,-4.635055940330313,0.2356321839080441,2026-09-10,,,,,,,,,,
,8316,8316.T,8316_20260827_02,7.0,False,True,7089.0,-2.6519960502186524,1.2977853011708174,-4.499929468190156,0.2884012539184928,2026-09-10,,,,,,,,,,
,6178,6178.T,6178_20260828_01,7.0,False,True,2552.0,-4.682601880877746,1.998432601880884,-6.328369905956111,0.3157894736842116,2026-09-10,,,,,,,,,,
,8308,8308.T,8308_20260827_01,7.0,False,True,2550.0,-2.4117647058823577,1.8235294117647127,-5.666666666666664,0.3217993079584788,2026-09-10,,,,,,,,,,
,8354,8354.T,8354_20260821_01,7.0,False,True,7933.0,-2.0799193243413616,1.121895877978063,-4.449766796924237,0.2521246458923507,2026-09-10,,,,,,,,,,
,8015,8015.T,8015_20260828_01,7.0,False,True,7673.0,-3.166949042095657,1.6290890134236902,-5.069725009774539,0.3213367609254489,2026-09-10,,,,,,,,,,
,8604,8604.T,8604_20260818_01,7.0,True,True,1632.0,2.083333333333326,3.0637254901960675,-1.1335784313725503,2.7027027027026893,2026-09-10,,,,,,,,,,
,8306,8306.T,8306_20260818_01,7.0,False,True,3785.0,-3.2760898282694795,0.264200792602387,-5.548216644649939,0.0476190476190492,2026-09-11,,,,,,,,,,
,8411,8411.T,8411_20260818_01,7.0,False,True,8774.0,-1.3676772281741467,0.9117848187827572,-4.239799407339873,0.2150537634408575,2026-09-11,,,,,,,,,,
,8750,8750.T,8750_20260827_02,7.0,True,False,1877.5,0.2929427430093279,0.9320905459387464,-5.033288948069236,0.1851851851851849,2026-09-11,,,,,,,,,,
,8725,8725.T,8725_20260818_01,7.0,True,True,5240.0,-2.843511450381675,0.1717557251908363,-6.202290076335881,0.0276923076923071,2026-09-11,,,,,,,,,,
,8601,8601.T,8601_20260818_01,7.0,True,False,1867.0,-1.339046598821636,0.5356186395286455,-4.151044456347086,0.1290322580645135,2026-09-11,,,,,,,,,,
,8316,8316.T,8316_20260827_02,7.0,False,True,7083.0,-2.428349569391497,0.1553014259494611,-4.659042778483691,0.0333333333333343,2026-09-11,,,,,,,,,,
,6178,6178.T,6178_20260828_01,7.0,False,True,2512.5,-1.7313432835820874,0.776119402985076,-5.194029850746274,0.1494252873563219,2026-09-11,,,,,,,,,,
,8053,8053.T,8053_20260904_01,7.0,False,True,1820.0,0.1098901098901095,3.901098901098909,-2.857142857142858,1.365384615384618,2026-09-11,,,,,,,,,,
,8604,8604.T,8604_20260818_01,7.0,True,True,1669.0,-0.2696225284601561,0.7789095266626633,-3.325344517675255,0.2342342342342315,2026-09-11,,,,,,,,,,
,8354,8354.T,8354_20260821_01,7.0,False,True,7925.0,-1.236593059936908,0.7444794952681466,-4.353312302839118,0.1710144927536249,2026-09-11,,,,,,,,,,
,8309,8309.T,8309_20260818_01,7.0,True,False,1801.0,-1.887840088839532,0.3886729594669624,-4.71960022209883,0.0823529411764705,2026-09-11,,,,,,,,,,
,6857,6857.T,6857_20260903_02,7.0,False,True,34520.0,,,,,,,,,,,,,,,
,4689,4689.T,4689_20260903_02,7.0,True,False,526.6,,,,,,,,,,,,,,,
,8411,8411.T,8411_20260818_01,7.0,True,False,8655.0,,,,,,,,,,,,,,,
,8601,8601.T,8601_20260818_01,7.0,True,False,1857.5,,,,,,,,,,,,,,,
,8604,8604.T,8604_20260818_01,7.0,True,False,1662.5,,,,,,,,,,,,,,,
,8309,8309.T,8309_20260818_01,7.0,True,False,1771.5,,,,,,,,,,,,,,,
,8053,8053.T,8053_20260904_01,7.0,False,True,1861.5,,,,,,,,,,,,,,,
,8309,8309.T,8309_20260818_01,7.0,True,False,1747.5,,,,,,,,,,,,,,,
,8015,8015.T,8015_20260828_01,7.0,True,False,7466.0,,,,,,,,,,,,,,,
,8411,8411.T,8411_20260818_01,7.0,True,False,8617.0,,,,,,,,,,,,,,,
,5713,5713.T,5713_20260904_01,7.0,False,True,10160.0,,,,,,,,,,,,,,,
,8604,8604.T,8604_20260818_01,7.0,True,True,1629.0,,,,,,,,,,,,,,,
,8601,8601.T,8601_20260818_01,7.0,True,False,1818.0,,,,,,,,,,,,,,,
,8601,8601.T,8601_20260818_01,7.0,True,False,1810.5,,,,,,,,,,,,,,,
,9101,9101.T,9101_20260904_02,7.0,True,False,7217.0,,,,,,,,,,,,,,,
,4689,4689.T,4689_20260903_02,7.0,True,False,515.1,,,,,,,,,,,,,,,
,8309,8309.T,8309_20260818_01,7.0,True,False,1734.0,,,,,,,,,,,,,,,
,8604,8604.T,8604_20260818_01,7.0,True,False,1638.0,,,,,,,,,,,,,,,
,8601,8601.T,8601_20260818_01,7.0,True,False,1837.0,,,,,,,,,,,,,,,
,9101,9101.T,9101_20260904_02,7.0,True,False,7198.0,,,,,,,,,,,,,,,
,4689,4689.T,4689_20260903_02,7.0,True,False,522.1,,,,,,,,,,,,,,,
,8309,8309.T,8309_20260818_01,7.0,True,False,1757.5,,,,,,,,,,,,,,,
,8604,8604.T,8604_20260818_01,7.0,True,False,1666.0,,,,,,,,,,,,,,,
,8309,8309.T,8309_20260818_01,7.0,True,False,1760.5,,,,,,,,,,,,,,,
,8604,8604.T,8604_20260818_01,7.0,True,False,1658.5,,,,,,,,,,,,,,,
,8601,8601.T,8601_20260818_01,7.0,True,False,1839.0,,,,,,,,,,,,,,,
,9101,9101.T,9101_20260904_02,7.0,True,False,7309.0,,,,,,,,,,,,,,,
,8725,8725.T,8725_20260818_01,7.0,True,False,5153.0,,,,,,,,,,,,,,,
,8750,8750.T,8750_20260911_03,7.0,False,True,1888.0,,,,,,,,,,,,,,,
,7832,7832.T,7832_20260903_01,7.0,False,True,5514.0,,,,,,,,,,,,,,,
,4631,4631.T,4631_20260818_01,7.0,True,False,5495.0,-7.279344858962689,-1.273885350318471,-8.043676069153772,-0.1583710407239819,2026-08-25,-3.639672429481344,-1.273885350318471,-11.22838944494996,-0.1134521880064829,2026-09-01,-15.97816196542311,-1.273885350318471,-18.016378525932662,-0.0707070707070707,2026-09-15
,8604,8604.T,8604_20260818_01,7.0,True,False,1509.5,6.227227558794302,6.989069228221267,-0.8280887711162643,8.439999999999996,2026-08-26,6.558463067240816,9.4402119907254,-0.8280887711162643,11.399999999999984,2026-09-02,,,,,
,8309,8309.T,8309_20260818_01,7.0,True,False,1688.5,3.6718981344388446,4.441812259401834,-0.7699141249629893,5.769230769230734,2026-08-26,5.1228901391767945,7.936037903464621,-0.7699141249629893,10.30769230769226,2026-09-02,,,,,
,8725,8725.T,8725_20260818_01,7.0,True,False,4860.0,4.609053497942384,4.97942386831276,-2.1604938271604923,2.304761904761908,2026-08-26,5.65843621399178,7.489711934156373,-2.1604938271604923,3.466666666666667,2026-09-02,,,,,
,2503,2503.T,2503_20260818_01,7.0,True,False,2998.5,2.6846756711689235,4.018676004669008,0.1834250458562669,21.90909090909029,2026-08-26,-0.8004002001000488,4.018676004669008,-0.9504752376188086,4.228070175438607,2026-09-02,,,,,
,5019,5019.T,5019_20260818_01,7.0,False,True,1337.0,1.533283470456248,4.487658937920713,-0.4487658937920691,10.00000000000005,2026-08-26,9.349289454001486,12.266267763649964,-0.4487658937920691,27.3333333333335,2026-09-02,,,,,
,8331,8331.T,8331_20260818_01,7.0,True,False,2723.5,3.6166697264549352,4.681476041857913,-1.230034881586195,3.805970149253736,2026-08-26,2.808885625114743,5.195520469983483,-1.230034881586195,4.223880597014928,2026-09-02,,,,,
,5101,5101.T,5101_20260818_01,7.0,True,False,7562.0,-1.5075376884422065,2.618354932557532,-2.36709865115049,1.1061452513966508,2026-08-27,-7.061623909018778,2.618354932557532,-9.151018249140442,0.2861271676300585,2026-09-03,,,,,
,7269,7269.T,7269_20260818_01,7.0,True,True,2087.0,2.2520364159080097,4.120747484427412,-0.7906085289889786,5.212121212121223,2026-08-27,1.030186871106853,9.631049353138476,-0.7906085289889786,12.181818181818194,2026-09-03,,,,,
,4021,4021.T,4021_20260818_01,7.0,False,True,8162.0,-1.3354569958343498,1.1761823082577785,-4.165645675079633,0.2823529411764705,2026-08-27,-2.058319039451117,2.54839500122519,-4.165645675079633,0.6117647058823537,2026-09-03,,,,,
,8309,8309.T,8309_20260818_01,7.0,True,False,1690.5,4.170363797693,4.939367051168286,-0.3549245785270605,13.916666666666744,2026-08-27,5.708370304643595,7.808340727595375,-0.3549245785270605,22.000000000000124,2026-09-03,,,,,
,5019,5019.T,5019_20260818_01,7.0,False,True,1349.5,1.519081141163392,3.519822156354202,-0.7039644312708426,4.999999999999984,2026-08-27,10.37421267135976,11.633938495739171,-0.7039644312708426,16.52631578947366,2026-09-03,,,,,
,8604,8604.T,8604_20260818_01,7.0,True,False,1521.0,5.950032873109801,6.804733727810652,-1.4792899408283988,4.600000000000012,2026-08-27,7.297830374753443,9.434582511505596,-1.4792899408283988,6.377777777777798,2026-09-03,,,,,
,8601,8601.T,8601_20260818_01,7.0,True,False,1757.0,3.7564029595902095,4.524758110415483,-0.8252703471826939,5.482758620689684,2026-08-27,5.634604439385327,6.659077973819016,-0.8252703471826939,8.068965517241425,2026-09-03,,,,,
,4503,4503.T,4503_20260820_01,7.0,False,True,2418.0,-1.1166253101737025,1.530190239867668,-1.8610421836228297,0.8222222222222266,2026-08-27,-0.041356492969391,1.530190239867668,-3.61869313482217,0.4228571428571449,2026-09-03,,,,,
,9503,9503.T,9503_20260820_01,7.0,False,True,2557.5,1.8572825024437911,3.186705767350939,-1.2903225806451646,2.4696969696969715,2026-08-27,18.318670576735087,19.37438905180841,-1.2903225806451646,15.015151515151484,2026-09-03,,,,,
,8601,8601.T,8601_20260818_01,7.0,True,False,1779.0,4.721753794266448,5.340078695896566,-0.6464305789769531,8.260869565217387,2026-08-28,4.946599213041036,6.68915120854412,-0.6464305789769531,10.347826086956516,2026-09-04,,,,,
,7269,7269.T,7269_20260818_01,7.0,False,True,2103.5,3.161397670549082,3.304017114333257,-1.02210601378655,3.232558139534875,2026-08-28,-1.735203232707394,8.771095792726413,-2.1868314713572645,4.010869565217388,2026-09-04,,,,,
,8331,8331.T,8331_20260818_01,7.0,True,False,2753.5,2.215362266206644,3.5409478845106257,-1.2529507899037615,2.826086956521735,2026-08-28,3.904122026511714,4.249137461412755,-1.2529507899037615,3.3913043478260856,2026-09-04,,,,,
,8309,8309.T,8309_20260818_01,7.0,True,False,1715.5,4.313611192072275,4.809093558729227,-1.0492567764500138,4.58333333333333,2026-08-28,4.983969688137568,6.237248615563984,-1.0492567764500138,5.944444444444457,2026-09-04,,,,,
,8725,8725.T,8725_20260818_01,7.0,True,True,4945.0,3.4175935288169867,3.842264914054594,-1.7391304347826098,2.20930232558139,2026-08-28,5.965621840242674,7.482305358948427,-1.7391304347826098,4.302325581395343,2026-09-04,,,,,
,8604,8604.T,8604_20260818_01,7.0,True,False,1535.0,6.970684039087938,7.622149837133539,-1.140065146579805,6.685714285714274,2026-08-28,8.729641693811075,9.348534201954406,-1.140065146579805,8.200000000000005,2026-09-04,,,,,
,8604,8604.T,8604_20260818_01,7.0,True,False,1539.0,6.270305393112419,7.342430149447687,0.5198180636777128,14.12499999999999,2026-08-31,7.602339181286544,9.064327485380108,0.5198180636777128,17.437499999999982,2026-09-07,,,,,
,7269,7269.T,7269_20260818_01,7.0,True,False,2126.5,4.726075711262645,5.360921702327759,-0.446743475193978,12.00000000000005,2026-08-31,-3.362332471196805,7.594639078297671,-3.99717846226193,1.900000000000001,2026-09-07,,,,,
,8725,8725.T,8725_20260818_01,7.0,True,False,4927.0,3.653338745687029,4.221635883905006,0.9133346864217629,4.622222222222188,2026-08-31,4.5057844530139946,7.874974629592035,0.9133346864217629,8.622222222222163,2026-09-07,,,,,
,8601,8601.T,8601_20260818_01,7.0,True,False,1786.5,3.1905961376994085,4.897844948222785,0.2518891687657509,19.44444444444385,2026-08-31,4.478029666946548,6.241253848306738,0.2518891687657509,24.777777777776976,2026-09-07,,,,,
,4503,4503.T,4503_20260820_01,7.0,False,True,2406.5,-1.4543943486390989,2.015375025971333,-3.158113442759192,0.6381578947368443,2026-08-31,-4.300851859547061,2.015375025971333,-4.529399542904633,0.4449541284403682,2026-09-07,,,,,
,8309,8309.T,8309_20260818_01,7.0,True,False,1702.0,4.406580493537016,5.640423031727382,-0.1175088131609825,48.00000000000189,2026-08-31,4.700352526439477,7.079905992949476,-0.1175088131609825,60.25000000000239,2026-09-07,,,,,
,9503,9503.T,9503_20260820_01,7.0,False,True,2582.0,8.849728892331532,9.004647560030987,-0.7164988381099913,12.56756756756759,2026-08-31,14.852827265685509,18.24167312161116,-0.7164988381099913,25.4594594594595,2026-09-07,,,,,
,8725,8725.T,8725_20260818_01,7.0,True,False,5072.0,2.267350157728698,2.9968454258675115,-1.0055205047318605,2.980392156862751,2026-09-01,0.1182965299684646,4.7910094637223954,-1.0055205047318605,4.764705882352943,2026-09-08,,,,,
,7269,7269.T,7269_20260818_01,7.0,True,False,2119.0,6.418121755545059,7.975460122699385,0.4483246814535269,17.789473684210083,2026-09-01,-6.559697970740919,7.975460122699385,-6.559697970740919,1.2158273381294955,2026-09-08,,,,,
,4503,4503.T,4503_20260820_01,7.0,False,True,2415.0,-0.0207039337474124,1.6563146997929712,-3.498964803312632,0.4733727810650914,2026-09-01,-5.569358178053829,1.6563146997929712,-5.9834368530020665,0.2768166089965417,2026-09-08,,,,,
,9503,9503.T,9503_20260820_01,7.0,False,True,2591.5,14.02662550646343,14.084507042253524,-1.0804553347482204,13.035714285714226,2026-09-01,13.428516303299244,17.808219178082197,-1.0804553347482204,16.482142857142783,2026-09-08,,,,,
,8309,8309.T,8309_20260818_01,7.0,True,False,1734.0,4.354094579008083,5.103806228373697,0.4901960784313708,10.41176470588238,2026-09-01,1.2975778546712835,5.103806228373697,0.4901960784313708,10.41176470588238,2026-09-08,,,,,
,8601,8601.T,8601_20260818_01,7.0,True,False,1813.5,2.591673559415497,3.3360904328646246,-1.2406947890818865,2.688888888888886,2026-09-01,1.1579818031431044,4.659498207885315,-1.2406947890818865,3.755555555555562,2026-09-08,,,,,
,8604,8604.T,8604_20260818_01,7.0,True,False,1571.5,4.39070951320395,5.122494432071267,0.1590836780146265,32.20000000000184,2026-09-01,4.899777282850781,7.031498568246897,0.1590836780146265,44.20000000000254,2026-09-08,,,,,
,2503,2503.T,2503_20260818_01,7.0,False,True,3084.0,-0.745784695201035,1.1348897535667923,-2.075226977950717,0.5468749999999971,2026-09-01,-7.70103761348897,1.1348897535667923,-7.8793774319066205,0.1440329218106989,2026-09-08,,,,,
,8725,8725.T,8725_20260818_01,7.0,True,False,5042.0,3.3518445061483604,4.204680682268935,-0.4165013883379642,10.095238095238006,2026-09-03,-1.547005156683856,5.414518048393502,-2.518841729472432,2.149606299212601,2026-09-10,,,,,
,8604,8604.T,8604_20260818_01,7.0,True,True,1620.0,0.7407407407407307,2.746913580246924,-1.4197530864197505,1.9347826086956628,2026-09-03,2.839506172839501,3.827160493827164,-1.4197530864197505,2.695652173913051,2026-09-10,,,,,
,8750,8750.T,8750_20260827_02,7.0,True,False,1817.0,3.6598789212988425,4.155200880572374,-0.3577325261419961,11.615384615384496,2026-09-03,0.8805723720418213,5.503577325261411,-1.871216290588884,2.9411764705882284,2026-09-10,,,,,
,8601,8601.T,8601_20260818_01,7.0,True,False,1827.5,1.559507523939807,2.5444596443228384,-0.5198358413132653,4.894736842105289,2026-09-03,0.5198358413132764,3.857729138166888,-2.0519835841313228,1.8800000000000003,2026-09-10,,,,,
,2914,2914.T,2914_20260821_01,7.0,False,True,7014.0,-0.9409751924721932,1.3544339891645274,-1.6110635871114942,0.840707964601768,2026-09-03,-5.702879954376961,1.3544339891645274,-6.102081551183347,0.2219626168224298,2026-09-10,,,,,
,8309,8309.T,8309_20260818_01,7.0,True,False,1756.5,1.7364076288072905,3.757472245943627,-0.5693139766581257,6.599999999999996,2026-09-03,0.0569313976658047,3.757472245943627,-1.8218047253060088,2.062499999999991,2026-09-10,,,,,
,8411,8411.T,8411_20260818_01,7.0,False,True,8326.0,4.864280566898871,6.822003362959395,-0.4323804948354603,15.777777777777567,2026-09-03,3.362959404275756,6.822003362959395,-0.4323804948354603,15.777777777777567,2026-09-10,,,,,
,8308,8308.T,8308_20260827_01,7.0,False,True,2430.0,4.938271604938271,7.037037037037042,0.5144032921810648,13.680000000000144,2026-09-03,2.4074074074074137,7.037037037037042,-1.0082304526748964,6.979591836734703,2026-09-10,,,,,
,9503,9503.T,9503_20260820_01,7.0,False,True,2590.5,16.811426365566497,17.853696197645252,-1.042269832078746,17.129629629629694,2026-09-03,14.147847905809696,17.853696197645252,-1.042269832078746,17.129629629629694,2026-09-10,,,,,
,9432,9432.T,9432_20260827_01,7.0,False,True,167.6,3.341286961958345,5.011933174224348,-0.1789957925072638,28.000284833627912,2026-09-03,4.534604384392726,5.011933174224348,-0.1789957925072638,28.000284833627912,2026-09-10,,,,,
,8354,8354.T,8354_20260821_01,7.0,False,True,7733.0,2.5863183757920627,3.724298461140574,-0.4138109401267242,9.000000000000135,2026-09-03,0.4526057157636209,3.737230053019536,-1.9785335574809213,1.8888888888888973,2026-09-10,,,,,
,6178,6178.T,6178_20260828_01,7.0,False,True,2425.5,3.586889301175012,7.318078746650181,-0.8864151721294622,8.255813953488337,2026-09-04,1.7934446505875057,7.318078746650181,-1.7934446505875057,4.08045977011495,2026-09-11,,,,,
,8015,8015.T,8015_20260828_01,7.0,False,True,7583.0,0.0659369642621587,2.5187920348147097,-3.2045364631412387,0.7860082304526721,2026-09-04,-0.3956217855729971,2.8352894632731163,-4.219965712778584,0.6718750000000012,2026-09-11,,,,,
,8354,8354.T,8354_20260821_01,7.0,False,True,7861.0,0.8141457829792698,2.048085485307216,-1.717338760971887,1.1925925925925942,2026-09-04,-0.4325149472077294,2.048085485307216,-3.574608828393333,0.5729537366548054,2026-09-11,,,,,
,9766,9766.T,9766_20260824_01,7.0,False,True,22185.0,-3.0876718503493383,1.1043497858913789,-3.944106378183454,0.2800000000000029,2026-09-04,-6.558485463150776,1.1043497858913789,-8.90241153932837,0.1240506329113936,2026-09-11,,,,,
,8411,8411.T,8411_20260818_01,7.0,True,True,8449.0,3.846609066161677,5.266895490590606,-1.4676293052432232,3.5887096774193594,2026-09-04,2.426322641732748,5.266895490590606,-1.4676293052432232,3.5887096774193594,2026-09-11,,,,,
,8604,8604.T,8604_20260818_01,7.0,True,False,1642.5,1.6133942161339343,2.191780821917799,-2.7701674277016752,0.7912087912087877,2026-09-04,1.3394216133942205,2.404870624048705,-2.7701674277016752,0.8681318681318674,2026-09-11,,,,,
,8316,8316.T,8316_20260827_02,7.0,False,True,6881.0,2.935619822700186,4.359831419851767,-1.5259409969481164,2.857142857142861,2026-09-04,0.4359831419851856,4.359831419851767,-1.860194739136756,2.343749999999998,2026-09-11,,,,,
,8725,8725.T,8725_20260818_01,7.0,True,False,5115.0,2.4437927663734094,3.910068426197455,-1.0752688172043,3.636363636363636,2026-09-04,-0.4692082111436901,3.910068426197455,-3.910068426197455,1.0,2026-09-11,,,,,
,8308,8308.T,8308_20260827_01,7.0,False,True,2520.0,1.1904761904761862,3.214285714285725,-1.6666666666666718,1.928571428571429,2026-09-04,0.079365079365079,3.214285714285725,-4.543650793650789,0.7074235807860293,2026-09-11,,,,,
,8331,8331.T,8331_20260818_01,7.0,False,True,2822.0,1.381998582565558,1.7186392629340963,-1.8426647767540767,0.9326923076923104,2026-09-04,-3.2955350815024764,2.072997873848337,-6.413890857547844,0.3232044198895028,2026-09-11,,,,,
,8601,8601.T,8601_20260818_01,7.0,True,False,1869.5,-0.1337255950788929,1.5244717838994282,-2.754747258625301,0.5533980582524235,2026-09-04,-1.4709815458678777,1.5244717838994282,-4.2792190425247405,0.3562499999999975,2026-09-11,,,,,
,8309,8309.T,8309_20260818_01,7.0,True,False,1787.0,0.7834359261331914,1.9865696698377235,-2.266368214885284,0.8765432098765457,2026-09-04,-1.1191941801902638,1.9865696698377235,-3.973139339675436,0.5000000000000014,2026-09-11,,,,,
,8725,8725.T,8725_20260818_01,7.0,True,True,5071.0,1.5381581542102118,4.811674225990936,0.1971997633602784,24.40000000000072,2026-09-07,2.681916781699867,4.811674225990936,-3.076316308420435,1.564102564102564,2026-09-14,,,,,
,8308,8308.T,8308_20260827_01,7.0,False,True,2516.0,1.0532591414944337,3.378378378378377,-1.5103338632750374,2.2368421052631606,2026-09-07,1.1724960254372083,3.378378378378377,-4.3918918918918965,0.7692307692307682,2026-09-14,,,,,
,8601,8601.T,8601_20260818_01,7.0,True,False,1844.0,1.2201735357917576,2.9284164859002093,-1.4099783080260275,2.076923076923076,2026-09-07,1.572668112798259,2.9284164859002093,-2.955531453362259,0.9908256880733908,2026-09-14,,,,,
,8354,8354.T,8354_20260821_01,7.0,False,True,7815.0,0.6525911708253451,2.648752399232235,-0.754958413307738,3.508474576271188,2026-09-07,0.2815099168266055,2.648752399232235,-3.00703774792066,0.8808510638297852,2026-09-14,,,,,
,8604,8604.T,8604_20260818_01,7.0,True,False,1630.0,1.595092024539868,2.9754601226993804,-2.024539877300613,1.469696969696967,2026-09-07,2.7607361963190247,3.5582822085889587,-2.024539877300613,1.757575757575759,2026-09-14,,,,,
,9101,9101.T,9101_20260827_01,7.0,True,False,6941.0,6.901022907362053,7.549344474859532,0.7491715891081885,10.076923076923205,2026-09-07,5.705229793977806,7.549344474859532,0.7491715891081885,10.076923076923205,2026-09-14,,,,,
,7269,7269.T,7269_20260818_01,7.0,False,True,2202.0,-6.675749318801094,3.905540417802,-7.288828337874664,0.5358255451713395,2026-09-07,-7.129881925522252,3.905540417802,-11.398728428701176,0.3426294820717134,2026-09-14,,,,,
,8316,8316.T,8316_20260827_02,7.0,False,True,6872.0,1.5133876600698537,4.49650756693829,-0.1018626309662429,44.142857142855696,2026-09-07,2.299185098952261,4.49650756693829,-1.7316647264260745,2.5966386554621828,2026-09-14,,,,,
,8309,8309.T,8309_20260818_01,7.0,True,False,1767.5,0.8203677510608243,3.111739745403108,-1.1881188118811892,2.6190476190476137,2026-09-07,1.7538896746817525,3.111739745403108,-2.91371994342291,1.067961165048544,2026-09-14,,,,,
,8725,8725.T,8725_20260818_01,7.0,True,False,5183.0,-2.0258537526529063,2.5467875747636537,-2.2187922052865128,1.1478260869565236,2026-09-08,-0.9646922631680545,2.5467875747636537,-5.170750530580747,0.4925373134328362,2026-09-15,,,,,
,6178,6178.T,6178_20260828_01,7.0,False,True,2512.0,-2.6671974522292974,3.6226114649681618,-2.7468152866242046,1.318840579710148,2026-09-08,-1.1345541401273862,3.6226114649681618,-5.175159235668792,0.7000000000000014,2026-09-15,,,,,
,8316,8316.T,8316_20260827_02,7.0,False,True,6971.0,-0.6168411992540479,3.0124802754267765,-2.209152201979625,1.3636363636363704,2026-09-08,-1.0328503801463218,3.0124802754267765,-3.1272414287763617,0.96330275229358,2026-09-15,,,,,
,8604,8604.T,8604_20260818_01,7.0,True,False,1637.0,0.7025045815516107,2.748930971288943,-2.443494196701279,1.1250000000000018,2026-09-08,0.9773976786805028,3.11545510079414,-2.443494196701279,1.2750000000000037,2026-09-15,,,,,
,8411,8411.T,8411_20260818_01,7.0,True,True,8621.0,-0.2551908131307234,3.166685999304031,-1.3339519777287978,2.373913043478272,2026-09-08,0.5799791207516503,3.166685999304031,-2.540308548892245,1.246575342465753,2026-09-15,,,,,
,8306,8306.T,8306_20260818_01,7.0,False,True,3686.0,-0.8138903960933308,2.9571351058057527,-1.6006511123168754,1.847457627118644,2026-09-08,-0.0813890396093364,2.9571351058057527,-3.011394465545303,0.9819819819819836,2026-09-15,,,,,
,8601,8601.T,8601_20260818_01,7.0,True,False,1855.0,-1.1051212938005373,2.3180592991913773,-1.99460916442048,1.1621621621621665,2026-09-08,-0.4582210242587647,2.3180592991913773,-3.5309973045822063,0.6564885496183221,2026-09-15,,,,,
,8015,8015.T,8015_20260828_01,7.0,False,True,7620.0,-1.8110236220472475,2.33595800524935,-2.650918635170607,0.8811881188118824,2026-09-08,-3.569553805774284,2.33595800524935,-4.685039370078736,0.4985994397759121,2026-09-15,,,,,
,4021,4021.T,4021_20260831_02,7.0,False,True,8325.0,-6.04204204204204,-1.5135135135135092,-6.21021021021021,-0.2437137330754345,2026-09-08,-5.549549549549548,-1.5135135135135092,-7.459459459459461,-0.202898550724637,2026-09-15,,,,,
,8308,8308.T,8308_20260827_01,7.0,False,True,2517.5,-1.0526315789473717,3.3167825223435976,-1.6087388282025827,2.061728395061729,2026-09-08,-1.2115193644488542,3.3167825223435976,-4.448857994041711,0.7455357142857145,2026-09-15,,,,,
,8309,8309.T,8309_20260818_01,7.0,True,False,1796.5,-2.2265516281658737,1.0019482326746545,-2.783189535207342,0.360000000000004,2026-09-08,-0.8349568605622082,1.0019482326746545,-4.480935151683829,0.2236024844720517,2026-09-15,,,,,
,7203,7203.T,7203_20260901_01,7.0,False,True,3230.0,-8.095975232198139,-1.2383900928792602,-8.095975232198139,-0.1529636711281075,2026-09-08,-6.408668730650158,-1.2383900928792602,-8.993808049535602,-0.1376936316695356,2026-09-15,,,,,
,8331,8331.T,8331_20260818_01,7.0,False,True,2842.0,-3.184377199155519,1.3546798029556717,-3.184377199155519,0.4254143646408868,2026-09-08,-3.589021815622806,1.3546798029556717,-7.072484166080228,0.1915422885572148,2026-09-15,,,,,
,8354,8354.T,8354_20260821_01,7.0,False,True,7941.0,-2.6570960836166724,1.0200226671703838,-2.6570960836166724,0.3838862559241715,2026-09-08,-2.3296814003274102,1.0200226671703838,-4.546026948747006,0.2243767313019397,2026-09-15,,,,,
,8604,8604.T,8604_20260818_01,7.0,True,False,1623.5,-0.4619648906683093,3.6033261472128153,-0.6159531875577495,5.849999999999969,2026-09-09,,,,,,,,,,
,7269,7269.T,7269_20260818_01,7.0,True,False,2215.5,-10.200857594222525,-2.482509591514326,-11.938614308282558,-0.2079395085066157,2026-09-09,,,,,,,,,,
,4578,4578.T,4578_20260818_01,7.0,False,True,12335.0,-5.350628293473858,0.4053506282934771,-5.7559789217673245,0.0704225352112682,2026-09-09,,,,,,,,,,
,7203,7203.T,7203_20260901_01,7.0,False,True,3183.0,-6.660383286207983,-0.0314169022934351,-7.650015708451152,-0.0041067761806983,2026-09-09,,,,,,,,,,
,8591,8591.T,8591_20260901_02,7.0,False,True,6386.0,-5.715627936110246,3.0848731600375823,-5.919198246163482,0.5211640211640212,2026-09-09,,,,,,,,,,
,2914,2914.T,2914_20260821_01,7.0,False,True,7055.0,-6.307583274273565,-0.5953224663359347,-6.3784549964564174,-0.0933333333333337,2026-09-09,,,,,,,,,,
,6178,6178.T,6178_20260828_01,7.0,False,True,2551.0,-5.919247353978829,2.0384163073304595,-5.919247353978829,0.3443708609271526,2026-09-09,,,,,,,,,,
,8309,8309.T,8309_20260818_01,7.0,True,False,1787.5,-3.2167832167832144,1.51048951048951,-3.244755244755249,0.4655172413793096,2026-09-09,,,,,,,,,,
,8601,8601.T,8601_20260818_01,7.0,True,False,1842.0,-2.442996742671011,3.040173724212813,-2.8230184581976125,1.0769230769230769,2026-09-09,,,,,,,,,,
,8316,8316.T,8316_20260827_02,7.0,False,True,6990.0,-2.7038626609442007,2.7324749642346102,-2.7038626609442007,1.0105820105820087,2026-09-09,,,,,,,,,,
,8725,8725.T,8725_20260818_01,7.0,True,False,5180.0,-4.498069498069501,2.6061776061776065,-4.826254826254828,0.5399999999999999,2026-09-09,,,,,,,,,,
,8411,8411.T,8411_20260818_01,7.0,False,True,8731.0,-1.431680219906084,1.408773336387581,-3.7681823387928026,0.3738601823708202,2026-09-10,,,,,,,,,,
,8601,8601.T,8601_20260818_01,7.0,True,True,1856.0,-1.0237068965517238,2.2629310344827624,-3.5560344827586188,0.6363636363636378,2026-09-10,,,,,,,,,,
,8750,8750.T,8750_20260827_02,7.0,True,False,1883.5,-2.6811786567560447,1.7786036633926194,-5.335810990177858,0.3333333333333333,2026-09-10,,,,,,,,,,
,8725,8725.T,8725_20260818_01,7.0,True,True,5211.0,-4.739973133755515,1.9957781615812744,-5.680291690654382,0.3513513513513522,2026-09-10,,,,,,,,,,
,8306,8306.T,8306_20260818_01,7.0,False,True,3754.0,-2.4507192328183325,1.0921683537559843,-4.635055940330313,0.2356321839080441,2026-09-10,,,,,,,,,,
,8015,8015.T,8015_20260828_01,7.0,False,True,7673.0,-3.166949042095657,1.6290890134236902,-5.069725009774539,0.3213367609254489,2026-09-10,,,,,,,,,,
,6178,6178.T,6178_20260828_01,7.0,False,True,2552.0,-4.682601880877746,1.998432601880884,-6.328369905956111,0.3157894736842116,2026-09-10,,,,,,,,,,
,8308,8308.T,8308_20260827_01,7.0,False,True,2550.0,-2.4117647058823577,1.8235294117647127,-5.666666666666664,0.3217993079584788,2026-09-10,,,,,,,,,,
,8354,8354.T,8354_20260821_01,7.0,False,True,7933.0,-2.0799193243413616,1.121895877978063,-4.449766796924237,0.2521246458923507,2026-09-10,,,,,,,,,,
,8316,8316.T,8316_20260827_02,7.0,False,True,7089.0,-2.6519960502186524,1.2977853011708174,-4.499929468190156,0.2884012539184928,2026-09-10,,,,,,,,,,
,8604,8604.T,8604_20260818_01,7.0,True,True,1632.0,2.083333333333326,3.0637254901960675,-1.1335784313725503,2.7027027027026893,2026-09-10,,,,,,,,,,
,8309,8309.T,8309_20260818_01,7.0,True,False,1787.0,-1.6508114157806395,1.5388919977616045,-3.497481813094572,0.4399999999999979,2026-09-10,,,,,,,,,,
,8309,8309.T,8309_20260818_01,7.0,True,False,1801.0,-1.887840088839532,0.3886729594669624,-4.71960022209883,0.0823529411764705,2026-09-11,,,,,,,,,,
,8306,8306.T,8306_20260818_01,7.0,False,True,3785.0,-3.2760898282694795,0.264200792602387,-5.548216644649939,0.0476190476190492,2026-09-11,,,,,,,,,,
,8411,8411.T,8411_20260818_01,7.0,False,True,8774.0,-1.3676772281741467,0.9117848187827572,-4.239799407339873,0.2150537634408575,2026-09-11,,,,,,,,,,
,8750,8750.T,8750_20260827_02,7.0,True,False,1877.5,0.2929427430093279,0.9320905459387464,-5.033288948069236,0.1851851851851849,2026-09-11,,,,,,,,,,
,8725,8725.T,8725_20260818_01,7.0,True,True,5240.0,-2.843511450381675,0.1717557251908363,-6.202290076335881,0.0276923076923071,2026-09-11,,,,,,,,,,
,8601,8601.T,8601_20260818_01,7.0,True,False,1867.0,-1.339046598821636,0.5356186395286455,-4.151044456347086,0.1290322580645135,2026-09-11,,,,,,,,,,
,8316,8316.T,8316_20260827_02,7.0,False,True,7083.0,-2.428349569391497,0.1553014259494611,-4.659042778483691,0.0333333333333343,2026-09-11,,,,,,,,,,
,6178,6178.T,6178_20260828_01,7.0,False,True,2512.5,-1.7313432835820874,0.776119402985076,-5.194029850746274,0.1494252873563219,2026-09-11,,,,,,,,,,
,8053,8053.T,8053_20260904_01,7.0,False,True,1820.0,0.1098901098901095,3.901098901098909,-2.857142857142858,1.365384615384618,2026-09-11,,,,,,,,,,
,8604,8604.T,8604_20260818_01,7.0,True,True,1669.0,-0.2696225284601561,0.7789095266626633,-3.325344517675255,0.2342342342342315,2026-09-11,,,,,,,,,,
,8354,8354.T,8354_20260821_01,7.0,False,True,7925.0,-1.236593059936908,0.7444794952681466,-4.353312302839118,0.1710144927536249,2026-09-11,,,,,,,,,,
,8601,8601.T,8601_20260818_01,7.0,True,False,1857.5,-0.5652759084791348,0.9421265141319024,-3.660834454912521,0.2573529411764716,2026-09-15,,,,,,,,,,
,8411,8411.T,8411_20260818_01,7.0,True,False,8655.0,0.2079722703639541,1.9179664933564489,-2.9231658001155347,0.6561264822134425,2026-09-15,,,,,,,,,,
,4689,4689.T,4689_20260903_02,7.0,True,False,526.6,6.817318647930115,8.146600835548789,-3.000382112994926,2.715187775672013,2026-09-15,,,,,,,,,,
,6857,6857.T,6857_20260903_02,7.0,False,True,34520.0,-10.399768250289688,-0.8980301274623459,-13.064889918887602,-0.068736141906874,2026-09-15,,,,,,,,,,
,8604,8604.T,8604_20260818_01,7.0,True,False,1662.5,-0.5714285714285672,1.533834586466165,-2.947368421052632,0.5204081632653059,2026-09-15,,,,,,,,,,
,8309,8309.T,8309_20260818_01,7.0,True,False,1771.5,0.5644933672029451,1.8346034434095329,-3.1329381879762863,0.5855855855855842,2026-09-15,,,,,,,,,,
,8601,8601.T,8601_20260818_01,7.0,True,False,1818.0,,,,,,,,,,,,,,,
,8053,8053.T,8053_20260904_01,7.0,False,True,1861.5,,,,,,,,,,,,,,,
,8309,8309.T,8309_20260818_01,7.0,True,False,1747.5,,,,,,,,,,,,,,,
,8015,8015.T,8015_20260828_01,7.0,True,False,7466.0,,,,,,,,,,,,,,,
,8411,8411.T,8411_20260818_01,7.0,True,False,8617.0,,,,,,,,,,,,,,,
,5713,5713.T,5713_20260904_01,7.0,False,True,10160.0,,,,,,,,,,,,,,,
,8604,8604.T,8604_20260818_01,7.0,True,True,1629.0,,,,,,,,,,,,,,,
,8309,8309.T,8309_20260818_01,7.0,True,False,1734.0,,,,,,,,,,,,,,,
,4689,4689.T,4689_20260903_02,7.0,True,False,515.1,,,,,,,,,,,,,,,
,9101,9101.T,9101_20260904_02,7.0,True,False,7217.0,,,,,,,,,,,,,,,
,8604,8604.T,8604_20260818_01,7.0,True,False,1638.0,,,,,,,,,,,,,,,
,8601,8601.T,8601_20260818_01,7.0,True,False,1810.5,,,,,,,,,,,,,,,
,8601,8601.T,8601_20260818_01,7.0,True,False,1837.0,,,,,,,,,,,,,,,
,9101,9101.T,9101_20260904_02,7.0,True,False,7198.0,,,,,,,,,,,,,,,
,4689,4689.T,4689_20260903_02,7.0,True,False,522.1,,,,,,,,,,,,,,,
,8309,8309.T,8309_20260818_01,7.0,True,False,1757.5,,,,,,,,,,,,,,,
,8604,8604.T,8604_20260818_01,7.0,True,False,1666.0,,,,,,,,,,,,,,,
,7832,7832.T,7832_20260903_01,7.0,False,True,5514.0,,,,,,,,,,,,,,,
,8601,8601.T,8601_20260818_01,7.0,True,False,1839.0,,,,,,,,,,,,,,,
,9101,9101.T,9101_20260904_02,7.0,True,False,7309.0,,,,,,,,,,,,,,,
,8725,8725.T,8725_20260818_01,7.0,True,False,5153.0,,,,,,,,,,,,,,,
,8750,8750.T,8750_20260911_03,7.0,False,True,1888.0,,,,,,,,,,,,,,,
,8604,8604.T,8604_20260818_01,7.0,True,False,1658.5,,,,,,,,,,,,,,,
,8309,8309.T,8309_20260818_01,7.0,True,False,1760.5,,,,,,,,,,,,,,,
,8309,8309.T,8309_20260818_01,7.0,True,False,1782.0,,,,,,,,,,,,,,,
,8601,8601.T,8601_20260818_01,7.0,True,False,1848.5,,,,,,,,,,,,,,,
,8604,8604.T,8604_20260818_01,7.0,True,False,1653.5,,,,,,,,,,,,,,,
,8725,8725.T,8725_20260818_01,7.0,True,True,5137.0,,,,,,,,,,,,,,,
,9101,9101.T,9101_20260904_02,7.0,True,False,7338.0,,,,,,,,,,,,,,,
,8750,8750.T,8750_20260911_03,7.0,False,True,1890.0,,,,,,,,,,,,,,,
,7832,7832.T,7832_20260903_01,7.0,False,True,5565.0,,,,,,,,,,,,,,,
,9432,9432.T,9432_20260903_02,7.0,False,True,176.7,,,,,,,,,,,,,,,
,6701,6701.T,6701_20260914_01,7.0,False,True,4825.0,,,,,,,,,,,,,,,
,4631,4631.T,4631_20260818_01,7.0,True,False,5495.0,-7.279344858962689,-1.273885350318471,-8.043676069153772,-0.1583710407239819,2026-08-25,-3.639672429481344,-1.273885350318471,-11.22838944494996,-0.1134521880064829,2026-09-01,-15.614194722474972,-1.273885350318471,-18.016378525932662,-0.0707070707070707,2026-09-15
,8725,8725.T,8725_20260818_01,7.0,True,False,4860.0,4.609053497942384,4.97942386831276,-2.1604938271604923,2.304761904761908,2026-08-26,5.65843621399178,7.489711934156373,-2.1604938271604923,3.466666666666667,2026-09-02,6.625514403292176,9.362139917695478,-2.1604938271604923,4.333333333333338,2026-09-16
,2503,2503.T,2503_20260818_01,7.0,True,False,2998.5,2.6846756711689235,4.018676004669008,0.1834250458562669,21.90909090909029,2026-08-26,-0.8004002001000488,4.018676004669008,-0.9504752376188086,4.228070175438607,2026-09-02,-5.102551275637824,4.018676004669008,-8.137402034350504,0.4938524590163946,2026-09-16
,5019,5019.T,5019_20260818_01,7.0,False,True,1337.0,1.533283470456248,4.487658937920713,-0.4487658937920691,10.00000000000005,2026-08-26,9.349289454001486,12.266267763649964,-0.4487658937920691,27.3333333333335,2026-09-02,25.579655946148083,27.78608825729245,-0.4487658937920691,61.916666666667055,2026-09-16
,8331,8331.T,8331_20260818_01,7.0,True,False,2723.5,3.6166697264549352,4.681476041857913,-1.230034881586195,3.805970149253736,2026-08-26,2.808885625114743,5.195520469983483,-1.230034881586195,4.223880597014928,2026-09-02,0.9913713970993276,5.764641086836786,-3.029190380025704,1.9030303030303004,2026-09-16
,8309,8309.T,8309_20260818_01,7.0,True,False,1688.5,3.6718981344388446,4.441812259401834,-0.7699141249629893,5.769230769230734,2026-08-26,5.1228901391767945,7.936037903464621,-0.7699141249629893,10.30769230769226,2026-09-02,6.248149244891921,7.936037903464621,-0.7699141249629893,10.30769230769226,2026-09-16
,8604,8604.T,8604_20260818_01,7.0,True,False,1509.5,6.227227558794302,6.989069228221267,-0.8280887711162643,8.439999999999996,2026-08-26,6.558463067240816,9.4402119907254,-0.8280887711162643,11.399999999999984,2026-09-02,9.075852931434248,11.825107651540234,-0.8280887711162643,14.279999999999974,2026-09-16
,4503,4503.T,4503_20260820_01,7.0,False,True,2418.0,-1.1166253101737025,1.530190239867668,-1.8610421836228297,0.8222222222222266,2026-08-27,-0.041356492969391,1.530190239867668,-3.61869313482217,0.4228571428571449,2026-09-03,,,,,
,9503,9503.T,9503_20260820_01,7.0,False,True,2557.5,1.8572825024437911,3.186705767350939,-1.2903225806451646,2.4696969696969715,2026-08-27,18.318670576735087,19.37438905180841,-1.2903225806451646,15.015151515151484,2026-09-03,,,,,
,8601,8601.T,8601_20260818_01,7.0,True,False,1757.0,3.7564029595902095,4.524758110415483,-0.8252703471826939,5.482758620689684,2026-08-27,5.634604439385327,6.659077973819016,-0.8252703471826939,8.068965517241425,2026-09-03,,,,,
,5101,5101.T,5101_20260818_01,7.0,True,False,7562.0,-1.5075376884422065,2.618354932557532,-2.36709865115049,1.1061452513966508,2026-08-27,-7.061623909018778,2.618354932557532,-9.151018249140442,0.2861271676300585,2026-09-03,,,,,
,7269,7269.T,7269_20260818_01,7.0,True,True,2087.0,2.2520364159080097,4.120747484427412,-0.7906085289889786,5.212121212121223,2026-08-27,1.030186871106853,9.631049353138476,-0.7906085289889786,12.181818181818194,2026-09-03,,,,,
,4021,4021.T,4021_20260818_01,7.0,False,True,8162.0,-1.3354569958343498,1.1761823082577785,-4.165645675079633,0.2823529411764705,2026-08-27,-2.058319039451117,2.54839500122519,-4.165645675079633,0.6117647058823537,2026-09-03,,,,,
,8309,8309.T,8309_20260818_01,7.0,True,False,1690.5,4.170363797693,4.939367051168286,-0.3549245785270605,13.916666666666744,2026-08-27,5.708370304643595,7.808340727595375,-0.3549245785270605,22.000000000000124,2026-09-03,,,,,
,5019,5019.T,5019_20260818_01,7.0,False,True,1349.5,1.519081141163392,3.519822156354202,-0.7039644312708426,4.999999999999984,2026-08-27,10.37421267135976,11.633938495739171,-0.7039644312708426,16.52631578947366,2026-09-03,,,,,
,8604,8604.T,8604_20260818_01,7.0,True,False,1521.0,5.950032873109801,6.804733727810652,-1.4792899408283988,4.600000000000012,2026-08-27,7.297830374753443,9.434582511505596,-1.4792899408283988,6.377777777777798,2026-09-03,,,,,
,7269,7269.T,7269_20260818_01,7.0,False,True,2103.5,3.161397670549082,3.304017114333257,-1.02210601378655,3.232558139534875,2026-08-28,-1.735203232707394,8.771095792726413,-2.1868314713572645,4.010869565217388,2026-09-04,,,,,
,8601,8601.T,8601_20260818_01,7.0,True,False,1779.0,4.721753794266448,5.340078695896566,-0.6464305789769531,8.260869565217387,2026-08-28,4.946599213041036,6.68915120854412,-0.6464305789769531,10.347826086956516,2026-09-04,,,,,
,8331,8331.T,8331_20260818_01,7.0,True,False,2753.5,2.215362266206644,3.5409478845106257,-1.2529507899037615,2.826086956521735,2026-08-28,3.904122026511714,4.249137461412755,-1.2529507899037615,3.3913043478260856,2026-09-04,,,,,
,8309,8309.T,8309_20260818_01,7.0,True,False,1715.5,4.313611192072275,4.809093558729227,-1.0492567764500138,4.58333333333333,2026-08-28,4.983969688137568,6.237248615563984,-1.0492567764500138,5.944444444444457,2026-09-04,,,,,
,8725,8725.T,8725_20260818_01,7.0,True,True,4945.0,3.4175935288169867,3.842264914054594,-1.7391304347826098,2.20930232558139,2026-08-28,5.965621840242674,7.482305358948427,-1.7391304347826098,4.302325581395343,2026-09-04,,,,,
,8604,8604.T,8604_20260818_01,7.0,True,False,1535.0,6.970684039087938,7.622149837133539,-1.140065146579805,6.685714285714274,2026-08-28,8.729641693811075,9.348534201954406,-1.140065146579805,8.200000000000005,2026-09-04,,,,,
,9503,9503.T,9503_20260820_01,7.0,False,True,2582.0,8.849728892331532,9.004647560030987,-0.7164988381099913,12.56756756756759,2026-08-31,14.852827265685509,18.24167312161116,-0.7164988381099913,25.4594594594595,2026-09-07,,,,,
,8604,8604.T,8604_20260818_01,7.0,True,False,1539.0,6.270305393112419,7.342430149447687,0.5198180636777128,14.12499999999999,2026-08-31,7.602339181286544,9.064327485380108,0.5198180636777128,17.437499999999982,2026-09-07,,,,,
,7269,7269.T,7269_20260818_01,7.0,True,False,2126.5,4.726075711262645,5.360921702327759,-0.446743475193978,12.00000000000005,2026-08-31,-3.362332471196805,7.594639078297671,-3.99717846226193,1.900000000000001,2026-09-07,,,,,
,8725,8725.T,8725_20260818_01,7.0,True,False,4927.0,3.653338745687029,4.221635883905006,0.9133346864217629,4.622222222222188,2026-08-31,4.5057844530139946,7.874974629592035,0.9133346864217629,8.622222222222163,2026-09-07,,,,,
,8601,8601.T,8601_20260818_01,7.0,True,False,1786.5,3.1905961376994085,4.897844948222785,0.2518891687657509,19.44444444444385,2026-08-31,4.478029666946548,6.241253848306738,0.2518891687657509,24.777777777776976,2026-09-07,,,,,
,4503,4503.T,4503_20260820_01,7.0,False,True,2406.5,-1.4543943486390989,2.015375025971333,-3.158113442759192,0.6381578947368443,2026-08-31,-4.300851859547061,2.015375025971333,-4.529399542904633,0.4449541284403682,2026-09-07,,,,,
,8309,8309.T,8309_20260818_01,7.0,True,False,1702.0,4.406580493537016,5.640423031727382,-0.1175088131609825,48.00000000000189,2026-08-31,4.700352526439477,7.079905992949476,-0.1175088131609825,60.25000000000239,2026-09-07,,,,,
,8725,8725.T,8725_20260818_01,7.0,True,False,5072.0,2.267350157728698,2.9968454258675115,-1.0055205047318605,2.980392156862751,2026-09-01,0.1182965299684646,4.7910094637223954,-1.0055205047318605,4.764705882352943,2026-09-08,,,,,
,7269,7269.T,7269_20260818_01,7.0,True,False,2119.0,6.418121755545059,7.975460122699385,0.4483246814535269,17.789473684210083,2026-09-01,-6.559697970740919,7.975460122699385,-6.559697970740919,1.2158273381294955,2026-09-08,,,,,
,4503,4503.T,4503_20260820_01,7.0,False,True,2415.0,-0.0207039337474124,1.6563146997929712,-3.498964803312632,0.4733727810650914,2026-09-01,-5.569358178053829,1.6563146997929712,-5.9834368530020665,0.2768166089965417,2026-09-08,,,,,
,9503,9503.T,9503_20260820_01,7.0,False,True,2591.5,14.02662550646343,14.084507042253524,-1.0804553347482204,13.035714285714226,2026-09-01,13.428516303299244,17.808219178082197,-1.0804553347482204,16.482142857142783,2026-09-08,,,,,
,8309,8309.T,8309_20260818_01,7.0,True,False,1734.0,4.354094579008083,5.103806228373697,0.4901960784313708,10.41176470588238,2026-09-01,1.2975778546712835,5.103806228373697,0.4901960784313708,10.41176470588238,2026-09-08,,,,,
,8601,8601.T,8601_20260818_01,7.0,True,False,1813.5,2.591673559415497,3.3360904328646246,-1.2406947890818865,2.688888888888886,2026-09-01,1.1579818031431044,4.659498207885315,-1.2406947890818865,3.755555555555562,2026-09-08,,,,,
,8604,8604.T,8604_20260818_01,7.0,True,False,1571.5,4.39070951320395,5.122494432071267,0.1590836780146265,32.20000000000184,2026-09-01,4.899777282850781,7.031498568246897,0.1590836780146265,44.20000000000254,2026-09-08,,,,,
,2503,2503.T,2503_20260818_01,7.0,False,True,3084.0,-0.745784695201035,1.1348897535667923,-2.075226977950717,0.5468749999999971,2026-09-01,-7.70103761348897,1.1348897535667923,-7.8793774319066205,0.1440329218106989,2026-09-08,,,,,
,8308,8308.T,8308_20260827_01,7.0,False,True,2430.0,4.938271604938271,7.037037037037042,0.5144032921810648,13.680000000000144,2026-09-03,2.4074074074074137,7.037037037037042,-1.0082304526748964,6.979591836734703,2026-09-10,,,,,
,9503,9503.T,9503_20260820_01,7.0,False,True,2590.5,16.811426365566497,17.853696197645252,-1.042269832078746,17.129629629629694,2026-09-03,14.147847905809696,17.853696197645252,-1.042269832078746,17.129629629629694,2026-09-10,,,,,
,8725,8725.T,8725_20260818_01,7.0,True,False,5042.0,3.3518445061483604,4.204680682268935,-0.4165013883379642,10.095238095238006,2026-09-03,-1.547005156683856,5.414518048393502,-2.518841729472432,2.149606299212601,2026-09-10,,,,,
,8604,8604.T,8604_20260818_01,7.0,True,True,1620.0,0.7407407407407307,2.746913580246924,-1.4197530864197505,1.9347826086956628,2026-09-03,2.839506172839501,3.827160493827164,-1.4197530864197505,2.695652173913051,2026-09-10,,,,,
,8750,8750.T,8750_20260827_02,7.0,True,False,1817.0,3.6598789212988425,4.155200880572374,-0.3577325261419961,11.615384615384496,2026-09-03,0.8805723720418213,5.503577325261411,-1.871216290588884,2.9411764705882284,2026-09-10,,,,,
,8601,8601.T,8601_20260818_01,7.0,True,False,1827.5,1.559507523939807,2.5444596443228384,-0.5198358413132653,4.894736842105289,2026-09-03,0.5198358413132764,3.857729138166888,-2.0519835841313228,1.8800000000000003,2026-09-10,,,,,
,2914,2914.T,2914_20260821_01,7.0,False,True,7014.0,-0.9409751924721932,1.3544339891645274,-1.6110635871114942,0.840707964601768,2026-09-03,-5.702879954376961,1.3544339891645274,-6.102081551183347,0.2219626168224298,2026-09-10,,,,,
,8309,8309.T,8309_20260818_01,7.0,True,False,1756.5,1.7364076288072905,3.757472245943627,-0.5693139766581257,6.599999999999996,2026-09-03,0.0569313976658047,3.757472245943627,-1.8218047253060088,2.062499999999991,2026-09-10,,,,,
,8411,8411.T,8411_20260818_01,7.0,False,True,8326.0,4.864280566898871,6.822003362959395,-0.4323804948354603,15.777777777777567,2026-09-03,3.362959404275756,6.822003362959395,-0.4323804948354603,15.777777777777567,2026-09-10,,,,,
,8354,8354.T,8354_20260821_01,7.0,False,True,7733.0,2.5863183757920627,3.724298461140574,-0.4138109401267242,9.000000000000135,2026-09-03,0.4526057157636209,3.737230053019536,-1.9785335574809213,1.8888888888888973,2026-09-10,,,,,
,9432,9432.T,9432_20260827_01,7.0,False,True,167.6,3.341286961958345,5.011933174224348,-0.1789957925072638,28.000284833627912,2026-09-03,4.534604384392726,5.011933174224348,-0.1789957925072638,28.000284833627912,2026-09-10,,,,,
,8604,8604.T,8604_20260818_01,7.0,True,False,1642.5,1.6133942161339343,2.191780821917799,-2.7701674277016752,0.7912087912087877,2026-09-04,1.3394216133942205,2.404870624048705,-2.7701674277016752,0.8681318681318674,2026-09-11,,,,,
,8411,8411.T,8411_20260818_01,7.0,True,True,8449.0,3.846609066161677,5.266895490590606,-1.4676293052432232,3.5887096774193594,2026-09-04,2.426322641732748,5.266895490590606,-1.4676293052432232,3.5887096774193594,2026-09-11,,,,,
,8316,8316.T,8316_20260827_02,7.0,False,True,6881.0,2.935619822700186,4.359831419851767,-1.5259409969481164,2.857142857142861,2026-09-04,0.4359831419851856,4.359831419851767,-1.860194739136756,2.343749999999998,2026-09-11,,,,,
,8308,8308.T,8308_20260827_01,7.0,False,True,2520.0,1.1904761904761862,3.214285714285725,-1.6666666666666718,1.928571428571429,2026-09-04,0.079365079365079,3.214285714285725,-4.543650793650789,0.7074235807860293,2026-09-11,,,,,
,8331,8331.T,8331_20260818_01,7.0,False,True,2822.0,1.381998582565558,1.7186392629340963,-1.8426647767540767,0.9326923076923104,2026-09-04,-3.2955350815024764,2.072997873848337,-6.413890857547844,0.3232044198895028,2026-09-11,,,,,
,8601,8601.T,8601_20260818_01,7.0,True,False,1869.5,-0.1337255950788929,1.5244717838994282,-2.754747258625301,0.5533980582524235,2026-09-04,-1.4709815458678777,1.5244717838994282,-4.2792190425247405,0.3562499999999975,2026-09-11,,,,,
,8725,8725.T,8725_20260818_01,7.0,True,False,5115.0,2.4437927663734094,3.910068426197455,-1.0752688172043,3.636363636363636,2026-09-04,-0.4692082111436901,3.910068426197455,-3.910068426197455,1.0,2026-09-11,,,,,
,8309,8309.T,8309_20260818_01,7.0,True,False,1787.0,0.7834359261331914,1.9865696698377235,-2.266368214885284,0.8765432098765457,2026-09-04,-1.1191941801902638,1.9865696698377235,-3.973139339675436,0.5000000000000014,2026-09-11,,,,,
,9766,9766.T,9766_20260824_01,7.0,False,True,22185.0,-3.0876718503493383,1.1043497858913789,-3.944106378183454,0.2800000000000029,2026-09-04,-6.558485463150776,1.1043497858913789,-8.90241153932837,0.1240506329113936,2026-09-11,,,,,
,6178,6178.T,6178_20260828_01,7.0,False,True,2425.5,3.586889301175012,7.318078746650181,-0.8864151721294622,8.255813953488337,2026-09-04,1.7934446505875057,7.318078746650181,-1.7934446505875057,4.08045977011495,2026-09-11,,,,,
,8015,8015.T,8015_20260828_01,7.0,False,True,7583.0,0.0659369642621587,2.5187920348147097,-3.2045364631412387,0.7860082304526721,2026-09-04,-0.3956217855729971,2.8352894632731163,-4.219965712778584,0.6718750000000012,2026-09-11,,,,,
,8354,8354.T,8354_20260821_01,7.0,False,True,7861.0,0.8141457829792698,2.048085485307216,-1.717338760971887,1.1925925925925942,2026-09-04,-0.4325149472077294,2.048085485307216,-3.574608828393333,0.5729537366548054,2026-09-11,,,,,
,8316,8316.T,8316_20260827_02,7.0,False,True,6872.0,1.5133876600698537,4.49650756693829,-0.1018626309662429,44.142857142855696,2026-09-07,2.299185098952261,4.49650756693829,-1.7316647264260745,2.5966386554621828,2026-09-14,,,,,
,7269,7269.T,7269_20260818_01,7.0,False,True,2202.0,-6.675749318801094,3.905540417802,-7.288828337874664,0.5358255451713395,2026-09-07,-7.129881925522252,3.905540417802,-11.398728428701176,0.3426294820717134,2026-09-14,,,,,
,9101,9101.T,9101_20260827_01,7.0,True,False,6941.0,6.901022907362053,7.549344474859532,0.7491715891081885,10.076923076923205,2026-09-07,5.705229793977806,7.549344474859532,0.7491715891081885,10.076923076923205,2026-09-14,,,,,
,8725,8725.T,8725_20260818_01,7.0,True,True,5071.0,1.5381581542102118,4.811674225990936,0.1971997633602784,24.40000000000072,2026-09-07,2.681916781699867,4.811674225990936,-3.076316308420435,1.564102564102564,2026-09-14,,,,,
,8308,8308.T,8308_20260827_01,7.0,False,True,2516.0,1.0532591414944337,3.378378378378377,-1.5103338632750374,2.2368421052631606,2026-09-07,1.1724960254372083,3.378378378378377,-4.3918918918918965,0.7692307692307682,2026-09-14,,,,,
,8601,8601.T,8601_20260818_01,7.0,True,False,1844.0,1.2201735357917576,2.9284164859002093,-1.4099783080260275,2.076923076923076,2026-09-07,1.572668112798259,2.9284164859002093,-2.955531453362259,0.9908256880733908,2026-09-14,,,,,
,8354,8354.T,8354_20260821_01,7.0,False,True,7815.0,0.6525911708253451,2.648752399232235,-0.754958413307738,3.508474576271188,2026-09-07,0.2815099168266055,2.648752399232235,-3.00703774792066,0.8808510638297852,2026-09-14,,,,,
,8604,8604.T,8604_20260818_01,7.0,True,False,1630.0,1.595092024539868,2.9754601226993804,-2.024539877300613,1.469696969696967,2026-09-07,2.7607361963190247,3.5582822085889587,-2.024539877300613,1.757575757575759,2026-09-14,,,,,
,8309,8309.T,8309_20260818_01,7.0,True,False,1767.5,0.8203677510608243,3.111739745403108,-1.1881188118811892,2.6190476190476137,2026-09-07,1.7538896746817525,3.111739745403108,-2.91371994342291,1.067961165048544,2026-09-14,,,,,
,8601,8601.T,8601_20260818_01,7.0,True,False,1855.0,-1.1051212938005373,2.3180592991913773,-1.99460916442048,1.1621621621621665,2026-09-08,-0.9973045822102456,2.3180592991913773,-3.5309973045822063,0.6564885496183221,2026-09-15,,,,,
,8306,8306.T,8306_20260818_01,7.0,False,True,3686.0,-0.8138903960933308,2.9571351058057527,-1.6006511123168754,1.847457627118644,2026-09-08,-0.4883342376559962,2.9571351058057527,-3.011394465545303,0.9819819819819836,2026-09-15,,,,,
,8604,8604.T,8604_20260818_01,7.0,True,False,1637.0,0.7025045815516107,2.748930971288943,-2.443494196701279,1.1250000000000018,2026-09-08,0.4581551618815016,3.11545510079414,-2.443494196701279,1.2750000000000037,2026-09-15,,,,,
,8015,8015.T,8015_20260828_01,7.0,False,True,7620.0,-1.8110236220472475,2.33595800524935,-2.650918635170607,0.8811881188118824,2026-09-08,-3.818897637795271,2.33595800524935,-4.776902887139112,0.4890109890109898,2026-09-15,,,,,
,8411,8411.T,8411_20260818_01,7.0,True,True,8621.0,-0.2551908131307234,3.166685999304031,-1.3339519777287978,2.373913043478272,2026-09-08,-0.2667903955457573,3.166685999304031,-2.540308548892245,1.246575342465753,2026-09-15,,,,,
,4021,4021.T,4021_20260831_02,7.0,False,True,8325.0,-6.04204204204204,-1.5135135135135092,-6.21021021021021,-0.2437137330754345,2026-09-08,-4.336336336336332,-1.5135135135135092,-7.459459459459461,-0.202898550724637,2026-09-15,,,,,
,8309,8309.T,8309_20260818_01,7.0,True,False,1796.5,-2.2265516281658737,1.0019482326746545,-2.783189535207342,0.360000000000004,2026-09-08,-1.3080990815474536,1.0019482326746545,-4.480935151683829,0.2236024844720517,2026-09-15,,,,,
,7203,7203.T,7203_20260901_01,7.0,False,True,3230.0,-8.095975232198139,-1.2383900928792602,-8.095975232198139,-0.1529636711281075,2026-09-08,-6.470588235294117,-1.2383900928792602,-8.993808049535602,-0.1376936316695356,2026-09-15,,,,,
,8331,8331.T,8331_20260818_01,7.0,False,True,2842.0,-3.184377199155519,1.3546798029556717,-3.184377199155519,0.4254143646408868,2026-09-08,-4.363124560168896,1.3546798029556717,-7.072484166080228,0.1915422885572148,2026-09-15,,,,,
,8308,8308.T,8308_20260827_01,7.0,False,True,2517.5,-1.0526315789473717,3.3167825223435976,-1.6087388282025827,2.061728395061729,2026-09-08,-2.164846077457794,3.3167825223435976,-4.448857994041711,0.7455357142857145,2026-09-15,,,,,
,6178,6178.T,6178_20260828_01,7.0,False,True,2512.0,-2.6671974522292974,3.6226114649681618,-2.7468152866242046,1.318840579710148,2026-09-08,-1.2539808917197417,3.6226114649681618,-5.175159235668792,0.7000000000000014,2026-09-15,,,,,
,8316,8316.T,8316_20260827_02,7.0,False,True,6971.0,-0.6168411992540479,3.0124802754267765,-2.209152201979625,1.3636363636363704,2026-09-08,-1.8505235977621548,3.0124802754267765,-3.1272414287763617,0.96330275229358,2026-09-15,,,,,
,8354,8354.T,8354_20260821_01,7.0,False,True,7941.0,-2.6570960836166724,1.0200226671703838,-2.6570960836166724,0.3838862559241715,2026-09-08,-2.5941317214456583,1.0200226671703838,-4.546026948747006,0.2243767313019397,2026-09-15,,,,,
,8725,8725.T,8725_20260818_01,7.0,True,False,5183.0,-2.0258537526529063,2.5467875747636537,-2.2187922052865128,1.1478260869565236,2026-09-08,-0.4823461315840216,2.5467875747636537,-5.170750530580747,0.4925373134328362,2026-09-15,,,,,
,8725,8725.T,8725_20260818_01,7.0,True,False,5180.0,-4.498069498069501,2.6061776061776065,-4.826254826254828,0.5399999999999999,2026-09-09,0.0772200772200859,2.6061776061776065,-5.115830115830111,0.5094339622641515,2026-09-16,,,,,
,8604,8604.T,8604_20260818_01,7.0,True,False,1623.5,-0.4619648906683093,3.6033261472128153,-0.6159531875577495,5.849999999999969,2026-09-09,1.4782876501385989,3.972898059747454,-0.6159531875577495,6.44999999999995,2026-09-16,,,,,
,7269,7269.T,7269_20260818_01,7.0,True,False,2215.5,-10.200857594222525,-2.482509591514326,-11.938614308282558,-0.2079395085066157,2026-09-09,-7.334687429474163,-2.482509591514326,-11.938614308282558,-0.2079395085066157,2026-09-16,,,,,
,4578,4578.T,4578_20260818_01,7.0,False,True,12335.0,-5.350628293473858,0.4053506282934771,-5.7559789217673245,0.0704225352112682,2026-09-09,-10.255370895824887,0.4053506282934771,-10.295905958654238,0.0393700787401577,2026-09-16,,,,,
,7203,7203.T,7203_20260901_01,7.0,False,True,3183.0,-6.660383286207983,-0.0314169022934351,-7.650015708451152,-0.0041067761806983,2026-09-09,-4.052780395852973,-0.0314169022934351,-7.650015708451152,-0.0041067761806983,2026-09-16,,,,,
,8591,8591.T,8591_20260901_02,7.0,False,True,6386.0,-5.715627936110246,3.0848731600375823,-5.919198246163482,0.5211640211640212,2026-09-09,-2.9595991230817464,3.0848731600375823,-6.843094268712813,0.4508009153318075,2026-09-16,,,,,
,2914,2914.T,2914_20260821_01,7.0,False,True,7055.0,-6.307583274273565,-0.5953224663359347,-6.3784549964564174,-0.0933333333333337,2026-09-09,-3.302622253720766,-0.5953224663359347,-7.866761162296243,-0.075675675675676,2026-09-16,,,,,
,6178,6178.T,6178_20260828_01,7.0,False,True,2551.0,-5.919247353978829,2.0384163073304595,-5.919247353978829,0.3443708609271526,2026-09-09,-1.2740101920815317,2.0384163073304595,-6.624852998823993,0.3076923076923077,2026-09-16,,,,,
,8309,8309.T,8309_20260818_01,7.0,True,False,1787.5,-3.2167832167832144,1.51048951048951,-3.244755244755249,0.4655172413793096,2026-09-09,0.4475524475524572,1.51048951048951,-4.000000000000004,0.3776223776223771,2026-09-16,,,,,
,8601,8601.T,8601_20260818_01,7.0,True,False,1842.0,-2.442996742671011,3.040173724212813,-2.8230184581976125,1.0769230769230769,2026-09-09,-0.8414766558089037,3.040173724212813,-2.8501628664495127,1.0666666666666669,2026-09-16,,,,,
,8316,8316.T,8316_20260827_02,7.0,False,True,6990.0,-2.7038626609442007,2.7324749642346102,-2.7038626609442007,1.0105820105820087,2026-09-09,-0.6723891273247462,2.7324749642346102,-3.3905579399141628,0.8059071729957775,2026-09-16,,,,,
,8309,8309.T,8309_20260818_01,7.0,True,False,1787.0,-1.6508114157806395,1.5388919977616045,-3.497481813094572,0.4399999999999979,2026-09-10,,,,,,,,,,
,8316,8316.T,8316_20260827_02,7.0,False,True,7089.0,-2.6519960502186524,1.2977853011708174,-4.499929468190156,0.2884012539184928,2026-09-10,,,,,,,,,,
,8411,8411.T,8411_20260818_01,7.0,False,True,8731.0,-1.431680219906084,1.408773336387581,-3.7681823387928026,0.3738601823708202,2026-09-10,,,,,,,,,,
,8601,8601.T,8601_20260818_01,7.0,True,True,1856.0,-1.0237068965517238,2.2629310344827624,-3.5560344827586188,0.6363636363636378,2026-09-10,,,,,,,,,,
,8750,8750.T,8750_20260827_02,7.0,True,False,1883.5,-2.6811786567560447,1.7786036633926194,-5.335810990177858,0.3333333333333333,2026-09-10,,,,,,,,,,
,8725,8725.T,8725_20260818_01,7.0,True,True,5211.0,-4.739973133755515,1.9957781615812744,-5.680291690654382,0.3513513513513522,2026-09-10,,,,,,,,,,
,8306,8306.T,8306_20260818_01,7.0,False,True,3754.0,-2.4507192328183325,1.0921683537559843,-4.635055940330313,0.2356321839080441,2026-09-10,,,,,,,,,,
,6178,6178.T,6178_20260828_01,7.0,False,True,2552.0,-4.682601880877746,1.998432601880884,-6.328369905956111,0.3157894736842116,2026-09-10,,,,,,,,,,
,8308,8308.T,8308_20260827_01,7.0,False,True,2550.0,-2.4117647058823577,1.8235294117647127,-5.666666666666664,0.3217993079584788,2026-09-10,,,,,,,,,,
,8354,8354.T,8354_20260821_01,7.0,False,True,7933.0,-2.0799193243413616,1.121895877978063,-4.449766796924237,0.2521246458923507,2026-09-10,,,,,,,,,,
,8015,8015.T,8015_20260828_01,7.0,False,True,7673.0,-3.166949042095657,1.6290890134236902,-5.069725009774539,0.3213367609254489,2026-09-10,,,,,,,,,,
,8604,8604.T,8604_20260818_01,7.0,True,True,1632.0,2.083333333333326,3.0637254901960675,-1.1335784313725503,2.7027027027026893,2026-09-10,,,,,,,,,,
,8316,8316.T,8316_20260827_02,7.0,False,True,7083.0,-2.428349569391497,0.1553014259494611,-4.659042778483691,0.0333333333333343,2026-09-11,,,,,,,,,,
,8601,8601.T,8601_20260818_01,7.0,True,False,1867.0,-1.339046598821636,0.5356186395286455,-4.151044456347086,0.1290322580645135,2026-09-11,,,,,,,,,,
,8725,8725.T,8725_20260818_01,7.0,True,True,5240.0,-2.843511450381675,0.1717557251908363,-6.202290076335881,0.0276923076923071,2026-09-11,,,,,,,,,,
,8306,8306.T,8306_20260818_01,7.0,False,True,3785.0,-3.2760898282694795,0.264200792602387,-5.548216644649939,0.0476190476190492,2026-09-11,,,,,,,,,,
,8411,8411.T,8411_20260818_01,7.0,False,True,8774.0,-1.3676772281741467,0.9117848187827572,-4.239799407339873,0.2150537634408575,2026-09-11,,,,,,,,,,
,8750,8750.T,8750_20260827_02,7.0,True,False,1877.5,0.2929427430093279,0.9320905459387464,-5.033288948069236,0.1851851851851849,2026-09-11,,,,,,,,,,
,6178,6178.T,6178_20260828_01,7.0,False,True,2512.5,-1.7313432835820874,0.776119402985076,-5.194029850746274,0.1494252873563219,2026-09-11,,,,,,,,,,
,8053,8053.T,8053_20260904_01,7.0,False,True,1820.0,0.1098901098901095,3.901098901098909,-2.857142857142858,1.365384615384618,2026-09-11,,,,,,,,,,
,8604,8604.T,8604_20260818_01,7.0,True,True,1669.0,-0.2696225284601561,0.7789095266626633,-3.325344517675255,0.2342342342342315,2026-09-11,,,,,,,,,,
,8354,8354.T,8354_20260821_01,7.0,False,True,7925.0,-1.236593059936908,0.7444794952681466,-4.353312302839118,0.1710144927536249,2026-09-11,,,,,,,,,,
,8309,8309.T,8309_20260818_01,7.0,True,False,1801.0,-1.887840088839532,0.3886729594669624,-4.71960022209883,0.0823529411764705,2026-09-11,,,,,,,,,,
,8601,8601.T,8601_20260818_01,7.0,True,False,1857.5,-1.1305518169582809,0.9421265141319024,-3.660834454912521,0.2573529411764716,2026-09-15,,,,,,,,,,
,8411,8411.T,8411_20260818_01,7.0,True,False,8655.0,-0.6585788561525141,1.9179664933564489,-2.9231658001155347,0.6561264822134425,2026-09-15,,,,,,,,,,
,4689,4689.T,4689_20260903_02,7.0,True,False,526.6,7.273077176996301,8.146600835548789,-3.000382112994926,2.715187775672013,2026-09-15,,,,,,,,,,
,6857,6857.T,6857_20260903_02,7.0,False,True,34520.0,-12.63035921205099,-0.8980301274623459,-13.644264194669752,-0.0658174097664547,2026-09-15,,,,,,,,,,
,8604,8604.T,8604_20260818_01,7.0,True,False,1662.5,-1.0827067669172965,1.533834586466165,-2.947368421052632,0.5204081632653059,2026-09-15,,,,,,,,,,
,8309,8309.T,8309_20260818_01,7.0,True,False,1771.5,0.0846740050804317,1.8346034434095329,-3.1329381879762863,0.5855855855855842,2026-09-15,,,,,,,,,,
,8411,8411.T,8411_20260818_01,7.0,True,False,8617.0,0.5570384124405248,2.367413252872219,-2.495067889056513,0.9488372093023228,2026-09-16,,,,,,,,,,
,8015,8015.T,8015_20260828_01,7.0,True,False,7466.0,-0.1339405304044971,2.437717653361915,-2.812751138494507,0.8666666666666698,2026-09-16,,,,,,,,,,
,8309,8309.T,8309_20260818_01,7.0,True,False,1747.5,2.6323319027181658,3.233190271816877,-1.8025751072961336,1.7936507936507948,2026-09-16,,,,,,,,,,
,8053,8053.T,8053_20260904_01,7.0,False,True,1861.5,-3.9215686274509776,-1.2892828364222453,-5.31829170024174,-0.2424242424242434,2026-09-16,,,,,,,,,,
,5713,5713.T,5713_20260904_01,7.0,False,True,10160.0,-7.263779527559055,1.5748031496062964,-8.366141732283461,0.1882352941176468,2026-09-16,,,,,,,,,,
,8604,8604.T,8604_20260818_01,7.0,True,True,1629.0,1.012891344383049,3.621853898096994,-0.920810313075504,3.9333333333333456,2026-09-16,,,,,,,,,,
,8601,8601.T,8601_20260818_01,7.0,True,False,1818.0,0.4125412541254203,3.135313531353145,-1.5676567656765727,2.0,2026-09-16,,,,,,,,,,
,8309,8309.T,8309_20260818_01,7.0,True,False,1734.0,,,,,,,,,,,,,,,
,4689,4689.T,4689_20260903_02,7.0,True,False,515.1,,,,,,,,,,,,,,,
,9101,9101.T,9101_20260904_02,7.0,True,False,7217.0,,,,,,,,,,,,,,,
,8604,8604.T,8604_20260818_01,7.0,True,False,1638.0,,,,,,,,,,,,,,,
,8601,8601.T,8601_20260818_01,7.0,True,False,1810.5,,,,,,,,,,,,,,,
,8601,8601.T,8601_20260818_01,7.0,True,False,1837.0,,,,,,,,,,,,,,,
,9101,9101.T,9101_20260904_02,7.0,True,False,7198.0,,,,,,,,,,,,,,,
,4689,4689.T,4689_20260903_02,7.0,True,False,522.1,,,,,,,,,,,,,,,
,8309,8309.T,8309_20260818_01,7.0,True,False,1757.5,,,,,,,,,,,,,,,
,8604,8604.T,8604_20260818_01,7.0,True,False,1666.0,,,,,,,,,,,,,,,
,7832,7832.T,7832_20260903_01,7.0,False,True,5514.0,,,,,,,,,,,,,,,
,8601,8601.T,8601_20260818_01,7.0,True,False,1839.0,,,,,,,,,,,,,,,
,9101,9101.T,9101_20260904_02,7.0,True,False,7309.0,,,,,,,,,,,,,,,
,8725,8725.T,8725_20260818_01,7.0,True,False,5153.0,,,,,,,,,,,,,,,
,8750,8750.T,8750_20260911_03,7.0,False,True,1888.0,,,,,,,,,,,,,,,
,8604,8604.T,8604_20260818_01,7.0,True,False,1658.5,,,,,,,,,,,,,,,
,8309,8309.T,8309_20260818_01,7.0,True,False,1760.5,,,,,,,,,,,,,,,
,9432,9432.T,9432_20260903_02,7.0,False,True,176.7,,,,,,,,,,,,,,,
,7832,7832.T,7832_20260903_01,7.0,False,True,5565.0,,,,,,,,,,,,,,,
,8604,8604.T,8604_20260818_01,7.0,True,False,1653.5,,,,,,,,,,,,,,,
,8750,8750.T,8750_20260911_03,7.0,False,True,1890.0,,,,,,,,,,,,,,,
,9101,9101.T,9101_20260904_02,7.0,True,False,7338.0,,,,,,,,,,,,,,,
,8725,8725.T,8725_20260818_01,7.0,True,True,5137.0,,,,,,,,,,,,,,,
,6701,6701.T,6701_20260914_01,7.0,False,True,4825.0,,,,,,,,,,,,,,,
,8601,8601.T,8601_20260818_01,7.0,True,False,1848.5,,,,,,,,,,,,,,,
,8309,8309.T,8309_20260818_01,7.0,True,False,1782.0,,,,,,,,,,,,,,,
,8309,8309.T,8309_20260818_01,7.0,True,False,1795.0,,,,,,,,,,,,,,,
,8604,8604.T,8604_20260818_01,7.0,True,False,1646.0,,,,,,,,,,,,,,,
,8601,8601.T,8601_20260818_01,7.0,True,False,1826.0,,,,,,,,,,,,,,,
,8725,8725.T,8725_20260818_01,7.0,True,False,5186.0,,,,,,,,,,,,,,,
,9101,9101.T,9101_20260904_02,7.0,True,False,7388.0,,,,,,,,,,,,,,,
,7832,7832.T,7832_20260903_01,7.0,False,True,5483.0,,,,,,,,,,,,,,,
,4689,4689.T,4689_20260903_02,7.0,False,True,566.0,,,,,,,,,,,,,,,
,8750,8750.T,8750_20260911_03,7.0,False,True,1912.0,,,,,,,,,,,,,,,
,9104,9104.T,9104_20260904_02,7.0,False,True,7145.0,,,,,,,,,,,,,,,
,6701,6701.T,6701_20260914_01,7.0,False,True,4786.0,,,,,,,,,,,,,,,
,4631,4631.T,4631_20260818_01,7.0,True,False,5495.0,-7.279344858962689,-1.273885350318471,-8.043676069153772,-0.1583710407239819,2026-08-25,-3.639672429481344,-1.273885350318471,-11.22838944494996,-0.1134521880064829,2026-09-01,-15.614194722474972,-1.273885350318471,-18.016378525932662,-0.0707070707070707,2026-09-15
,8604,8604.T,8604_20260818_01,7.0,True,False,1509.5,6.227227558794302,6.989069228221267,-0.8280887711162643,8.439999999999996,2026-08-26,6.558463067240816,9.4402119907254,-0.8280887711162643,11.399999999999984,2026-09-02,8.280887711162643,11.825107651540234,-0.8280887711162643,14.279999999999974,2026-09-16
,8309,8309.T,8309_20260818_01,7.0,True,False,1688.5,3.6718981344388446,4.441812259401834,-0.7699141249629893,5.769230769230734,2026-08-26,5.1228901391767945,7.936037903464621,-0.7699141249629893,10.30769230769226,2026-09-02,5.1821143026354655,7.936037903464621,-0.7699141249629893,10.30769230769226,2026-09-16
,8725,8725.T,8725_20260818_01,7.0,True,False,4860.0,4.609053497942384,4.97942386831276,-2.1604938271604923,2.304761904761908,2026-08-26,5.65843621399178,7.489711934156373,-2.1604938271604923,3.466666666666667,2026-09-02,6.069958847736623,9.362139917695478,-2.1604938271604923,4.333333333333338,2026-09-16
,2503,2503.T,2503_20260818_01,7.0,True,False,2998.5,2.6846756711689235,4.018676004669008,0.1834250458562669,21.90909090909029,2026-08-26,-0.8004002001000488,4.018676004669008,-0.9504752376188086,4.228070175438607,2026-09-02,-5.252626313156583,4.018676004669008,-8.137402034350504,0.4938524590163946,2026-09-16
,5019,5019.T,5019_20260818_01,7.0,False,True,1337.0,1.533283470456248,4.487658937920713,-0.4487658937920691,10.00000000000005,2026-08-26,9.349289454001486,12.266267763649964,-0.4487658937920691,27.3333333333335,2026-09-02,24.906507105459987,27.78608825729245,-0.4487658937920691,61.916666666667055,2026-09-16
,8331,8331.T,8331_20260818_01,7.0,True,False,2723.5,3.6166697264549352,4.681476041857913,-1.230034881586195,3.805970149253736,2026-08-26,2.808885625114743,5.195520469983483,-1.230034881586195,4.223880597014928,2026-09-02,0.2203047549109493,5.764641086836786,-3.029190380025704,1.9030303030303004,2026-09-16
,4021,4021.T,4021_20260818_01,7.0,False,True,8162.0,-1.3354569958343498,1.1761823082577785,-4.165645675079633,0.2823529411764705,2026-08-27,-2.058319039451117,2.54839500122519,-4.165645675079633,0.6117647058823537,2026-09-03,-0.6125949522175933,2.54839500122519,-5.611369762313156,0.4541484716157207,2026-09-17
,7269,7269.T,7269_20260818_01,7.0,True,True,2087.0,2.2520364159080097,4.120747484427412,-0.7906085289889786,5.212121212121223,2026-08-27,1.030186871106853,9.631049353138476,-0.7906085289889786,12.181818181818194,2026-09-03,-2.204120747484428,9.631049353138476,-6.516530905606133,1.4779411764705883,2026-09-17
,5101,5101.T,5101_20260818_01,7.0,True,False,7562.0,-1.5075376884422065,2.618354932557532,-2.36709865115049,1.1061452513966508,2026-08-27,-7.061623909018778,2.618354932557532,-9.151018249140442,0.2861271676300585,2026-09-03,-8.423697434541122,2.618354932557532,-13.27691087014018,0.1972111553784865,2026-09-17
,5019,5019.T,5019_20260818_01,7.0,False,True,1349.5,1.519081141163392,3.519822156354202,-0.7039644312708426,4.999999999999984,2026-08-27,10.37421267135976,11.633938495739171,-0.7039644312708426,16.52631578947366,2026-09-03,24.601704334938866,26.60244535012968,-0.7039644312708426,37.78947368421044,2026-09-17
,8309,8309.T,8309_20260818_01,7.0,True,False,1690.5,4.170363797693,4.939367051168286,-0.3549245785270605,13.916666666666744,2026-08-27,5.708370304643595,7.808340727595375,-0.3549245785270605,22.000000000000124,2026-09-03,6.00414078674949,7.808340727595375,-0.3549245785270605,22.000000000000124,2026-09-17
,8601,8601.T,8601_20260818_01,7.0,True,False,1757.0,3.7564029595902095,4.524758110415483,-0.8252703471826939,5.482758620689684,2026-08-27,5.634604439385327,6.659077973819016,-0.8252703471826939,8.068965517241425,2026-09-03,5.378486055776888,8.025042686397278,-0.8252703471826939,9.72413793103454,2026-09-17
,9503,9503.T,9503_20260820_01,7.0,False,True,2557.5,1.8572825024437911,3.186705767350939,-1.2903225806451646,2.4696969696969715,2026-08-27,18.318670576735087,19.37438905180841,-1.2903225806451646,15.015151515151484,2026-09-03,17.497556207233632,19.37438905180841,-1.2903225806451646,15.015151515151484,2026-09-17
,8604,8604.T,8604_20260818_01,7.0,True,False,1521.0,5.950032873109801,6.804733727810652,-1.4792899408283988,4.600000000000012,2026-08-27,7.297830374753443,9.434582511505596,-1.4792899408283988,6.377777777777798,2026-09-03,6.344510190664043,10.97961867192636,-1.4792899408283988,7.422222222222238,2026-09-17
,4503,4503.T,4503_20260820_01,7.0,False,True,2418.0,-1.1166253101737025,1.530190239867668,-1.8610421836228297,0.8222222222222266,2026-08-27,-0.041356492969391,1.530190239867668,-3.61869313482217,0.4228571428571449,2026-09-03,-2.212572373862698,1.530190239867668,-9.7394540942928,0.1571125265392791,2026-09-17
,7269,7269.T,7269_20260818_01,7.0,False,True,2103.5,3.161397670549082,3.304017114333257,-1.02210601378655,3.232558139534875,2026-08-28,-1.735203232707394,8.771095792726413,-2.1868314713572645,4.010869565217388,2026-09-04,,,,,
,8601,8601.T,8601_20260818_01,7.0,True,False,1779.0,4.721753794266448,5.340078695896566,-0.6464305789769531,8.260869565217387,2026-08-28,4.946599213041036,6.68915120854412,-0.6464305789769531,10.347826086956516,2026-09-04,,,,,
,8331,8331.T,8331_20260818_01,7.0,True,False,2753.5,2.215362266206644,3.5409478845106257,-1.2529507899037615,2.826086956521735,2026-08-28,3.904122026511714,4.249137461412755,-1.2529507899037615,3.3913043478260856,2026-09-04,,,,,
,8309,8309.T,8309_20260818_01,7.0,True,False,1715.5,4.313611192072275,4.809093558729227,-1.0492567764500138,4.58333333333333,2026-08-28,4.983969688137568,6.237248615563984,-1.0492567764500138,5.944444444444457,2026-09-04,,,,,
,8725,8725.T,8725_20260818_01,7.0,True,True,4945.0,3.4175935288169867,3.842264914054594,-1.7391304347826098,2.20930232558139,2026-08-28,5.965621840242674,7.482305358948427,-1.7391304347826098,4.302325581395343,2026-09-04,,,,,
,8604,8604.T,8604_20260818_01,7.0,True,False,1535.0,6.970684039087938,7.622149837133539,-1.140065146579805,6.685714285714274,2026-08-28,8.729641693811075,9.348534201954406,-1.140065146579805,8.200000000000005,2026-09-04,,,,,
,8604,8604.T,8604_20260818_01,7.0,True,False,1539.0,6.270305393112419,7.342430149447687,0.5198180636777128,14.12499999999999,2026-08-31,7.602339181286544,9.064327485380108,0.5198180636777128,17.437499999999982,2026-09-07,,,,,
,7269,7269.T,7269_20260818_01,7.0,True,False,2126.5,4.726075711262645,5.360921702327759,-0.446743475193978,12.00000000000005,2026-08-31,-3.362332471196805,7.594639078297671,-3.99717846226193,1.900000000000001,2026-09-07,,,,,
,8725,8725.T,8725_20260818_01,7.0,True,False,4927.0,3.653338745687029,4.221635883905006,0.9133346864217629,4.622222222222188,2026-08-31,4.5057844530139946,7.874974629592035,0.9133346864217629,8.622222222222163,2026-09-07,,,,,
,8601,8601.T,8601_20260818_01,7.0,True,False,1786.5,3.1905961376994085,4.897844948222785,0.2518891687657509,19.44444444444385,2026-08-31,4.478029666946548,6.241253848306738,0.2518891687657509,24.777777777776976,2026-09-07,,,,,
,8309,8309.T,8309_20260818_01,7.0,True,False,1702.0,4.406580493537016,5.640423031727382,-0.1175088131609825,48.00000000000189,2026-08-31,4.700352526439477,7.079905992949476,-0.1175088131609825,60.25000000000239,2026-09-07,,,,,
,4503,4503.T,4503_20260820_01,7.0,False,True,2406.5,-1.4543943486390989,2.015375025971333,-3.158113442759192,0.6381578947368443,2026-08-31,-4.300851859547061,2.015375025971333,-4.529399542904633,0.4449541284403682,2026-09-07,,,,,
,9503,9503.T,9503_20260820_01,7.0,False,True,2582.0,8.849728892331532,9.004647560030987,-0.7164988381099913,12.56756756756759,2026-08-31,14.852827265685509,18.24167312161116,-0.7164988381099913,25.4594594594595,2026-09-07,,,,,
,8725,8725.T,8725_20260818_01,7.0,True,False,5072.0,2.267350157728698,2.9968454258675115,-1.0055205047318605,2.980392156862751,2026-09-01,0.1182965299684646,4.7910094637223954,-1.0055205047318605,4.764705882352943,2026-09-08,,,,,
,7269,7269.T,7269_20260818_01,7.0,True,False,2119.0,6.418121755545059,7.975460122699385,0.4483246814535269,17.789473684210083,2026-09-01,-6.559697970740919,7.975460122699385,-6.559697970740919,1.2158273381294955,2026-09-08,,,,,
,4503,4503.T,4503_20260820_01,7.0,False,True,2415.0,-0.0207039337474124,1.6563146997929712,-3.498964803312632,0.4733727810650914,2026-09-01,-5.569358178053829,1.6563146997929712,-5.9834368530020665,0.2768166089965417,2026-09-08,,,,,
,9503,9503.T,9503_20260820_01,7.0,False,True,2591.5,14.02662550646343,14.084507042253524,-1.0804553347482204,13.035714285714226,2026-09-01,13.428516303299244,17.808219178082197,-1.0804553347482204,16.482142857142783,2026-09-08,,,,,
,8309,8309.T,8309_20260818_01,7.0,True,False,1734.0,4.354094579008083,5.103806228373697,0.4901960784313708,10.41176470588238,2026-09-01,1.2975778546712835,5.103806228373697,0.4901960784313708,10.41176470588238,2026-09-08,,,,,
,8601,8601.T,8601_20260818_01,7.0,True,False,1813.5,2.591673559415497,3.3360904328646246,-1.2406947890818865,2.688888888888886,2026-09-01,1.1579818031431044,4.659498207885315,-1.2406947890818865,3.755555555555562,2026-09-08,,,,,
,8604,8604.T,8604_20260818_01,7.0,True,False,1571.5,4.39070951320395,5.122494432071267,0.1590836780146265,32.20000000000184,2026-09-01,4.899777282850781,7.031498568246897,0.1590836780146265,44.20000000000254,2026-09-08,,,,,
,2503,2503.T,2503_20260818_01,7.0,False,True,3084.0,-0.745784695201035,1.1348897535667923,-2.075226977950717,0.5468749999999971,2026-09-01,-7.70103761348897,1.1348897535667923,-7.8793774319066205,0.1440329218106989,2026-09-08,,,,,
,8601,8601.T,8601_20260818_01,7.0,True,False,1827.5,1.559507523939807,2.5444596443228384,-0.5198358413132653,4.894736842105289,2026-09-03,0.5198358413132764,3.857729138166888,-2.0519835841313228,1.8800000000000003,2026-09-10,,,,,
,8604,8604.T,8604_20260818_01,7.0,True,True,1620.0,0.7407407407407307,2.746913580246924,-1.4197530864197505,1.9347826086956628,2026-09-03,2.839506172839501,3.827160493827164,-1.4197530864197505,2.695652173913051,2026-09-10,,,,,
,8750,8750.T,8750_20260827_02,7.0,True,False,1817.0,3.6598789212988425,4.155200880572374,-0.3577325261419961,11.615384615384496,2026-09-03,0.8805723720418213,5.503577325261411,-1.871216290588884,2.9411764705882284,2026-09-10,,,,,
,2914,2914.T,2914_20260821_01,7.0,False,True,7014.0,-0.9409751924721932,1.3544339891645274,-1.6110635871114942,0.840707964601768,2026-09-03,-5.702879954376961,1.3544339891645274,-6.102081551183347,0.2219626168224298,2026-09-10,,,,,
,8411,8411.T,8411_20260818_01,7.0,False,True,8326.0,4.864280566898871,6.822003362959395,-0.4323804948354603,15.777777777777567,2026-09-03,3.362959404275756,6.822003362959395,-0.4323804948354603,15.777777777777567,2026-09-10,,,,,
,8309,8309.T,8309_20260818_01,7.0,True,False,1756.5,1.7364076288072905,3.757472245943627,-0.5693139766581257,6.599999999999996,2026-09-03,0.0569313976658047,3.757472245943627,-1.8218047253060088,2.062499999999991,2026-09-10,,,,,
,8725,8725.T,8725_20260818_01,7.0,True,False,5042.0,3.3518445061483604,4.204680682268935,-0.4165013883379642,10.095238095238006,2026-09-03,-1.547005156683856,5.414518048393502,-2.518841729472432,2.149606299212601,2026-09-10,,,,,
,8308,8308.T,8308_20260827_01,7.0,False,True,2430.0,4.938271604938271,7.037037037037042,0.5144032921810648,13.680000000000144,2026-09-03,2.4074074074074137,7.037037037037042,-1.0082304526748964,6.979591836734703,2026-09-10,,,,,
,9503,9503.T,9503_20260820_01,7.0,False,True,2590.5,16.811426365566497,17.853696197645252,-1.042269832078746,17.129629629629694,2026-09-03,14.147847905809696,17.853696197645252,-1.042269832078746,17.129629629629694,2026-09-10,,,,,
,9432,9432.T,9432_20260827_01,7.0,False,True,167.6,3.341286961958345,5.011933174224348,-0.1789957925072638,28.000284833627912,2026-09-03,4.534604384392726,5.011933174224348,-0.1789957925072638,28.000284833627912,2026-09-10,,,,,
,8354,8354.T,8354_20260821_01,7.0,False,True,7733.0,2.5863183757920627,3.724298461140574,-0.4138109401267242,9.000000000000135,2026-09-03,0.4526057157636209,3.737230053019536,-1.9785335574809213,1.8888888888888973,2026-09-10,,,,,
,9766,9766.T,9766_20260824_01,7.0,False,True,22185.0,-3.0876718503493383,1.1043497858913789,-3.944106378183454,0.2800000000000029,2026-09-04,-6.558485463150776,1.1043497858913789,-8.90241153932837,0.1240506329113936,2026-09-11,,,,,
,6178,6178.T,6178_20260828_01,7.0,False,True,2425.5,3.586889301175012,7.318078746650181,-0.8864151721294622,8.255813953488337,2026-09-04,1.7934446505875057,7.318078746650181,-1.7934446505875057,4.08045977011495,2026-09-11,,,,,
,8015,8015.T,8015_20260828_01,7.0,False,True,7583.0,0.0659369642621587,2.5187920348147097,-3.2045364631412387,0.7860082304526721,2026-09-04,-0.3956217855729971,2.8352894632731163,-4.219965712778584,0.6718750000000012,2026-09-11,,,,,
,8354,8354.T,8354_20260821_01,7.0,False,True,7861.0,0.8141457829792698,2.048085485307216,-1.717338760971887,1.1925925925925942,2026-09-04,-0.4325149472077294,2.048085485307216,-3.574608828393333,0.5729537366548054,2026-09-11,,,,,
,8309,8309.T,8309_20260818_01,7.0,True,False,1787.0,0.7834359261331914,1.9865696698377235,-2.266368214885284,0.8765432098765457,2026-09-04,-1.1191941801902638,1.9865696698377235,-3.973139339675436,0.5000000000000014,2026-09-11,,,,,
,8604,8604.T,8604_20260818_01,7.0,True,False,1642.5,1.6133942161339343,2.191780821917799,-2.7701674277016752,0.7912087912087877,2026-09-04,1.3394216133942205,2.404870624048705,-2.7701674277016752,0.8681318681318674,2026-09-11,,,,,
,8411,8411.T,8411_20260818_01,7.0,True,True,8449.0,3.846609066161677,5.266895490590606,-1.4676293052432232,3.5887096774193594,2026-09-04,2.426322641732748,5.266895490590606,-1.4676293052432232,3.5887096774193594,2026-09-11,,,,,
,8316,8316.T,8316_20260827_02,7.0,False,True,6881.0,2.935619822700186,4.359831419851767,-1.5259409969481164,2.857142857142861,2026-09-04,0.4359831419851856,4.359831419851767,-1.860194739136756,2.343749999999998,2026-09-11,,,,,
,8308,8308.T,8308_20260827_01,7.0,False,True,2520.0,1.1904761904761862,3.214285714285725,-1.6666666666666718,1.928571428571429,2026-09-04,0.079365079365079,3.214285714285725,-4.543650793650789,0.7074235807860293,2026-09-11,,,,,
,8331,8331.T,8331_20260818_01,7.0,False,True,2822.0,1.381998582565558,1.7186392629340963,-1.8426647767540767,0.9326923076923104,2026-09-04,-3.2955350815024764,2.072997873848337,-6.413890857547844,0.3232044198895028,2026-09-11,,,,,
,8601,8601.T,8601_20260818_01,7.0,True,False,1869.5,-0.1337255950788929,1.5244717838994282,-2.754747258625301,0.5533980582524235,2026-09-04,-1.4709815458678777,1.5244717838994282,-4.2792190425247405,0.3562499999999975,2026-09-11,,,,,
,8725,8725.T,8725_20260818_01,7.0,True,False,5115.0,2.4437927663734094,3.910068426197455,-1.0752688172043,3.636363636363636,2026-09-04,-0.4692082111436901,3.910068426197455,-3.910068426197455,1.0,2026-09-11,,,,,
,8354,8354.T,8354_20260821_01,7.0,False,True,7815.0,0.6525911708253451,2.648752399232235,-0.754958413307738,3.508474576271188,2026-09-07,0.2815099168266055,2.648752399232235,-3.00703774792066,0.8808510638297852,2026-09-14,,,,,
,8725,8725.T,8725_20260818_01,7.0,True,True,5071.0,1.5381581542102118,4.811674225990936,0.1971997633602784,24.40000000000072,2026-09-07,2.681916781699867,4.811674225990936,-3.076316308420435,1.564102564102564,2026-09-14,,,,,
,8308,8308.T,8308_20260827_01,7.0,False,True,2516.0,1.0532591414944337,3.378378378378377,-1.5103338632750374,2.2368421052631606,2026-09-07,1.1724960254372083,3.378378378378377,-4.3918918918918965,0.7692307692307682,2026-09-14,,,,,
,8601,8601.T,8601_20260818_01,7.0,True,False,1844.0,1.2201735357917576,2.9284164859002093,-1.4099783080260275,2.076923076923076,2026-09-07,1.572668112798259,2.9284164859002093,-2.955531453362259,0.9908256880733908,2026-09-14,,,,,
,8604,8604.T,8604_20260818_01,7.0,True,False,1630.0,1.595092024539868,2.9754601226993804,-2.024539877300613,1.469696969696967,2026-09-07,2.7607361963190247,3.5582822085889587,-2.024539877300613,1.757575757575759,2026-09-14,,,,,
,9101,9101.T,9101_20260827_01,7.0,True,False,6941.0,6.901022907362053,7.549344474859532,0.7491715891081885,10.076923076923205,2026-09-07,5.705229793977806,7.549344474859532,0.7491715891081885,10.076923076923205,2026-09-14,,,,,
,8316,8316.T,8316_20260827_02,7.0,False,True,6872.0,1.5133876600698537,4.49650756693829,-0.1018626309662429,44.142857142855696,2026-09-07,2.299185098952261,4.49650756693829,-1.7316647264260745,2.5966386554621828,2026-09-14,,,,,
,7269,7269.T,7269_20260818_01,7.0,False,True,2202.0,-6.675749318801094,3.905540417802,-7.288828337874664,0.5358255451713395,2026-09-07,-7.129881925522252,3.905540417802,-11.398728428701176,0.3426294820717134,2026-09-14,,,,,
,8309,8309.T,8309_20260818_01,7.0,True,False,1767.5,0.8203677510608243,3.111739745403108,-1.1881188118811892,2.6190476190476137,2026-09-07,1.7538896746817525,3.111739745403108,-2.91371994342291,1.067961165048544,2026-09-14,,,,,
,8725,8725.T,8725_20260818_01,7.0,True,False,5183.0,-2.0258537526529063,2.5467875747636537,-2.2187922052865128,1.1478260869565236,2026-09-08,-0.4823461315840216,2.5467875747636537,-5.170750530580747,0.4925373134328362,2026-09-15,,,,,
,6178,6178.T,6178_20260828_01,7.0,False,True,2512.0,-2.6671974522292974,3.6226114649681618,-2.7468152866242046,1.318840579710148,2026-09-08,-1.2539808917197417,3.6226114649681618,-5.175159235668792,0.7000000000000014,2026-09-15,,,,,
,8316,8316.T,8316_20260827_02,7.0,False,True,6971.0,-0.6168411992540479,3.0124802754267765,-2.209152201979625,1.3636363636363704,2026-09-08,-1.8505235977621548,3.0124802754267765,-3.1272414287763617,0.96330275229358,2026-09-15,,,,,
,8308,8308.T,8308_20260827_01,7.0,False,True,2517.5,-1.0526315789473717,3.3167825223435976,-1.6087388282025827,2.061728395061729,2026-09-08,-2.164846077457794,3.3167825223435976,-4.448857994041711,0.7455357142857145,2026-09-15,,,,,
,8601,8601.T,8601_20260818_01,7.0,True,False,1855.0,-1.1051212938005373,2.3180592991913773,-1.99460916442048,1.1621621621621665,2026-09-08,-0.9973045822102456,2.3180592991913773,-3.5309973045822063,0.6564885496183221,2026-09-15,,,,,
,8306,8306.T,8306_20260818_01,7.0,False,True,3686.0,-0.8138903960933308,2.9571351058057527,-1.6006511123168754,1.847457627118644,2026-09-08,-0.4883342376559962,2.9571351058057527,-3.011394465545303,0.9819819819819836,2026-09-15,,,,,
,8604,8604.T,8604_20260818_01,7.0,True,False,1637.0,0.7025045815516107,2.748930971288943,-2.443494196701279,1.1250000000000018,2026-09-08,0.4581551618815016,3.11545510079414,-2.443494196701279,1.2750000000000037,2026-09-15,,,,,
,8015,8015.T,8015_20260828_01,7.0,False,True,7620.0,-1.8110236220472475,2.33595800524935,-2.650918635170607,0.8811881188118824,2026-09-08,-3.818897637795271,2.33595800524935,-4.776902887139112,0.4890109890109898,2026-09-15,,,,,
,8411,8411.T,8411_20260818_01,7.0,True,True,8621.0,-0.2551908131307234,3.166685999304031,-1.3339519777287978,2.373913043478272,2026-09-08,-0.2667903955457573,3.166685999304031,-2.540308548892245,1.246575342465753,2026-09-15,,,,,
,4021,4021.T,4021_20260831_02,7.0,False,True,8325.0,-6.04204204204204,-1.5135135135135092,-6.21021021021021,-0.2437137330754345,2026-09-08,-4.336336336336332,-1.5135135135135092,-7.459459459459461,-0.202898550724637,2026-09-15,,,,,
,8309,8309.T,8309_20260818_01,7.0,True,False,1796.5,-2.2265516281658737,1.0019482326746545,-2.783189535207342,0.360000000000004,2026-09-08,-1.3080990815474536,1.0019482326746545,-4.480935151683829,0.2236024844720517,2026-09-15,,,,,
,7203,7203.T,7203_20260901_01,7.0,False,True,3230.0,-8.095975232198139,-1.2383900928792602,-8.095975232198139,-0.1529636711281075,2026-09-08,-6.470588235294117,-1.2383900928792602,-8.993808049535602,-0.1376936316695356,2026-09-15,,,,,
,8331,8331.T,8331_20260818_01,7.0,False,True,2842.0,-3.184377199155519,1.3546798029556717,-3.184377199155519,0.4254143646408868,2026-09-08,-4.363124560168896,1.3546798029556717,-7.072484166080228,0.1915422885572148,2026-09-15,,,,,
,8354,8354.T,8354_20260821_01,7.0,False,True,7941.0,-2.6570960836166724,1.0200226671703838,-2.6570960836166724,0.3838862559241715,2026-09-08,-2.5941317214456583,1.0200226671703838,-4.546026948747006,0.2243767313019397,2026-09-15,,,,,
,4578,4578.T,4578_20260818_01,7.0,False,True,12335.0,-5.350628293473858,0.4053506282934771,-5.7559789217673245,0.0704225352112682,2026-09-09,-11.593027969193349,0.4053506282934771,-12.890149979732469,0.0314465408805034,2026-09-16,,,,,
,7269,7269.T,7269_20260818_01,7.0,True,False,2215.5,-10.200857594222525,-2.482509591514326,-11.938614308282558,-0.2079395085066157,2026-09-09,-8.530805687203792,-2.482509591514326,-11.938614308282558,-0.2079395085066157,2026-09-16,,,,,
,8604,8604.T,8604_20260818_01,7.0,True,False,1623.5,-0.4619648906683093,3.6033261472128153,-0.6159531875577495,5.849999999999969,2026-09-09,0.6775485063135189,3.972898059747454,-0.6159531875577495,6.44999999999995,2026-09-16,,,,,
,7203,7203.T,7203_20260901_01,7.0,False,True,3183.0,-6.660383286207983,-0.0314169022934351,-7.650015708451152,-0.0041067761806983,2026-09-09,-5.246622683003455,-0.0314169022934351,-7.650015708451152,-0.0041067761806983,2026-09-16,,,,,
,8316,8316.T,8316_20260827_02,7.0,False,True,6990.0,-2.7038626609442007,2.7324749642346102,-2.7038626609442007,1.0105820105820087,2026-09-09,-2.1173104434907053,2.7324749642346102,-3.3905579399141628,0.8059071729957775,2026-09-16,,,,,
,2914,2914.T,2914_20260821_01,7.0,False,True,7055.0,-6.307583274273565,-0.5953224663359347,-6.3784549964564174,-0.0933333333333337,2026-09-09,-3.99716513111269,-0.5953224663359347,-7.866761162296243,-0.075675675675676,2026-09-16,,,,,
,6178,6178.T,6178_20260828_01,7.0,False,True,2551.0,-5.919247353978829,2.0384163073304595,-5.919247353978829,0.3443708609271526,2026-09-09,-1.7444139553116411,2.0384163073304595,-6.624852998823993,0.3076923076923077,2026-09-16,,,,,
,8309,8309.T,8309_20260818_01,7.0,True,False,1787.5,-3.2167832167832144,1.51048951048951,-3.244755244755249,0.4655172413793096,2026-09-09,-0.6433566433566407,1.51048951048951,-4.000000000000004,0.3776223776223771,2026-09-16,,,,,
,8601,8601.T,8601_20260818_01,7.0,True,False,1842.0,-2.442996742671011,3.040173724212813,-2.8230184581976125,1.0769230769230769,2026-09-09,-0.5971769815418027,3.040173724212813,-2.8501628664495127,1.0666666666666669,2026-09-16,,,,,
,8591,8591.T,8591_20260901_02,7.0,False,True,6386.0,-5.715627936110246,3.0848731600375823,-5.919198246163482,0.5211640211640212,2026-09-09,-3.3823989978077007,3.0848731600375823,-6.843094268712813,0.4508009153318075,2026-09-16,,,,,
,8725,8725.T,8725_20260818_01,7.0,True,False,5180.0,-4.498069498069501,2.6061776061776065,-4.826254826254828,0.5399999999999999,2026-09-09,-0.4826254826254872,2.6061776061776065,-5.115830115830111,0.5094339622641515,2026-09-16,,,,,
,8725,8725.T,8725_20260818_01,7.0,True,True,5211.0,-4.739973133755515,1.9957781615812744,-5.680291690654382,0.3513513513513522,2026-09-10,1.2089810017271052,1.9957781615812744,-5.680291690654382,0.3513513513513522,2026-09-17,,,,,
,8750,8750.T,8750_20260827_02,7.0,True,False,1883.5,-2.6811786567560447,1.7786036633926194,-5.335810990177858,0.3333333333333333,2026-09-10,2.9731882134324428,3.052827183435092,-5.335810990177858,0.5721393034825868,2026-09-17,,,,,
,8601,8601.T,8601_20260818_01,7.0,True,True,1856.0,-1.0237068965517238,2.2629310344827624,-3.5560344827586188,0.6363636363636378,2026-09-10,-0.2424568965517237,2.2629310344827624,-3.5829741379310387,0.6315789473684214,2026-09-17,,,,,
,8306,8306.T,8306_20260818_01,7.0,False,True,3754.0,-2.4507192328183325,1.0921683537559843,-4.635055940330313,0.2356321839080441,2026-09-10,-1.8646776771443767,1.0921683537559843,-4.768247202983488,0.2290502793296068,2026-09-17,,,,,
,8015,8015.T,8015_20260828_01,7.0,False,True,7673.0,-3.166949042095657,1.6290890134236902,-5.069725009774539,0.3213367609254489,2026-09-10,-1.954906816108437,1.6290890134236902,-5.434640948781444,0.299760191846522,2026-09-17,,,,,
,6178,6178.T,6178_20260828_01,7.0,False,True,2552.0,-4.682601880877746,1.998432601880884,-6.328369905956111,0.3157894736842116,2026-09-10,-0.5289968652037569,1.998432601880884,-6.661442006269591,0.300000000000001,2026-09-17,,,,,
,8308,8308.T,8308_20260827_01,7.0,False,True,2550.0,-2.4117647058823577,1.8235294117647127,-5.666666666666664,0.3217993079584788,2026-09-10,-2.686274509803921,1.8235294117647127,-5.666666666666664,0.3217993079584788,2026-09-17,,,,,
,8354,8354.T,8354_20260821_01,7.0,False,True,7933.0,-2.0799193243413616,1.121895877978063,-4.449766796924237,0.2521246458923507,2026-09-10,-1.374007311231562,1.121895877978063,-4.449766796924237,0.2521246458923507,2026-09-17,,,,,
,8411,8411.T,8411_20260818_01,7.0,False,True,8731.0,-1.431680219906084,1.408773336387581,-3.7681823387928026,0.3738601823708202,2026-09-10,0.0801740923147331,1.408773336387581,-3.7681823387928026,0.3738601823708202,2026-09-17,,,,,
,8316,8316.T,8316_20260827_02,7.0,False,True,7089.0,-2.6519960502186524,1.2977853011708174,-4.499929468190156,0.2884012539184928,2026-09-10,-2.031316123571736,1.2977853011708174,-4.739737621667373,0.2738095238095215,2026-09-17,,,,,
,8604,8604.T,8604_20260818_01,7.0,True,True,1632.0,2.083333333333326,3.0637254901960675,-1.1335784313725503,2.7027027027026893,2026-09-10,-0.8884803921568651,3.431372549019618,-1.5318627450980338,2.2400000000000144,2026-09-17,,,,,
,8309,8309.T,8309_20260818_01,7.0,True,False,1787.0,-1.6508114157806395,1.5388919977616045,-3.497481813094572,0.4399999999999979,2026-09-10,0.2797985450475604,1.5388919977616045,-3.973139339675436,0.3873239436619698,2026-09-17,,,,,
,8309,8309.T,8309_20260818_01,7.0,True,False,1801.0,-1.887840088839532,0.3886729594669624,-4.71960022209883,0.0823529411764705,2026-09-11,,,,,,,,,,
,8316,8316.T,8316_20260827_02,7.0,False,True,7083.0,-2.428349569391497,0.1553014259494611,-4.659042778483691,0.0333333333333343,2026-09-11,,,,,,,,,,
,8601,8601.T,8601_20260818_01,7.0,True,False,1867.0,-1.339046598821636,0.5356186395286455,-4.151044456347086,0.1290322580645135,2026-09-11,,,,,,,,,,
,8725,8725.T,8725_20260818_01,7.0,True,True,5240.0,-2.843511450381675,0.1717557251908363,-6.202290076335881,0.0276923076923071,2026-09-11,,,,,,,,,,
,8306,8306.T,8306_20260818_01,7.0,False,True,3785.0,-3.2760898282694795,0.264200792602387,-5.548216644649939,0.0476190476190492,2026-09-11,,,,,,,,,,
,8411,8411.T,8411_20260818_01,7.0,False,True,8774.0,-1.3676772281741467,0.9117848187827572,-4.239799407339873,0.2150537634408575,2026-09-11,,,,,,,,,,
,8750,8750.T,8750_20260827_02,7.0,True,False,1877.5,0.2929427430093279,0.9320905459387464,-5.033288948069236,0.1851851851851849,2026-09-11,,,,,,,,,,
,6178,6178.T,6178_20260828_01,7.0,False,True,2512.5,-1.7313432835820874,0.776119402985076,-5.194029850746274,0.1494252873563219,2026-09-11,,,,,,,,,,
,8053,8053.T,8053_20260904_01,7.0,False,True,1820.0,0.1098901098901095,3.901098901098909,-2.857142857142858,1.365384615384618,2026-09-11,,,,,,,,,,
,8604,8604.T,8604_20260818_01,7.0,True,True,1669.0,-0.2696225284601561,0.7789095266626633,-3.325344517675255,0.2342342342342315,2026-09-11,,,,,,,,,,
,8354,8354.T,8354_20260821_01,7.0,False,True,7925.0,-1.236593059936908,0.7444794952681466,-4.353312302839118,0.1710144927536249,2026-09-11,,,,,,,,,,
,6857,6857.T,6857_20260903_02,7.0,False,True,34520.0,-12.63035921205099,-0.8980301274623459,-13.644264194669752,-0.0658174097664547,2026-09-15,,,,,,,,,,
,4689,4689.T,4689_20260903_02,7.0,True,False,526.6,7.273077176996301,8.146600835548789,-3.000382112994926,2.715187775672013,2026-09-15,,,,,,,,,,
,8411,8411.T,8411_20260818_01,7.0,True,False,8655.0,-0.6585788561525141,1.9179664933564489,-2.9231658001155347,0.6561264822134425,2026-09-15,,,,,,,,,,
,8601,8601.T,8601_20260818_01,7.0,True,False,1857.5,-1.1305518169582809,0.9421265141319024,-3.660834454912521,0.2573529411764716,2026-09-15,,,,,,,,,,
,8604,8604.T,8604_20260818_01,7.0,True,False,1662.5,-1.0827067669172965,1.533834586466165,-2.947368421052632,0.5204081632653059,2026-09-15,,,,,,,,,,
,8309,8309.T,8309_20260818_01,7.0,True,False,1771.5,0.0846740050804317,1.8346034434095329,-3.1329381879762863,0.5855855855855842,2026-09-15,,,,,,,,,,
,8601,8601.T,8601_20260818_01,7.0,True,False,1818.0,0.7150715071507108,3.135313531353145,-1.5676567656765727,2.0,2026-09-16,,,,,,,,,,
,8411,8411.T,8411_20260818_01,7.0,True,False,8617.0,-0.5918533132180603,2.367413252872219,-2.495067889056513,0.9488372093023228,2026-09-16,,,,,,,,,,
,8015,8015.T,8015_20260828_01,7.0,True,False,7466.0,-1.0715242432359997,2.437717653361915,-2.812751138494507,0.8666666666666698,2026-09-16,,,,,,,,,,
,8309,8309.T,8309_20260818_01,7.0,True,False,1747.5,1.6309012875536544,3.4620886981401977,-1.8025751072961336,1.920634920634923,2026-09-16,,,,,,,,,,
,8053,8053.T,8053_20260904_01,7.0,False,True,1861.5,-4.055868922911632,-1.2892828364222453,-5.31829170024174,-0.2424242424242434,2026-09-16,,,,,,,,,,
,5713,5713.T,5713_20260904_01,7.0,False,True,10160.0,-4.527559055118113,1.5748031496062964,-8.366141732283461,0.1882352941176468,2026-09-16,,,,,,,,,,
,8604,8604.T,8604_20260818_01,7.0,True,True,1629.0,0.3376304481276904,3.621853898096994,-0.920810313075504,3.9333333333333456,2026-09-16,,,,,,,,,,
,9101,9101.T,9101_20260904_02,7.0,True,False,7217.0,4.82194817791326,5.2930580573645525,-1.8290148261050243,2.8939393939394007,2026-09-17,,,,,,,,,,
,4689,4689.T,4689_20260903_02,7.0,True,False,515.1,8.309070940412045,10.832852730355746,0.8153732853753981,13.2857587127941,2026-09-17,,,,,,,,,,
,8309,8309.T,8309_20260818_01,7.0,True,False,1734.0,3.287197231833905,4.267589388696647,-1.038062283737029,4.111111111111084,2026-09-17,,,,,,,,,,
,8604,8604.T,8604_20260818_01,7.0,True,False,1638.0,-1.251526251526247,3.0525030525030417,-1.892551892551897,1.6129032258064422,2026-09-17,,,,,,,,,,
,8601,8601.T,8601_20260818_01,7.0,True,False,1810.5,2.2645677989505675,3.562551781275891,-1.1599005799502904,3.0714285714285707,2026-09-17,,,,,,,,,,
,8601,8601.T,8601_20260818_01,7.0,True,False,1837.0,,,,,,,,,,,,,,,
,9101,9101.T,9101_20260904_02,7.0,True,False,7198.0,,,,,,,,,,,,,,,
,4689,4689.T,4689_20260903_02,7.0,True,False,522.1,,,,,,,,,,,,,,,
,8309,8309.T,8309_20260818_01,7.0,True,False,1757.5,,,,,,,,,,,,,,,
,8604,8604.T,8604_20260818_01,7.0,True,False,1666.0,,,,,,,,,,,,,,,
,7832,7832.T,7832_20260903_01,7.0,False,True,5514.0,,,,,,,,,,,,,,,
,8601,8601.T,8601_20260818_01,7.0,True,False,1839.0,,,,,,,,,,,,,,,
,9101,9101.T,9101_20260904_02,7.0,True,False,7309.0,,,,,,,,,,,,,,,
,8725,8725.T,8725_20260818_01,7.0,True,False,5153.0,,,,,,,,,,,,,,,
,8750,8750.T,8750_20260911_03,7.0,False,True,1888.0,,,,,,,,,,,,,,,
,8604,8604.T,8604_20260818_01,7.0,True,False,1658.5,,,,,,,,,,,,,,,
,8309,8309.T,8309_20260818_01,7.0,True,False,1760.5,,,,,,,,,,,,,,,
,9432,9432.T,9432_20260903_02,7.0,False,True,176.7,,,,,,,,,,,,,,,
,7832,7832.T,7832_20260903_01,7.0,False,True,5565.0,,,,,,,,,,,,,,,
,8604,8604.T,8604_20260818_01,7.0,True,False,1653.5,,,,,,,,,,,,,,,
,8750,8750.T,8750_20260911_03,7.0,False,True,1890.0,,,,,,,,,,,,,,,
,9101,9101.T,9101_20260904_02,7.0,True,False,7338.0,,,,,,,,,,,,,,,
,8725,8725.T,8725_20260818_01,7.0,True,True,5137.0,,,,,,,,,,,,,,,
,6701,6701.T,6701_20260914_01,7.0,False,True,4825.0,,,,,,,,,,,,,,,
,8601,8601.T,8601_20260818_01,7.0,True,False,1848.5,,,,,,,,,,,,,,,
,8309,8309.T,8309_20260818_01,7.0,True,False,1782.0,,,,,,,,,,,,,,,
,8750,8750.T,8750_20260911_03,7.0,False,True,1912.0,,,,,,,,,,,,,,,
,4689,4689.T,4689_20260903_02,7.0,False,True,566.0,,,,,,,,,,,,,,,
,8601,8601.T,8601_20260818_01,7.0,True,False,1826.0,,,,,,,,,,,,,,,
,9101,9101.T,9101_20260904_02,7.0,True,False,7388.0,,,,,,,,,,,,,,,
,8725,8725.T,8725_20260818_01,7.0,True,False,5186.0,,,,,,,,,,,,,,,
,7832,7832.T,7832_20260903_01,7.0,False,True,5483.0,,,,,,,,,,,,,,,
,9104,9104.T,9104_20260904_02,7.0,False,True,7145.0,,,,,,,,,,,,,,,
,6701,6701.T,6701_20260914_01,7.0,False,True,4786.0,,,,,,,,,,,,,,,
,8604,8604.T,8604_20260818_01,7.0,True,False,1646.0,,,,,,,,,,,,,,,
,8309,8309.T,8309_20260818_01,7.0,True,False,1795.0,,,,,,,,,,,,,,,
,8309,8309.T,8309_20260818_01,7.0,True,False,1793.0,,,,,,,,,,,,,,,
,8604,8604.T,8604_20260818_01,7.0,True,False,1620.5,,,,,,,,,,,,,,,
,8601,8601.T,8601_20260818_01,7.0,True,False,1853.0,,,,,,,,,,,,,,,
,8628,8628.T,8628_20260917_01,7.0,True,False,1187.0,,,,,,,,,,,,,,,
,8725,8725.T,8725_20260818_01,7.0,True,False,5271.0,,,,,,,,,,,,,,,
,8331,8331.T,8331_20260818_01,7.0,False,True,2777.0,,,,,,,,,,,,,,,
,8750,8750.T,8750_20260911_03,7.0,False,True,1940.0,,,,,,,,,,,,,,,
,6701,6701.T,6701_20260914_01,7.0,False,True,4906.0,,,,,,,,,,,,,,,
,4631,4631.T,4631_20260818_01,7.0,True,False,5495.0,-7.279344858962689,-1.273885350318471,-8.043676069153772,-0.1583710407239819,2026-08-25,-3.639672429481344,-1.273885350318471,-11.22838944494996,-0.1134521880064829,2026-09-01,-15.614194722474972,-1.273885350318471,-18.016378525932662,-0.0707070707070707,2026-09-15
,8725,8725.T,8725_20260818_01,7.0,True,False,4860.0,4.609053497942384,4.97942386831276,-2.1604938271604923,2.304761904761908,2026-08-26,5.65843621399178,7.489711934156373,-2.1604938271604923,3.466666666666667,2026-09-02,6.069958847736623,9.362139917695478,-2.1604938271604923,4.333333333333338,2026-09-16
,2503,2503.T,2503_20260818_01,7.0,True,False,2998.5,2.6846756711689235,4.018676004669008,0.1834250458562669,21.90909090909029,2026-08-26,-0.8004002001000488,4.018676004669008,-0.9504752376188086,4.228070175438607,2026-09-02,-5.252626313156583,4.018676004669008,-8.137402034350504,0.4938524590163946,2026-09-16
,5019,5019.T,5019_20260818_01,7.0,False,True,1337.0,1.533283470456248,4.487658937920713,-0.4487658937920691,10.00000000000005,2026-08-26,9.349289454001486,12.266267763649964,-0.4487658937920691,27.3333333333335,2026-09-02,24.906507105459987,27.78608825729245,-0.4487658937920691,61.916666666667055,2026-09-16
,8331,8331.T,8331_20260818_01,7.0,True,False,2723.5,3.6166697264549352,4.681476041857913,-1.230034881586195,3.805970149253736,2026-08-26,2.808885625114743,5.195520469983483,-1.230034881586195,4.223880597014928,2026-09-02,0.2203047549109493,5.764641086836786,-3.029190380025704,1.9030303030303004,2026-09-16
,8309,8309.T,8309_20260818_01,7.0,True,False,1688.5,3.6718981344388446,4.441812259401834,-0.7699141249629893,5.769230769230734,2026-08-26,5.1228901391767945,7.936037903464621,-0.7699141249629893,10.30769230769226,2026-09-02,5.1821143026354655,7.936037903464621,-0.7699141249629893,10.30769230769226,2026-09-16
,8604,8604.T,8604_20260818_01,7.0,True,False,1509.5,6.227227558794302,6.989069228221267,-0.8280887711162643,8.439999999999996,2026-08-26,6.558463067240816,9.4402119907254,-0.8280887711162643,11.399999999999984,2026-09-02,8.280887711162643,11.825107651540234,-0.8280887711162643,14.279999999999974,2026-09-16
,4503,4503.T,4503_20260820_01,7.0,False,True,2418.0,-1.1166253101737025,1.530190239867668,-1.8610421836228297,0.8222222222222266,2026-08-27,-0.041356492969391,1.530190239867668,-3.61869313482217,0.4228571428571449,2026-09-03,-2.1918941273780024,1.530190239867668,-9.7394540942928,0.1571125265392791,2026-09-17
,8604,8604.T,8604_20260818_01,7.0,True,False,1521.0,5.950032873109801,6.804733727810652,-1.4792899408283988,4.600000000000012,2026-08-27,7.297830374753443,9.434582511505596,-1.4792899408283988,6.377777777777798,2026-09-03,4.569362261669951,10.97961867192636,-1.4792899408283988,7.422222222222238,2026-09-17
,9503,9503.T,9503_20260820_01,7.0,False,True,2557.5,1.8572825024437911,3.186705767350939,-1.2903225806451646,2.4696969696969715,2026-08-27,18.318670576735087,19.37438905180841,-1.2903225806451646,15.015151515151484,2026-09-03,16.500488758553278,19.37438905180841,-1.2903225806451646,15.015151515151484,2026-09-17
,4021,4021.T,4021_20260818_01,7.0,False,True,8162.0,-1.3354569958343498,1.1761823082577785,-4.165645675079633,0.2823529411764705,2026-08-27,-2.058319039451117,2.54839500122519,-4.165645675079633,0.6117647058823537,2026-09-03,0.4288164665523064,2.54839500122519,-5.611369762313156,0.4541484716157207,2026-09-17
,7269,7269.T,7269_20260818_01,7.0,True,True,2087.0,2.2520364159080097,4.120747484427412,-0.7906085289889786,5.212121212121223,2026-08-27,1.030186871106853,9.631049353138476,-0.7906085289889786,12.181818181818194,2026-09-03,-1.916626736942984,9.631049353138476,-6.516530905606133,1.4779411764705883,2026-09-17
,5101,5101.T,5101_20260818_01,7.0,True,False,7562.0,-1.5075376884422065,2.618354932557532,-2.36709865115049,1.1061452513966508,2026-08-27,-7.061623909018778,2.618354932557532,-9.151018249140442,0.2861271676300585,2026-09-03,-9.045226130653262,2.618354932557532,-13.27691087014018,0.1972111553784865,2026-09-17
,5019,5019.T,5019_20260818_01,7.0,False,True,1349.5,1.519081141163392,3.519822156354202,-0.7039644312708426,4.999999999999984,2026-08-27,10.37421267135976,11.633938495739171,-0.7039644312708426,16.52631578947366,2026-09-03,23.97184142274917,26.60244535012968,-0.7039644312708426,37.78947368421044,2026-09-17
,8309,8309.T,8309_20260818_01,7.0,True,False,1690.5,4.170363797693,4.939367051168286,-0.3549245785270605,13.916666666666744,2026-08-27,5.708370304643595,7.808340727595375,-0.3549245785270605,22.000000000000124,2026-09-03,5.856255545696532,7.808340727595375,-0.3549245785270605,22.000000000000124,2026-09-17
,8601,8601.T,8601_20260818_01,7.0,True,False,1757.0,3.7564029595902095,4.524758110415483,-0.8252703471826939,5.482758620689684,2026-08-27,5.634604439385327,6.659077973819016,-0.8252703471826939,8.068965517241425,2026-09-03,4.154809334092202,8.025042686397278,-0.8252703471826939,9.72413793103454,2026-09-17
,7269,7269.T,7269_20260818_01,7.0,False,True,2103.5,3.161397670549082,3.304017114333257,-1.02210601378655,3.232558139534875,2026-08-28,-1.735203232707394,8.771095792726413,-2.1868314713572645,4.010869565217388,2026-09-04,-3.2089374851438035,8.771095792726413,-7.249821725695272,1.2098360655737708,2026-09-18
,8601,8601.T,8601_20260818_01,7.0,True,False,1779.0,4.721753794266448,5.340078695896566,-0.6464305789769531,8.260869565217387,2026-08-28,4.946599213041036,6.68915120854412,-0.6464305789769531,10.347826086956516,2026-09-04,3.822372119168072,6.68915120854412,-0.6464305789769531,10.347826086956516,2026-09-18
,8309,8309.T,8309_20260818_01,7.0,True,False,1715.5,4.313611192072275,4.809093558729227,-1.0492567764500138,4.58333333333333,2026-08-28,4.983969688137568,6.237248615563984,-1.0492567764500138,5.944444444444457,2026-09-04,3.6141066744389327,6.237248615563984,-1.0492567764500138,5.944444444444457,2026-09-18
,8725,8725.T,8725_20260818_01,7.0,True,True,4945.0,3.4175935288169867,3.842264914054594,-1.7391304347826098,2.20930232558139,2026-08-28,5.965621840242674,7.482305358948427,-1.7391304347826098,4.302325581395343,2026-09-04,6.390293225480281,7.704752275025273,-1.7391304347826098,4.430232558139529,2026-09-18
,8604,8604.T,8604_20260818_01,7.0,True,False,1535.0,6.970684039087938,7.622149837133539,-1.140065146579805,6.685714285714274,2026-08-28,8.729641693811075,9.348534201954406,-1.140065146579805,8.200000000000005,2026-09-04,3.2899022801302857,9.967426710097715,-1.140065146579805,8.742857142857135,2026-09-18
,8331,8331.T,8331_20260818_01,7.0,True,False,2753.5,2.215362266206644,3.5409478845106257,-1.2529507899037615,2.826086956521735,2026-08-28,3.904122026511714,4.249137461412755,-1.2529507899037615,3.3913043478260856,2026-09-04,-0.49028509170147,4.612311603413843,-4.085709097512257,1.1288888888888904,2026-09-18
,9503,9503.T,9503_20260820_01,7.0,False,True,2582.0,8.849728892331532,9.004647560030987,-0.7164988381099913,12.56756756756759,2026-08-31,14.852827265685509,18.24167312161116,-0.7164988381099913,25.4594594594595,2026-09-07,,,,,
,8604,8604.T,8604_20260818_01,7.0,True,False,1539.0,6.270305393112419,7.342430149447687,0.5198180636777128,14.12499999999999,2026-08-31,7.602339181286544,9.064327485380108,0.5198180636777128,17.437499999999982,2026-09-07,,,,,
,7269,7269.T,7269_20260818_01,7.0,True,False,2126.5,4.726075711262645,5.360921702327759,-0.446743475193978,12.00000000000005,2026-08-31,-3.362332471196805,7.594639078297671,-3.99717846226193,1.900000000000001,2026-09-07,,,,,
,8725,8725.T,8725_20260818_01,7.0,True,False,4927.0,3.653338745687029,4.221635883905006,0.9133346864217629,4.622222222222188,2026-08-31,4.5057844530139946,7.874974629592035,0.9133346864217629,8.622222222222163,2026-09-07,,,,,
,8601,8601.T,8601_20260818_01,7.0,True,False,1786.5,3.1905961376994085,4.897844948222785,0.2518891687657509,19.44444444444385,2026-08-31,4.478029666946548,6.241253848306738,0.2518891687657509,24.777777777776976,2026-09-07,,,,,
,8309,8309.T,8309_20260818_01,7.0,True,False,1702.0,4.406580493537016,5.640423031727382,-0.1175088131609825,48.00000000000189,2026-08-31,4.700352526439477,7.079905992949476,-0.1175088131609825,60.25000000000239,2026-09-07,,,,,
,4503,4503.T,4503_20260820_01,7.0,False,True,2406.5,-1.4543943486390989,2.015375025971333,-3.158113442759192,0.6381578947368443,2026-08-31,-4.300851859547061,2.015375025971333,-4.529399542904633,0.4449541284403682,2026-09-07,,,,,
,7269,7269.T,7269_20260818_01,7.0,True,False,2119.0,6.418121755545059,7.975460122699385,0.4483246814535269,17.789473684210083,2026-09-01,-6.559697970740919,7.975460122699385,-6.559697970740919,1.2158273381294955,2026-09-08,,,,,
,4503,4503.T,4503_20260820_01,7.0,False,True,2415.0,-0.0207039337474124,1.6563146997929712,-3.498964803312632,0.4733727810650914,2026-09-01,-5.569358178053829,1.6563146997929712,-5.9834368530020665,0.2768166089965417,2026-09-08,,,,,
,8309,8309.T,8309_20260818_01,7.0,True,False,1734.0,4.354094579008083,5.103806228373697,0.4901960784313708,10.41176470588238,2026-09-01,1.2975778546712835,5.103806228373697,0.4901960784313708,10.41176470588238,2026-09-08,,,,,
,8725,8725.T,8725_20260818_01,7.0,True,False,5072.0,2.267350157728698,2.9968454258675115,-1.0055205047318605,2.980392156862751,2026-09-01,0.1182965299684646,4.7910094637223954,-1.0055205047318605,4.764705882352943,2026-09-08,,,,,
,9503,9503.T,9503_20260820_01,7.0,False,True,2591.5,14.02662550646343,14.084507042253524,-1.0804553347482204,13.035714285714226,2026-09-01,13.428516303299244,17.808219178082197,-1.0804553347482204,16.482142857142783,2026-09-08,,,,,
,8601,8601.T,8601_20260818_01,7.0,True,False,1813.5,2.591673559415497,3.3360904328646246,-1.2406947890818865,2.688888888888886,2026-09-01,1.1579818031431044,4.659498207885315,-1.2406947890818865,3.755555555555562,2026-09-08,,,,,
,8604,8604.T,8604_20260818_01,7.0,True,False,1571.5,4.39070951320395,5.122494432071267,0.1590836780146265,32.20000000000184,2026-09-01,4.899777282850781,7.031498568246897,0.1590836780146265,44.20000000000254,2026-09-08,,,,,
,2503,2503.T,2503_20260818_01,7.0,False,True,3084.0,-0.745784695201035,1.1348897535667923,-2.075226977950717,0.5468749999999971,2026-09-01,-7.70103761348897,1.1348897535667923,-7.8793774319066205,0.1440329218106989,2026-09-08,,,,,
,8308,8308.T,8308_20260827_01,7.0,False,True,2430.0,4.938271604938271,7.037037037037042,0.5144032921810648,13.680000000000144,2026-09-03,2.4074074074074137,7.037037037037042,-1.0082304526748964,6.979591836734703,2026-09-10,,,,,
,9503,9503.T,9503_20260820_01,7.0,False,True,2590.5,16.811426365566497,17.853696197645252,-1.042269832078746,17.129629629629694,2026-09-03,14.147847905809696,17.853696197645252,-1.042269832078746,17.129629629629694,2026-09-10,,,,,
,8604,8604.T,8604_20260818_01,7.0,True,True,1620.0,0.7407407407407307,2.746913580246924,-1.4197530864197505,1.9347826086956628,2026-09-03,2.839506172839501,3.827160493827164,-1.4197530864197505,2.695652173913051,2026-09-10,,,,,
,8750,8750.T,8750_20260827_02,7.0,True,False,1817.0,3.6598789212988425,4.155200880572374,-0.3577325261419961,11.615384615384496,2026-09-03,0.8805723720418213,5.503577325261411,-1.871216290588884,2.9411764705882284,2026-09-10,,,,,
,2914,2914.T,2914_20260821_01,7.0,False,True,7014.0,-0.9409751924721932,1.3544339891645274,-1.6110635871114942,0.840707964601768,2026-09-03,-5.702879954376961,1.3544339891645274,-6.102081551183347,0.2219626168224298,2026-09-10,,,,,
,8411,8411.T,8411_20260818_01,7.0,False,True,8326.0,4.864280566898871,6.822003362959395,-0.4323804948354603,15.777777777777567,2026-09-03,3.362959404275756,6.822003362959395,-0.4323804948354603,15.777777777777567,2026-09-10,,,,,
,8309,8309.T,8309_20260818_01,7.0,True,False,1756.5,1.7364076288072905,3.757472245943627,-0.5693139766581257,6.599999999999996,2026-09-03,0.0569313976658047,3.757472245943627,-1.8218047253060088,2.062499999999991,2026-09-10,,,,,
,8725,8725.T,8725_20260818_01,7.0,True,False,5042.0,3.3518445061483604,4.204680682268935,-0.4165013883379642,10.095238095238006,2026-09-03,-1.547005156683856,5.414518048393502,-2.518841729472432,2.149606299212601,2026-09-10,,,,,
,8601,8601.T,8601_20260818_01,7.0,True,False,1827.5,1.559507523939807,2.5444596443228384,-0.5198358413132653,4.894736842105289,2026-09-03,0.5198358413132764,3.857729138166888,-2.0519835841313228,1.8800000000000003,2026-09-10,,,,,
,8354,8354.T,8354_20260821_01,7.0,False,True,7733.0,2.5863183757920627,3.724298461140574,-0.4138109401267242,9.000000000000135,2026-09-03,0.4526057157636209,3.737230053019536,-1.9785335574809213,1.8888888888888973,2026-09-10,,,,,
,9432,9432.T,9432_20260827_01,7.0,False,True,167.6,3.341286961958345,5.011933174224348,-0.1789957925072638,28.000284833627912,2026-09-03,4.534604384392726,5.011933174224348,-0.1789957925072638,28.000284833627912,2026-09-10,,,,,
,8411,8411.T,8411_20260818_01,7.0,True,True,8449.0,3.846609066161677,5.266895490590606,-1.4676293052432232,3.5887096774193594,2026-09-04,2.426322641732748,5.266895490590606,-1.4676293052432232,3.5887096774193594,2026-09-11,,,,,
,8604,8604.T,8604_20260818_01,7.0,True,False,1642.5,1.6133942161339343,2.191780821917799,-2.7701674277016752,0.7912087912087877,2026-09-04,1.3394216133942205,2.404870624048705,-2.7701674277016752,0.8681318681318674,2026-09-11,,,,,
,8316,8316.T,8316_20260827_02,7.0,False,True,6881.0,2.935619822700186,4.359831419851767,-1.5259409969481164,2.857142857142861,2026-09-04,0.4359831419851856,4.359831419851767,-1.860194739136756,2.343749999999998,2026-09-11,,,,,
,8308,8308.T,8308_20260827_01,7.0,False,True,2520.0,1.1904761904761862,3.214285714285725,-1.6666666666666718,1.928571428571429,2026-09-04,0.079365079365079,3.214285714285725,-4.543650793650789,0.7074235807860293,2026-09-11,,,,,
,8331,8331.T,8331_20260818_01,7.0,False,True,2822.0,1.381998582565558,1.7186392629340963,-1.8426647767540767,0.9326923076923104,2026-09-04,-3.2955350815024764,2.072997873848337,-6.413890857547844,0.3232044198895028,2026-09-11,,,,,
,8601,8601.T,8601_20260818_01,7.0,True,False,1869.5,-0.1337255950788929,1.5244717838994282,-2.754747258625301,0.5533980582524235,2026-09-04,-1.4709815458678777,1.5244717838994282,-4.2792190425247405,0.3562499999999975,2026-09-11,,,,,
,8725,8725.T,8725_20260818_01,7.0,True,False,5115.0,2.4437927663734094,3.910068426197455,-1.0752688172043,3.636363636363636,2026-09-04,-0.4692082111436901,3.910068426197455,-3.910068426197455,1.0,2026-09-11,,,,,
,9766,9766.T,9766_20260824_01,7.0,False,True,22185.0,-3.0876718503493383,1.1043497858913789,-3.944106378183454,0.2800000000000029,2026-09-04,-6.558485463150776,1.1043497858913789,-8.90241153932837,0.1240506329113936,2026-09-11,,,,,
,6178,6178.T,6178_20260828_01,7.0,False,True,2425.5,3.586889301175012,7.318078746650181,-0.8864151721294622,8.255813953488337,2026-09-04,1.7934446505875057,7.318078746650181,-1.7934446505875057,4.08045977011495,2026-09-11,,,,,
,8015,8015.T,8015_20260828_01,7.0,False,True,7583.0,0.0659369642621587,2.5187920348147097,-3.2045364631412387,0.7860082304526721,2026-09-04,-0.3956217855729971,2.8352894632731163,-4.219965712778584,0.6718750000000012,2026-09-11,,,,,
,8354,8354.T,8354_20260821_01,7.0,False,True,7861.0,0.8141457829792698,2.048085485307216,-1.717338760971887,1.1925925925925942,2026-09-04,-0.4325149472077294,2.048085485307216,-3.574608828393333,0.5729537366548054,2026-09-11,,,,,
,8309,8309.T,8309_20260818_01,7.0,True,False,1787.0,0.7834359261331914,1.9865696698377235,-2.266368214885284,0.8765432098765457,2026-09-04,-1.1191941801902638,1.9865696698377235,-3.973139339675436,0.5000000000000014,2026-09-11,,,,,
,7269,7269.T,7269_20260818_01,7.0,False,True,2202.0,-6.675749318801094,3.905540417802,-7.288828337874664,0.5358255451713395,2026-09-07,-7.129881925522252,3.905540417802,-11.398728428701176,0.3426294820717134,2026-09-14,,,,,
,8316,8316.T,8316_20260827_02,7.0,False,True,6872.0,1.5133876600698537,4.49650756693829,-0.1018626309662429,44.142857142855696,2026-09-07,2.299185098952261,4.49650756693829,-1.7316647264260745,2.5966386554621828,2026-09-14,,,,,
,9101,9101.T,9101_20260827_01,7.0,True,False,6941.0,6.901022907362053,7.549344474859532,0.7491715891081885,10.076923076923205,2026-09-07,5.705229793977806,7.549344474859532,0.7491715891081885,10.076923076923205,2026-09-14,,,,,
,8354,8354.T,8354_20260821_01,7.0,False,True,7815.0,0.6525911708253451,2.648752399232235,-0.754958413307738,3.508474576271188,2026-09-07,0.2815099168266055,2.648752399232235,-3.00703774792066,0.8808510638297852,2026-09-14,,,,,
,8725,8725.T,8725_20260818_01,7.0,True,True,5071.0,1.5381581542102118,4.811674225990936,0.1971997633602784,24.40000000000072,2026-09-07,2.681916781699867,4.811674225990936,-3.076316308420435,1.564102564102564,2026-09-14,,,,,
,8308,8308.T,8308_20260827_01,7.0,False,True,2516.0,1.0532591414944337,3.378378378378377,-1.5103338632750374,2.2368421052631606,2026-09-07,1.1724960254372083,3.378378378378377,-4.3918918918918965,0.7692307692307682,2026-09-14,,,,,
,8601,8601.T,8601_20260818_01,7.0,True,False,1844.0,1.2201735357917576,2.9284164859002093,-1.4099783080260275,2.076923076923076,2026-09-07,1.572668112798259,2.9284164859002093,-2.955531453362259,0.9908256880733908,2026-09-14,,,,,
,8604,8604.T,8604_20260818_01,7.0,True,False,1630.0,1.595092024539868,2.9754601226993804,-2.024539877300613,1.469696969696967,2026-09-07,2.7607361963190247,3.5582822085889587,-2.024539877300613,1.757575757575759,2026-09-14,,,,,
,8309,8309.T,8309_20260818_01,7.0,True,False,1767.5,0.8203677510608243,3.111739745403108,-1.1881188118811892,2.6190476190476137,2026-09-07,1.7538896746817525,3.111739745403108,-2.91371994342291,1.067961165048544,2026-09-14,,,,,
,8411,8411.T,8411_20260818_01,7.0,True,True,8621.0,-0.2551908131307234,3.166685999304031,-1.3339519777287978,2.373913043478272,2026-09-08,-0.2667903955457573,3.166685999304031,-2.540308548892245,1.246575342465753,2026-09-15,,,,,
,8601,8601.T,8601_20260818_01,7.0,True,False,1855.0,-1.1051212938005373,2.3180592991913773,-1.99460916442048,1.1621621621621665,2026-09-08,-0.9973045822102456,2.3180592991913773,-3.5309973045822063,0.6564885496183221,2026-09-15,,,,,
,8306,8306.T,8306_20260818_01,7.0,False,True,3686.0,-0.8138903960933308,2.9571351058057527,-1.6006511123168754,1.847457627118644,2026-09-08,-0.4883342376559962,2.9571351058057527,-3.011394465545303,0.9819819819819836,2026-09-15,,,,,
,8604,8604.T,8604_20260818_01,7.0,True,False,1637.0,0.7025045815516107,2.748930971288943,-2.443494196701279,1.1250000000000018,2026-09-08,0.4581551618815016,3.11545510079414,-2.443494196701279,1.2750000000000037,2026-09-15,,,,,
,8015,8015.T,8015_20260828_01,7.0,False,True,7620.0,-1.8110236220472475,2.33595800524935,-2.650918635170607,0.8811881188118824,2026-09-08,-3.818897637795271,2.33595800524935,-4.776902887139112,0.4890109890109898,2026-09-15,,,,,
,8309,8309.T,8309_20260818_01,7.0,True,False,1796.5,-2.2265516281658737,1.0019482326746545,-2.783189535207342,0.360000000000004,2026-09-08,-1.3080990815474536,1.0019482326746545,-4.480935151683829,0.2236024844720517,2026-09-15,,,,,
,7203,7203.T,7203_20260901_01,7.0,False,True,3230.0,-8.095975232198139,-1.2383900928792602,-8.095975232198139,-0.1529636711281075,2026-09-08,-6.470588235294117,-1.2383900928792602,-8.993808049535602,-0.1376936316695356,2026-09-15,,,,,
,8331,8331.T,8331_20260818_01,7.0,False,True,2842.0,-3.184377199155519,1.3546798029556717,-3.184377199155519,0.4254143646408868,2026-09-08,-4.363124560168896,1.3546798029556717,-7.072484166080228,0.1915422885572148,2026-09-15,,,,,
,4021,4021.T,4021_20260831_02,7.0,False,True,8325.0,-6.04204204204204,-1.5135135135135092,-6.21021021021021,-0.2437137330754345,2026-09-08,-4.336336336336332,-1.5135135135135092,-7.459459459459461,-0.202898550724637,2026-09-15,,,,,
,8308,8308.T,8308_20260827_01,7.0,False,True,2517.5,-1.0526315789473717,3.3167825223435976,-1.6087388282025827,2.061728395061729,2026-09-08,-2.164846077457794,3.3167825223435976,-4.448857994041711,0.7455357142857145,2026-09-15,,,,,
,6178,6178.T,6178_20260828_01,7.0,False,True,2512.0,-2.6671974522292974,3.6226114649681618,-2.7468152866242046,1.318840579710148,2026-09-08,-1.2539808917197417,3.6226114649681618,-5.175159235668792,0.7000000000000014,2026-09-15,,,,,
,8316,8316.T,8316_20260827_02,7.0,False,True,6971.0,-0.6168411992540479,3.0124802754267765,-2.209152201979625,1.3636363636363704,2026-09-08,-1.8505235977621548,3.0124802754267765,-3.1272414287763617,0.96330275229358,2026-09-15,,,,,
,8725,8725.T,8725_20260818_01,7.0,True,False,5183.0,-2.0258537526529063,2.5467875747636537,-2.2187922052865128,1.1478260869565236,2026-09-08,-0.4823461315840216,2.5467875747636537,-5.170750530580747,0.4925373134328362,2026-09-15,,,,,
,8354,8354.T,8354_20260821_01,7.0,False,True,7941.0,-2.6570960836166724,1.0200226671703838,-2.6570960836166724,0.3838862559241715,2026-09-08,-2.5941317214456583,1.0200226671703838,-4.546026948747006,0.2243767313019397,2026-09-15,,,,,
,8591,8591.T,8591_20260901_02,7.0,False,True,6386.0,-5.715627936110246,3.0848731600375823,-5.919198246163482,0.5211640211640212,2026-09-09,-3.3823989978077007,3.0848731600375823,-6.843094268712813,0.4508009153318075,2026-09-16,,,,,
,4578,4578.T,4578_20260818_01,7.0,False,True,12335.0,-5.350628293473858,0.4053506282934771,-5.7559789217673245,0.0704225352112682,2026-09-09,-11.593027969193349,0.4053506282934771,-12.890149979732469,0.0314465408805034,2026-09-16,,,,,
,7269,7269.T,7269_20260818_01,7.0,True,False,2215.5,-10.200857594222525,-2.482509591514326,-11.938614308282558,-0.2079395085066157,2026-09-09,-8.530805687203792,-2.482509591514326,-11.938614308282558,-0.2079395085066157,2026-09-16,,,,,
,8604,8604.T,8604_20260818_01,7.0,True,False,1623.5,-0.4619648906683093,3.6033261472128153,-0.6159531875577495,5.849999999999969,2026-09-09,0.6775485063135189,3.972898059747454,-0.6159531875577495,6.44999999999995,2026-09-16,,,,,
,8725,8725.T,8725_20260818_01,7.0,True,False,5180.0,-4.498069498069501,2.6061776061776065,-4.826254826254828,0.5399999999999999,2026-09-09,-0.4826254826254872,2.6061776061776065,-5.115830115830111,0.5094339622641515,2026-09-16,,,,,
,7203,7203.T,7203_20260901_01,7.0,False,True,3183.0,-6.660383286207983,-0.0314169022934351,-7.650015708451152,-0.0041067761806983,2026-09-09,-5.246622683003455,-0.0314169022934351,-7.650015708451152,-0.0041067761806983,2026-09-16,,,,,
,2914,2914.T,2914_20260821_01,7.0,False,True,7055.0,-6.307583274273565,-0.5953224663359347,-6.3784549964564174,-0.0933333333333337,2026-09-09,-3.99716513111269,-0.5953224663359347,-7.866761162296243,-0.075675675675676,2026-09-16,,,,,
,6178,6178.T,6178_20260828_01,7.0,False,True,2551.0,-5.919247353978829,2.0384163073304595,-5.919247353978829,0.3443708609271526,2026-09-09,-1.7444139553116411,2.0384163073304595,-6.624852998823993,0.3076923076923077,2026-09-16,,,,,
,8309,8309.T,8309_20260818_01,7.0,True,False,1787.5,-3.2167832167832144,1.51048951048951,-3.244755244755249,0.4655172413793096,2026-09-09,-0.6433566433566407,1.51048951048951,-4.000000000000004,0.3776223776223771,2026-09-16,,,,,
,8601,8601.T,8601_20260818_01,7.0,True,False,1842.0,-2.442996742671011,3.040173724212813,-2.8230184581976125,1.0769230769230769,2026-09-09,-0.5971769815418027,3.040173724212813,-2.8501628664495127,1.0666666666666669,2026-09-16,,,,,
,8316,8316.T,8316_20260827_02,7.0,False,True,6990.0,-2.7038626609442007,2.7324749642346102,-2.7038626609442007,1.0105820105820087,2026-09-09,-2.1173104434907053,2.7324749642346102,-3.3905579399141628,0.8059071729957775,2026-09-16,,,,,
,8309,8309.T,8309_20260818_01,7.0,True,False,1787.0,-1.6508114157806395,1.5388919977616045,-3.497481813094572,0.4399999999999979,2026-09-10,0.1398992725237802,1.5388919977616045,-3.973139339675436,0.3873239436619698,2026-09-17,,,,,
,8411,8411.T,8411_20260818_01,7.0,False,True,8731.0,-1.431680219906084,1.408773336387581,-3.7681823387928026,0.3738601823708202,2026-09-10,-2.084526400183251,1.408773336387581,-3.7681823387928026,0.3738601823708202,2026-09-17,,,,,
,8725,8725.T,8725_20260818_01,7.0,True,True,5211.0,-4.739973133755515,1.9957781615812744,-5.680291690654382,0.3513513513513522,2026-09-10,0.940318556898867,1.9957781615812744,-5.680291690654382,0.3513513513513522,2026-09-17,,,,,
,8750,8750.T,8750_20260827_02,7.0,True,False,1883.5,-2.6811786567560447,1.7786036633926194,-5.335810990177858,0.3333333333333333,2026-09-10,2.521900716750736,3.2651977701088297,-5.335810990177858,0.611940298507461,2026-09-17,,,,,
,8601,8601.T,8601_20260818_01,7.0,True,True,1856.0,-1.0237068965517238,2.2629310344827624,-3.5560344827586188,0.6363636363636378,2026-09-10,-1.4008620689655138,2.2629310344827624,-3.5829741379310387,0.6315789473684214,2026-09-17,,,,,
,8316,8316.T,8316_20260827_02,7.0,False,True,7089.0,-2.6519960502186524,1.2977853011708174,-4.499929468190156,0.2884012539184928,2026-09-10,-2.9764423755113567,1.2977853011708174,-4.739737621667373,0.2738095238095215,2026-09-17,,,,,
,8306,8306.T,8306_20260818_01,7.0,False,True,3754.0,-2.4507192328183325,1.0921683537559843,-4.635055940330313,0.2356321839080441,2026-09-10,-2.7171017581246626,1.0921683537559843,-4.768247202983488,0.2290502793296068,2026-09-17,,,,,
,6178,6178.T,6178_20260828_01,7.0,False,True,2552.0,-4.682601880877746,1.998432601880884,-6.328369905956111,0.3157894736842116,2026-09-10,-0.4898119122257016,1.998432601880884,-6.661442006269591,0.300000000000001,2026-09-17,,,,,
,8308,8308.T,8308_20260827_01,7.0,False,True,2550.0,-2.4117647058823577,1.8235294117647127,-5.666666666666664,0.3217993079584788,2026-09-10,-2.784313725490195,1.8235294117647127,-5.666666666666664,0.3217993079584788,2026-09-17,,,,,
,8354,8354.T,8354_20260821_01,7.0,False,True,7933.0,-2.0799193243413616,1.121895877978063,-4.449766796924237,0.2521246458923507,2026-09-10,-1.802596747762508,1.121895877978063,-4.449766796924237,0.2521246458923507,2026-09-17,,,,,
,8015,8015.T,8015_20260828_01,7.0,False,True,7673.0,-3.166949042095657,1.6290890134236902,-5.069725009774539,0.3213367609254489,2026-09-10,-1.798514270819762,1.6290890134236902,-5.434640948781444,0.299760191846522,2026-09-17,,,,,
,8604,8604.T,8604_20260818_01,7.0,True,True,1632.0,2.083333333333326,3.0637254901960675,-1.1335784313725503,2.7027027027026893,2026-09-10,-2.5428921568627416,3.431372549019618,-3.2475490196078427,1.056603773584909,2026-09-17,,,,,
,8601,8601.T,8601_20260818_01,7.0,True,False,1867.0,-1.339046598821636,0.5356186395286455,-4.151044456347086,0.1290322580645135,2026-09-11,-1.12479914301018,0.5356186395286455,-4.151044456347086,0.1290322580645135,2026-09-18,,,,,
,8725,8725.T,8725_20260818_01,7.0,True,True,5240.0,-2.843511450381675,0.1717557251908363,-6.202290076335881,0.0276923076923071,2026-09-11,0.400763358778633,1.6412213740458093,-6.202290076335881,0.2646153846153857,2026-09-18,,,,,
,8306,8306.T,8306_20260818_01,7.0,False,True,3785.0,-3.2760898282694795,0.264200792602387,-5.548216644649939,0.0476190476190492,2026-09-11,-3.857331571994715,0.264200792602387,-5.548216644649939,0.0476190476190492,2026-09-18,,,,,
,8411,8411.T,8411_20260818_01,7.0,False,True,8774.0,-1.3676772281741467,0.9117848187827572,-4.239799407339873,0.2150537634408575,2026-09-11,-3.202644175974468,0.9117848187827572,-4.239799407339873,0.2150537634408575,2026-09-18,,,,,
,8750,8750.T,8750_20260827_02,7.0,True,False,1877.5,0.2929427430093279,0.9320905459387464,-5.033288948069236,0.1851851851851849,2026-09-11,2.3435419440745564,3.6750998668442,-5.033288948069236,0.7301587301587293,2026-09-18,,,,,
,8053,8053.T,8053_20260904_01,7.0,False,True,1820.0,0.1098901098901095,3.901098901098909,-2.857142857142858,1.365384615384618,2026-09-11,-0.5494505494505475,3.901098901098909,-3.159340659340659,1.2347826086956548,2026-09-18,,,,,
,8604,8604.T,8604_20260818_01,7.0,True,True,1669.0,-0.2696225284601561,0.7789095266626633,-3.325344517675255,0.2342342342342315,2026-09-11,-4.913121629718398,1.1384062312762122,-5.392450569203112,0.211111111111111,2026-09-18,,,,,
,8354,8354.T,8354_20260821_01,7.0,False,True,7925.0,-1.236593059936908,0.7444794952681466,-4.353312302839118,0.1710144927536249,2026-09-11,-2.473186119873816,0.7444794952681466,-4.353312302839118,0.1710144927536249,2026-09-18,,,,,
,8316,8316.T,8316_20260827_02,7.0,False,True,7083.0,-2.428349569391497,0.1553014259494611,-4.659042778483691,0.0333333333333343,2026-09-11,-3.670760976987153,0.1553014259494611,-4.659042778483691,0.0333333333333343,2026-09-18,,,,,
,6178,6178.T,6178_20260828_01,7.0,False,True,2512.5,-1.7313432835820874,0.776119402985076,-5.194029850746274,0.1494252873563219,2026-09-11,0.4975124378109541,1.6119402985074638,-5.194029850746274,0.3103448275862068,2026-09-18,,,,,
,8309,8309.T,8309_20260818_01,7.0,True,False,1801.0,-1.887840088839532,0.3886729594669624,-4.71960022209883,0.0823529411764705,2026-09-11,-1.3325930038867284,0.3886729594669624,-4.71960022209883,0.0823529411764705,2026-09-18,,,,,
,6857,6857.T,6857_20260903_02,7.0,False,True,34520.0,-12.63035921205099,-0.8980301274623459,-13.644264194669752,-0.0658174097664547,2026-09-15,,,,,,,,,,
,4689,4689.T,4689_20260903_02,7.0,True,False,526.6,7.273077176996301,8.146600835548789,-3.000382112994926,2.715187775672013,2026-09-15,,,,,,,,,,
,8411,8411.T,8411_20260818_01,7.0,True,False,8655.0,-0.6585788561525141,1.9179664933564489,-2.9231658001155347,0.6561264822134425,2026-09-15,,,,,,,,,,
,8601,8601.T,8601_20260818_01,7.0,True,False,1857.5,-1.1305518169582809,0.9421265141319024,-3.660834454912521,0.2573529411764716,2026-09-15,,,,,,,,,,
,8604,8604.T,8604_20260818_01,7.0,True,False,1662.5,-1.0827067669172965,1.533834586466165,-2.947368421052632,0.5204081632653059,2026-09-15,,,,,,,,,,
,8309,8309.T,8309_20260818_01,7.0,True,False,1771.5,0.0846740050804317,1.8346034434095329,-3.1329381879762863,0.5855855855855842,2026-09-15,,,,,,,,,,
,8053,8053.T,8053_20260904_01,7.0,False,True,1861.5,-4.055868922911632,-1.2892828364222453,-5.31829170024174,-0.2424242424242434,2026-09-16,,,,,,,,,,
,8309,8309.T,8309_20260818_01,7.0,True,False,1747.5,1.6309012875536544,3.4620886981401977,-1.8025751072961336,1.920634920634923,2026-09-16,,,,,,,,,,
,8411,8411.T,8411_20260818_01,7.0,True,False,8617.0,-0.5918533132180603,2.367413252872219,-2.495067889056513,0.9488372093023228,2026-09-16,,,,,,,,,,
,8015,8015.T,8015_20260828_01,7.0,True,False,7466.0,-1.0715242432359997,2.437717653361915,-2.812751138494507,0.8666666666666698,2026-09-16,,,,,,,,,,
,5713,5713.T,5713_20260904_01,7.0,False,True,10160.0,-4.527559055118113,1.5748031496062964,-8.366141732283461,0.1882352941176468,2026-09-16,,,,,,,,,,
,8604,8604.T,8604_20260818_01,7.0,True,True,1629.0,0.3376304481276904,3.621853898096994,-0.920810313075504,3.9333333333333456,2026-09-16,,,,,,,,,,
,8601,8601.T,8601_20260818_01,7.0,True,False,1818.0,0.7150715071507108,3.135313531353145,-1.5676567656765727,2.0,2026-09-16,,,,,,,,,,
,9101,9101.T,9101_20260904_02,7.0,True,False,7217.0,4.835804350838302,5.2930580573645525,-1.8290148261050243,2.8939393939394007,2026-09-17,,,,,,,,,,
,4689,4689.T,4689_20260903_02,7.0,True,False,515.1,7.513101881764461,10.832852730355746,0.8153732853753981,13.2857587127941,2026-09-17,,,,,,,,,,
,8309,8309.T,8309_20260818_01,7.0,True,False,1734.0,3.2006920415224904,4.267589388696647,-1.038062283737029,4.111111111111084,2026-09-17,,,,,,,,,,
,8604,8604.T,8604_20260818_01,7.0,True,False,1638.0,-2.8998778998779007,3.0525030525030417,-3.6019536019536003,0.8474576271186415,2026-09-17,,,,,,,,,,
,8601,8601.T,8601_20260818_01,7.0,True,False,1810.5,1.0770505385252704,3.562551781275891,-1.1599005799502904,3.0714285714285707,2026-09-17,,,,,,,,,,
,9101,9101.T,9101_20260904_02,7.0,True,False,7198.0,4.167824395665454,5.5709919422061605,0.5001389274798651,11.13888888888866,2026-09-18,,,,,,,,,,
,4689,4689.T,4689_20260903_02,7.0,True,False,522.1,4.347823748892687,9.346873092139909,3.7157632637425664,2.5154651759826088,2026-09-18,,,,,,,,,,
,8309,8309.T,8309_20260818_01,7.0,True,False,1757.5,1.1095305832147906,2.873399715504976,0.0,,2026-09-18,,,,,,,,,,
,8604,8604.T,8604_20260818_01,7.0,True,False,1666.0,-4.801920768307322,1.3205282112845218,-5.222088835534211,0.2528735632183924,2026-09-18,,,,,,,,,,
,8601,8601.T,8601_20260818_01,7.0,True,False,1837.0,0.4899292324441973,2.0685900925421885,-1.0887316276537828,1.900000000000001,2026-09-18,,,,,,,,,,
,7832,7832.T,7832_20260903_01,7.0,False,True,5514.0,,,,,,,,,,,,,,,
,8601,8601.T,8601_20260818_01,7.0,True,False,1839.0,,,,,,,,,,,,,,,
,9101,9101.T,9101_20260904_02,7.0,True,False,7309.0,,,,,,,,,,,,,,,
,8725,8725.T,8725_20260818_01,7.0,True,False,5153.0,,,,,,,,,,,,,,,
,8750,8750.T,8750_20260911_03,7.0,False,True,1888.0,,,,,,,,,,,,,,,
,8604,8604.T,8604_20260818_01,7.0,True,False,1658.5,,,,,,,,,,,,,,,
,8309,8309.T,8309_20260818_01,7.0,True,False,1760.5,,,,,,,,,,,,,,,
,8725,8725.T,8725_20260818_01,7.0,True,True,5137.0,,,,,,,,,,,,,,,
,9101,9101.T,9101_20260904_02,7.0,True,False,7338.0,,,,,,,,,,,,,,,
,8604,8604.T,8604_20260818_01,7.0,True,False,1653.5,,,,,,,,,,,,,,,
,7832,7832.T,7832_20260903_01,7.0,False,True,5565.0,,,,,,,,,,,,,,,
,8750,8750.T,8750_20260911_03,7.0,False,True,1890.0,,,,,,,,,,,,,,,
,8309,8309.T,8309_20260818_01,7.0,True,False,1782.0,,,,,,,,,,,,,,,
,6701,6701.T,6701_20260914_01,7.0,False,True,4825.0,,,,,,,,,,,,,,,
,8601,8601.T,8601_20260818_01,7.0,True,False,1848.5,,,,,,,,,,,,,,,
,9432,9432.T,9432_20260903_02,7.0,False,True,176.7,,,,,,,,,,,,,,,
,8750,8750.T,8750_20260911_03,7.0,False,True,1912.0,,,,,,,,,,,,,,,
,4689,4689.T,4689_20260903_02,7.0,False,True,566.0,,,,,,,,,,,,,,,
,8601,8601.T,8601_20260818_01,7.0,True,False,1826.0,,,,,,,,,,,,,,,
,9101,9101.T,9101_20260904_02,7.0,True,False,7388.0,,,,,,,,,,,,,,,
,8725,8725.T,8725_20260818_01,7.0,True,False,5186.0,,,,,,,,,,,,,,,
,7832,7832.T,7832_20260903_01,7.0,False,True,5483.0,,,,,,,,,,,,,,,
,9104,9104.T,9104_20260904_02,7.0,False,True,7145.0,,,,,,,,,,,,,,,
,6701,6701.T,6701_20260914_01,7.0,False,True,4786.0,,,,,,,,,,,,,,,
,8604,8604.T,8604_20260818_01,7.0,True,False,1646.0,,,,,,,,,,,,,,,
,8309,8309.T,8309_20260818_01,7.0,True,False,1795.0,,,,,,,,,,,,,,,
,8750,8750.T,8750_20260911_03,7.0,False,True,1940.0,,,,,,,,,,,,,,,
,8331,8331.T,8331_20260818_01,7.0,False,True,2777.0,,,,,,,,,,,,,,,
,8601,8601.T,8601_20260818_01,7.0,True,False,1853.0,,,,,,,,,,,,,,,
,8725,8725.T,8725_20260818_01,7.0,True,False,5271.0,,,,,,,,,,,,,,,
,8628,8628.T,8628_20260917_01,7.0,True,False,1187.0,,,,,,,,,,,,,,,
,6701,6701.T,6701_20260914_01,7.0,False,True,4906.0,,,,,,,,,,,,,,,
,8604,8604.T,8604_20260818_01,7.0,True,False,1620.5,,,,,,,,,,,,,,,
,8309,8309.T,8309_20260818_01,7.0,True,False,1793.0,,,,,,,,,,,,,,,
,8309,8309.T,8309_20260818_01,7.0,True,False,1781.0,,,,,,,,,,,,,,,
,8628,8628.T,8628_20260917_01,7.0,True,False,1172.0,,,,,,,,,,,,,,,
,8601,8601.T,8601_20260818_01,7.0,True,False,1848.0,,,,,,,,,,,,,,,
,8604,8604.T,8604_20260818_01,7.0,True,False,1587.0,,,,,,,,,,,,,,,
,8725,8725.T,8725_20260818_01,7.0,True,False,5272.0,,,,,,,,,,,,,,,
,9101,9101.T,9101_20260904_02,7.0,False,True,7494.0,,,,,,,,,,,,,,,
,7832,7832.T,7832_20260903_01,7.0,False,True,5548.0,,,,,,,,,,,,,,,
,8750,8750.T,8750_20260911_03,7.0,False,True,1926.0,,,,,,,,,,,,,,,
,6701,6701.T,6701_20260914_01,7.0,False,True,4853.0,,,,,,,,,,,,,,,
,4631,4631.T,4631_20260818_01,7.0,True,False,5495.0,-7.279344858962689,-1.273885350318471,-8.043676069153772,-0.1583710407239819,2026-08-25,-3.639672429481344,-1.273885350318471,-11.22838944494996,-0.1134521880064829,2026-09-01,-15.614194722474972,-1.273885350318471,-18.016378525932662,-0.0707070707070707,2026-09-15
,8604,8604.T,8604_20260818_01,7.0,True,False,1509.5,6.227227558794302,6.989069228221267,-0.8280887711162643,8.439999999999996,2026-08-26,6.558463067240816,9.4402119907254,-0.8280887711162643,11.399999999999984,2026-09-02,8.280887711162643,11.825107651540234,-0.8280887711162643,14.279999999999974,2026-09-16
,8309,8309.T,8309_20260818_01,7.0,True,False,1688.5,3.6718981344388446,4.441812259401834,-0.7699141249629893,5.769230769230734,2026-08-26,5.1228901391767945,7.936037903464621,-0.7699141249629893,10.30769230769226,2026-09-02,5.1821143026354655,7.936037903464621,-0.7699141249629893,10.30769230769226,2026-09-16
,8725,8725.T,8725_20260818_01,7.0,True,False,4860.0,4.609053497942384,4.97942386831276,-2.1604938271604923,2.304761904761908,2026-08-26,5.65843621399178,7.489711934156373,-2.1604938271604923,3.466666666666667,2026-09-02,6.069958847736623,9.362139917695478,-2.1604938271604923,4.333333333333338,2026-09-16
,2503,2503.T,2503_20260818_01,7.0,True,False,2998.5,2.6846756711689235,4.018676004669008,0.1834250458562669,21.90909090909029,2026-08-26,-0.8004002001000488,4.018676004669008,-0.9504752376188086,4.228070175438607,2026-09-02,-5.252626313156583,4.018676004669008,-8.137402034350504,0.4938524590163946,2026-09-16
,5019,5019.T,5019_20260818_01,7.0,False,True,1337.0,1.533283470456248,4.487658937920713,-0.4487658937920691,10.00000000000005,2026-08-26,9.349289454001486,12.266267763649964,-0.4487658937920691,27.3333333333335,2026-09-02,24.906507105459987,27.78608825729245,-0.4487658937920691,61.916666666667055,2026-09-16
,8331,8331.T,8331_20260818_01,7.0,True,False,2723.5,3.6166697264549352,4.681476041857913,-1.230034881586195,3.805970149253736,2026-08-26,2.808885625114743,5.195520469983483,-1.230034881586195,4.223880597014928,2026-09-02,0.2203047549109493,5.764641086836786,-3.029190380025704,1.9030303030303004,2026-09-16
,7269,7269.T,7269_20260818_01,7.0,True,True,2087.0,2.2520364159080097,4.120747484427412,-0.7906085289889786,5.212121212121223,2026-08-27,1.030186871106853,9.631049353138476,-0.7906085289889786,12.181818181818194,2026-09-03,-1.916626736942984,9.631049353138476,-6.516530905606133,1.4779411764705883,2026-09-17
,5101,5101.T,5101_20260818_01,7.0,True,False,7562.0,-1.5075376884422065,2.618354932557532,-2.36709865115049,1.1061452513966508,2026-08-27,-7.061623909018778,2.618354932557532,-9.151018249140442,0.2861271676300585,2026-09-03,-9.045226130653262,2.618354932557532,-13.27691087014018,0.1972111553784865,2026-09-17
,5019,5019.T,5019_20260818_01,7.0,False,True,1349.5,1.519081141163392,3.519822156354202,-0.7039644312708426,4.999999999999984,2026-08-27,10.37421267135976,11.633938495739171,-0.7039644312708426,16.52631578947366,2026-09-03,23.97184142274917,26.60244535012968,-0.7039644312708426,37.78947368421044,2026-09-17
,8309,8309.T,8309_20260818_01,7.0,True,False,1690.5,4.170363797693,4.939367051168286,-0.3549245785270605,13.916666666666744,2026-08-27,5.708370304643595,7.808340727595375,-0.3549245785270605,22.000000000000124,2026-09-03,5.856255545696532,7.808340727595375,-0.3549245785270605,22.000000000000124,2026-09-17
,8601,8601.T,8601_20260818_01,7.0,True,False,1757.0,3.7564029595902095,4.524758110415483,-0.8252703471826939,5.482758620689684,2026-08-27,5.634604439385327,6.659077973819016,-0.8252703471826939,8.068965517241425,2026-09-03,4.154809334092202,8.025042686397278,-0.8252703471826939,9.72413793103454,2026-09-17
,4021,4021.T,4021_20260818_01,7.0,False,True,8162.0,-1.3354569958343498,1.1761823082577785,-4.165645675079633,0.2823529411764705,2026-08-27,-2.058319039451117,2.54839500122519,-4.165645675079633,0.6117647058823537,2026-09-03,0.4288164665523064,2.54839500122519,-5.611369762313156,0.4541484716157207,2026-09-17
,9503,9503.T,9503_20260820_01,7.0,False,True,2557.5,1.8572825024437911,3.186705767350939,-1.2903225806451646,2.4696969696969715,2026-08-27,18.318670576735087,19.37438905180841,-1.2903225806451646,15.015151515151484,2026-09-03,16.500488758553278,19.37438905180841,-1.2903225806451646,15.015151515151484,2026-09-17
,8604,8604.T,8604_20260818_01,7.0,True,False,1521.0,5.950032873109801,6.804733727810652,-1.4792899408283988,4.600000000000012,2026-08-27,7.297830374753443,9.434582511505596,-1.4792899408283988,6.377777777777798,2026-09-03,4.569362261669951,10.97961867192636,-1.4792899408283988,7.422222222222238,2026-09-17
,4503,4503.T,4503_20260820_01,7.0,False,True,2418.0,-1.1166253101737025,1.530190239867668,-1.8610421836228297,0.8222222222222266,2026-08-27,-0.041356492969391,1.530190239867668,-3.61869313482217,0.4228571428571449,2026-09-03,-2.1918941273780024,1.530190239867668,-9.7394540942928,0.1571125265392791,2026-09-17
,7269,7269.T,7269_20260818_01,7.0,False,True,2103.5,3.161397670549082,3.304017114333257,-1.02210601378655,3.232558139534875,2026-08-28,-1.735203232707394,8.771095792726413,-2.1868314713572645,4.010869565217388,2026-09-04,-3.5892560019015973,8.771095792726413,-7.249821725695272,1.2098360655737708,2026-09-18
,8601,8601.T,8601_20260818_01,7.0,True,False,1779.0,4.721753794266448,5.340078695896566,-0.6464305789769531,8.260869565217387,2026-08-28,4.946599213041036,6.68915120854412,-0.6464305789769531,10.347826086956516,2026-09-04,3.7380550871275897,6.68915120854412,-0.6464305789769531,10.347826086956516,2026-09-18
,8309,8309.T,8309_20260818_01,7.0,True,False,1715.5,4.313611192072275,4.809093558729227,-1.0492567764500138,4.58333333333333,2026-08-28,4.983969688137568,6.237248615563984,-1.0492567764500138,5.944444444444457,2026-09-04,3.0894782862139314,6.237248615563984,-1.0492567764500138,5.944444444444457,2026-09-18
,8725,8725.T,8725_20260818_01,7.0,True,True,4945.0,3.4175935288169867,3.842264914054594,-1.7391304347826098,2.20930232558139,2026-08-28,5.965621840242674,7.482305358948427,-1.7391304347826098,4.302325581395343,2026-09-04,5.500505561172897,7.704752275025273,-1.7391304347826098,4.430232558139529,2026-09-18
,8604,8604.T,8604_20260818_01,7.0,True,False,1535.0,6.970684039087938,7.622149837133539,-1.140065146579805,6.685714285714274,2026-08-28,8.729641693811075,9.348534201954406,-1.140065146579805,8.200000000000005,2026-09-04,2.9967426710097778,9.967426710097715,-1.140065146579805,8.742857142857135,2026-09-18
,8331,8331.T,8331_20260818_01,7.0,True,False,2753.5,2.215362266206644,3.5409478845106257,-1.2529507899037615,2.826086956521735,2026-08-28,3.904122026511714,4.249137461412755,-1.2529507899037615,3.3913043478260856,2026-09-04,-0.5992373343017943,4.612311603413843,-4.085709097512257,1.1288888888888904,2026-09-18
,8604,8604.T,8604_20260818_01,7.0,True,False,1539.0,6.270305393112419,7.342430149447687,0.5198180636777128,14.12499999999999,2026-08-31,7.602339181286544,9.064327485380108,0.5198180636777128,17.437499999999982,2026-09-07,,,,,
,7269,7269.T,7269_20260818_01,7.0,True,False,2126.5,4.726075711262645,5.360921702327759,-0.446743475193978,12.00000000000005,2026-08-31,-3.362332471196805,7.594639078297671,-3.99717846226193,1.900000000000001,2026-09-07,,,,,
,8725,8725.T,8725_20260818_01,7.0,True,False,4927.0,3.653338745687029,4.221635883905006,0.9133346864217629,4.622222222222188,2026-08-31,4.5057844530139946,7.874974629592035,0.9133346864217629,8.622222222222163,2026-09-07,,,,,
,8601,8601.T,8601_20260818_01,7.0,True,False,1786.5,3.1905961376994085,4.897844948222785,0.2518891687657509,19.44444444444385,2026-08-31,4.478029666946548,6.241253848306738,0.2518891687657509,24.777777777776976,2026-09-07,,,,,
,8309,8309.T,8309_20260818_01,7.0,True,False,1702.0,4.406580493537016,5.640423031727382,-0.1175088131609825,48.00000000000189,2026-08-31,4.700352526439477,7.079905992949476,-0.1175088131609825,60.25000000000239,2026-09-07,,,,,
,4503,4503.T,4503_20260820_01,7.0,False,True,2406.5,-1.4543943486390989,2.015375025971333,-3.158113442759192,0.6381578947368443,2026-08-31,-4.300851859547061,2.015375025971333,-4.529399542904633,0.4449541284403682,2026-09-07,,,,,
,9503,9503.T,9503_20260820_01,7.0,False,True,2582.0,8.849728892331532,9.004647560030987,-0.7164988381099913,12.56756756756759,2026-08-31,14.852827265685509,18.24167312161116,-0.7164988381099913,25.4594594594595,2026-09-07,,,,,
,8601,8601.T,8601_20260818_01,7.0,True,False,1813.5,2.591673559415497,3.3360904328646246,-1.2406947890818865,2.688888888888886,2026-09-01,1.1579818031431044,4.659498207885315,-1.2406947890818865,3.755555555555562,2026-09-08,,,,,
,7269,7269.T,7269_20260818_01,7.0,True,False,2119.0,6.418121755545059,7.975460122699385,0.4483246814535269,17.789473684210083,2026-09-01,-6.559697970740919,7.975460122699385,-6.559697970740919,1.2158273381294955,2026-09-08,,,,,
,4503,4503.T,4503_20260820_01,7.0,False,True,2415.0,-0.0207039337474124,1.6563146997929712,-3.498964803312632,0.4733727810650914,2026-09-01,-5.569358178053829,1.6563146997929712,-5.9834368530020665,0.2768166089965417,2026-09-08,,,,,
,8309,8309.T,8309_20260818_01,7.0,True,False,1734.0,4.354094579008083,5.103806228373697,0.4901960784313708,10.41176470588238,2026-09-01,1.2975778546712835,5.103806228373697,0.4901960784313708,10.41176470588238,2026-09-08,,,,,
,8725,8725.T,8725_20260818_01,7.0,True,False,5072.0,2.267350157728698,2.9968454258675115,-1.0055205047318605,2.980392156862751,2026-09-01,0.1182965299684646,4.7910094637223954,-1.0055205047318605,4.764705882352943,2026-09-08,,,,,
,9503,9503.T,9503_20260820_01,7.0,False,True,2591.5,14.02662550646343,14.084507042253524,-1.0804553347482204,13.035714285714226,2026-09-01,13.428516303299244,17.808219178082197,-1.0804553347482204,16.482142857142783,2026-09-08,,,,,
,8604,8604.T,8604_20260818_01,7.0,True,False,1571.5,4.39070951320395,5.122494432071267,0.1590836780146265,32.20000000000184,2026-09-01,4.899777282850781,7.031498568246897,0.1590836780146265,44.20000000000254,2026-09-08,,,,,
,2503,2503.T,2503_20260818_01,7.0,False,True,3084.0,-0.745784695201035,1.1348897535667923,-2.075226977950717,0.5468749999999971,2026-09-01,-7.70103761348897,1.1348897535667923,-7.8793774319066205,0.1440329218106989,2026-09-08,,,,,
,8604,8604.T,8604_20260818_01,7.0,True,True,1620.0,0.7407407407407307,2.746913580246924,-1.4197530864197505,1.9347826086956628,2026-09-03,2.839506172839501,3.827160493827164,-1.4197530864197505,2.695652173913051,2026-09-10,,,,,
,8750,8750.T,8750_20260827_02,7.0,True,False,1817.0,3.6598789212988425,4.155200880572374,-0.3577325261419961,11.615384615384496,2026-09-03,0.8805723720418213,5.503577325261411,-1.871216290588884,2.9411764705882284,2026-09-10,,,,,
,2914,2914.T,2914_20260821_01,7.0,False,True,7014.0,-0.9409751924721932,1.3544339891645274,-1.6110635871114942,0.840707964601768,2026-09-03,-5.702879954376961,1.3544339891645274,-6.102081551183347,0.2219626168224298,2026-09-10,,,,,
,8411,8411.T,8411_20260818_01,7.0,False,True,8326.0,4.864280566898871,6.822003362959395,-0.4323804948354603,15.777777777777567,2026-09-03,3.362959404275756,6.822003362959395,-0.4323804948354603,15.777777777777567,2026-09-10,,,,,
,8309,8309.T,8309_20260818_01,7.0,True,False,1756.5,1.7364076288072905,3.757472245943627,-0.5693139766581257,6.599999999999996,2026-09-03,0.0569313976658047,3.757472245943627,-1.8218047253060088,2.062499999999991,2026-09-10,,,,,
,8725,8725.T,8725_20260818_01,7.0,True,False,5042.0,3.3518445061483604,4.204680682268935,-0.4165013883379642,10.095238095238006,2026-09-03,-1.547005156683856,5.414518048393502,-2.518841729472432,2.149606299212601,2026-09-10,,,,,
,9503,9503.T,9503_20260820_01,7.0,False,True,2590.5,16.811426365566497,17.853696197645252,-1.042269832078746,17.129629629629694,2026-09-03,14.147847905809696,17.853696197645252,-1.042269832078746,17.129629629629694,2026-09-10,,,,,
,8308,8308.T,8308_20260827_01,7.0,False,True,2430.0,4.938271604938271,7.037037037037042,0.5144032921810648,13.680000000000144,2026-09-03,2.4074074074074137,7.037037037037042,-1.0082304526748964,6.979591836734703,2026-09-10,,,,,
,8601,8601.T,8601_20260818_01,7.0,True,False,1827.5,1.559507523939807,2.5444596443228384,-0.5198358413132653,4.894736842105289,2026-09-03,0.5198358413132764,3.857729138166888,-2.0519835841313228,1.8800000000000003,2026-09-10,,,,,
,9432,9432.T,9432_20260827_01,7.0,False,True,167.6,3.341286961958345,5.011933174224348,-0.1789957925072638,28.000284833627912,2026-09-03,4.534604384392726,5.011933174224348,-0.1789957925072638,28.000284833627912,2026-09-10,,,,,
,8354,8354.T,8354_20260821_01,7.0,False,True,7733.0,2.5863183757920627,3.724298461140574,-0.4138109401267242,9.000000000000135,2026-09-03,0.4526057157636209,3.737230053019536,-1.9785335574809213,1.8888888888888973,2026-09-10,,,,,
,9766,9766.T,9766_20260824_01,7.0,False,True,22185.0,-3.0876718503493383,1.1043497858913789,-3.944106378183454,0.2800000000000029,2026-09-04,-6.558485463150776,1.1043497858913789,-8.90241153932837,0.1240506329113936,2026-09-11,,,,,
,6178,6178.T,6178_20260828_01,7.0,False,True,2425.5,3.586889301175012,7.318078746650181,-0.8864151721294622,8.255813953488337,2026-09-04,1.7934446505875057,7.318078746650181,-1.7934446505875057,4.08045977011495,2026-09-11,,,,,
,8015,8015.T,8015_20260828_01,7.0,False,True,7583.0,0.0659369642621587,2.5187920348147097,-3.2045364631412387,0.7860082304526721,2026-09-04,-0.3956217855729971,2.8352894632731163,-4.219965712778584,0.6718750000000012,2026-09-11,,,,,
,8354,8354.T,8354_20260821_01,7.0,False,True,7861.0,0.8141457829792698,2.048085485307216,-1.717338760971887,1.1925925925925942,2026-09-04,-0.4325149472077294,2.048085485307216,-3.574608828393333,0.5729537366548054,2026-09-11,,,,,
,8309,8309.T,8309_20260818_01,7.0,True,False,1787.0,0.7834359261331914,1.9865696698377235,-2.266368214885284,0.8765432098765457,2026-09-04,-1.1191941801902638,1.9865696698377235,-3.973139339675436,0.5000000000000014,2026-09-11,,,,,
,8411,8411.T,8411_20260818_01,7.0,True,True,8449.0,3.846609066161677,5.266895490590606,-1.4676293052432232,3.5887096774193594,2026-09-04,2.426322641732748,5.266895490590606,-1.4676293052432232,3.5887096774193594,2026-09-11,,,,,
,8604,8604.T,8604_20260818_01,7.0,True,False,1642.5,1.6133942161339343,2.191780821917799,-2.7701674277016752,0.7912087912087877,2026-09-04,1.3394216133942205,2.404870624048705,-2.7701674277016752,0.8681318681318674,2026-09-11,,,,,
,8316,8316.T,8316_20260827_02,7.0,False,True,6881.0,2.935619822700186,4.359831419851767,-1.5259409969481164,2.857142857142861,2026-09-04,0.4359831419851856,4.359831419851767,-1.860194739136756,2.343749999999998,2026-09-11,,,,,
,8308,8308.T,8308_20260827_01,7.0,False,True,2520.0,1.1904761904761862,3.214285714285725,-1.6666666666666718,1.928571428571429,2026-09-04,0.079365079365079,3.214285714285725,-4.543650793650789,0.7074235807860293,2026-09-11,,,,,
,8331,8331.T,8331_20260818_01,7.0,False,True,2822.0,1.381998582565558,1.7186392629340963,-1.8426647767540767,0.9326923076923104,2026-09-04,-3.2955350815024764,2.072997873848337,-6.413890857547844,0.3232044198895028,2026-09-11,,,,,
,8601,8601.T,8601_20260818_01,7.0,True,False,1869.5,-0.1337255950788929,1.5244717838994282,-2.754747258625301,0.5533980582524235,2026-09-04,-1.4709815458678777,1.5244717838994282,-4.2792190425247405,0.3562499999999975,2026-09-11,,,,,
,8725,8725.T,8725_20260818_01,7.0,True,False,5115.0,2.4437927663734094,3.910068426197455,-1.0752688172043,3.636363636363636,2026-09-04,-0.4692082111436901,3.910068426197455,-3.910068426197455,1.0,2026-09-11,,,,,
,8725,8725.T,8725_20260818_01,7.0,True,True,5071.0,1.5381581542102118,4.811674225990936,0.1971997633602784,24.40000000000072,2026-09-07,2.681916781699867,4.811674225990936,-3.076316308420435,1.564102564102564,2026-09-14,,,,,
,8308,8308.T,8308_20260827_01,7.0,False,True,2516.0,1.0532591414944337,3.378378378378377,-1.5103338632750374,2.2368421052631606,2026-09-07,1.1724960254372083,3.378378378378377,-4.3918918918918965,0.7692307692307682,2026-09-14,,,,,
,8601,8601.T,8601_20260818_01,7.0,True,False,1844.0,1.2201735357917576,2.9284164859002093,-1.4099783080260275,2.076923076923076,2026-09-07,1.572668112798259,2.9284164859002093,-2.955531453362259,0.9908256880733908,2026-09-14,,,,,
,8604,8604.T,8604_20260818_01,7.0,True,False,1630.0,1.595092024539868,2.9754601226993804,-2.024539877300613,1.469696969696967,2026-09-07,2.7607361963190247,3.5582822085889587,-2.024539877300613,1.757575757575759,2026-09-14,,,,,
,8354,8354.T,8354_20260821_01,7.0,False,True,7815.0,0.6525911708253451,2.648752399232235,-0.754958413307738,3.508474576271188,2026-09-07,0.2815099168266055,2.648752399232235,-3.00703774792066,0.8808510638297852,2026-09-14,,,,,
,9101,9101.T,9101_20260827_01,7.0,True,False,6941.0,6.901022907362053,7.549344474859532,0.7491715891081885,10.076923076923205,2026-09-07,5.705229793977806,7.549344474859532,0.7491715891081885,10.076923076923205,2026-09-14,,,,,
,7269,7269.T,7269_20260818_01,7.0,False,True,2202.0,-6.675749318801094,3.905540417802,-7.288828337874664,0.5358255451713395,2026-09-07,-7.129881925522252,3.905540417802,-11.398728428701176,0.3426294820717134,2026-09-14,,,,,
,8316,8316.T,8316_20260827_02,7.0,False,True,6872.0,1.5133876600698537,4.49650756693829,-0.1018626309662429,44.142857142855696,2026-09-07,2.299185098952261,4.49650756693829,-1.7316647264260745,2.5966386554621828,2026-09-14,,,,,
,8309,8309.T,8309_20260818_01,7.0,True,False,1767.5,0.8203677510608243,3.111739745403108,-1.1881188118811892,2.6190476190476137,2026-09-07,1.7538896746817525,3.111739745403108,-2.91371994342291,1.067961165048544,2026-09-14,,,,,
,8411,8411.T,8411_20260818_01,7.0,True,True,8621.0,-0.2551908131307234,3.166685999304031,-1.3339519777287978,2.373913043478272,2026-09-08,-0.2667903955457573,3.166685999304031,-2.540308548892245,1.246575342465753,2026-09-15,,,,,
,6178,6178.T,6178_20260828_01,7.0,False,True,2512.0,-2.6671974522292974,3.6226114649681618,-2.7468152866242046,1.318840579710148,2026-09-08,-1.2539808917197417,3.6226114649681618,-5.175159235668792,0.7000000000000014,2026-09-15,,,,,
,8316,8316.T,8316_20260827_02,7.0,False,True,6971.0,-0.6168411992540479,3.0124802754267765,-2.209152201979625,1.3636363636363704,2026-09-08,-1.8505235977621548,3.0124802754267765,-3.1272414287763617,0.96330275229358,2026-09-15,,,,,
,8308,8308.T,8308_20260827_01,7.0,False,True,2517.5,-1.0526315789473717,3.3167825223435976,-1.6087388282025827,2.061728395061729,2026-09-08,-2.164846077457794,3.3167825223435976,-4.448857994041711,0.7455357142857145,2026-09-15,,,,,
,8601,8601.T,8601_20260818_01,7.0,True,False,1855.0,-1.1051212938005373,2.3180592991913773,-1.99460916442048,1.1621621621621665,2026-09-08,-0.9973045822102456,2.3180592991913773,-3.5309973045822063,0.6564885496183221,2026-09-15,,,,,
,8306,8306.T,8306_20260818_01,7.0,False,True,3686.0,-0.8138903960933308,2.9571351058057527,-1.6006511123168754,1.847457627118644,2026-09-08,-0.4883342376559962,2.9571351058057527,-3.011394465545303,0.9819819819819836,2026-09-15,,,,,
,8604,8604.T,8604_20260818_01,7.0,True,False,1637.0,0.7025045815516107,2.748930971288943,-2.443494196701279,1.1250000000000018,2026-09-08,0.4581551618815016,3.11545510079414,-2.443494196701279,1.2750000000000037,2026-09-15,,,,,
,8015,8015.T,8015_20260828_01,7.0,False,True,7620.0,-1.8110236220472475,2.33595800524935,-2.650918635170607,0.8811881188118824,2026-09-08,-3.818897637795271,2.33595800524935,-4.776902887139112,0.4890109890109898,2026-09-15,,,,,
,7203,7203.T,7203_20260901_01,7.0,False,True,3230.0,-8.095975232198139,-1.2383900928792602,-8.095975232198139,-0.1529636711281075,2026-09-08,-6.470588235294117,-1.2383900928792602,-8.993808049535602,-0.1376936316695356,2026-09-15,,,,,
,8331,8331.T,8331_20260818_01,7.0,False,True,2842.0,-3.184377199155519,1.3546798029556717,-3.184377199155519,0.4254143646408868,2026-09-08,-4.363124560168896,1.3546798029556717,-7.072484166080228,0.1915422885572148,2026-09-15,,,,,
,4021,4021.T,4021_20260831_02,7.0,False,True,8325.0,-6.04204204204204,-1.5135135135135092,-6.21021021021021,-0.2437137330754345,2026-09-08,-4.336336336336332,-1.5135135135135092,-7.459459459459461,-0.202898550724637,2026-09-15,,,,,
,8309,8309.T,8309_20260818_01,7.0,True,False,1796.5,-2.2265516281658737,1.0019482326746545,-2.783189535207342,0.360000000000004,2026-09-08,-1.3080990815474536,1.0019482326746545,-4.480935151683829,0.2236024844720517,2026-09-15,,,,,
,8354,8354.T,8354_20260821_01,7.0,False,True,7941.0,-2.6570960836166724,1.0200226671703838,-2.6570960836166724,0.3838862559241715,2026-09-08,-2.5941317214456583,1.0200226671703838,-4.546026948747006,0.2243767313019397,2026-09-15,,,,,
,8725,8725.T,8725_20260818_01,7.0,True,False,5183.0,-2.0258537526529063,2.5467875747636537,-2.2187922052865128,1.1478260869565236,2026-09-08,-0.4823461315840216,2.5467875747636537,-5.170750530580747,0.4925373134328362,2026-09-15,,,,,
,7269,7269.T,7269_20260818_01,7.0,True,False,2215.5,-10.200857594222525,-2.482509591514326,-11.938614308282558,-0.2079395085066157,2026-09-09,-8.530805687203792,-2.482509591514326,-11.938614308282558,-0.2079395085066157,2026-09-16,,,,,
,8725,8725.T,8725_20260818_01,7.0,True,False,5180.0,-4.498069498069501,2.6061776061776065,-4.826254826254828,0.5399999999999999,2026-09-09,-0.4826254826254872,2.6061776061776065,-5.115830115830111,0.5094339622641515,2026-09-16,,,,,
,8604,8604.T,8604_20260818_01,7.0,True,False,1623.5,-0.4619648906683093,3.6033261472128153,-0.6159531875577495,5.849999999999969,2026-09-09,0.6775485063135189,3.972898059747454,-0.6159531875577495,6.44999999999995,2026-09-16,,,,,
,4578,4578.T,4578_20260818_01,7.0,False,True,12335.0,-5.350628293473858,0.4053506282934771,-5.7559789217673245,0.0704225352112682,2026-09-09,-11.593027969193349,0.4053506282934771,-12.890149979732469,0.0314465408805034,2026-09-16,,,,,
,7203,7203.T,7203_20260901_01,7.0,False,True,3183.0,-6.660383286207983,-0.0314169022934351,-7.650015708451152,-0.0041067761806983,2026-09-09,-5.246622683003455,-0.0314169022934351,-7.650015708451152,-0.0041067761806983,2026-09-16,,,,,
,8316,8316.T,8316_20260827_02,7.0,False,True,6990.0,-2.7038626609442007,2.7324749642346102,-2.7038626609442007,1.0105820105820087,2026-09-09,-2.1173104434907053,2.7324749642346102,-3.3905579399141628,0.8059071729957775,2026-09-16,,,,,
,6178,6178.T,6178_20260828_01,7.0,False,True,2551.0,-5.919247353978829,2.0384163073304595,-5.919247353978829,0.3443708609271526,2026-09-09,-1.7444139553116411,2.0384163073304595,-6.624852998823993,0.3076923076923077,2026-09-16,,,,,
,8309,8309.T,8309_20260818_01,7.0,True,False,1787.5,-3.2167832167832144,1.51048951048951,-3.244755244755249,0.4655172413793096,2026-09-09,-0.6433566433566407,1.51048951048951,-4.000000000000004,0.3776223776223771,2026-09-16,,,,,
,8601,8601.T,8601_20260818_01,7.0,True,False,1842.0,-2.442996742671011,3.040173724212813,-2.8230184581976125,1.0769230769230769,2026-09-09,-0.5971769815418027,3.040173724212813,-2.8501628664495127,1.0666666666666669,2026-09-16,,,,,
,2914,2914.T,2914_20260821_01,7.0,False,True,7055.0,-6.307583274273565,-0.5953224663359347,-6.3784549964564174,-0.0933333333333337,2026-09-09,-3.99716513111269,-0.5953224663359347,-7.866761162296243,-0.075675675675676,2026-09-16,,,,,
,8591,8591.T,8591_20260901_02,7.0,False,True,6386.0,-5.715627936110246,3.0848731600375823,-5.919198246163482,0.5211640211640212,2026-09-09,-3.3823989978077007,3.0848731600375823,-6.843094268712813,0.4508009153318075,2026-09-16,,,,,
,8316,8316.T,8316_20260827_02,7.0,False,True,7089.0,-2.6519960502186524,1.2977853011708174,-4.499929468190156,0.2884012539184928,2026-09-10,-2.9764423755113567,1.2977853011708174,-4.739737621667373,0.2738095238095215,2026-09-17,,,,,
,8725,8725.T,8725_20260818_01,7.0,True,True,5211.0,-4.739973133755515,1.9957781615812744,-5.680291690654382,0.3513513513513522,2026-09-10,0.940318556898867,1.9957781615812744,-5.680291690654382,0.3513513513513522,2026-09-17,,,,,
,8750,8750.T,8750_20260827_02,7.0,True,False,1883.5,-2.6811786567560447,1.7786036633926194,-5.335810990177858,0.3333333333333333,2026-09-10,2.521900716750736,3.2651977701088297,-5.335810990177858,0.611940298507461,2026-09-17,,,,,
,8601,8601.T,8601_20260818_01,7.0,True,True,1856.0,-1.0237068965517238,2.2629310344827624,-3.5560344827586188,0.6363636363636378,2026-09-10,-1.4008620689655138,2.2629310344827624,-3.5829741379310387,0.6315789473684214,2026-09-17,,,,,
,8306,8306.T,8306_20260818_01,7.0,False,True,3754.0,-2.4507192328183325,1.0921683537559843,-4.635055940330313,0.2356321839080441,2026-09-10,-2.7171017581246626,1.0921683537559843,-4.768247202983488,0.2290502793296068,2026-09-17,,,,,
,8015,8015.T,8015_20260828_01,7.0,False,True,7673.0,-3.166949042095657,1.6290890134236902,-5.069725009774539,0.3213367609254489,2026-09-10,-1.798514270819762,1.6290890134236902,-5.434640948781444,0.299760191846522,2026-09-17,,,,,
,6178,6178.T,6178_20260828_01,7.0,False,True,2552.0,-4.682601880877746,1.998432601880884,-6.328369905956111,0.3157894736842116,2026-09-10,-0.4898119122257016,1.998432601880884,-6.661442006269591,0.300000000000001,2026-09-17,,,,,
,8308,8308.T,8308_20260827_01,7.0,False,True,2550.0,-2.4117647058823577,1.8235294117647127,-5.666666666666664,0.3217993079584788,2026-09-10,-2.784313725490195,1.8235294117647127,-5.666666666666664,0.3217993079584788,2026-09-17,,,,,
,8354,8354.T,8354_20260821_01,7.0,False,True,7933.0,-2.0799193243413616,1.121895877978063,-4.449766796924237,0.2521246458923507,2026-09-10,-1.802596747762508,1.121895877978063,-4.449766796924237,0.2521246458923507,2026-09-17,,,,,
,8411,8411.T,8411_20260818_01,7.0,False,True,8731.0,-1.431680219906084,1.408773336387581,-3.7681823387928026,0.3738601823708202,2026-09-10,-2.084526400183251,1.408773336387581,-3.7681823387928026,0.3738601823708202,2026-09-17,,,,,
,8604,8604.T,8604_20260818_01,7.0,True,True,1632.0,2.083333333333326,3.0637254901960675,-1.1335784313725503,2.7027027027026893,2026-09-10,-2.5428921568627416,3.431372549019618,-3.2475490196078427,1.056603773584909,2026-09-17,,,,,
,8309,8309.T,8309_20260818_01,7.0,True,False,1787.0,-1.6508114157806395,1.5388919977616045,-3.497481813094572,0.4399999999999979,2026-09-10,0.1398992725237802,1.5388919977616045,-3.973139339675436,0.3873239436619698,2026-09-17,,,,,
,8309,8309.T,8309_20260818_01,7.0,True,False,1801.0,-1.887840088839532,0.3886729594669624,-4.71960022209883,0.0823529411764705,2026-09-11,-1.804553026096612,0.3886729594669624,-4.71960022209883,0.0823529411764705,2026-09-18,,,,,
,8601,8601.T,8601_20260818_01,7.0,True,False,1867.0,-1.339046598821636,0.5356186395286455,-4.151044456347086,0.1290322580645135,2026-09-11,-1.1515800749866134,0.5356186395286455,-4.151044456347086,0.1290322580645135,2026-09-18,,,,,
,8725,8725.T,8725_20260818_01,7.0,True,True,5240.0,-2.843511450381675,0.1717557251908363,-6.202290076335881,0.0276923076923071,2026-09-11,-0.4389312977099213,1.6412213740458093,-6.202290076335881,0.2646153846153857,2026-09-18,,,,,
,8306,8306.T,8306_20260818_01,7.0,False,True,3785.0,-3.2760898282694795,0.264200792602387,-5.548216644649939,0.0476190476190492,2026-09-11,-4.35931307793923,0.264200792602387,-5.548216644649939,0.0476190476190492,2026-09-18,,,,,
,8411,8411.T,8411_20260818_01,7.0,False,True,8774.0,-1.3676772281741467,0.9117848187827572,-4.239799407339873,0.2150537634408575,2026-09-11,-3.179849555504899,0.9117848187827572,-4.912240711192162,0.1856148491879328,2026-09-18,,,,,
,8750,8750.T,8750_20260827_02,7.0,True,False,1877.5,0.2929427430093279,0.9320905459387464,-5.033288948069236,0.1851851851851849,2026-09-11,1.9174434087882768,3.6750998668442,-5.033288948069236,0.7301587301587293,2026-09-18,,,,,
,8053,8053.T,8053_20260904_01,7.0,False,True,1820.0,0.1098901098901095,3.901098901098909,-2.857142857142858,1.365384615384618,2026-09-11,-1.318681318681314,3.901098901098909,-3.159340659340659,1.2347826086956548,2026-09-18,,,,,
,8604,8604.T,8604_20260818_01,7.0,True,True,1669.0,-0.2696225284601561,0.7789095266626633,-3.325344517675255,0.2342342342342315,2026-09-11,-5.272618334331936,1.1384062312762122,-6.05152786099461,0.1881188118811878,2026-09-18,,,,,
,8354,8354.T,8354_20260821_01,7.0,False,True,7925.0,-1.236593059936908,0.7444794952681466,-4.353312302839118,0.1710144927536249,2026-09-11,-2.2586750788643584,0.7444794952681466,-4.353312302839118,0.1710144927536249,2026-09-18,,,,,
,8316,8316.T,8316_20260827_02,7.0,False,True,7083.0,-2.428349569391497,0.1553014259494611,-4.659042778483691,0.0333333333333343,2026-09-11,-3.571932796837496,0.1553014259494611,-5.322603416631367,0.0291777188328921,2026-09-18,,,,,
,6178,6178.T,6178_20260828_01,7.0,False,True,2512.5,-1.7313432835820874,0.776119402985076,-5.194029850746274,0.1494252873563219,2026-09-11,0.5970149253731405,1.6119402985074638,-5.194029850746274,0.3103448275862068,2026-09-18,,,,,
,6857,6857.T,6857_20260903_02,7.0,False,True,34520.0,-12.63035921205099,-0.8980301274623459,-13.644264194669752,-0.0658174097664547,2026-09-15,,,,,,,,,,
,4689,4689.T,4689_20260903_02,7.0,True,False,526.6,7.273077176996301,8.146600835548789,-3.000382112994926,2.715187775672013,2026-09-15,,,,,,,,,,
,8411,8411.T,8411_20260818_01,7.0,True,False,8655.0,-0.6585788561525141,1.9179664933564489,-2.9231658001155347,0.6561264822134425,2026-09-15,,,,,,,,,,
,8601,8601.T,8601_20260818_01,7.0,True,False,1857.5,-1.1305518169582809,0.9421265141319024,-3.660834454912521,0.2573529411764716,2026-09-15,,,,,,,,,,
,8604,8604.T,8604_20260818_01,7.0,True,False,1662.5,-1.0827067669172965,1.533834586466165,-2.947368421052632,0.5204081632653059,2026-09-15,,,,,,,,,,
,8309,8309.T,8309_20260818_01,7.0,True,False,1771.5,0.0846740050804317,1.8346034434095329,-3.1329381879762863,0.5855855855855842,2026-09-15,,,,,,,,,,
,8601,8601.T,8601_20260818_01,7.0,True,False,1818.0,0.7150715071507108,3.135313531353145,-1.5676567656765727,2.0,2026-09-16,,,,,,,,,,
,8053,8053.T,8053_20260904_01,7.0,False,True,1861.5,-4.055868922911632,-1.2892828364222453,-5.31829170024174,-0.2424242424242434,2026-09-16,,,,,,,,,,
,8309,8309.T,8309_20260818_01,7.0,True,False,1747.5,1.6309012875536544,3.4620886981401977,-1.8025751072961336,1.920634920634923,2026-09-16,,,,,,,,,,
,8411,8411.T,8411_20260818_01,7.0,True,False,8617.0,-0.5918533132180603,2.367413252872219,-2.495067889056513,0.9488372093023228,2026-09-16,,,,,,,,,,
,8015,8015.T,8015_20260828_01,7.0,True,False,7466.0,-1.0715242432359997,2.437717653361915,-2.812751138494507,0.8666666666666698,2026-09-16,,,,,,,,,,
,5713,5713.T,5713_20260904_01,7.0,False,True,10160.0,-4.527559055118113,1.5748031496062964,-8.366141732283461,0.1882352941176468,2026-09-16,,,,,,,,,,
,8604,8604.T,8604_20260818_01,7.0,True,True,1629.0,0.3376304481276904,3.621853898096994,-0.920810313075504,3.9333333333333456,2026-09-16,,,,,,,,,,
,9101,9101.T,9101_20260904_02,7.0,True,False,7217.0,4.835804350838302,5.2930580573645525,-1.8290148261050243,2.8939393939394007,2026-09-17,,,,,,,,,,
,4689,4689.T,4689_20260903_02,7.0,True,False,515.1,7.513101881764461,10.832852730355746,0.8153732853753981,13.2857587127941,2026-09-17,,,,,,,,,,
,8309,8309.T,8309_20260818_01,7.0,True,False,1734.0,3.2006920415224904,4.267589388696647,-1.038062283737029,4.111111111111084,2026-09-17,,,,,,,,,,
,8604,8604.T,8604_20260818_01,7.0,True,False,1638.0,-2.8998778998779007,3.0525030525030417,-3.6019536019536003,0.8474576271186415,2026-09-17,,,,,,,,,,
,8601,8601.T,8601_20260818_01,7.0,True,False,1810.5,1.0770505385252704,3.562551781275891,-1.1599005799502904,3.0714285714285707,2026-09-17,,,,,,,,,,
,9101,9101.T,9101_20260904_02,7.0,True,False,7198.0,4.056682411781054,5.5709919422061605,0.5001389274798651,11.13888888888866,2026-09-18,,,,,,,,,,
,4689,4689.T,4689_20260903_02,7.0,True,False,522.1,2.815550238071008,9.346873092139909,2.0877226584945285,4.477066460005757,2026-09-18,,,,,,,,,,
,8309,8309.T,8309_20260818_01,7.0,True,False,1757.5,0.6258890469416745,2.873399715504976,-0.540540540540535,5.31578947368426,2026-09-18,,,,,,,,,,
,8604,8604.T,8604_20260818_01,7.0,True,False,1666.0,-5.102040816326525,1.3205282112845218,-5.882352941176472,0.2244897959183686,2026-09-18,,,,,,,,,,
,8601,8601.T,8601_20260818_01,7.0,True,False,1837.0,0.462710941752853,2.0685900925421885,-1.0887316276537828,1.900000000000001,2026-09-18,,,,,,,,,,
,9101,9101.T,9101_20260904_02,7.0,True,False,7309.0,,,,,,,,,,,,,,,
,8725,8725.T,8725_20260818_01,7.0,True,False,5153.0,,,,,,,,,,,,,,,
,8750,8750.T,8750_20260911_03,7.0,False,True,1888.0,,,,,,,,,,,,,,,
,8604,8604.T,8604_20260818_01,7.0,True,False,1658.5,,,,,,,,,,,,,,,
,8601,8601.T,8601_20260818_01,7.0,True,False,1839.0,,,,,,,,,,,,,,,
,8309,8309.T,8309_20260818_01,7.0,True,False,1760.5,,,,,,,,,,,,,,,
,7832,7832.T,7832_20260903_01,7.0,False,True,5514.0,,,,,,,,,,,,,,,
,8725,8725.T,8725_20260818_01,7.0,True,True,5137.0,,,,,,,,,,,,,,,
,9101,9101.T,9101_20260904_02,7.0,True,False,7338.0,,,,,,,,,,,,,,,
,8604,8604.T,8604_20260818_01,7.0,True,False,1653.5,,,,,,,,,,,,,,,
,7832,7832.T,7832_20260903_01,7.0,False,True,5565.0,,,,,,,,,,,,,,,
,8750,8750.T,8750_20260911_03,7.0,False,True,1890.0,,,,,,,,,,,,,,,
,6701,6701.T,6701_20260914_01,7.0,False,True,4825.0,,,,,,,,,,,,,,,
,8601,8601.T,8601_20260818_01,7.0,True,False,1848.5,,,,,,,,,,,,,,,
,9432,9432.T,9432_20260903_02,7.0,False,True,176.7,,,,,,,,,,,,,,,
,8309,8309.T,8309_20260818_01,7.0,True,False,1782.0,,,,,,,,,,,,,,,
,8725,8725.T,8725_20260818_01,7.0,True,False,5186.0,,,,,,,,,,,,,,,
,9104,9104.T,9104_20260904_02,7.0,False,True,7145.0,,,,,,,,,,,,,,,
,7832,7832.T,7832_20260903_01,7.0,False,True,5483.0,,,,,,,,,,,,,,,
,9101,9101.T,9101_20260904_02,7.0,True,False,7388.0,,,,,,,,,,,,,,,
,8601,8601.T,8601_20260818_01,7.0,True,False,1826.0,,,,,,,,,,,,,,,
,4689,4689.T,4689_20260903_02,7.0,False,True,566.0,,,,,,,,,,,,,,,
,8750,8750.T,8750_20260911_03,7.0,False,True,1912.0,,,,,,,,,,,,,,,
,8309,8309.T,8309_20260818_01,7.0,True,False,1795.0,,,,,,,,,,,,,,,
,6701,6701.T,6701_20260914_01,7.0,False,True,4786.0,,,,,,,,,,,,,,,
,8604,8604.T,8604_20260818_01,7.0,True,False,1646.0,,,,,,,,,,,,,,,
,8309,8309.T,8309_20260818_01,7.0,True,False,1793.0,,,,,,,,,,,,,,,
,8604,8604.T,8604_20260818_01,7.0,True,False,1620.5,,,,,,,,,,,,,,,
,8750,8750.T,8750_20260911_03,7.0,False,True,1940.0,,,,,,,,,,,,,,,
,8331,8331.T,8331_20260818_01,7.0,False,True,2777.0,,,,,,,,,,,,,,,
,8601,8601.T,8601_20260818_01,7.0,True,False,1853.0,,,,,,,,,,,,,,,
,8725,8725.T,8725_20260818_01,7.0,True,False,5271.0,,,,,,,,,,,,,,,
,8628,8628.T,8628_20260917_01,7.0,True,False,1187.0,,,,,,,,,,,,,,,
,6701,6701.T,6701_20260914_01,7.0,False,True,4906.0,,,,,,,,,,,,,,,
,8628,8628.T,8628_20260917_01,7.0,True,False,1172.0,,,,,,,,,,,,,,,
,8725,8725.T,8725_20260818_01,7.0,True,False,5217.0,,,,,,,,,,,,,,,
,8604,8604.T,8604_20260818_01,7.0,True,False,1581.0,,,,,,,,,,,,,,,
,8601,8601.T,8601_20260818_01,7.0,True,False,1845.5,,,,,,,,,,,,,,,
,8309,8309.T,8309_20260818_01,7.0,True,False,1768.5,,,,,,,,,,,,,,,
,6701,6701.T,6701_20260914_01,7.0,False,True,4853.0,,,,,,,,,,,,,,,
,8750,8750.T,8750_20260911_03,7.0,False,True,1926.0,,,,,,,,,,,,,,,
,9101,9101.T,9101_20260904_02,7.0,False,True,7494.0,,,,,,,,,,,,,,,
,7832,7832.T,7832_20260903_01,7.0,False,True,5548.0,,,,,,,,,,,,,,,
,4631,4631.T,4631_20260818_01,7.0,True,False,5495.0,-7.279344858962689,-1.273885350318471,-8.043676069153772,-0.1583710407239819,2026-08-25,-3.639672429481344,-1.273885350318471,-11.22838944494996,-0.1134521880064829,2026-09-01,-15.614194722474972,-1.273885350318471,-18.016378525932662,-0.0707070707070707,2026-09-15
,2503,2503.T,2503_20260818_01,7.0,True,False,2998.5,2.6846756711689235,4.018676004669008,0.1834250458562669,21.90909090909029,2026-08-26,-0.8004002001000488,4.018676004669008,-0.9504752376188086,4.228070175438607,2026-09-02,-5.252626313156583,4.018676004669008,-8.137402034350504,0.4938524590163946,2026-09-16
,8725,8725.T,8725_20260818_01,7.0,True,False,4860.0,4.609053497942384,4.97942386831276,-2.1604938271604923,2.304761904761908,2026-08-26,5.65843621399178,7.489711934156373,-2.1604938271604923,3.466666666666667,2026-09-02,6.069958847736623,9.362139917695478,-2.1604938271604923,4.333333333333338,2026-09-16
,5019,5019.T,5019_20260818_01,7.0,False,True,1337.0,1.533283470456248,4.487658937920713,-0.4487658937920691,10.00000000000005,2026-08-26,9.349289454001486,12.266267763649964,-0.4487658937920691,27.3333333333335,2026-09-02,24.906507105459987,27.78608825729245,-0.4487658937920691,61.916666666667055,2026-09-16
,8331,8331.T,8331_20260818_01,7.0,True,False,2723.5,3.6166697264549352,4.681476041857913,-1.230034881586195,3.805970149253736,2026-08-26,2.808885625114743,5.195520469983483,-1.230034881586195,4.223880597014928,2026-09-02,0.2203047549109493,5.764641086836786,-3.029190380025704,1.9030303030303004,2026-09-16
,8309,8309.T,8309_20260818_01,7.0,True,False,1688.5,3.6718981344388446,4.441812259401834,-0.7699141249629893,5.769230769230734,2026-08-26,5.1228901391767945,7.936037903464621,-0.7699141249629893,10.30769230769226,2026-09-02,5.1821143026354655,7.936037903464621,-0.7699141249629893,10.30769230769226,2026-09-16
,8604,8604.T,8604_20260818_01,7.0,True,False,1509.5,6.227227558794302,6.989069228221267,-0.8280887711162643,8.439999999999996,2026-08-26,6.558463067240816,9.4402119907254,-0.8280887711162643,11.399999999999984,2026-09-02,8.280887711162643,11.825107651540234,-0.8280887711162643,14.279999999999974,2026-09-16
,4503,4503.T,4503_20260820_01,7.0,False,True,2418.0,-1.1166253101737025,1.530190239867668,-1.8610421836228297,0.8222222222222266,2026-08-27,-0.041356492969391,1.530190239867668,-3.61869313482217,0.4228571428571449,2026-09-03,-2.1918941273780024,1.530190239867668,-9.7394540942928,0.1571125265392791,2026-09-17
,8604,8604.T,8604_20260818_01,7.0,True,False,1521.0,5.950032873109801,6.804733727810652,-1.4792899408283988,4.600000000000012,2026-08-27,7.297830374753443,9.434582511505596,-1.4792899408283988,6.377777777777798,2026-09-03,4.569362261669951,10.97961867192636,-1.4792899408283988,7.422222222222238,2026-09-17
,7269,7269.T,7269_20260818_01,7.0,True,True,2087.0,2.2520364159080097,4.120747484427412,-0.7906085289889786,5.212121212121223,2026-08-27,1.030186871106853,9.631049353138476,-0.7906085289889786,12.181818181818194,2026-09-03,-1.916626736942984,9.631049353138476,-6.516530905606133,1.4779411764705883,2026-09-17
,5101,5101.T,5101_20260818_01,7.0,True,False,7562.0,-1.5075376884422065,2.618354932557532,-2.36709865115049,1.1061452513966508,2026-08-27,-7.061623909018778,2.618354932557532,-9.151018249140442,0.2861271676300585,2026-09-03,-9.045226130653262,2.618354932557532,-13.27691087014018,0.1972111553784865,2026-09-17
,5019,5019.T,5019_20260818_01,7.0,False,True,1349.5,1.519081141163392,3.519822156354202,-0.7039644312708426,4.999999999999984,2026-08-27,10.37421267135976,11.633938495739171,-0.7039644312708426,16.52631578947366,2026-09-03,23.97184142274917,26.60244535012968,-0.7039644312708426,37.78947368421044,2026-09-17
,8309,8309.T,8309_20260818_01,7.0,True,False,1690.5,4.170363797693,4.939367051168286,-0.3549245785270605,13.916666666666744,2026-08-27,5.708370304643595,7.808340727595375,-0.3549245785270605,22.000000000000124,2026-09-03,5.856255545696532,7.808340727595375,-0.3549245785270605,22.000000000000124,2026-09-17
,8601,8601.T,8601_20260818_01,7.0,True,False,1757.0,3.7564029595902095,4.524758110415483,-0.8252703471826939,5.482758620689684,2026-08-27,5.634604439385327,6.659077973819016,-0.8252703471826939,8.068965517241425,2026-09-03,4.154809334092202,8.025042686397278,-0.8252703471826939,9.72413793103454,2026-09-17
,4021,4021.T,4021_20260818_01,7.0,False,True,8162.0,-1.3354569958343498,1.1761823082577785,-4.165645675079633,0.2823529411764705,2026-08-27,-2.058319039451117,2.54839500122519,-4.165645675079633,0.6117647058823537,2026-09-03,0.4288164665523064,2.54839500122519,-5.611369762313156,0.4541484716157207,2026-09-17
,9503,9503.T,9503_20260820_01,7.0,False,True,2557.5,1.8572825024437911,3.186705767350939,-1.2903225806451646,2.4696969696969715,2026-08-27,18.318670576735087,19.37438905180841,-1.2903225806451646,15.015151515151484,2026-09-03,16.500488758553278,19.37438905180841,-1.2903225806451646,15.015151515151484,2026-09-17
,8601,8601.T,8601_20260818_01,7.0,True,False,1779.0,4.721753794266448,5.340078695896566,-0.6464305789769531,8.260869565217387,2026-08-28,4.946599213041036,6.68915120854412,-0.6464305789769531,10.347826086956516,2026-09-04,3.7380550871275897,6.68915120854412,-0.6464305789769531,10.347826086956516,2026-09-18
,7269,7269.T,7269_20260818_01,7.0,False,True,2103.5,3.161397670549082,3.304017114333257,-1.02210601378655,3.232558139534875,2026-08-28,-1.735203232707394,8.771095792726413,-2.1868314713572645,4.010869565217388,2026-09-04,-3.5892560019015973,8.771095792726413,-7.249821725695272,1.2098360655737708,2026-09-18
,8725,8725.T,8725_20260818_01,7.0,True,True,4945.0,3.4175935288169867,3.842264914054594,-1.7391304347826098,2.20930232558139,2026-08-28,5.965621840242674,7.482305358948427,-1.7391304347826098,4.302325581395343,2026-09-04,5.500505561172897,7.704752275025273,-1.7391304347826098,4.430232558139529,2026-09-18
,8604,8604.T,8604_20260818_01,7.0,True,False,1535.0,6.970684039087938,7.622149837133539,-1.140065146579805,6.685714285714274,2026-08-28,8.729641693811075,9.348534201954406,-1.140065146579805,8.200000000000005,2026-09-04,2.9967426710097778,9.967426710097715,-1.140065146579805,8.742857142857135,2026-09-18
,8331,8331.T,8331_20260818_01,7.0,True,False,2753.5,2.215362266206644,3.5409478845106257,-1.2529507899037615,2.826086956521735,2026-08-28,3.904122026511714,4.249137461412755,-1.2529507899037615,3.3913043478260856,2026-09-04,-0.5992373343017943,4.612311603413843,-4.085709097512257,1.1288888888888904,2026-09-18
,8309,8309.T,8309_20260818_01,7.0,True,False,1715.5,4.313611192072275,4.809093558729227,-1.0492567764500138,4.58333333333333,2026-08-28,4.983969688137568,6.237248615563984,-1.0492567764500138,5.944444444444457,2026-09-04,3.0894782862139314,6.237248615563984,-1.0492567764500138,5.944444444444457,2026-09-18
,4503,4503.T,4503_20260820_01,7.0,False,True,2406.5,-1.4543943486390989,2.015375025971333,-3.158113442759192,0.6381578947368443,2026-08-31,-4.300851859547061,2.015375025971333,-4.529399542904633,0.4449541284403682,2026-09-07,,,,,
,9503,9503.T,9503_20260820_01,7.0,False,True,2582.0,8.849728892331532,9.004647560030987,-0.7164988381099913,12.56756756756759,2026-08-31,14.852827265685509,18.24167312161116,-0.7164988381099913,25.4594594594595,2026-09-07,,,,,
,8604,8604.T,8604_20260818_01,7.0,True,False,1539.0,6.270305393112419,7.342430149447687,0.5198180636777128,14.12499999999999,2026-08-31,7.602339181286544,9.064327485380108,0.5198180636777128,17.437499999999982,2026-09-07,,,,,
,7269,7269.T,7269_20260818_01,7.0,True,False,2126.5,4.726075711262645,5.360921702327759,-0.446743475193978,12.00000000000005,2026-08-31,-3.362332471196805,7.594639078297671,-3.99717846226193,1.900000000000001,2026-09-07,,,,,
,8725,8725.T,8725_20260818_01,7.0,True,False,4927.0,3.653338745687029,4.221635883905006,0.9133346864217629,4.622222222222188,2026-08-31,4.5057844530139946,7.874974629592035,0.9133346864217629,8.622222222222163,2026-09-07,,,,,
,8601,8601.T,8601_20260818_01,7.0,True,False,1786.5,3.1905961376994085,4.897844948222785,0.2518891687657509,19.44444444444385,2026-08-31,4.478029666946548,6.241253848306738,0.2518891687657509,24.777777777776976,2026-09-07,,,,,
,8309,8309.T,8309_20260818_01,7.0,True,False,1702.0,4.406580493537016,5.640423031727382,-0.1175088131609825,48.00000000000189,2026-08-31,4.700352526439477,7.079905992949476,-0.1175088131609825,60.25000000000239,2026-09-07,,,,,
,4503,4503.T,4503_20260820_01,7.0,False,True,2415.0,-0.0207039337474124,1.6563146997929712,-3.498964803312632,0.4733727810650914,2026-09-01,-5.569358178053829,1.6563146997929712,-5.9834368530020665,0.2768166089965417,2026-09-08,,,,,
,7269,7269.T,7269_20260818_01,7.0,True,False,2119.0,6.418121755545059,7.975460122699385,0.4483246814535269,17.789473684210083,2026-09-01,-6.559697970740919,7.975460122699385,-6.559697970740919,1.2158273381294955,2026-09-08,,,,,
,8309,8309.T,8309_20260818_01,7.0,True,False,1734.0,4.354094579008083,5.103806228373697,0.4901960784313708,10.41176470588238,2026-09-01,1.2975778546712835,5.103806228373697,0.4901960784313708,10.41176470588238,2026-09-08,,,,,
,8725,8725.T,8725_20260818_01,7.0,True,False,5072.0,2.267350157728698,2.9968454258675115,-1.0055205047318605,2.980392156862751,2026-09-01,0.1182965299684646,4.7910094637223954,-1.0055205047318605,4.764705882352943,2026-09-08,,,,,
,9503,9503.T,9503_20260820_01,7.0,False,True,2591.5,14.02662550646343,14.084507042253524,-1.0804553347482204,13.035714285714226,2026-09-01,13.428516303299244,17.808219178082197,-1.0804553347482204,16.482142857142783,2026-09-08,,,,,
,8601,8601.T,8601_20260818_01,7.0,True,False,1813.5,2.591673559415497,3.3360904328646246,-1.2406947890818865,2.688888888888886,2026-09-01,1.1579818031431044,4.659498207885315,-1.2406947890818865,3.755555555555562,2026-09-08,,,,,
,8604,8604.T,8604_20260818_01,7.0,True,False,1571.5,4.39070951320395,5.122494432071267,0.1590836780146265,32.20000000000184,2026-09-01,4.899777282850781,7.031498568246897,0.1590836780146265,44.20000000000254,2026-09-08,,,,,
,2503,2503.T,2503_20260818_01,7.0,False,True,3084.0,-0.745784695201035,1.1348897535667923,-2.075226977950717,0.5468749999999971,2026-09-01,-7.70103761348897,1.1348897535667923,-7.8793774319066205,0.1440329218106989,2026-09-08,,,,,
,9503,9503.T,9503_20260820_01,7.0,False,True,2590.5,16.811426365566497,17.853696197645252,-1.042269832078746,17.129629629629694,2026-09-03,14.147847905809696,17.853696197645252,-1.042269832078746,17.129629629629694,2026-09-10,,,,,
,8604,8604.T,8604_20260818_01,7.0,True,True,1620.0,0.7407407407407307,2.746913580246924,-1.4197530864197505,1.9347826086956628,2026-09-03,2.839506172839501,3.827160493827164,-1.4197530864197505,2.695652173913051,2026-09-10,,,,,
,8750,8750.T,8750_20260827_02,7.0,True,False,1817.0,3.6598789212988425,4.155200880572374,-0.3577325261419961,11.615384615384496,2026-09-03,0.8805723720418213,5.503577325261411,-1.871216290588884,2.9411764705882284,2026-09-10,,,,,
,2914,2914.T,2914_20260821_01,7.0,False,True,7014.0,-0.9409751924721932,1.3544339891645274,-1.6110635871114942,0.840707964601768,2026-09-03,-5.702879954376961,1.3544339891645274,-6.102081551183347,0.2219626168224298,2026-09-10,,,,,
,8308,8308.T,8308_20260827_01,7.0,False,True,2430.0,4.938271604938271,7.037037037037042,0.5144032921810648,13.680000000000144,2026-09-03,2.4074074074074137,7.037037037037042,-1.0082304526748964,6.979591836734703,2026-09-10,,,,,
,8411,8411.T,8411_20260818_01,7.0,False,True,8326.0,4.864280566898871,6.822003362959395,-0.4323804948354603,15.777777777777567,2026-09-03,3.362959404275756,6.822003362959395,-0.4323804948354603,15.777777777777567,2026-09-10,,,,,
,8309,8309.T,8309_20260818_01,7.0,True,False,1756.5,1.7364076288072905,3.757472245943627,-0.5693139766581257,6.599999999999996,2026-09-03,0.0569313976658047,3.757472245943627,-1.8218047253060088,2.062499999999991,2026-09-10,,,,,
,8725,8725.T,8725_20260818_01,7.0,True,False,5042.0,3.3518445061483604,4.204680682268935,-0.4165013883379642,10.095238095238006,2026-09-03,-1.547005156683856,5.414518048393502,-2.518841729472432,2.149606299212601,2026-09-10,,,,,
,8601,8601.T,8601_20260818_01,7.0,True,False,1827.5,1.559507523939807,2.5444596443228384,-0.5198358413132653,4.894736842105289,2026-09-03,0.5198358413132764,3.857729138166888,-2.0519835841313228,1.8800000000000003,2026-09-10,,,,,
,8354,8354.T,8354_20260821_01,7.0,False,True,7733.0,2.5863183757920627,3.724298461140574,-0.4138109401267242,9.000000000000135,2026-09-03,0.4526057157636209,3.737230053019536,-1.9785335574809213,1.8888888888888973,2026-09-10,,,,,
,9432,9432.T,9432_20260827_01,7.0,False,True,167.6,3.341286961958345,5.011933174224348,-0.1789957925072638,28.000284833627912,2026-09-03,4.534604384392726,5.011933174224348,-0.1789957925072638,28.000284833627912,2026-09-10,,,,,
,8411,8411.T,8411_20260818_01,7.0,True,True,8449.0,3.846609066161677,5.266895490590606,-1.4676293052432232,3.5887096774193594,2026-09-04,2.426322641732748,5.266895490590606,-1.4676293052432232,3.5887096774193594,2026-09-11,,,,,
,8316,8316.T,8316_20260827_02,7.0,False,True,6881.0,2.935619822700186,4.359831419851767,-1.5259409969481164,2.857142857142861,2026-09-04,0.4359831419851856,4.359831419851767,-1.860194739136756,2.343749999999998,2026-09-11,,,,,
,8604,8604.T,8604_20260818_01,7.0,True,False,1642.5,1.6133942161339343,2.191780821917799,-2.7701674277016752,0.7912087912087877,2026-09-04,1.3394216133942205,2.404870624048705,-2.7701674277016752,0.8681318681318674,2026-09-11,,,,,
,8308,8308.T,8308_20260827_01,7.0,False,True,2520.0,1.1904761904761862,3.214285714285725,-1.6666666666666718,1.928571428571429,2026-09-04,0.079365079365079,3.214285714285725,-4.543650793650789,0.7074235807860293,2026-09-11,,,,,
,8331,8331.T,8331_20260818_01,7.0,False,True,2822.0,1.381998582565558,1.7186392629340963,-1.8426647767540767,0.9326923076923104,2026-09-04,-3.2955350815024764,2.072997873848337,-6.413890857547844,0.3232044198895028,2026-09-11,,,,,
,8601,8601.T,8601_20260818_01,7.0,True,False,1869.5,-0.1337255950788929,1.5244717838994282,-2.754747258625301,0.5533980582524235,2026-09-04,-1.4709815458678777,1.5244717838994282,-4.2792190425247405,0.3562499999999975,2026-09-11,,,,,
,8725,8725.T,8725_20260818_01,7.0,True,False,5115.0,2.4437927663734094,3.910068426197455,-1.0752688172043,3.636363636363636,2026-09-04,-0.4692082111436901,3.910068426197455,-3.910068426197455,1.0,2026-09-11,,,,,
,9766,9766.T,9766_20260824_01,7.0,False,True,22185.0,-3.0876718503493383,1.1043497858913789,-3.944106378183454,0.2800000000000029,2026-09-04,-6.558485463150776,1.1043497858913789,-8.90241153932837,0.1240506329113936,2026-09-11,,,,,
,6178,6178.T,6178_20260828_01,7.0,False,True,2425.5,3.586889301175012,7.318078746650181,-0.8864151721294622,8.255813953488337,2026-09-04,1.7934446505875057,7.318078746650181,-1.7934446505875057,4.08045977011495,2026-09-11,,,,,
,8015,8015.T,8015_20260828_01,7.0,False,True,7583.0,0.0659369642621587,2.5187920348147097,-3.2045364631412387,0.7860082304526721,2026-09-04,-0.3956217855729971,2.8352894632731163,-4.219965712778584,0.6718750000000012,2026-09-11,,,,,
,8354,8354.T,8354_20260821_01,7.0,False,True,7861.0,0.8141457829792698,2.048085485307216,-1.717338760971887,1.1925925925925942,2026-09-04,-0.4325149472077294,2.048085485307216,-3.574608828393333,0.5729537366548054,2026-09-11,,,,,
,8309,8309.T,8309_20260818_01,7.0,True,False,1787.0,0.7834359261331914,1.9865696698377235,-2.266368214885284,0.8765432098765457,2026-09-04,-1.1191941801902638,1.9865696698377235,-3.973139339675436,0.5000000000000014,2026-09-11,,,,,
,7269,7269.T,7269_20260818_01,7.0,False,True,2202.0,-6.675749318801094,3.905540417802,-7.288828337874664,0.5358255451713395,2026-09-07,-7.129881925522252,3.905540417802,-11.398728428701176,0.3426294820717134,2026-09-14,,,,,
,8316,8316.T,8316_20260827_02,7.0,False,True,6872.0,1.5133876600698537,4.49650756693829,-0.1018626309662429,44.142857142855696,2026-09-07,2.299185098952261,4.49650756693829,-1.7316647264260745,2.5966386554621828,2026-09-14,,,,,
,8725,8725.T,8725_20260818_01,7.0,True,True,5071.0,1.5381581542102118,4.811674225990936,0.1971997633602784,24.40000000000072,2026-09-07,2.681916781699867,4.811674225990936,-3.076316308420435,1.564102564102564,2026-09-14,,,,,
,8308,8308.T,8308_20260827_01,7.0,False,True,2516.0,1.0532591414944337,3.378378378378377,-1.5103338632750374,2.2368421052631606,2026-09-07,1.1724960254372083,3.378378378378377,-4.3918918918918965,0.7692307692307682,2026-09-14,,,,,
,8601,8601.T,8601_20260818_01,7.0,True,False,1844.0,1.2201735357917576,2.9284164859002093,-1.4099783080260275,2.076923076923076,2026-09-07,1.572668112798259,2.9284164859002093,-2.955531453362259,0.9908256880733908,2026-09-14,,,,,
,8604,8604.T,8604_20260818_01,7.0,True,False,1630.0,1.595092024539868,2.9754601226993804,-2.024539877300613,1.469696969696967,2026-09-07,2.7607361963190247,3.5582822085889587,-2.024539877300613,1.757575757575759,2026-09-14,,,,,
,8354,8354.T,8354_20260821_01,7.0,False,True,7815.0,0.6525911708253451,2.648752399232235,-0.754958413307738,3.508474576271188,2026-09-07,0.2815099168266055,2.648752399232235,-3.00703774792066,0.8808510638297852,2026-09-14,,,,,
,9101,9101.T,9101_20260827_01,7.0,True,False,6941.0,6.901022907362053,7.549344474859532,0.7491715891081885,10.076923076923205,2026-09-07,5.705229793977806,7.549344474859532,0.7491715891081885,10.076923076923205,2026-09-14,,,,,
,8309,8309.T,8309_20260818_01,7.0,True,False,1767.5,0.8203677510608243,3.111739745403108,-1.1881188118811892,2.6190476190476137,2026-09-07,1.7538896746817525,3.111739745403108,-2.91371994342291,1.067961165048544,2026-09-14,,,,,
,8015,8015.T,8015_20260828_01,7.0,False,True,7620.0,-1.8110236220472475,2.33595800524935,-2.650918635170607,0.8811881188118824,2026-09-08,-3.818897637795271,2.33595800524935,-4.776902887139112,0.4890109890109898,2026-09-15,,,,,
,8604,8604.T,8604_20260818_01,7.0,True,False,1637.0,0.7025045815516107,2.748930971288943,-2.443494196701279,1.1250000000000018,2026-09-08,0.4581551618815016,3.11545510079414,-2.443494196701279,1.2750000000000037,2026-09-15,,,,,
,8306,8306.T,8306_20260818_01,7.0,False,True,3686.0,-0.8138903960933308,2.9571351058057527,-1.6006511123168754,1.847457627118644,2026-09-08,-0.4883342376559962,2.9571351058057527,-3.011394465545303,0.9819819819819836,2026-09-15,,,,,
,8601,8601.T,8601_20260818_01,7.0,True,False,1855.0,-1.1051212938005373,2.3180592991913773,-1.99460916442048,1.1621621621621665,2026-09-08,-0.9973045822102456,2.3180592991913773,-3.5309973045822063,0.6564885496183221,2026-09-15,,,,,
,8331,8331.T,8331_20260818_01,7.0,False,True,2842.0,-3.184377199155519,1.3546798029556717,-3.184377199155519,0.4254143646408868,2026-09-08,-4.363124560168896,1.3546798029556717,-7.072484166080228,0.1915422885572148,2026-09-15,,,,,
,7203,7203.T,7203_20260901_01,7.0,False,True,3230.0,-8.095975232198139,-1.2383900928792602,-8.095975232198139,-0.1529636711281075,2026-09-08,-6.470588235294117,-1.2383900928792602,-8.993808049535602,-0.1376936316695356,2026-09-15,,,,,
,4021,4021.T,4021_20260831_02,7.0,False,True,8325.0,-6.04204204204204,-1.5135135135135092,-6.21021021021021,-0.2437137330754345,2026-09-08,-4.336336336336332,-1.5135135135135092,-7.459459459459461,-0.202898550724637,2026-09-15,,,,,
,8309,8309.T,8309_20260818_01,7.0,True,False,1796.5,-2.2265516281658737,1.0019482326746545,-2.783189535207342,0.360000000000004,2026-09-08,-1.3080990815474536,1.0019482326746545,-4.480935151683829,0.2236024844720517,2026-09-15,,,,,
,6178,6178.T,6178_20260828_01,7.0,False,True,2512.0,-2.6671974522292974,3.6226114649681618,-2.7468152866242046,1.318840579710148,2026-09-08,-1.2539808917197417,3.6226114649681618,-5.175159235668792,0.7000000000000014,2026-09-15,,,,,
,8308,8308.T,8308_20260827_01,7.0,False,True,2517.5,-1.0526315789473717,3.3167825223435976,-1.6087388282025827,2.061728395061729,2026-09-08,-2.164846077457794,3.3167825223435976,-4.448857994041711,0.7455357142857145,2026-09-15,,,,,
,8316,8316.T,8316_20260827_02,7.0,False,True,6971.0,-0.6168411992540479,3.0124802754267765,-2.209152201979625,1.3636363636363704,2026-09-08,-1.8505235977621548,3.0124802754267765,-3.1272414287763617,0.96330275229358,2026-09-15,,,,,
,8725,8725.T,8725_20260818_01,7.0,True,False,5183.0,-2.0258537526529063,2.5467875747636537,-2.2187922052865128,1.1478260869565236,2026-09-08,-0.4823461315840216,2.5467875747636537,-5.170750530580747,0.4925373134328362,2026-09-15,,,,,
,8354,8354.T,8354_20260821_01,7.0,False,True,7941.0,-2.6570960836166724,1.0200226671703838,-2.6570960836166724,0.3838862559241715,2026-09-08,-2.5941317214456583,1.0200226671703838,-4.546026948747006,0.2243767313019397,2026-09-15,,,,,
,8411,8411.T,8411_20260818_01,7.0,True,True,8621.0,-0.2551908131307234,3.166685999304031,-1.3339519777287978,2.373913043478272,2026-09-08,-0.2667903955457573,3.166685999304031,-2.540308548892245,1.246575342465753,2026-09-15,,,,,
,2914,2914.T,2914_20260821_01,7.0,False,True,7055.0,-6.307583274273565,-0.5953224663359347,-6.3784549964564174,-0.0933333333333337,2026-09-09,-3.99716513111269,-0.5953224663359347,-7.866761162296243,-0.075675675675676,2026-09-16,,,,,
,7269,7269.T,7269_20260818_01,7.0,True,False,2215.5,-10.200857594222525,-2.482509591514326,-11.938614308282558,-0.2079395085066157,2026-09-09,-8.530805687203792,-2.482509591514326,-11.938614308282558,-0.2079395085066157,2026-09-16,,,,,
,8725,8725.T,8725_20260818_01,7.0,True,False,5180.0,-4.498069498069501,2.6061776061776065,-4.826254826254828,0.5399999999999999,2026-09-09,-0.4826254826254872,2.6061776061776065,-5.115830115830111,0.5094339622641515,2026-09-16,,,,,
,8604,8604.T,8604_20260818_01,7.0,True,False,1623.5,-0.4619648906683093,3.6033261472128153,-0.6159531875577495,5.849999999999969,2026-09-09,0.6775485063135189,3.972898059747454,-0.6159531875577495,6.44999999999995,2026-09-16,,,,,
,4578,4578.T,4578_20260818_01,7.0,False,True,12335.0,-5.350628293473858,0.4053506282934771,-5.7559789217673245,0.0704225352112682,2026-09-09,-11.593027969193349,0.4053506282934771,-12.890149979732469,0.0314465408805034,2026-09-16,,,,,
,7203,7203.T,7203_20260901_01,7.0,False,True,3183.0,-6.660383286207983,-0.0314169022934351,-7.650015708451152,-0.0041067761806983,2026-09-09,-5.246622683003455,-0.0314169022934351,-7.650015708451152,-0.0041067761806983,2026-09-16,,,,,
,8316,8316.T,8316_20260827_02,7.0,False,True,6990.0,-2.7038626609442007,2.7324749642346102,-2.7038626609442007,1.0105820105820087,2026-09-09,-2.1173104434907053,2.7324749642346102,-3.3905579399141628,0.8059071729957775,2026-09-16,,,,,
,6178,6178.T,6178_20260828_01,7.0,False,True,2551.0,-5.919247353978829,2.0384163073304595,-5.919247353978829,0.3443708609271526,2026-09-09,-1.7444139553116411,2.0384163073304595,-6.624852998823993,0.3076923076923077,2026-09-16,,,,,
,8309,8309.T,8309_20260818_01,7.0,True,False,1787.5,-3.2167832167832144,1.51048951048951,-3.244755244755249,0.4655172413793096,2026-09-09,-0.6433566433566407,1.51048951048951,-4.000000000000004,0.3776223776223771,2026-09-16,,,,,
,8601,8601.T,8601_20260818_01,7.0,True,False,1842.0,-2.442996742671011,3.040173724212813,-2.8230184581976125,1.0769230769230769,2026-09-09,-0.5971769815418027,3.040173724212813,-2.8501628664495127,1.0666666666666669,2026-09-16,,,,,
,8591,8591.T,8591_20260901_02,7.0,False,True,6386.0,-5.715627936110246,3.0848731600375823,-5.919198246163482,0.5211640211640212,2026-09-09,-3.3823989978077007,3.0848731600375823,-6.843094268712813,0.4508009153318075,2026-09-16,,,,,
,8309,8309.T,8309_20260818_01,7.0,True,False,1787.0,-1.6508114157806395,1.5388919977616045,-3.497481813094572,0.4399999999999979,2026-09-10,0.1398992725237802,1.5388919977616045,-3.973139339675436,0.3873239436619698,2026-09-17,,,,,
,8411,8411.T,8411_20260818_01,7.0,False,True,8731.0,-1.431680219906084,1.408773336387581,-3.7681823387928026,0.3738601823708202,2026-09-10,-2.084526400183251,1.408773336387581,-3.7681823387928026,0.3738601823708202,2026-09-17,,,,,
,8316,8316.T,8316_20260827_02,7.0,False,True,7089.0,-2.6519960502186524,1.2977853011708174,-4.499929468190156,0.2884012539184928,2026-09-10,-2.9764423755113567,1.2977853011708174,-4.739737621667373,0.2738095238095215,2026-09-17,,,,,
,8725,8725.T,8725_20260818_01,7.0,True,True,5211.0,-4.739973133755515,1.9957781615812744,-5.680291690654382,0.3513513513513522,2026-09-10,0.940318556898867,1.9957781615812744,-5.680291690654382,0.3513513513513522,2026-09-17,,,,,
,8750,8750.T,8750_20260827_02,7.0,True,False,1883.5,-2.6811786567560447,1.7786036633926194,-5.335810990177858,0.3333333333333333,2026-09-10,2.521900716750736,3.2651977701088297,-5.335810990177858,0.611940298507461,2026-09-17,,,,,
,8601,8601.T,8601_20260818_01,7.0,True,True,1856.0,-1.0237068965517238,2.2629310344827624,-3.5560344827586188,0.6363636363636378,2026-09-10,-1.4008620689655138,2.2629310344827624,-3.5829741379310387,0.6315789473684214,2026-09-17,,,,,
,8306,8306.T,8306_20260818_01,7.0,False,True,3754.0,-2.4507192328183325,1.0921683537559843,-4.635055940330313,0.2356321839080441,2026-09-10,-2.7171017581246626,1.0921683537559843,-4.768247202983488,0.2290502793296068,2026-09-17,,,,,
,8015,8015.T,8015_20260828_01,7.0,False,True,7673.0,-3.166949042095657,1.6290890134236902,-5.069725009774539,0.3213367609254489,2026-09-10,-1.798514270819762,1.6290890134236902,-5.434640948781444,0.299760191846522,2026-09-17,,,,,
,6178,6178.T,6178_20260828_01,7.0,False,True,2552.0,-4.682601880877746,1.998432601880884,-6.328369905956111,0.3157894736842116,2026-09-10,-0.4898119122257016,1.998432601880884,-6.661442006269591,0.300000000000001,2026-09-17,,,,,
,8308,8308.T,8308_20260827_01,7.0,False,True,2550.0,-2.4117647058823577,1.8235294117647127,-5.666666666666664,0.3217993079584788,2026-09-10,-2.784313725490195,1.8235294117647127,-5.666666666666664,0.3217993079584788,2026-09-17,,,,,
,8354,8354.T,8354_20260821_01,7.0,False,True,7933.0,-2.0799193243413616,1.121895877978063,-4.449766796924237,0.2521246458923507,2026-09-10,-1.802596747762508,1.121895877978063,-4.449766796924237,0.2521246458923507,2026-09-17,,,,,
,8604,8604.T,8604_20260818_01,7.0,True,True,1632.0,2.083333333333326,3.0637254901960675,-1.1335784313725503,2.7027027027026893,2026-09-10,-2.5428921568627416,3.431372549019618,-3.2475490196078427,1.056603773584909,2026-09-17,,,,,
,8750,8750.T,8750_20260827_02,7.0,True,False,1877.5,0.2929427430093279,0.9320905459387464,-5.033288948069236,0.1851851851851849,2026-09-11,1.9174434087882768,3.6750998668442,-5.033288948069236,0.7301587301587293,2026-09-18,,,,,
,8306,8306.T,8306_20260818_01,7.0,False,True,3785.0,-3.2760898282694795,0.264200792602387,-5.548216644649939,0.0476190476190492,2026-09-11,-4.35931307793923,0.264200792602387,-5.548216644649939,0.0476190476190492,2026-09-18,,,,,
,8725,8725.T,8725_20260818_01,7.0,True,True,5240.0,-2.843511450381675,0.1717557251908363,-6.202290076335881,0.0276923076923071,2026-09-11,-0.4389312977099213,1.6412213740458093,-6.202290076335881,0.2646153846153857,2026-09-18,,,,,
,8601,8601.T,8601_20260818_01,7.0,True,False,1867.0,-1.339046598821636,0.5356186395286455,-4.151044456347086,0.1290322580645135,2026-09-11,-1.1515800749866134,0.5356186395286455,-4.151044456347086,0.1290322580645135,2026-09-18,,,,,
,8411,8411.T,8411_20260818_01,7.0,False,True,8774.0,-1.3676772281741467,0.9117848187827572,-4.239799407339873,0.2150537634408575,2026-09-11,-3.179849555504899,0.9117848187827572,-4.912240711192162,0.1856148491879328,2026-09-18,,,,,
,8354,8354.T,8354_20260821_01,7.0,False,True,7925.0,-1.236593059936908,0.7444794952681466,-4.353312302839118,0.1710144927536249,2026-09-11,-2.2586750788643584,0.7444794952681466,-4.353312302839118,0.1710144927536249,2026-09-18,,,,,
,8053,8053.T,8053_20260904_01,7.0,False,True,1820.0,0.1098901098901095,3.901098901098909,-2.857142857142858,1.365384615384618,2026-09-11,-1.318681318681314,3.901098901098909,-3.159340659340659,1.2347826086956548,2026-09-18,,,,,
,8604,8604.T,8604_20260818_01,7.0,True,True,1669.0,-0.2696225284601561,0.7789095266626633,-3.325344517675255,0.2342342342342315,2026-09-11,-5.272618334331936,1.1384062312762122,-6.05152786099461,0.1881188118811878,2026-09-18,,,,,
,8316,8316.T,8316_20260827_02,7.0,False,True,7083.0,-2.428349569391497,0.1553014259494611,-4.659042778483691,0.0333333333333343,2026-09-11,-3.571932796837496,0.1553014259494611,-5.322603416631367,0.0291777188328921,2026-09-18,,,,,
,6178,6178.T,6178_20260828_01,7.0,False,True,2512.5,-1.7313432835820874,0.776119402985076,-5.194029850746274,0.1494252873563219,2026-09-11,0.5970149253731405,1.6119402985074638,-5.194029850746274,0.3103448275862068,2026-09-18,,,,,
,8309,8309.T,8309_20260818_01,7.0,True,False,1801.0,-1.887840088839532,0.3886729594669624,-4.71960022209883,0.0823529411764705,2026-09-11,-1.804553026096612,0.3886729594669624,-4.71960022209883,0.0823529411764705,2026-09-18,,,,,
,6857,6857.T,6857_20260903_02,7.0,False,True,34520.0,-12.63035921205099,-0.8980301274623459,-13.644264194669752,-0.0658174097664547,2026-09-15,,,,,,,,,,
,4689,4689.T,4689_20260903_02,7.0,True,False,526.6,7.273077176996301,8.146600835548789,-3.000382112994926,2.715187775672013,2026-09-15,,,,,,,,,,
,8411,8411.T,8411_20260818_01,7.0,True,False,8655.0,-0.6585788561525141,1.9179664933564489,-2.9231658001155347,0.6561264822134425,2026-09-15,,,,,,,,,,
,8601,8601.T,8601_20260818_01,7.0,True,False,1857.5,-1.1305518169582809,0.9421265141319024,-3.660834454912521,0.2573529411764716,2026-09-15,,,,,,,,,,
,8604,8604.T,8604_20260818_01,7.0,True,False,1662.5,-1.0827067669172965,1.533834586466165,-2.947368421052632,0.5204081632653059,2026-09-15,,,,,,,,,,
,8309,8309.T,8309_20260818_01,7.0,True,False,1771.5,0.0846740050804317,1.8346034434095329,-3.1329381879762863,0.5855855855855842,2026-09-15,,,,,,,,,,
,8053,8053.T,8053_20260904_01,7.0,False,True,1861.5,-4.055868922911632,-1.2892828364222453,-5.31829170024174,-0.2424242424242434,2026-09-16,,,,,,,,,,
,8309,8309.T,8309_20260818_01,7.0,True,False,1747.5,1.6309012875536544,3.4620886981401977,-1.8025751072961336,1.920634920634923,2026-09-16,,,,,,,,,,
,8411,8411.T,8411_20260818_01,7.0,True,False,8617.0,-0.5918533132180603,2.367413252872219,-2.495067889056513,0.9488372093023228,2026-09-16,,,,,,,,,,
,8015,8015.T,8015_20260828_01,7.0,True,False,7466.0,-1.0715242432359997,2.437717653361915,-2.812751138494507,0.8666666666666698,2026-09-16,,,,,,,,,,
,5713,5713.T,5713_20260904_01,7.0,False,True,10160.0,-4.527559055118113,1.5748031496062964,-8.366141732283461,0.1882352941176468,2026-09-16,,,,,,,,,,
,8604,8604.T,8604_20260818_01,7.0,True,True,1629.0,0.3376304481276904,3.621853898096994,-0.920810313075504,3.9333333333333456,2026-09-16,,,,,,,,,,
,8601,8601.T,8601_20260818_01,7.0,True,False,1818.0,0.7150715071507108,3.135313531353145,-1.5676567656765727,2.0,2026-09-16,,,,,,,,,,
,9101,9101.T,9101_20260904_02,7.0,True,False,7217.0,4.835804350838302,5.2930580573645525,-1.8290148261050243,2.8939393939394007,2026-09-17,,,,,,,,,,
,4689,4689.T,4689_20260903_02,7.0,True,False,515.1,7.513101881764461,10.832852730355746,0.8153732853753981,13.2857587127941,2026-09-17,,,,,,,,,,
,8309,8309.T,8309_20260818_01,7.0,True,False,1734.0,3.2006920415224904,4.267589388696647,-1.038062283737029,4.111111111111084,2026-09-17,,,,,,,,,,
,8604,8604.T,8604_20260818_01,7.0,True,False,1638.0,-2.8998778998779007,3.0525030525030417,-3.6019536019536003,0.8474576271186415,2026-09-17,,,,,,,,,,
,8601,8601.T,8601_20260818_01,7.0,True,False,1810.5,1.0770505385252704,3.562551781275891,-1.1599005799502904,3.0714285714285707,2026-09-17,,,,,,,,,,
,9101,9101.T,9101_20260904_02,7.0,True,False,7198.0,4.056682411781054,5.5709919422061605,0.5001389274798651,11.13888888888866,2026-09-18,,,,,,,,,,
,4689,4689.T,4689_20260903_02,7.0,True,False,522.1,2.815550238071008,9.346873092139909,2.0877226584945285,4.477066460005757,2026-09-18,,,,,,,,,,
,8309,8309.T,8309_20260818_01,7.0,True,False,1757.5,0.6258890469416745,2.873399715504976,-0.540540540540535,5.31578947368426,2026-09-18,,,,,,,,,,
,8601,8601.T,8601_20260818_01,7.0,True,False,1837.0,0.462710941752853,2.0685900925421885,-1.0887316276537828,1.900000000000001,2026-09-18,,,,,,,,,,
,8604,8604.T,8604_20260818_01,7.0,True,False,1666.0,-5.102040816326525,1.3205282112845218,-5.882352941176472,0.2244897959183686,2026-09-18,,,,,,,,,,
,9101,9101.T,9101_20260904_02,7.0,True,False,7309.0,,,,,,,,,,,,,,,
,8725,8725.T,8725_20260818_01,7.0,True,False,5153.0,,,,,,,,,,,,,,,
,8750,8750.T,8750_20260911_03,7.0,False,True,1888.0,,,,,,,,,,,,,,,
,8604,8604.T,8604_20260818_01,7.0,True,False,1658.5,,,,,,,,,,,,,,,
,8601,8601.T,8601_20260818_01,7.0,True,False,1839.0,,,,,,,,,,,,,,,
,8309,8309.T,8309_20260818_01,7.0,True,False,1760.5,,,,,,,,,,,,,,,
,7832,7832.T,7832_20260903_01,7.0,False,True,5514.0,,,,,,,,,,,,,,,
,7832,7832.T,7832_20260903_01,7.0,False,True,5565.0,,,,,,,,,,,,,,,
,8604,8604.T,8604_20260818_01,7.0,True,False,1653.5,,,,,,,,,,,,,,,
,9101,9101.T,9101_20260904_02,7.0,True,False,7338.0,,,,,,,,,,,,,,,
,8750,8750.T,8750_20260911_03,7.0,False,True,1890.0,,,,,,,,,,,,,,,
,6701,6701.T,6701_20260914_01,7.0,False,True,4825.0,,,,,,,,,,,,,,,
,8601,8601.T,8601_20260818_01,7.0,True,False,1848.5,,,,,,,,,,,,,,,
,9432,9432.T,9432_20260903_02,7.0,False,True,176.7,,,,,,,,,,,,,,,
,8309,8309.T,8309_20260818_01,7.0,True,False,1782.0,,,,,,,,,,,,,,,
,8725,8725.T,8725_20260818_01,7.0,True,True,5137.0,,,,,,,,,,,,,,,
,8604,8604.T,8604_20260818_01,7.0,True,False,1646.0,,,,,,,,,,,,,,,
,8725,8725.T,8725_20260818_01,7.0,True,False,5186.0,,,,,,,,,,,,,,,
,9104,9104.T,9104_20260904_02,7.0,False,True,7145.0,,,,,,,,,,,,,,,
,7832,7832.T,7832_20260903_01,7.0,False,True,5483.0,,,,,,,,,,,,,,,
,9101,9101.T,9101_20260904_02,7.0,True,False,7388.0,,,,,,,,,,,,,,,
,8601,8601.T,8601_20260818_01,7.0,True,False,1826.0,,,,,,,,,,,,,,,
,4689,4689.T,4689_20260903_02,7.0,False,True,566.0,,,,,,,,,,,,,,,
,8750,8750.T,8750_20260911_03,7.0,False,True,1912.0,,,,,,,,,,,,,,,
,8309,8309.T,8309_20260818_01,7.0,True,False,1795.0,,,,,,,,,,,,,,,
,6701,6701.T,6701_20260914_01,7.0,False,True,4786.0,,,,,,,,,,,,,,,
,8628,8628.T,8628_20260917_01,7.0,True,False,1187.0,,,,,,,,,,,,,,,
,8725,8725.T,8725_20260818_01,7.0,True,False,5271.0,,,,,,,,,,,,,,,
,8331,8331.T,8331_20260818_01,7.0,False,True,2777.0,,,,,,,,,,,,,,,
,8750,8750.T,8750_20260911_03,7.0,False,True,1940.0,,,,,,,,,,,,,,,
,8601,8601.T,8601_20260818_01,7.0,True,False,1853.0,,,,,,,,,,,,,,,
,6701,6701.T,6701_20260914_01,7.0,False,True,4906.0,,,,,,,,,,,,,,,
,8604,8604.T,8604_20260818_01,7.0,True,False,1620.5,,,,,,,,,,,,,,,
,8309,8309.T,8309_20260818_01,7.0,True,False,1793.0,,,,,,,,,,,,,,,
,8309,8309.T,8309_20260818_01,7.0,True,False,1768.5,,,,,,,,,,,,,,,
,8725,8725.T,8725_20260818_01,7.0,True,False,5217.0,,,,,,,,,,,,,,,
,8601,8601.T,8601_20260818_01,7.0,True,False,1845.5,,,,,,,,,,,,,,,
,8604,8604.T,8604_20260818_01,7.0,True,False,1581.0,,,,,,,,,,,,,,,
,8628,8628.T,8628_20260917_01,7.0,True,False,1172.0,,,,,,,,,,,,,,,
,4631,4631.T,4631_20260818_01,7.0,True,False,5495.0,-7.279344858962689,-1.273885350318471,-8.043676069153772,-0.1583710407239819,2026-08-25,-3.639672429481344,-1.273885350318471,-11.22838944494996,-0.1134521880064829,2026-09-01,-15.614194722474972,-1.273885350318471,-18.016378525932662,-0.0707070707070707,2026-09-15
,8604,8604.T,8604_20260818_01,7.0,True,False,1509.5,6.227227558794302,6.989069228221267,-0.8280887711162643,8.439999999999996,2026-08-26,6.558463067240816,9.4402119907254,-0.8280887711162643,11.399999999999984,2026-09-02,8.280887711162643,11.825107651540234,-0.8280887711162643,14.279999999999974,2026-09-16
,8309,8309.T,8309_20260818_01,7.0,True,False,1688.5,3.6718981344388446,4.441812259401834,-0.7699141249629893,5.769230769230734,2026-08-26,5.1228901391767945,7.936037903464621,-0.7699141249629893,10.30769230769226,2026-09-02,5.1821143026354655,7.936037903464621,-0.7699141249629893,10.30769230769226,2026-09-16
,8331,8331.T,8331_20260818_01,7.0,True,False,2723.5,3.6166697264549352,4.681476041857913,-1.230034881586195,3.805970149253736,2026-08-26,2.808885625114743,5.195520469983483,-1.230034881586195,4.223880597014928,2026-09-02,0.2203047549109493,5.764641086836786,-3.029190380025704,1.9030303030303004,2026-09-16
,2503,2503.T,2503_20260818_01,7.0,True,False,2998.5,2.6846756711689235,4.018676004669008,0.1834250458562669,21.90909090909029,2026-08-26,-0.8004002001000488,4.018676004669008,-0.9504752376188086,4.228070175438607,2026-09-02,-5.252626313156583,4.018676004669008,-8.137402034350504,0.4938524590163946,2026-09-16
,8725,8725.T,8725_20260818_01,7.0,True,False,4860.0,4.609053497942384,4.97942386831276,-2.1604938271604923,2.304761904761908,2026-08-26,5.65843621399178,7.489711934156373,-2.1604938271604923,3.466666666666667,2026-09-02,6.069958847736623,9.362139917695478,-2.1604938271604923,4.333333333333338,2026-09-16
,5019,5019.T,5019_20260818_01,7.0,False,True,1337.0,1.533283470456248,4.487658937920713,-0.4487658937920691,10.00000000000005,2026-08-26,9.349289454001486,12.266267763649964,-0.4487658937920691,27.3333333333335,2026-09-02,24.906507105459987,27.78608825729245,-0.4487658937920691,61.916666666667055,2026-09-16
,5019,5019.T,5019_20260818_01,7.0,False,True,1349.5,1.519081141163392,3.519822156354202,-0.7039644312708426,4.999999999999984,2026-08-27,10.37421267135976,11.633938495739171,-0.7039644312708426,16.52631578947366,2026-09-03,23.97184142274917,26.60244535012968,-0.7039644312708426,37.78947368421044,2026-09-17
,5101,5101.T,5101_20260818_01,7.0,True,False,7562.0,-1.5075376884422065,2.618354932557532,-2.36709865115049,1.1061452513966508,2026-08-27,-7.061623909018778,2.618354932557532,-9.151018249140442,0.2861271676300585,2026-09-03,-9.045226130653262,2.618354932557532,-13.27691087014018,0.1972111553784865,2026-09-17
,7269,7269.T,7269_20260818_01,7.0,True,True,2087.0,2.2520364159080097,4.120747484427412,-0.7906085289889786,5.212121212121223,2026-08-27,1.030186871106853,9.631049353138476,-0.7906085289889786,12.181818181818194,2026-09-03,-1.916626736942984,9.631049353138476,-6.516530905606133,1.4779411764705883,2026-09-17
,9503,9503.T,9503_20260820_01,7.0,False,True,2557.5,1.8572825024437911,3.186705767350939,-1.2903225806451646,2.4696969696969715,2026-08-27,18.318670576735087,19.37438905180841,-1.2903225806451646,15.015151515151484,2026-09-03,16.500488758553278,19.37438905180841,-1.2903225806451646,15.015151515151484,2026-09-17
,8309,8309.T,8309_20260818_01,7.0,True,False,1690.5,4.170363797693,4.939367051168286,-0.3549245785270605,13.916666666666744,2026-08-27,5.708370304643595,7.808340727595375,-0.3549245785270605,22.000000000000124,2026-09-03,5.856255545696532,7.808340727595375,-0.3549245785270605,22.000000000000124,2026-09-17
,8601,8601.T,8601_20260818_01,7.0,True,False,1757.0,3.7564029595902095,4.524758110415483,-0.8252703471826939,5.482758620689684,2026-08-27,5.634604439385327,6.659077973819016,-0.8252703471826939,8.068965517241425,2026-09-03,4.154809334092202,8.025042686397278,-0.8252703471826939,9.72413793103454,2026-09-17
,4021,4021.T,4021_20260818_01,7.0,False,True,8162.0,-1.3354569958343498,1.1761823082577785,-4.165645675079633,0.2823529411764705,2026-08-27,-2.058319039451117,2.54839500122519,-4.165645675079633,0.6117647058823537,2026-09-03,0.4288164665523064,2.54839500122519,-5.611369762313156,0.4541484716157207,2026-09-17
,4503,4503.T,4503_20260820_01,7.0,False,True,2418.0,-1.1166253101737025,1.530190239867668,-1.8610421836228297,0.8222222222222266,2026-08-27,-0.041356492969391,1.530190239867668,-3.61869313482217,0.4228571428571449,2026-09-03,-2.1918941273780024,1.530190239867668,-9.7394540942928,0.1571125265392791,2026-09-17
,8604,8604.T,8604_20260818_01,7.0,True,False,1521.0,5.950032873109801,6.804733727810652,-1.4792899408283988,4.600000000000012,2026-08-27,7.297830374753443,9.434582511505596,-1.4792899408283988,6.377777777777798,2026-09-03,4.569362261669951,10.97961867192636,-1.4792899408283988,7.422222222222238,2026-09-17
,8601,8601.T,8601_20260818_01,7.0,True,False,1779.0,4.721753794266448,5.340078695896566,-0.6464305789769531,8.260869565217387,2026-08-28,4.946599213041036,6.68915120854412,-0.6464305789769531,10.347826086956516,2026-09-04,3.7380550871275897,6.68915120854412,-0.6464305789769531,10.347826086956516,2026-09-18
,7269,7269.T,7269_20260818_01,7.0,False,True,2103.5,3.161397670549082,3.304017114333257,-1.02210601378655,3.232558139534875,2026-08-28,-1.735203232707394,8.771095792726413,-2.1868314713572645,4.010869565217388,2026-09-04,-3.5892560019015973,8.771095792726413,-7.249821725695272,1.2098360655737708,2026-09-18
,8725,8725.T,8725_20260818_01,7.0,True,True,4945.0,3.4175935288169867,3.842264914054594,-1.7391304347826098,2.20930232558139,2026-08-28,5.965621840242674,7.482305358948427,-1.7391304347826098,4.302325581395343,2026-09-04,5.500505561172897,7.704752275025273,-1.7391304347826098,4.430232558139529,2026-09-18
,8604,8604.T,8604_20260818_01,7.0,True,False,1535.0,6.970684039087938,7.622149837133539,-1.140065146579805,6.685714285714274,2026-08-28,8.729641693811075,9.348534201954406,-1.140065146579805,8.200000000000005,2026-09-04,2.9967426710097778,9.967426710097715,-1.140065146579805,8.742857142857135,2026-09-18
,8331,8331.T,8331_20260818_01,7.0,True,False,2753.5,2.215362266206644,3.5409478845106257,-1.2529507899037615,2.826086956521735,2026-08-28,3.904122026511714,4.249137461412755,-1.2529507899037615,3.3913043478260856,2026-09-04,-0.5992373343017943,4.612311603413843,-4.085709097512257,1.1288888888888904,2026-09-18
,8309,8309.T,8309_20260818_01,7.0,True,False,1715.5,4.313611192072275,4.809093558729227,-1.0492567764500138,4.58333333333333,2026-08-28,4.983969688137568,6.237248615563984,-1.0492567764500138,5.944444444444457,2026-09-04,3.0894782862139314,6.237248615563984,-1.0492567764500138,5.944444444444457,2026-09-18
,8725,8725.T,8725_20260818_01,7.0,True,False,4927.0,3.653338745687029,4.221635883905006,0.9133346864217629,4.622222222222188,2026-08-31,4.5057844530139946,7.874974629592035,0.9133346864217629,8.622222222222163,2026-09-07,,,,,
,8604,8604.T,8604_20260818_01,7.0,True,False,1539.0,6.270305393112419,7.342430149447687,0.5198180636777128,14.12499999999999,2026-08-31,7.602339181286544,9.064327485380108,0.5198180636777128,17.437499999999982,2026-09-07,,,,,
,7269,7269.T,7269_20260818_01,7.0,True,False,2126.5,4.726075711262645,5.360921702327759,-0.446743475193978,12.00000000000005,2026-08-31,-3.362332471196805,7.594639078297671,-3.99717846226193,1.900000000000001,2026-09-07,,,,,
,8601,8601.T,8601_20260818_01,7.0,True,False,1786.5,3.1905961376994085,4.897844948222785,0.2518891687657509,19.44444444444385,2026-08-31,4.478029666946548,6.241253848306738,0.2518891687657509,24.777777777776976,2026-09-07,,,,,
,8309,8309.T,8309_20260818_01,7.0,True,False,1702.0,4.406580493537016,5.640423031727382,-0.1175088131609825,48.00000000000189,2026-08-31,4.700352526439477,7.079905992949476,-0.1175088131609825,60.25000000000239,2026-09-07,,,,,
,4503,4503.T,4503_20260820_01,7.0,False,True,2406.5,-1.4543943486390989,2.015375025971333,-3.158113442759192,0.6381578947368443,2026-08-31,-4.300851859547061,2.015375025971333,-4.529399542904633,0.4449541284403682,2026-09-07,,,,,
,9503,9503.T,9503_20260820_01,7.0,False,True,2582.0,8.849728892331532,9.004647560030987,-0.7164988381099913,12.56756756756759,2026-08-31,14.852827265685509,18.24167312161116,-0.7164988381099913,25.4594594594595,2026-09-07,,,,,
,8601,8601.T,8601_20260818_01,7.0,True,False,1813.5,2.591673559415497,3.3360904328646246,-1.2406947890818865,2.688888888888886,2026-09-01,1.1579818031431044,4.659498207885315,-1.2406947890818865,3.755555555555562,2026-09-08,,,,,
,4503,4503.T,4503_20260820_01,7.0,False,True,2415.0,-0.0207039337474124,1.6563146997929712,-3.498964803312632,0.4733727810650914,2026-09-01,-5.569358178053829,1.6563146997929712,-5.9834368530020665,0.2768166089965417,2026-09-08,,,,,
,7269,7269.T,7269_20260818_01,7.0,True,False,2119.0,6.418121755545059,7.975460122699385,0.4483246814535269,17.789473684210083,2026-09-01,-6.559697970740919,7.975460122699385,-6.559697970740919,1.2158273381294955,2026-09-08,,,,,
,8725,8725.T,8725_20260818_01,7.0,True,False,5072.0,2.267350157728698,2.9968454258675115,-1.0055205047318605,2.980392156862751,2026-09-01,0.1182965299684646,4.7910094637223954,-1.0055205047318605,4.764705882352943,2026-09-08,,,,,
,9503,9503.T,9503_20260820_01,7.0,False,True,2591.5,14.02662550646343,14.084507042253524,-1.0804553347482204,13.035714285714226,2026-09-01,13.428516303299244,17.808219178082197,-1.0804553347482204,16.482142857142783,2026-09-08,,,,,
,8309,8309.T,8309_20260818_01,7.0,True,False,1734.0,4.354094579008083,5.103806228373697,0.4901960784313708,10.41176470588238,2026-09-01,1.2975778546712835,5.103806228373697,0.4901960784313708,10.41176470588238,2026-09-08,,,,,
,8604,8604.T,8604_20260818_01,7.0,True,False,1571.5,4.39070951320395,5.122494432071267,0.1590836780146265,32.20000000000184,2026-09-01,4.899777282850781,7.031498568246897,0.1590836780146265,44.20000000000254,2026-09-08,,,,,
,2503,2503.T,2503_20260818_01,7.0,False,True,3084.0,-0.745784695201035,1.1348897535667923,-2.075226977950717,0.5468749999999971,2026-09-01,-7.70103761348897,1.1348897535667923,-7.8793774319066205,0.1440329218106989,2026-09-08,,,,,
,8308,8308.T,8308_20260827_01,7.0,False,True,2430.0,4.938271604938271,7.037037037037042,0.5144032921810648,13.680000000000144,2026-09-03,2.4074074074074137,7.037037037037042,-1.0082304526748964,6.979591836734703,2026-09-10,,,,,
,8604,8604.T,8604_20260818_01,7.0,True,True,1620.0,0.7407407407407307,2.746913580246924,-1.4197530864197505,1.9347826086956628,2026-09-03,2.839506172839501,3.827160493827164,-1.4197530864197505,2.695652173913051,2026-09-10,,,,,
,8750,8750.T,8750_20260827_02,7.0,True,False,1817.0,3.6598789212988425,4.155200880572374,-0.3577325261419961,11.615384615384496,2026-09-03,0.8805723720418213,5.503577325261411,-1.871216290588884,2.9411764705882284,2026-09-10,,,,,
,2914,2914.T,2914_20260821_01,7.0,False,True,7014.0,-0.9409751924721932,1.3544339891645274,-1.6110635871114942,0.840707964601768,2026-09-03,-5.702879954376961,1.3544339891645274,-6.102081551183347,0.2219626168224298,2026-09-10,,,,,
,8411,8411.T,8411_20260818_01,7.0,False,True,8326.0,4.864280566898871,6.822003362959395,-0.4323804948354603,15.777777777777567,2026-09-03,3.362959404275756,6.822003362959395,-0.4323804948354603,15.777777777777567,2026-09-10,,,,,
,8309,8309.T,8309_20260818_01,7.0,True,False,1756.5,1.7364076288072905,3.757472245943627,-0.5693139766581257,6.599999999999996,2026-09-03,0.0569313976658047,3.757472245943627,-1.8218047253060088,2.062499999999991,2026-09-10,,,,,
,8725,8725.T,8725_20260818_01,7.0,True,False,5042.0,3.3518445061483604,4.204680682268935,-0.4165013883379642,10.095238095238006,2026-09-03,-1.547005156683856,5.414518048393502,-2.518841729472432,2.149606299212601,2026-09-10,,,,,
,8601,8601.T,8601_20260818_01,7.0,True,False,1827.5,1.559507523939807,2.5444596443228384,-0.5198358413132653,4.894736842105289,2026-09-03,0.5198358413132764,3.857729138166888,-2.0519835841313228,1.8800000000000003,2026-09-10,,,,,
,9503,9503.T,9503_20260820_01,7.0,False,True,2590.5,16.811426365566497,17.853696197645252,-1.042269832078746,17.129629629629694,2026-09-03,14.147847905809696,17.853696197645252,-1.042269832078746,17.129629629629694,2026-09-10,,,,,
,9432,9432.T,9432_20260827_01,7.0,False,True,167.6,3.341286961958345,5.011933174224348,-0.1789957925072638,28.000284833627912,2026-09-03,4.534604384392726,5.011933174224348,-0.1789957925072638,28.000284833627912,2026-09-10,,,,,
,8354,8354.T,8354_20260821_01,7.0,False,True,7733.0,2.5863183757920627,3.724298461140574,-0.4138109401267242,9.000000000000135,2026-09-03,0.4526057157636209,3.737230053019536,-1.9785335574809213,1.8888888888888973,2026-09-10,,,,,
,9766,9766.T,9766_20260824_01,7.0,False,True,22185.0,-3.0876718503493383,1.1043497858913789,-3.944106378183454,0.2800000000000029,2026-09-04,-6.558485463150776,1.1043497858913789,-8.90241153932837,0.1240506329113936,2026-09-11,,,,,
,6178,6178.T,6178_20260828_01,7.0,False,True,2425.5,3.586889301175012,7.318078746650181,-0.8864151721294622,8.255813953488337,2026-09-04,1.7934446505875057,7.318078746650181,-1.7934446505875057,4.08045977011495,2026-09-11,,,,,
,8015,8015.T,8015_20260828_01,7.0,False,True,7583.0,0.0659369642621587,2.5187920348147097,-3.2045364631412387,0.7860082304526721,2026-09-04,-0.3956217855729971,2.8352894632731163,-4.219965712778584,0.6718750000000012,2026-09-11,,,,,
,8354,8354.T,8354_20260821_01,7.0,False,True,7861.0,0.8141457829792698,2.048085485307216,-1.717338760971887,1.1925925925925942,2026-09-04,-0.4325149472077294,2.048085485307216,-3.574608828393333,0.5729537366548054,2026-09-11,,,,,
,8309,8309.T,8309_20260818_01,7.0,True,False,1787.0,0.7834359261331914,1.9865696698377235,-2.266368214885284,0.8765432098765457,2026-09-04,-1.1191941801902638,1.9865696698377235,-3.973139339675436,0.5000000000000014,2026-09-11,,,,,
,8411,8411.T,8411_20260818_01,7.0,True,True,8449.0,3.846609066161677,5.266895490590606,-1.4676293052432232,3.5887096774193594,2026-09-04,2.426322641732748,5.266895490590606,-1.4676293052432232,3.5887096774193594,2026-09-11,,,,,
,8316,8316.T,8316_20260827_02,7.0,False,True,6881.0,2.935619822700186,4.359831419851767,-1.5259409969481164,2.857142857142861,2026-09-04,0.4359831419851856,4.359831419851767,-1.860194739136756,2.343749999999998,2026-09-11,,,,,
,8604,8604.T,8604_20260818_01,7.0,True,False,1642.5,1.6133942161339343,2.191780821917799,-2.7701674277016752,0.7912087912087877,2026-09-04,1.3394216133942205,2.404870624048705,-2.7701674277016752,0.8681318681318674,2026-09-11,,,,,
,8308,8308.T,8308_20260827_01,7.0,False,True,2520.0,1.1904761904761862,3.214285714285725,-1.6666666666666718,1.928571428571429,2026-09-04,0.079365079365079,3.214285714285725,-4.543650793650789,0.7074235807860293,2026-09-11,,,,,
,8331,8331.T,8331_20260818_01,7.0,False,True,2822.0,1.381998582565558,1.7186392629340963,-1.8426647767540767,0.9326923076923104,2026-09-04,-3.2955350815024764,2.072997873848337,-6.413890857547844,0.3232044198895028,2026-09-11,,,,,
,8601,8601.T,8601_20260818_01,7.0,True,False,1869.5,-0.1337255950788929,1.5244717838994282,-2.754747258625301,0.5533980582524235,2026-09-04,-1.4709815458678777,1.5244717838994282,-4.2792190425247405,0.3562499999999975,2026-09-11,,,,,
,8725,8725.T,8725_20260818_01,7.0,True,False,5115.0,2.4437927663734094,3.910068426197455,-1.0752688172043,3.636363636363636,2026-09-04,-0.4692082111436901,3.910068426197455,-3.910068426197455,1.0,2026-09-11,,,,,
,8725,8725.T,8725_20260818_01,7.0,True,True,5071.0,1.5381581542102118,4.811674225990936,0.1971997633602784,24.40000000000072,2026-09-07,2.681916781699867,4.811674225990936,-3.076316308420435,1.564102564102564,2026-09-14,,,,,
,8308,8308.T,8308_20260827_01,7.0,False,True,2516.0,1.0532591414944337,3.378378378378377,-1.5103338632750374,2.2368421052631606,2026-09-07,1.1724960254372083,3.378378378378377,-4.3918918918918965,0.7692307692307682,2026-09-14,,,,,
,8601,8601.T,8601_20260818_01,7.0,True,False,1844.0,1.2201735357917576,2.9284164859002093,-1.4099783080260275,2.076923076923076,2026-09-07,1.572668112798259,2.9284164859002093,-2.955531453362259,0.9908256880733908,2026-09-14,,,,,
,8354,8354.T,8354_20260821_01,7.0,False,True,7815.0,0.6525911708253451,2.648752399232235,-0.754958413307738,3.508474576271188,2026-09-07,0.2815099168266055,2.648752399232235,-3.00703774792066,0.8808510638297852,2026-09-14,,,,,
,8604,8604.T,8604_20260818_01,7.0,True,False,1630.0,1.595092024539868,2.9754601226993804,-2.024539877300613,1.469696969696967,2026-09-07,2.7607361963190247,3.5582822085889587,-2.024539877300613,1.757575757575759,2026-09-14,,,,,
,9101,9101.T,9101_20260827_01,7.0,True,False,6941.0,6.901022907362053,7.549344474859532,0.7491715891081885,10.076923076923205,2026-09-07,5.705229793977806,7.549344474859532,0.7491715891081885,10.076923076923205,2026-09-14,,,,,
,7269,7269.T,7269_20260818_01,7.0,False,True,2202.0,-6.675749318801094,3.905540417802,-7.288828337874664,0.5358255451713395,2026-09-07,-7.129881925522252,3.905540417802,-11.398728428701176,0.3426294820717134,2026-09-14,,,,,
,8316,8316.T,8316_20260827_02,7.0,False,True,6872.0,1.5133876600698537,4.49650756693829,-0.1018626309662429,44.142857142855696,2026-09-07,2.299185098952261,4.49650756693829,-1.7316647264260745,2.5966386554621828,2026-09-14,,,,,
,8309,8309.T,8309_20260818_01,7.0,True,False,1767.5,0.8203677510608243,3.111739745403108,-1.1881188118811892,2.6190476190476137,2026-09-07,1.7538896746817525,3.111739745403108,-2.91371994342291,1.067961165048544,2026-09-14,,,,,
,8411,8411.T,8411_20260818_01,7.0,True,True,8621.0,-0.2551908131307234,3.166685999304031,-1.3339519777287978,2.373913043478272,2026-09-08,-0.2667903955457573,3.166685999304031,-2.540308548892245,1.246575342465753,2026-09-15,,,,,
,6178,6178.T,6178_20260828_01,7.0,False,True,2512.0,-2.6671974522292974,3.6226114649681618,-2.7468152866242046,1.318840579710148,2026-09-08,-1.2539808917197417,3.6226114649681618,-5.175159235668792,0.7000000000000014,2026-09-15,,,,,
,8308,8308.T,8308_20260827_01,7.0,False,True,2517.5,-1.0526315789473717,3.3167825223435976,-1.6087388282025827,2.061728395061729,2026-09-08,-2.164846077457794,3.3167825223435976,-4.448857994041711,0.7455357142857145,2026-09-15,,,,,
,8316,8316.T,8316_20260827_02,7.0,False,True,6971.0,-0.6168411992540479,3.0124802754267765,-2.209152201979625,1.3636363636363704,2026-09-08,-1.8505235977621548,3.0124802754267765,-3.1272414287763617,0.96330275229358,2026-09-15,,,,,
,8309,8309.T,8309_20260818_01,7.0,True,False,1796.5,-2.2265516281658737,1.0019482326746545,-2.783189535207342,0.360000000000004,2026-09-08,-1.3080990815474536,1.0019482326746545,-4.480935151683829,0.2236024844720517,2026-09-15,,,,,
,8015,8015.T,8015_20260828_01,7.0,False,True,7620.0,-1.8110236220472475,2.33595800524935,-2.650918635170607,0.8811881188118824,2026-09-08,-3.818897637795271,2.33595800524935,-4.776902887139112,0.4890109890109898,2026-09-15,,,,,
,8604,8604.T,8604_20260818_01,7.0,True,False,1637.0,0.7025045815516107,2.748930971288943,-2.443494196701279,1.1250000000000018,2026-09-08,0.4581551618815016,3.11545510079414,-2.443494196701279,1.2750000000000037,2026-09-15,,,,,
,8306,8306.T,8306_20260818_01,7.0,False,True,3686.0,-0.8138903960933308,2.9571351058057527,-1.6006511123168754,1.847457627118644,2026-09-08,-0.4883342376559962,2.9571351058057527,-3.011394465545303,0.9819819819819836,2026-09-15,,,,,
,8601,8601.T,8601_20260818_01,7.0,True,False,1855.0,-1.1051212938005373,2.3180592991913773,-1.99460916442048,1.1621621621621665,2026-09-08,-0.9973045822102456,2.3180592991913773,-3.5309973045822063,0.6564885496183221,2026-09-15,,,,,
,8331,8331.T,8331_20260818_01,7.0,False,True,2842.0,-3.184377199155519,1.3546798029556717,-3.184377199155519,0.4254143646408868,2026-09-08,-4.363124560168896,1.3546798029556717,-7.072484166080228,0.1915422885572148,2026-09-15,,,,,
,7203,7203.T,7203_20260901_01,7.0,False,True,3230.0,-8.095975232198139,-1.2383900928792602,-8.095975232198139,-0.1529636711281075,2026-09-08,-6.470588235294117,-1.2383900928792602,-8.993808049535602,-0.1376936316695356,2026-09-15,,,,,
,4021,4021.T,4021_20260831_02,7.0,False,True,8325.0,-6.04204204204204,-1.5135135135135092,-6.21021021021021,-0.2437137330754345,2026-09-08,-4.336336336336332,-1.5135135135135092,-7.459459459459461,-0.202898550724637,2026-09-15,,,,,
,8354,8354.T,8354_20260821_01,7.0,False,True,7941.0,-2.6570960836166724,1.0200226671703838,-2.6570960836166724,0.3838862559241715,2026-09-08,-2.5941317214456583,1.0200226671703838,-4.546026948747006,0.2243767313019397,2026-09-15,,,,,
,8725,8725.T,8725_20260818_01,7.0,True,False,5183.0,-2.0258537526529063,2.5467875747636537,-2.2187922052865128,1.1478260869565236,2026-09-08,-0.4823461315840216,2.5467875747636537,-5.170750530580747,0.4925373134328362,2026-09-15,,,,,
,7269,7269.T,7269_20260818_01,7.0,True,False,2215.5,-10.200857594222525,-2.482509591514326,-11.938614308282558,-0.2079395085066157,2026-09-09,-8.530805687203792,-2.482509591514326,-11.938614308282558,-0.2079395085066157,2026-09-16,,,,,
,8725,8725.T,8725_20260818_01,7.0,True,False,5180.0,-4.498069498069501,2.6061776061776065,-4.826254826254828,0.5399999999999999,2026-09-09,-0.4826254826254872,2.6061776061776065,-5.115830115830111,0.5094339622641515,2026-09-16,,,,,
,8604,8604.T,8604_20260818_01,7.0,True,False,1623.5,-0.4619648906683093,3.6033261472128153,-0.6159531875577495,5.849999999999969,2026-09-09,0.6775485063135189,3.972898059747454,-0.6159531875577495,6.44999999999995,2026-09-16,,,,,
,4578,4578.T,4578_20260818_01,7.0,False,True,12335.0,-5.350628293473858,0.4053506282934771,-5.7559789217673245,0.0704225352112682,2026-09-09,-11.593027969193349,0.4053506282934771,-12.890149979732469,0.0314465408805034,2026-09-16,,,,,
,7203,7203.T,7203_20260901_01,7.0,False,True,3183.0,-6.660383286207983,-0.0314169022934351,-7.650015708451152,-0.0041067761806983,2026-09-09,-5.246622683003455,-0.0314169022934351,-7.650015708451152,-0.0041067761806983,2026-09-16,,,,,
,8316,8316.T,8316_20260827_02,7.0,False,True,6990.0,-2.7038626609442007,2.7324749642346102,-2.7038626609442007,1.0105820105820087,2026-09-09,-2.1173104434907053,2.7324749642346102,-3.3905579399141628,0.8059071729957775,2026-09-16,,,,,
,6178,6178.T,6178_20260828_01,7.0,False,True,2551.0,-5.919247353978829,2.0384163073304595,-5.919247353978829,0.3443708609271526,2026-09-09,-1.7444139553116411,2.0384163073304595,-6.624852998823993,0.3076923076923077,2026-09-16,,,,,
,8309,8309.T,8309_20260818_01,7.0,True,False,1787.5,-3.2167832167832144,1.51048951048951,-3.244755244755249,0.4655172413793096,2026-09-09,-0.6433566433566407,1.51048951048951,-4.000000000000004,0.3776223776223771,2026-09-16,,,,,
,8601,8601.T,8601_20260818_01,7.0,True,False,1842.0,-2.442996742671011,3.040173724212813,-2.8230184581976125,1.0769230769230769,2026-09-09,-0.5971769815418027,3.040173724212813,-2.8501628664495127,1.0666666666666669,2026-09-16,,,,,
,2914,2914.T,2914_20260821_01,7.0,False,True,7055.0,-6.307583274273565,-0.5953224663359347,-6.3784549964564174,-0.0933333333333337,2026-09-09,-3.99716513111269,-0.5953224663359347,-7.866761162296243,-0.075675675675676,2026-09-16,,,,,
,8591,8591.T,8591_20260901_02,7.0,False,True,6386.0,-5.715627936110246,3.0848731600375823,-5.919198246163482,0.5211640211640212,2026-09-09,-3.3823989978077007,3.0848731600375823,-6.843094268712813,0.4508009153318075,2026-09-16,,,,,
,8306,8306.T,8306_20260818_01,7.0,False,True,3754.0,-2.4507192328183325,1.0921683537559843,-4.635055940330313,0.2356321839080441,2026-09-10,-2.7171017581246626,1.0921683537559843,-4.768247202983488,0.2290502793296068,2026-09-17,,,,,
,8601,8601.T,8601_20260818_01,7.0,True,True,1856.0,-1.0237068965517238,2.2629310344827624,-3.5560344827586188,0.6363636363636378,2026-09-10,-1.4008620689655138,2.2629310344827624,-3.5829741379310387,0.6315789473684214,2026-09-17,,,,,
,8750,8750.T,8750_20260827_02,7.0,True,False,1883.5,-2.6811786567560447,1.7786036633926194,-5.335810990177858,0.3333333333333333,2026-09-10,2.521900716750736,3.2651977701088297,-5.335810990177858,0.611940298507461,2026-09-17,,,,,
,8015,8015.T,8015_20260828_01,7.0,False,True,7673.0,-3.166949042095657,1.6290890134236902,-5.069725009774539,0.3213367609254489,2026-09-10,-1.798514270819762,1.6290890134236902,-5.434640948781444,0.299760191846522,2026-09-17,,,,,
,6178,6178.T,6178_20260828_01,7.0,False,True,2552.0,-4.682601880877746,1.998432601880884,-6.328369905956111,0.3157894736842116,2026-09-10,-0.4898119122257016,1.998432601880884,-6.661442006269591,0.300000000000001,2026-09-17,,,,,
,8308,8308.T,8308_20260827_01,7.0,False,True,2550.0,-2.4117647058823577,1.8235294117647127,-5.666666666666664,0.3217993079584788,2026-09-10,-2.784313725490195,1.8235294117647127,-5.666666666666664,0.3217993079584788,2026-09-17,,,,,
,8354,8354.T,8354_20260821_01,7.0,False,True,7933.0,-2.0799193243413616,1.121895877978063,-4.449766796924237,0.2521246458923507,2026-09-10,-1.802596747762508,1.121895877978063,-4.449766796924237,0.2521246458923507,2026-09-17,,,,,
,8725,8725.T,8725_20260818_01,7.0,True,True,5211.0,-4.739973133755515,1.9957781615812744,-5.680291690654382,0.3513513513513522,2026-09-10,0.940318556898867,1.9957781615812744,-5.680291690654382,0.3513513513513522,2026-09-17,,,,,
,8316,8316.T,8316_20260827_02,7.0,False,True,7089.0,-2.6519960502186524,1.2977853011708174,-4.499929468190156,0.2884012539184928,2026-09-10,-2.9764423755113567,1.2977853011708174,-4.739737621667373,0.2738095238095215,2026-09-17,,,,,
,8411,8411.T,8411_20260818_01,7.0,False,True,8731.0,-1.431680219906084,1.408773336387581,-3.7681823387928026,0.3738601823708202,2026-09-10,-2.084526400183251,1.408773336387581,-3.7681823387928026,0.3738601823708202,2026-09-17,,,,,
,8604,8604.T,8604_20260818_01,7.0,True,True,1632.0,2.083333333333326,3.0637254901960675,-1.1335784313725503,2.7027027027026893,2026-09-10,-2.5428921568627416,3.431372549019618,-3.2475490196078427,1.056603773584909,2026-09-17,,,,,
,8309,8309.T,8309_20260818_01,7.0,True,False,1787.0,-1.6508114157806395,1.5388919977616045,-3.497481813094572,0.4399999999999979,2026-09-10,0.1398992725237802,1.5388919977616045,-3.973139339675436,0.3873239436619698,2026-09-17,,,,,
,8309,8309.T,8309_20260818_01,7.0,True,False,1801.0,-1.887840088839532,0.3886729594669624,-4.71960022209883,0.0823529411764705,2026-09-11,-1.804553026096612,0.3886729594669624,-4.71960022209883,0.0823529411764705,2026-09-18,,,,,
,8750,8750.T,8750_20260827_02,7.0,True,False,1877.5,0.2929427430093279,0.9320905459387464,-5.033288948069236,0.1851851851851849,2026-09-11,1.9174434087882768,3.6750998668442,-5.033288948069236,0.7301587301587293,2026-09-18,,,,,
,8306,8306.T,8306_20260818_01,7.0,False,True,3785.0,-3.2760898282694795,0.264200792602387,-5.548216644649939,0.0476190476190492,2026-09-11,-4.35931307793923,0.264200792602387,-5.548216644649939,0.0476190476190492,2026-09-18,,,,,
,8725,8725.T,8725_20260818_01,7.0,True,True,5240.0,-2.843511450381675,0.1717557251908363,-6.202290076335881,0.0276923076923071,2026-09-11,-0.4389312977099213,1.6412213740458093,-6.202290076335881,0.2646153846153857,2026-09-18,,,,,
,8601,8601.T,8601_20260818_01,7.0,True,False,1867.0,-1.339046598821636,0.5356186395286455,-4.151044456347086,0.1290322580645135,2026-09-11,-1.1515800749866134,0.5356186395286455,-4.151044456347086,0.1290322580645135,2026-09-18,,,,,
,8411,8411.T,8411_20260818_01,7.0,False,True,8774.0,-1.3676772281741467,0.9117848187827572,-4.239799407339873,0.2150537634408575,2026-09-11,-3.179849555504899,0.9117848187827572,-4.912240711192162,0.1856148491879328,2026-09-18,,,,,
,8354,8354.T,8354_20260821_01,7.0,False,True,7925.0,-1.236593059936908,0.7444794952681466,-4.353312302839118,0.1710144927536249,2026-09-11,-2.2586750788643584,0.7444794952681466,-4.353312302839118,0.1710144927536249,2026-09-18,,,,,
,8053,8053.T,8053_20260904_01,7.0,False,True,1820.0,0.1098901098901095,3.901098901098909,-2.857142857142858,1.365384615384618,2026-09-11,-1.318681318681314,3.901098901098909,-3.159340659340659,1.2347826086956548,2026-09-18,,,,,
,8604,8604.T,8604_20260818_01,7.0,True,True,1669.0,-0.2696225284601561,0.7789095266626633,-3.325344517675255,0.2342342342342315,2026-09-11,-5.272618334331936,1.1384062312762122,-6.05152786099461,0.1881188118811878,2026-09-18,,,,,
,8316,8316.T,8316_20260827_02,7.0,False,True,7083.0,-2.428349569391497,0.1553014259494611,-4.659042778483691,0.0333333333333343,2026-09-11,-3.571932796837496,0.1553014259494611,-5.322603416631367,0.0291777188328921,2026-09-18,,,,,
,6178,6178.T,6178_20260828_01,7.0,False,True,2512.5,-1.7313432835820874,0.776119402985076,-5.194029850746274,0.1494252873563219,2026-09-11,0.5970149253731405,1.6119402985074638,-5.194029850746274,0.3103448275862068,2026-09-18,,,,,
,8604,8604.T,8604_20260818_01,7.0,True,False,1662.5,-1.0827067669172965,1.533834586466165,-2.947368421052632,0.5204081632653059,2026-09-15,,,,,,,,,,
,6857,6857.T,6857_20260903_02,7.0,False,True,34520.0,-12.63035921205099,-0.8980301274623459,-13.644264194669752,-0.0658174097664547,2026-09-15,,,,,,,,,,
,4689,4689.T,4689_20260903_02,7.0,True,False,526.6,7.273077176996301,8.146600835548789,-3.000382112994926,2.715187775672013,2026-09-15,,,,,,,,,,
,8411,8411.T,8411_20260818_01,7.0,True,False,8655.0,-0.6585788561525141,1.9179664933564489,-2.9231658001155347,0.6561264822134425,2026-09-15,,,,,,,,,,
,8601,8601.T,8601_20260818_01,7.0,True,False,1857.5,-1.1305518169582809,0.9421265141319024,-3.660834454912521,0.2573529411764716,2026-09-15,,,,,,,,,,
,8309,8309.T,8309_20260818_01,7.0,True,False,1771.5,0.0846740050804317,1.8346034434095329,-3.1329381879762863,0.5855855855855842,2026-09-15,,,,,,,,,,
,8601,8601.T,8601_20260818_01,7.0,True,False,1818.0,0.7150715071507108,3.135313531353145,-1.5676567656765727,2.0,2026-09-16,,,,,,,,,,
,8053,8053.T,8053_20260904_01,7.0,False,True,1861.5,-4.055868922911632,-1.2892828364222453,-5.31829170024174,-0.2424242424242434,2026-09-16,,,,,,,,,,
,8309,8309.T,8309_20260818_01,7.0,True,False,1747.5,1.6309012875536544,3.4620886981401977,-1.8025751072961336,1.920634920634923,2026-09-16,,,,,,,,,,
,8411,8411.T,8411_20260818_01,7.0,True,False,8617.0,-0.5918533132180603,2.367413252872219,-2.495067889056513,0.9488372093023228,2026-09-16,,,,,,,,,,
,8015,8015.T,8015_20260828_01,7.0,True,False,7466.0,-1.0715242432359997,2.437717653361915,-2.812751138494507,0.8666666666666698,2026-09-16,,,,,,,,,,
,5713,5713.T,5713_20260904_01,7.0,False,True,10160.0,-4.527559055118113,1.5748031496062964,-8.366141732283461,0.1882352941176468,2026-09-16,,,,,,,,,,
,8604,8604.T,8604_20260818_01,7.0,True,True,1629.0,0.3376304481276904,3.621853898096994,-0.920810313075504,3.9333333333333456,2026-09-16,,,,,,,,,,
,8309,8309.T,8309_20260818_01,7.0,True,False,1734.0,3.2006920415224904,4.267589388696647,-1.038062283737029,4.111111111111084,2026-09-17,,,,,,,,,,
,4689,4689.T,4689_20260903_02,7.0,True,False,515.1,7.513101881764461,10.832852730355746,0.8153732853753981,13.2857587127941,2026-09-17,,,,,,,,,,
,9101,9101.T,9101_20260904_02,7.0,True,False,7217.0,4.835804350838302,5.2930580573645525,-1.8290148261050243,2.8939393939394007,2026-09-17,,,,,,,,,,
,8604,8604.T,8604_20260818_01,7.0,True,False,1638.0,-2.8998778998779007,3.0525030525030417,-3.6019536019536003,0.8474576271186415,2026-09-17,,,,,,,,,,
,8601,8601.T,8601_20260818_01,7.0,True,False,1810.5,1.0770505385252704,3.562551781275891,-1.1599005799502904,3.0714285714285707,2026-09-17,,,,,,,,,,
,9101,9101.T,9101_20260904_02,7.0,True,False,7198.0,4.056682411781054,5.5709919422061605,0.5001389274798651,11.13888888888866,2026-09-18,,,,,,,,,,
,4689,4689.T,4689_20260903_02,7.0,True,False,522.1,2.815550238071008,9.346873092139909,2.0877226584945285,4.477066460005757,2026-09-18,,,,,,,,,,
,8309,8309.T,8309_20260818_01,7.0,True,False,1757.5,0.6258890469416745,2.873399715504976,-0.540540540540535,5.31578947368426,2026-09-18,,,,,,,,,,
,8601,8601.T,8601_20260818_01,7.0,True,False,1837.0,0.462710941752853,2.0685900925421885,-1.0887316276537828,1.900000000000001,2026-09-18,,,,,,,,,,
,8604,8604.T,8604_20260818_01,7.0,True,False,1666.0,-5.102040816326525,1.3205282112845218,-5.882352941176472,0.2244897959183686,2026-09-18,,,,,,,,,,
,8309,8309.T,8309_20260818_01,7.0,True,False,1760.5,,,,,,,,,,,,,,,
,8601,8601.T,8601_20260818_01,7.0,True,False,1839.0,,,,,,,,,,,,,,,
,8725,8725.T,8725_20260818_01,7.0,True,False,5153.0,,,,,,,,,,,,,,,
,8750,8750.T,8750_20260911_03,7.0,False,True,1888.0,,,,,,,,,,,,,,,
,8604,8604.T,8604_20260818_01,7.0,True,False,1658.5,,,,,,,,,,,,,,,
,7832,7832.T,7832_20260903_01,7.0,False,True,5514.0,,,,,,,,,,,,,,,
,9101,9101.T,9101_20260904_02,7.0,True,False,7309.0,,,,,,,,,,,,,,,
,8725,8725.T,8725_20260818_01,7.0,True,True,5137.0,,,,,,,,,,,,,,,
,8309,8309.T,8309_20260818_01,7.0,True,False,1782.0,,,,,,,,,,,,,,,
,7832,7832.T,7832_20260903_01,7.0,False,True,5565.0,,,,,,,,,,,,,,,
,8604,8604.T,8604_20260818_01,7.0,True,False,1653.5,,,,,,,,,,,,,,,
,9101,9101.T,9101_20260904_02,7.0,True,False,7338.0,,,,,,,,,,,,,,,
,8750,8750.T,8750_20260911_03,7.0,False,True,1890.0,,,,,,,,,,,,,,,
,6701,6701.T,6701_20260914_01,7.0,False,True,4825.0,,,,,,,,,,,,,,,
,8601,8601.T,8601_20260818_01,7.0,True,False,1848.5,,,,,,,,,,,,,,,
,9432,9432.T,9432_20260903_02,7.0,False,True,176.7,,,,,,,,,,,,,,,
,8750,8750.T,8750_20260911_03,7.0,False,True,1912.0,,,,,,,,,,,,,,,
,8725,8725.T,8725_20260818_01,7.0,True,False,5186.0,,,,,,,,,,,,,,,
,9104,9104.T,9104_20260904_02,7.0,False,True,7145.0,,,,,,,,,,,,,,,
,7832,7832.T,7832_20260903_01,7.0,False,True,5483.0,,,,,,,,,,,,,,,
,9101,9101.T,9101_20260904_02,7.0,True,False,7388.0,,,,,,,,,,,,,,,
,8601,8601.T,8601_20260818_01,7.0,True,False,1826.0,,,,,,,,,,,,,,,
,4689,4689.T,4689_20260903_02,7.0,False,True,566.0,,,,,,,,,,,,,,,
,8309,8309.T,8309_20260818_01,7.0,True,False,1795.0,,,,,,,,,,,,,,,
,6701,6701.T,6701_20260914_01,7.0,False,True,4786.0,,,,,,,,,,,,,,,
,8604,8604.T,8604_20260818_01,7.0,True,False,1646.0,,,,,,,,,,,,,,,
,8309,8309.T,8309_20260818_01,7.0,True,False,1793.0,,,,,,,,,,,,,,,
,8604,8604.T,8604_20260818_01,7.0,True,False,1620.5,,,,,,,,,,,,,,,
,8628,8628.T,8628_20260917_01,7.0,True,False,1187.0,,,,,,,,,,,,,,,
,8725,8725.T,8725_20260818_01,7.0,True,False,5271.0,,,,,,,,,,,,,,,
,8331,8331.T,8331_20260818_01,7.0,False,True,2777.0,,,,,,,,,,,,,,,
,8750,8750.T,8750_20260911_03,7.0,False,True,1940.0,,,,,,,,,,,,,,,
,8601,8601.T,8601_20260818_01,7.0,True,False,1853.0,,,,,,,,,,,,,,,
,6701,6701.T,6701_20260914_01,7.0,False,True,4906.0,,,,,,,,,,,,,,,
,8309,8309.T,8309_20260818_01,7.0,True,False,1768.5,,,,,,,,,,,,,,,
,8725,8725.T,8725_20260818_01,7.0,True,False,5217.0,,,,,,,,,,,,,,,
,8601,8601.T,8601_20260818_01,7.0,True,False,1845.5,,,,,,,,,,,,,,,
,8604,8604.T,8604_20260818_01,7.0,True,False,1581.0,,,,,,,,,,,,,,,
,8628,8628.T,8628_20260917_01,7.0,True,False,1172.0,,,,,,,,,,,,,,,
,4631,4631.T,4631_20260818_01,7.0,True,False,5495.0,-7.279344858962689,-1.273885350318471,-8.043676069153772,-0.1583710407239819,2026-08-25,-3.639672429481344,-1.273885350318471,-11.22838944494996,-0.1134521880064829,2026-09-01,-15.614194722474972,-1.273885350318471,-18.016378525932662,-0.0707070707070707,2026-09-15
,2503,2503.T,2503_20260818_01,7.0,True,False,2998.5,2.6846756711689235,4.018676004669008,0.1834250458562669,21.90909090909029,2026-08-26,-0.8004002001000488,4.018676004669008,-0.9504752376188086,4.228070175438607,2026-09-02,-5.252626313156583,4.018676004669008,-8.137402034350504,0.4938524590163946,2026-09-16
,8725,8725.T,8725_20260818_01,7.0,True,False,4860.0,4.609053497942384,4.97942386831276,-2.1604938271604923,2.304761904761908,2026-08-26,5.65843621399178,7.489711934156373,-2.1604938271604923,3.466666666666667,2026-09-02,6.069958847736623,9.362139917695478,-2.1604938271604923,4.333333333333338,2026-09-16
,5019,5019.T,5019_20260818_01,7.0,False,True,1337.0,1.533283470456248,4.487658937920713,-0.4487658937920691,10.00000000000005,2026-08-26,9.349289454001486,12.266267763649964,-0.4487658937920691,27.3333333333335,2026-09-02,24.906507105459987,27.78608825729245,-0.4487658937920691,61.916666666667055,2026-09-16
,8331,8331.T,8331_20260818_01,7.0,True,False,2723.5,3.6166697264549352,4.681476041857913,-1.230034881586195,3.805970149253736,2026-08-26,2.808885625114743,5.195520469983483,-1.230034881586195,4.223880597014928,2026-09-02,0.2203047549109493,5.764641086836786,-3.029190380025704,1.9030303030303004,2026-09-16
,8309,8309.T,8309_20260818_01,7.0,True,False,1688.5,3.6718981344388446,4.441812259401834,-0.7699141249629893,5.769230769230734,2026-08-26,5.1228901391767945,7.936037903464621,-0.7699141249629893,10.30769230769226,2026-09-02,5.1821143026354655,7.936037903464621,-0.7699141249629893,10.30769230769226,2026-09-16
,8604,8604.T,8604_20260818_01,7.0,True,False,1509.5,6.227227558794302,6.989069228221267,-0.8280887711162643,8.439999999999996,2026-08-26,6.558463067240816,9.4402119907254,-0.8280887711162643,11.399999999999984,2026-09-02,8.280887711162643,11.825107651540234,-0.8280887711162643,14.279999999999974,2026-09-16
,4503,4503.T,4503_20260820_01,7.0,False,True,2418.0,-1.1166253101737025,1.530190239867668,-1.8610421836228297,0.8222222222222266,2026-08-27,-0.041356492969391,1.530190239867668,-3.61869313482217,0.4228571428571449,2026-09-03,-2.1918941273780024,1.530190239867668,-9.7394540942928,0.1571125265392791,2026-09-17
,8604,8604.T,8604_20260818_01,7.0,True,False,1521.0,5.950032873109801,6.804733727810652,-1.4792899408283988,4.600000000000012,2026-08-27,7.297830374753443,9.434582511505596,-1.4792899408283988,6.377777777777798,2026-09-03,4.569362261669951,10.97961867192636,-1.4792899408283988,7.422222222222238,2026-09-17
,5019,5019.T,5019_20260818_01,7.0,False,True,1349.5,1.519081141163392,3.519822156354202,-0.7039644312708426,4.999999999999984,2026-08-27,10.37421267135976,11.633938495739171,-0.7039644312708426,16.52631578947366,2026-09-03,23.97184142274917,26.60244535012968,-0.7039644312708426,37.78947368421044,2026-09-17
,5101,5101.T,5101_20260818_01,7.0,True,False,7562.0,-1.5075376884422065,2.618354932557532,-2.36709865115049,1.1061452513966508,2026-08-27,-7.061623909018778,2.618354932557532,-9.151018249140442,0.2861271676300585,2026-09-03,-9.045226130653262,2.618354932557532,-13.27691087014018,0.1972111553784865,2026-09-17
,7269,7269.T,7269_20260818_01,7.0,True,True,2087.0,2.2520364159080097,4.120747484427412,-0.7906085289889786,5.212121212121223,2026-08-27,1.030186871106853,9.631049353138476,-0.7906085289889786,12.181818181818194,2026-09-03,-1.916626736942984,9.631049353138476,-6.516530905606133,1.4779411764705883,2026-09-17
,9503,9503.T,9503_20260820_01,7.0,False,True,2557.5,1.8572825024437911,3.186705767350939,-1.2903225806451646,2.4696969696969715,2026-08-27,18.318670576735087,19.37438905180841,-1.2903225806451646,15.015151515151484,2026-09-03,16.500488758553278,19.37438905180841,-1.2903225806451646,15.015151515151484,2026-09-17
,8309,8309.T,8309_20260818_01,7.0,True,False,1690.5,4.170363797693,4.939367051168286,-0.3549245785270605,13.916666666666744,2026-08-27,5.708370304643595,7.808340727595375,-0.3549245785270605,22.000000000000124,2026-09-03,5.856255545696532,7.808340727595375,-0.3549245785270605,22.000000000000124,2026-09-17
,8601,8601.T,8601_20260818_01,7.0,True,False,1757.0,3.7564029595902095,4.524758110415483,-0.8252703471826939,5.482758620689684,2026-08-27,5.634604439385327,6.659077973819016,-0.8252703471826939,8.068965517241425,2026-09-03,4.154809334092202,8.025042686397278,-0.8252703471826939,9.72413793103454,2026-09-17
,4021,4021.T,4021_20260818_01,7.0,False,True,8162.0,-1.3354569958343498,1.1761823082577785,-4.165645675079633,0.2823529411764705,2026-08-27,-2.058319039451117,2.54839500122519,-4.165645675079633,0.6117647058823537,2026-09-03,0.4288164665523064,2.54839500122519,-5.611369762313156,0.4541484716157207,2026-09-17
,8601,8601.T,8601_20260818_01,7.0,True,False,1779.0,4.721753794266448,5.340078695896566,-0.6464305789769531,8.260869565217387,2026-08-28,4.946599213041036,6.68915120854412,-0.6464305789769531,10.347826086956516,2026-09-04,3.7380550871275897,6.68915120854412,-0.6464305789769531,10.347826086956516,2026-09-18
,7269,7269.T,7269_20260818_01,7.0,False,True,2103.5,3.161397670549082,3.304017114333257,-1.02210601378655,3.232558139534875,2026-08-28,-1.735203232707394,8.771095792726413,-2.1868314713572645,4.010869565217388,2026-09-04,-3.5892560019015973,8.771095792726413,-7.249821725695272,1.2098360655737708,2026-09-18
,8604,8604.T,8604_20260818_01,7.0,True,False,1535.0,6.970684039087938,7.622149837133539,-1.140065146579805,6.685714285714274,2026-08-28,8.729641693811075,9.348534201954406,-1.140065146579805,8.200000000000005,2026-09-04,2.9967426710097778,9.967426710097715,-1.140065146579805,8.742857142857135,2026-09-18
,8331,8331.T,8331_20260818_01,7.0,True,False,2753.5,2.215362266206644,3.5409478845106257,-1.2529507899037615,2.826086956521735,2026-08-28,3.904122026511714,4.249137461412755,-1.2529507899037615,3.3913043478260856,2026-09-04,-0.5992373343017943,4.612311603413843,-4.085709097512257,1.1288888888888904,2026-09-18
,8309,8309.T,8309_20260818_01,7.0,True,False,1715.5,4.313611192072275,4.809093558729227,-1.0492567764500138,4.58333333333333,2026-08-28,4.983969688137568,6.237248615563984,-1.0492567764500138,5.944444444444457,2026-09-04,3.0894782862139314,6.237248615563984,-1.0492567764500138,5.944444444444457,2026-09-18
,8725,8725.T,8725_20260818_01,7.0,True,True,4945.0,3.4175935288169867,3.842264914054594,-1.7391304347826098,2.20930232558139,2026-08-28,5.965621840242674,7.482305358948427,-1.7391304347826098,4.302325581395343,2026-09-04,5.500505561172897,7.704752275025273,-1.7391304347826098,4.430232558139529,2026-09-18
,4503,4503.T,4503_20260820_01,7.0,False,True,2406.5,-1.4543943486390989,2.015375025971333,-3.158113442759192,0.6381578947368443,2026-08-31,-4.300851859547061,2.015375025971333,-4.529399542904633,0.4449541284403682,2026-09-07,-1.6829420319966704,2.015375025971333,-9.30812383129026,0.2165178571428576,2026-09-24
,9503,9503.T,9503_20260820_01,7.0,False,True,2582.0,8.849728892331532,9.004647560030987,-0.7164988381099913,12.56756756756759,2026-08-31,14.852827265685509,18.24167312161116,-0.7164988381099913,25.4594594594595,2026-09-07,9.314484895429898,18.24167312161116,-0.7164988381099913,25.4594594594595,2026-09-24
,8725,8725.T,8725_20260818_01,7.0,True,False,4927.0,3.653338745687029,4.221635883905006,0.9133346864217629,4.622222222222188,2026-08-31,4.5057844530139946,7.874974629592035,0.9133346864217629,8.622222222222163,2026-09-07,2.151410594682357,8.098234219606248,-0.2435559163791345,33.2500000000001,2026-09-24
,8604,8604.T,8604_20260818_01,7.0,True,False,1539.0,6.270305393112419,7.342430149447687,0.5198180636777128,14.12499999999999,2026-08-31,7.602339181286544,9.064327485380108,0.5198180636777128,17.437499999999982,2026-09-07,2.306692657569842,9.681611435997397,0.5198180636777128,18.62499999999999,2026-09-24
,7269,7269.T,7269_20260818_01,7.0,True,False,2126.5,4.726075711262645,5.360921702327759,-0.446743475193978,12.00000000000005,2026-08-31,-3.362332471196805,7.594639078297671,-3.99717846226193,1.900000000000001,2026-09-07,-6.371972725135199,7.594639078297671,-8.25299788384669,0.9202279202279208,2026-09-24
,8601,8601.T,8601_20260818_01,7.0,True,False,1786.5,3.1905961376994085,4.897844948222785,0.2518891687657509,19.44444444444385,2026-08-31,4.478029666946548,6.241253848306738,0.2518891687657509,24.777777777776976,2026-09-07,2.6588301147495,6.241253848306738,0.1679261125104858,37.16666666666874,2026-09-24
,8309,8309.T,8309_20260818_01,7.0,True,False,1702.0,4.406580493537016,5.640423031727382,-0.1175088131609825,48.00000000000189,2026-08-31,4.700352526439477,7.079905992949476,-0.1175088131609825,60.25000000000239,2026-09-07,3.172737955346649,7.079905992949476,-0.1175088131609825,60.25000000000239,2026-09-24
,7269,7269.T,7269_20260818_01,7.0,True,False,2119.0,6.418121755545059,7.975460122699385,0.4483246814535269,17.789473684210083,2026-09-01,-6.559697970740919,7.975460122699385,-6.559697970740919,1.2158273381294955,2026-09-08,,,,,
,4503,4503.T,4503_20260820_01,7.0,False,True,2415.0,-0.0207039337474124,1.6563146997929712,-3.498964803312632,0.4733727810650914,2026-09-01,-5.569358178053829,1.6563146997929712,-5.9834368530020665,0.2768166089965417,2026-09-08,,,,,
,8309,8309.T,8309_20260818_01,7.0,True,False,1734.0,4.354094579008083,5.103806228373697,0.4901960784313708,10.41176470588238,2026-09-01,1.2975778546712835,5.103806228373697,0.4901960784313708,10.41176470588238,2026-09-08,,,,,
,8725,8725.T,8725_20260818_01,7.0,True,False,5072.0,2.267350157728698,2.9968454258675115,-1.0055205047318605,2.980392156862751,2026-09-01,0.1182965299684646,4.7910094637223954,-1.0055205047318605,4.764705882352943,2026-09-08,,,,,
,9503,9503.T,9503_20260820_01,7.0,False,True,2591.5,14.02662550646343,14.084507042253524,-1.0804553347482204,13.035714285714226,2026-09-01,13.428516303299244,17.808219178082197,-1.0804553347482204,16.482142857142783,2026-09-08,,,,,
,8601,8601.T,8601_20260818_01,7.0,True,False,1813.5,2.591673559415497,3.3360904328646246,-1.2406947890818865,2.688888888888886,2026-09-01,1.1579818031431044,4.659498207885315,-1.2406947890818865,3.755555555555562,2026-09-08,,,,,
,8604,8604.T,8604_20260818_01,7.0,True,False,1571.5,4.39070951320395,5.122494432071267,0.1590836780146265,32.20000000000184,2026-09-01,4.899777282850781,7.031498568246897,0.1590836780146265,44.20000000000254,2026-09-08,,,,,
,2503,2503.T,2503_20260818_01,7.0,False,True,3084.0,-0.745784695201035,1.1348897535667923,-2.075226977950717,0.5468749999999971,2026-09-01,-7.70103761348897,1.1348897535667923,-7.8793774319066205,0.1440329218106989,2026-09-08,,,,,
,9503,9503.T,9503_20260820_01,7.0,False,True,2590.5,16.811426365566497,17.853696197645252,-1.042269832078746,17.129629629629694,2026-09-03,14.147847905809696,17.853696197645252,-1.042269832078746,17.129629629629694,2026-09-10,,,,,
,8308,8308.T,8308_20260827_01,7.0,False,True,2430.0,4.938271604938271,7.037037037037042,0.5144032921810648,13.680000000000144,2026-09-03,2.4074074074074137,7.037037037037042,-1.0082304526748964,6.979591836734703,2026-09-10,,,,,
,8604,8604.T,8604_20260818_01,7.0,True,True,1620.0,0.7407407407407307,2.746913580246924,-1.4197530864197505,1.9347826086956628,2026-09-03,2.839506172839501,3.827160493827164,-1.4197530864197505,2.695652173913051,2026-09-10,,,,,
,8750,8750.T,8750_20260827_02,7.0,True,False,1817.0,3.6598789212988425,4.155200880572374,-0.3577325261419961,11.615384615384496,2026-09-03,0.8805723720418213,5.503577325261411,-1.871216290588884,2.9411764705882284,2026-09-10,,,,,
,2914,2914.T,2914_20260821_01,7.0,False,True,7014.0,-0.9409751924721932,1.3544339891645274,-1.6110635871114942,0.840707964601768,2026-09-03,-5.702879954376961,1.3544339891645274,-6.102081551183347,0.2219626168224298,2026-09-10,,,,,
,8411,8411.T,8411_20260818_01,7.0,False,True,8326.0,4.864280566898871,6.822003362959395,-0.4323804948354603,15.777777777777567,2026-09-03,3.362959404275756,6.822003362959395,-0.4323804948354603,15.777777777777567,2026-09-10,,,,,
,8309,8309.T,8309_20260818_01,7.0,True,False,1756.5,1.7364076288072905,3.757472245943627,-0.5693139766581257,6.599999999999996,2026-09-03,0.0569313976658047,3.757472245943627,-1.8218047253060088,2.062499999999991,2026-09-10,,,,,
,8725,8725.T,8725_20260818_01,7.0,True,False,5042.0,3.3518445061483604,4.204680682268935,-0.4165013883379642,10.095238095238006,2026-09-03,-1.547005156683856,5.414518048393502,-2.518841729472432,2.149606299212601,2026-09-10,,,,,
,8601,8601.T,8601_20260818_01,7.0,True,False,1827.5,1.559507523939807,2.5444596443228384,-0.5198358413132653,4.894736842105289,2026-09-03,0.5198358413132764,3.857729138166888,-2.0519835841313228,1.8800000000000003,2026-09-10,,,,,
,8354,8354.T,8354_20260821_01,7.0,False,True,7733.0,2.5863183757920627,3.724298461140574,-0.4138109401267242,9.000000000000135,2026-09-03,0.4526057157636209,3.737230053019536,-1.9785335574809213,1.8888888888888973,2026-09-10,,,,,
,9432,9432.T,9432_20260827_01,7.0,False,True,167.6,3.341286961958345,5.011933174224348,-0.1789957925072638,28.000284833627912,2026-09-03,4.534604384392726,5.011933174224348,-0.1789957925072638,28.000284833627912,2026-09-10,,,,,
,8411,8411.T,8411_20260818_01,7.0,True,True,8449.0,3.846609066161677,5.266895490590606,-1.4676293052432232,3.5887096774193594,2026-09-04,2.426322641732748,5.266895490590606,-1.4676293052432232,3.5887096774193594,2026-09-11,,,,,
,8316,8316.T,8316_20260827_02,7.0,False,True,6881.0,2.935619822700186,4.359831419851767,-1.5259409969481164,2.857142857142861,2026-09-04,0.4359831419851856,4.359831419851767,-1.860194739136756,2.343749999999998,2026-09-11,,,,,
,8604,8604.T,8604_20260818_01,7.0,True,False,1642.5,1.6133942161339343,2.191780821917799,-2.7701674277016752,0.7912087912087877,2026-09-04,1.3394216133942205,2.404870624048705,-2.7701674277016752,0.8681318681318674,2026-09-11,,,,,
,8308,8308.T,8308_20260827_01,7.0,False,True,2520.0,1.1904761904761862,3.214285714285725,-1.6666666666666718,1.928571428571429,2026-09-04,0.079365079365079,3.214285714285725,-4.543650793650789,0.7074235807860293,2026-09-11,,,,,
,8331,8331.T,8331_20260818_01,7.0,False,True,2822.0,1.381998582565558,1.7186392629340963,-1.8426647767540767,0.9326923076923104,2026-09-04,-3.2955350815024764,2.072997873848337,-6.413890857547844,0.3232044198895028,2026-09-11,,,,,
,8601,8601.T,8601_20260818_01,7.0,True,False,1869.5,-0.1337255950788929,1.5244717838994282,-2.754747258625301,0.5533980582524235,2026-09-04,-1.4709815458678777,1.5244717838994282,-4.2792190425247405,0.3562499999999975,2026-09-11,,,,,
,8725,8725.T,8725_20260818_01,7.0,True,False,5115.0,2.4437927663734094,3.910068426197455,-1.0752688172043,3.636363636363636,2026-09-04,-0.4692082111436901,3.910068426197455,-3.910068426197455,1.0,2026-09-11,,,,,
,9766,9766.T,9766_20260824_01,7.0,False,True,22185.0,-3.0876718503493383,1.1043497858913789,-3.944106378183454,0.2800000000000029,2026-09-04,-6.558485463150776,1.1043497858913789,-8.90241153932837,0.1240506329113936,2026-09-11,,,,,
,6178,6178.T,6178_20260828_01,7.0,False,True,2425.5,3.586889301175012,7.318078746650181,-0.8864151721294622,8.255813953488337,2026-09-04,1.7934446505875057,7.318078746650181,-1.7934446505875057,4.08045977011495,2026-09-11,,,,,
,8354,8354.T,8354_20260821_01,7.0,False,True,7861.0,0.8141457829792698,2.048085485307216,-1.717338760971887,1.1925925925925942,2026-09-04,-0.4325149472077294,2.048085485307216,-3.574608828393333,0.5729537366548054,2026-09-11,,,,,
,8309,8309.T,8309_20260818_01,7.0,True,False,1787.0,0.7834359261331914,1.9865696698377235,-2.266368214885284,0.8765432098765457,2026-09-04,-1.1191941801902638,1.9865696698377235,-3.973139339675436,0.5000000000000014,2026-09-11,,,,,
,8015,8015.T,8015_20260828_01,7.0,False,True,7583.0,0.0659369642621587,2.5187920348147097,-3.2045364631412387,0.7860082304526721,2026-09-04,-0.3956217855729971,2.8352894632731163,-4.219965712778584,0.6718750000000012,2026-09-11,,,,,
,9101,9101.T,9101_20260827_01,7.0,True,False,6941.0,6.901022907362053,7.549344474859532,0.7491715891081885,10.076923076923205,2026-09-07,5.705229793977806,7.549344474859532,0.7491715891081885,10.076923076923205,2026-09-14,,,,,
,7269,7269.T,7269_20260818_01,7.0,False,True,2202.0,-6.675749318801094,3.905540417802,-7.288828337874664,0.5358255451713395,2026-09-07,-7.129881925522252,3.905540417802,-11.398728428701176,0.3426294820717134,2026-09-14,,,,,
,8725,8725.T,8725_20260818_01,7.0,True,True,5071.0,1.5381581542102118,4.811674225990936,0.1971997633602784,24.40000000000072,2026-09-07,2.681916781699867,4.811674225990936,-3.076316308420435,1.564102564102564,2026-09-14,,,,,
,8308,8308.T,8308_20260827_01,7.0,False,True,2516.0,1.0532591414944337,3.378378378378377,-1.5103338632750374,2.2368421052631606,2026-09-07,1.1724960254372083,3.378378378378377,-4.3918918918918965,0.7692307692307682,2026-09-14,,,,,
,8601,8601.T,8601_20260818_01,7.0,True,False,1844.0,1.2201735357917576,2.9284164859002093,-1.4099783080260275,2.076923076923076,2026-09-07,1.572668112798259,2.9284164859002093,-2.955531453362259,0.9908256880733908,2026-09-14,,,,,
,8354,8354.T,8354_20260821_01,7.0,False,True,7815.0,0.6525911708253451,2.648752399232235,-0.754958413307738,3.508474576271188,2026-09-07,0.2815099168266055,2.648752399232235,-3.00703774792066,0.8808510638297852,2026-09-14,,,,,
,8604,8604.T,8604_20260818_01,7.0,True,False,1630.0,1.595092024539868,2.9754601226993804,-2.024539877300613,1.469696969696967,2026-09-07,2.7607361963190247,3.5582822085889587,-2.024539877300613,1.757575757575759,2026-09-14,,,,,
,8316,8316.T,8316_20260827_02,7.0,False,True,6872.0,1.5133876600698537,4.49650756693829,-0.1018626309662429,44.142857142855696,2026-09-07,2.299185098952261,4.49650756693829,-1.7316647264260745,2.5966386554621828,2026-09-14,,,,,
,8309,8309.T,8309_20260818_01,7.0,True,False,1767.5,0.8203677510608243,3.111739745403108,-1.1881188118811892,2.6190476190476137,2026-09-07,1.7538896746817525,3.111739745403108,-2.91371994342291,1.067961165048544,2026-09-14,,,,,
,8601,8601.T,8601_20260818_01,7.0,True,False,1855.0,-1.1051212938005373,2.3180592991913773,-1.99460916442048,1.1621621621621665,2026-09-08,-0.9973045822102456,2.3180592991913773,-3.5309973045822063,0.6564885496183221,2026-09-15,,,,,
,8604,8604.T,8604_20260818_01,7.0,True,False,1637.0,0.7025045815516107,2.748930971288943,-2.443494196701279,1.1250000000000018,2026-09-08,0.4581551618815016,3.11545510079414,-2.443494196701279,1.2750000000000037,2026-09-15,,,,,
,8306,8306.T,8306_20260818_01,7.0,False,True,3686.0,-0.8138903960933308,2.9571351058057527,-1.6006511123168754,1.847457627118644,2026-09-08,-0.4883342376559962,2.9571351058057527,-3.011394465545303,0.9819819819819836,2026-09-15,,,,,
,7203,7203.T,7203_20260901_01,7.0,False,True,3230.0,-8.095975232198139,-1.2383900928792602,-8.095975232198139,-0.1529636711281075,2026-09-08,-6.470588235294117,-1.2383900928792602,-8.993808049535602,-0.1376936316695356,2026-09-15,,,,,
,4021,4021.T,4021_20260831_02,7.0,False,True,8325.0,-6.04204204204204,-1.5135135135135092,-6.21021021021021,-0.2437137330754345,2026-09-08,-4.336336336336332,-1.5135135135135092,-7.459459459459461,-0.202898550724637,2026-09-15,,,,,
,8331,8331.T,8331_20260818_01,7.0,False,True,2842.0,-3.184377199155519,1.3546798029556717,-3.184377199155519,0.4254143646408868,2026-09-08,-4.363124560168896,1.3546798029556717,-7.072484166080228,0.1915422885572148,2026-09-15,,,,,
,8015,8015.T,8015_20260828_01,7.0,False,True,7620.0,-1.8110236220472475,2.33595800524935,-2.650918635170607,0.8811881188118824,2026-09-08,-3.818897637795271,2.33595800524935,-4.776902887139112,0.4890109890109898,2026-09-15,,,,,
,6178,6178.T,6178_20260828_01,7.0,False,True,2512.0,-2.6671974522292974,3.6226114649681618,-2.7468152866242046,1.318840579710148,2026-09-08,-1.2539808917197417,3.6226114649681618,-5.175159235668792,0.7000000000000014,2026-09-15,,,,,
,8308,8308.T,8308_20260827_01,7.0,False,True,2517.5,-1.0526315789473717,3.3167825223435976,-1.6087388282025827,2.061728395061729,2026-09-08,-2.164846077457794,3.3167825223435976,-4.448857994041711,0.7455357142857145,2026-09-15,,,,,
,8309,8309.T,8309_20260818_01,7.0,True,False,1796.5,-2.2265516281658737,1.0019482326746545,-2.783189535207342,0.360000000000004,2026-09-08,-1.3080990815474536,1.0019482326746545,-4.480935151683829,0.2236024844720517,2026-09-15,,,,,
,8316,8316.T,8316_20260827_02,7.0,False,True,6971.0,-0.6168411992540479,3.0124802754267765,-2.209152201979625,1.3636363636363704,2026-09-08,-1.8505235977621548,3.0124802754267765,-3.1272414287763617,0.96330275229358,2026-09-15,,,,,
,8725,8725.T,8725_20260818_01,7.0,True,False,5183.0,-2.0258537526529063,2.5467875747636537,-2.2187922052865128,1.1478260869565236,2026-09-08,-0.4823461315840216,2.5467875747636537,-5.170750530580747,0.4925373134328362,2026-09-15,,,,,
,8354,8354.T,8354_20260821_01,7.0,False,True,7941.0,-2.6570960836166724,1.0200226671703838,-2.6570960836166724,0.3838862559241715,2026-09-08,-2.5941317214456583,1.0200226671703838,-4.546026948747006,0.2243767313019397,2026-09-15,,,,,
,8411,8411.T,8411_20260818_01,7.0,True,True,8621.0,-0.2551908131307234,3.166685999304031,-1.3339519777287978,2.373913043478272,2026-09-08,-0.2667903955457573,3.166685999304031,-2.540308548892245,1.246575342465753,2026-09-15,,,,,
,2914,2914.T,2914_20260821_01,7.0,False,True,7055.0,-6.307583274273565,-0.5953224663359347,-6.3784549964564174,-0.0933333333333337,2026-09-09,-3.99716513111269,-0.5953224663359347,-7.866761162296243,-0.075675675675676,2026-09-16,,,,,
,7269,7269.T,7269_20260818_01,7.0,True,False,2215.5,-10.200857594222525,-2.482509591514326,-11.938614308282558,-0.2079395085066157,2026-09-09,-8.530805687203792,-2.482509591514326,-11.938614308282558,-0.2079395085066157,2026-09-16,,,,,
,8725,8725.T,8725_20260818_01,7.0,True,False,5180.0,-4.498069498069501,2.6061776061776065,-4.826254826254828,0.5399999999999999,2026-09-09,-0.4826254826254872,2.6061776061776065,-5.115830115830111,0.5094339622641515,2026-09-16,,,,,
,8604,8604.T,8604_20260818_01,7.0,True,False,1623.5,-0.4619648906683093,3.6033261472128153,-0.6159531875577495,5.849999999999969,2026-09-09,0.6775485063135189,3.972898059747454,-0.6159531875577495,6.44999999999995,2026-09-16,,,,,
,4578,4578.T,4578_20260818_01,7.0,False,True,12335.0,-5.350628293473858,0.4053506282934771,-5.7559789217673245,0.0704225352112682,2026-09-09,-11.593027969193349,0.4053506282934771,-12.890149979732469,0.0314465408805034,2026-09-16,,,,,
,7203,7203.T,7203_20260901_01,7.0,False,True,3183.0,-6.660383286207983,-0.0314169022934351,-7.650015708451152,-0.0041067761806983,2026-09-09,-5.246622683003455,-0.0314169022934351,-7.650015708451152,-0.0041067761806983,2026-09-16,,,,,
,8316,8316.T,8316_20260827_02,7.0,False,True,6990.0,-2.7038626609442007,2.7324749642346102,-2.7038626609442007,1.0105820105820087,2026-09-09,-2.1173104434907053,2.7324749642346102,-3.3905579399141628,0.8059071729957775,2026-09-16,,,,,
,6178,6178.T,6178_20260828_01,7.0,False,True,2551.0,-5.919247353978829,2.0384163073304595,-5.919247353978829,0.3443708609271526,2026-09-09,-1.7444139553116411,2.0384163073304595,-6.624852998823993,0.3076923076923077,2026-09-16,,,,,
,8309,8309.T,8309_20260818_01,7.0,True,False,1787.5,-3.2167832167832144,1.51048951048951,-3.244755244755249,0.4655172413793096,2026-09-09,-0.6433566433566407,1.51048951048951,-4.000000000000004,0.3776223776223771,2026-09-16,,,,,
,8601,8601.T,8601_20260818_01,7.0,True,False,1842.0,-2.442996742671011,3.040173724212813,-2.8230184581976125,1.0769230769230769,2026-09-09,-0.5971769815418027,3.040173724212813,-2.8501628664495127,1.0666666666666669,2026-09-16,,,,,
,8591,8591.T,8591_20260901_02,7.0,False,True,6386.0,-5.715627936110246,3.0848731600375823,-5.919198246163482,0.5211640211640212,2026-09-09,-3.3823989978077007,3.0848731600375823,-6.843094268712813,0.4508009153318075,2026-09-16,,,,,
,8309,8309.T,8309_20260818_01,7.0,True,False,1787.0,-1.6508114157806395,1.5388919977616045,-3.497481813094572,0.4399999999999979,2026-09-10,0.1398992725237802,1.5388919977616045,-3.973139339675436,0.3873239436619698,2026-09-17,,,,,
,8411,8411.T,8411_20260818_01,7.0,False,True,8731.0,-1.431680219906084,1.408773336387581,-3.7681823387928026,0.3738601823708202,2026-09-10,-2.084526400183251,1.408773336387581,-3.7681823387928026,0.3738601823708202,2026-09-17,,,,,
,8316,8316.T,8316_20260827_02,7.0,False,True,7089.0,-2.6519960502186524,1.2977853011708174,-4.499929468190156,0.2884012539184928,2026-09-10,-2.9764423755113567,1.2977853011708174,-4.739737621667373,0.2738095238095215,2026-09-17,,,,,
,8306,8306.T,8306_20260818_01,7.0,False,True,3754.0,-2.4507192328183325,1.0921683537559843,-4.635055940330313,0.2356321839080441,2026-09-10,-2.7171017581246626,1.0921683537559843,-4.768247202983488,0.2290502793296068,2026-09-17,,,,,
,8601,8601.T,8601_20260818_01,7.0,True,True,1856.0,-1.0237068965517238,2.2629310344827624,-3.5560344827586188,0.6363636363636378,2026-09-10,-1.4008620689655138,2.2629310344827624,-3.5829741379310387,0.6315789473684214,2026-09-17,,,,,
,8750,8750.T,8750_20260827_02,7.0,True,False,1883.5,-2.6811786567560447,1.7786036633926194,-5.335810990177858,0.3333333333333333,2026-09-10,2.521900716750736,3.2651977701088297,-5.335810990177858,0.611940298507461,2026-09-17,,,,,
,8015,8015.T,8015_20260828_01,7.0,False,True,7673.0,-3.166949042095657,1.6290890134236902,-5.069725009774539,0.3213367609254489,2026-09-10,-1.798514270819762,1.6290890134236902,-5.434640948781444,0.299760191846522,2026-09-17,,,,,
,8308,8308.T,8308_20260827_01,7.0,False,True,2550.0,-2.4117647058823577,1.8235294117647127,-5.666666666666664,0.3217993079584788,2026-09-10,-2.784313725490195,1.8235294117647127,-5.666666666666664,0.3217993079584788,2026-09-17,,,,,
,8354,8354.T,8354_20260821_01,7.0,False,True,7933.0,-2.0799193243413616,1.121895877978063,-4.449766796924237,0.2521246458923507,2026-09-10,-1.802596747762508,1.121895877978063,-4.449766796924237,0.2521246458923507,2026-09-17,,,,,
,8725,8725.T,8725_20260818_01,7.0,True,True,5211.0,-4.739973133755515,1.9957781615812744,-5.680291690654382,0.3513513513513522,2026-09-10,0.940318556898867,1.9957781615812744,-5.680291690654382,0.3513513513513522,2026-09-17,,,,,
,6178,6178.T,6178_20260828_01,7.0,False,True,2552.0,-4.682601880877746,1.998432601880884,-6.328369905956111,0.3157894736842116,2026-09-10,-0.4898119122257016,1.998432601880884,-6.661442006269591,0.300000000000001,2026-09-17,,,,,
,8604,8604.T,8604_20260818_01,7.0,True,True,1632.0,2.083333333333326,3.0637254901960675,-1.1335784313725503,2.7027027027026893,2026-09-10,-2.5428921568627416,3.431372549019618,-3.2475490196078427,1.056603773584909,2026-09-17,,,,,
,8411,8411.T,8411_20260818_01,7.0,False,True,8774.0,-1.3676772281741467,0.9117848187827572,-4.239799407339873,0.2150537634408575,2026-09-11,-3.179849555504899,0.9117848187827572,-4.912240711192162,0.1856148491879328,2026-09-18,,,,,
,8601,8601.T,8601_20260818_01,7.0,True,False,1867.0,-1.339046598821636,0.5356186395286455,-4.151044456347086,0.1290322580645135,2026-09-11,-1.1515800749866134,0.5356186395286455,-4.151044456347086,0.1290322580645135,2026-09-18,,,,,
,8725,8725.T,8725_20260818_01,7.0,True,True,5240.0,-2.843511450381675,0.1717557251908363,-6.202290076335881,0.0276923076923071,2026-09-11,-0.4389312977099213,1.6412213740458093,-6.202290076335881,0.2646153846153857,2026-09-18,,,,,
,8306,8306.T,8306_20260818_01,7.0,False,True,3785.0,-3.2760898282694795,0.264200792602387,-5.548216644649939,0.0476190476190492,2026-09-11,-4.35931307793923,0.264200792602387,-5.548216644649939,0.0476190476190492,2026-09-18,,,,,
,8053,8053.T,8053_20260904_01,7.0,False,True,1820.0,0.1098901098901095,3.901098901098909,-2.857142857142858,1.365384615384618,2026-09-11,-1.318681318681314,3.901098901098909,-3.159340659340659,1.2347826086956548,2026-09-18,,,,,
,8604,8604.T,8604_20260818_01,7.0,True,True,1669.0,-0.2696225284601561,0.7789095266626633,-3.325344517675255,0.2342342342342315,2026-09-11,-5.272618334331936,1.1384062312762122,-6.05152786099461,0.1881188118811878,2026-09-18,,,,,
,8316,8316.T,8316_20260827_02,7.0,False,True,7083.0,-2.428349569391497,0.1553014259494611,-4.659042778483691,0.0333333333333343,2026-09-11,-3.571932796837496,0.1553014259494611,-5.322603416631367,0.0291777188328921,2026-09-18,,,,,
,6178,6178.T,6178_20260828_01,7.0,False,True,2512.5,-1.7313432835820874,0.776119402985076,-5.194029850746274,0.1494252873563219,2026-09-11,0.5970149253731405,1.6119402985074638,-5.194029850746274,0.3103448275862068,2026-09-18,,,,,
,8354,8354.T,8354_20260821_01,7.0,False,True,7925.0,-1.236593059936908,0.7444794952681466,-4.353312302839118,0.1710144927536249,2026-09-11,-2.2586750788643584,0.7444794952681466,-4.353312302839118,0.1710144927536249,2026-09-18,,,,,
,8750,8750.T,8750_20260827_02,7.0,True,False,1877.5,0.2929427430093279,0.9320905459387464,-5.033288948069236,0.1851851851851849,2026-09-11,1.9174434087882768,3.6750998668442,-5.033288948069236,0.7301587301587293,2026-09-18,,,,,
,8309,8309.T,8309_20260818_01,7.0,True,False,1801.0,-1.887840088839532,0.3886729594669624,-4.71960022209883,0.0823529411764705,2026-09-11,-1.804553026096612,0.3886729594669624,-4.71960022209883,0.0823529411764705,2026-09-18,,,,,
,8604,8604.T,8604_20260818_01,7.0,True,False,1662.5,-1.0827067669172965,1.533834586466165,-2.947368421052632,0.5204081632653059,2026-09-15,,,,,,,,,,
,6857,6857.T,6857_20260903_02,7.0,False,True,34520.0,-12.63035921205099,-0.8980301274623459,-13.644264194669752,-0.0658174097664547,2026-09-15,,,,,,,,,,
,4689,4689.T,4689_20260903_02,7.0,True,False,526.6,7.273077176996301,8.146600835548789,-3.000382112994926,2.715187775672013,2026-09-15,,,,,,,,,,
,8411,8411.T,8411_20260818_01,7.0,True,False,8655.0,-0.6585788561525141,1.9179664933564489,-2.9231658001155347,0.6561264822134425,2026-09-15,,,,,,,,,,
,8601,8601.T,8601_20260818_01,7.0,True,False,1857.5,-1.1305518169582809,0.9421265141319024,-3.660834454912521,0.2573529411764716,2026-09-15,,,,,,,,,,
,8309,8309.T,8309_20260818_01,7.0,True,False,1771.5,0.0846740050804317,1.8346034434095329,-3.1329381879762863,0.5855855855855842,2026-09-15,,,,,,,,,,
,8309,8309.T,8309_20260818_01,7.0,True,False,1747.5,1.6309012875536544,3.4620886981401977,-1.8025751072961336,1.920634920634923,2026-09-16,,,,,,,,,,
,8411,8411.T,8411_20260818_01,7.0,True,False,8617.0,-0.5918533132180603,2.367413252872219,-2.495067889056513,0.9488372093023228,2026-09-16,,,,,,,,,,
,8015,8015.T,8015_20260828_01,7.0,True,False,7466.0,-1.0715242432359997,2.437717653361915,-2.812751138494507,0.8666666666666698,2026-09-16,,,,,,,,,,
,5713,5713.T,5713_20260904_01,7.0,False,True,10160.0,-4.527559055118113,1.5748031496062964,-8.366141732283461,0.1882352941176468,2026-09-16,,,,,,,,,,
,8604,8604.T,8604_20260818_01,7.0,True,True,1629.0,0.3376304481276904,3.621853898096994,-0.920810313075504,3.9333333333333456,2026-09-16,,,,,,,,,,
,8053,8053.T,8053_20260904_01,7.0,False,True,1861.5,-4.055868922911632,-1.2892828364222453,-5.31829170024174,-0.2424242424242434,2026-09-16,,,,,,,,,,
,8601,8601.T,8601_20260818_01,7.0,True,False,1818.0,0.7150715071507108,3.135313531353145,-1.5676567656765727,2.0,2026-09-16,,,,,,,,,,
,8309,8309.T,8309_20260818_01,7.0,True,False,1734.0,3.2006920415224904,4.267589388696647,-1.038062283737029,4.111111111111084,2026-09-17,,,,,,,,,,
,4689,4689.T,4689_20260903_02,7.0,True,False,515.1,7.513101881764461,10.832852730355746,0.8153732853753981,13.2857587127941,2026-09-17,,,,,,,,,,
,9101,9101.T,9101_20260904_02,7.0,True,False,7217.0,4.835804350838302,5.2930580573645525,-1.8290148261050243,2.8939393939394007,2026-09-17,,,,,,,,,,
,8604,8604.T,8604_20260818_01,7.0,True,False,1638.0,-2.8998778998779007,3.0525030525030417,-3.6019536019536003,0.8474576271186415,2026-09-17,,,,,,,,,,
,8601,8601.T,8601_20260818_01,7.0,True,False,1810.5,1.0770505385252704,3.562551781275891,-1.1599005799502904,3.0714285714285707,2026-09-17,,,,,,,,,,
,9101,9101.T,9101_20260904_02,7.0,True,False,7198.0,4.056682411781054,5.5709919422061605,0.5001389274798651,11.13888888888866,2026-09-18,,,,,,,,,,
,4689,4689.T,4689_20260903_02,7.0,True,False,522.1,2.815550238071008,9.346873092139909,2.0877226584945285,4.477066460005757,2026-09-18,,,,,,,,,,
,8309,8309.T,8309_20260818_01,7.0,True,False,1757.5,0.6258890469416745,2.873399715504976,-0.540540540540535,5.31578947368426,2026-09-18,,,,,,,,,,
,8601,8601.T,8601_20260818_01,7.0,True,False,1837.0,0.462710941752853,2.0685900925421885,-1.0887316276537828,1.900000000000001,2026-09-18,,,,,,,,,,
,8604,8604.T,8604_20260818_01,7.0,True,False,1666.0,-5.102040816326525,1.3205282112845218,-5.882352941176472,0.2244897959183686,2026-09-18,,,,,,,,,,
,8309,8309.T,8309_20260818_01,7.0,True,False,1760.5,-0.1136040897472323,2.698097131496735,-1.1644419199091205,2.317073170731701,2026-09-24,,,,,,,,,,
,8601,8601.T,8601_20260818_01,7.0,True,False,1839.0,-0.1631321370309968,1.95758564437194,-1.1963023382272953,1.636363636363638,2026-09-24,,,,,,,,,,
,8725,8725.T,8725_20260818_01,7.0,True,False,5153.0,-2.3287405394915583,3.357267611100334,-2.367552881816415,1.4180327868852494,2026-09-24,,,,,,,,,,
,8750,8750.T,8750_20260911_03,7.0,False,True,1888.0,0.0794491525423657,3.098516949152552,-0.4766949152542388,6.5,2026-09-24,,,,,,,,,,
,8604,8604.T,8604_20260818_01,7.0,True,False,1658.5,-5.034669882423881,0.6933976484775339,-5.486885740126624,0.1263736263736252,2026-09-24,,,,,,,,,,
,7832,7832.T,7832_20260903_01,7.0,False,True,5514.0,-0.0181356546971378,3.22814653608996,-1.396445411679359,2.311688311688321,2026-09-24,,,,,,,,,,
,9101,9101.T,9101_20260904_02,7.0,True,False,7309.0,0.4788616773840459,3.967711041182098,-1.0261321658229572,3.866666666666664,2026-09-24,,,,,,,,,,
,8750,8750.T,8750_20260911_03,7.0,False,True,1890.0,,,,,,,,,,,,,,,
,8604,8604.T,8604_20260818_01,7.0,True,False,1653.5,,,,,,,,,,,,,,,
,9101,9101.T,9101_20260904_02,7.0,True,False,7338.0,,,,,,,,,,,,,,,
,6701,6701.T,6701_20260914_01,7.0,False,True,4825.0,,,,,,,,,,,,,,,
,8601,8601.T,8601_20260818_01,7.0,True,False,1848.5,,,,,,,,,,,,,,,
,9432,9432.T,9432_20260903_02,7.0,False,True,176.7,,,,,,,,,,,,,,,
,7832,7832.T,7832_20260903_01,7.0,False,True,5565.0,,,,,,,,,,,,,,,
,8309,8309.T,8309_20260818_01,7.0,True,False,1782.0,,,,,,,,,,,,,,,
,8725,8725.T,8725_20260818_01,7.0,True,True,5137.0,,,,,,,,,,,,,,,
,8604,8604.T,8604_20260818_01,7.0,True,False,1646.0,,,,,,,,,,,,,,,
,8750,8750.T,8750_20260911_03,7.0,False,True,1912.0,,,,,,,,,,,,,,,
,8725,8725.T,8725_20260818_01,7.0,True,False,5186.0,,,,,,,,,,,,,,,
,9104,9104.T,9104_20260904_02,7.0,False,True,7145.0,,,,,,,,,,,,,,,
,7832,7832.T,7832_20260903_01,7.0,False,True,5483.0,,,,,,,,,,,,,,,
,9101,9101.T,9101_20260904_02,7.0,True,False,7388.0,,,,,,,,,,,,,,,
,8601,8601.T,8601_20260818_01,7.0,True,False,1826.0,,,,,,,,,,,,,,,
,4689,4689.T,4689_20260903_02,7.0,False,True,566.0,,,,,,,,,,,,,,,
,8309,8309.T,8309_20260818_01,7.0,True,False,1795.0,,,,,,,,,,,,,,,
,6701,6701.T,6701_20260914_01,7.0,False,True,4786.0,,,,,,,,,,,,,,,
,8601,8601.T,8601_20260818_01,7.0,True,False,1853.0,,,,,,,,,,,,,,,
,8750,8750.T,8750_20260911_03,7.0,False,True,1940.0,,,,,,,,,,,,,,,
,8628,8628.T,8628_20260917_01,7.0,True,False,1187.0,,,,,,,,,,,,,,,
,8725,8725.T,8725_20260818_01,7.0,True,False,5271.0,,,,,,,,,,,,,,,
,8331,8331.T,8331_20260818_01,7.0,False,True,2777.0,,,,,,,,,,,,,,,
,6701,6701.T,6701_20260914_01,7.0,False,True,4906.0,,,,,,,,,,,,,,,
,8309,8309.T,8309_20260818_01,7.0,True,False,1793.0,,,,,,,,,,,,,,,
,8604,8604.T,8604_20260818_01,7.0,True,False,1620.5,,,,,,,,,,,,,,,
,8628,8628.T,8628_20260917_01,7.0,True,False,1172.0,,,,,,,,,,,,,,,
,8604,8604.T,8604_20260818_01,7.0,True,False,1581.0,,,,,,,,,,,,,,,
,8601,8601.T,8601_20260818_01,7.0,True,False,1845.5,,,,,,,,,,,,,,,
,8725,8725.T,8725_20260818_01,7.0,True,False,5217.0,,,,,,,,,,,,,,,
,8309,8309.T,8309_20260818_01,7.0,True,False,1768.5,,,,,,,,,,,,,,,
,8309,8309.T,8309_20260818_01,7.0,True,False,1760.0,,,,,,,,,,,,,,,
,8601,8601.T,8601_20260818_01,7.0,True,False,1835.0,,,,,,,,,,,,,,,
,8628,8628.T,8628_20260917_01,7.0,True,False,1161.0,,,,,,,,,,,,,,,
,4689,4689.T,4689_20260903_02,7.0,True,False,521.8,,,,,,,,,,,,,,,
,9503,9503.T,9503_20260911_02,7.0,True,False,2826.5,,,,,,,,,,,,,,,
,4631,4631.T,4631_20260818_01,7.0,True,False,5495.0,-7.279344858962689,-1.273885350318471,-8.043676069153772,-0.1583710407239819,2026-08-25,-3.639672429481344,-1.273885350318471,-11.22838944494996,-0.1134521880064829,2026-09-01,-15.614194722474972,-1.273885350318471,-18.016378525932662,-0.0707070707070707,2026-09-15
,8604,8604.T,8604_20260818_01,7.0,True,False,1509.5,6.227227558794302,6.989069228221267,-0.8280887711162643,8.439999999999996,2026-08-26,6.558463067240816,9.4402119907254,-0.8280887711162643,11.399999999999984,2026-09-02,8.280887711162643,11.825107651540234,-0.8280887711162643,14.279999999999974,2026-09-16
,8331,8331.T,8331_20260818_01,7.0,True,False,2723.5,3.6166697264549352,4.681476041857913,-1.230034881586195,3.805970149253736,2026-08-26,2.808885625114743,5.195520469983483,-1.230034881586195,4.223880597014928,2026-09-02,0.2203047549109493,5.764641086836786,-3.029190380025704,1.9030303030303004,2026-09-16
,2503,2503.T,2503_20260818_01,7.0,True,False,2998.5,2.6846756711689235,4.018676004669008,0.1834250458562669,21.90909090909029,2026-08-26,-0.8004002001000488,4.018676004669008,-0.9504752376188086,4.228070175438607,2026-09-02,-5.252626313156583,4.018676004669008,-8.137402034350504,0.4938524590163946,2026-09-16
,8725,8725.T,8725_20260818_01,7.0,True,False,4860.0,4.609053497942384,4.97942386831276,-2.1604938271604923,2.304761904761908,2026-08-26,5.65843621399178,7.489711934156373,-2.1604938271604923,3.466666666666667,2026-09-02,6.069958847736623,9.362139917695478,-2.1604938271604923,4.333333333333338,2026-09-16
,5019,5019.T,5019_20260818_01,7.0,False,True,1337.0,1.533283470456248,4.487658937920713,-0.4487658937920691,10.00000000000005,2026-08-26,9.349289454001486,12.266267763649964,-0.4487658937920691,27.3333333333335,2026-09-02,24.906507105459987,27.78608825729245,-0.4487658937920691,61.916666666667055,2026-09-16
,8309,8309.T,8309_20260818_01,7.0,True,False,1688.5,3.6718981344388446,4.441812259401834,-0.7699141249629893,5.769230769230734,2026-08-26,5.1228901391767945,7.936037903464621,-0.7699141249629893,10.30769230769226,2026-09-02,5.1821143026354655,7.936037903464621,-0.7699141249629893,10.30769230769226,2026-09-16
,5019,5019.T,5019_20260818_01,7.0,False,True,1349.5,1.519081141163392,3.519822156354202,-0.7039644312708426,4.999999999999984,2026-08-27,10.37421267135976,11.633938495739171,-0.7039644312708426,16.52631578947366,2026-09-03,23.97184142274917,26.60244535012968,-0.7039644312708426,37.78947368421044,2026-09-17
,5101,5101.T,5101_20260818_01,7.0,True,False,7562.0,-1.5075376884422065,2.618354932557532,-2.36709865115049,1.1061452513966508,2026-08-27,-7.061623909018778,2.618354932557532,-9.151018249140442,0.2861271676300585,2026-09-03,-9.045226130653262,2.618354932557532,-13.27691087014018,0.1972111553784865,2026-09-17
,9503,9503.T,9503_20260820_01,7.0,False,True,2557.5,1.8572825024437911,3.186705767350939,-1.2903225806451646,2.4696969696969715,2026-08-27,18.318670576735087,19.37438905180841,-1.2903225806451646,15.015151515151484,2026-09-03,16.500488758553278,19.37438905180841,-1.2903225806451646,15.015151515151484,2026-09-17
,7269,7269.T,7269_20260818_01,7.0,True,True,2087.0,2.2520364159080097,4.120747484427412,-0.7906085289889786,5.212121212121223,2026-08-27,1.030186871106853,9.631049353138476,-0.7906085289889786,12.181818181818194,2026-09-03,-1.916626736942984,9.631049353138476,-6.516530905606133,1.4779411764705883,2026-09-17
,8309,8309.T,8309_20260818_01,7.0,True,False,1690.5,4.170363797693,4.939367051168286,-0.3549245785270605,13.916666666666744,2026-08-27,5.708370304643595,7.808340727595375,-0.3549245785270605,22.000000000000124,2026-09-03,5.856255545696532,7.808340727595375,-0.3549245785270605,22.000000000000124,2026-09-17
,8601,8601.T,8601_20260818_01,7.0,True,False,1757.0,3.7564029595902095,4.524758110415483,-0.8252703471826939,5.482758620689684,2026-08-27,5.634604439385327,6.659077973819016,-0.8252703471826939,8.068965517241425,2026-09-03,4.154809334092202,8.025042686397278,-0.8252703471826939,9.72413793103454,2026-09-17
,4021,4021.T,4021_20260818_01,7.0,False,True,8162.0,-1.3354569958343498,1.1761823082577785,-4.165645675079633,0.2823529411764705,2026-08-27,-2.058319039451117,2.54839500122519,-4.165645675079633,0.6117647058823537,2026-09-03,0.4288164665523064,2.54839500122519,-5.611369762313156,0.4541484716157207,2026-09-17
,4503,4503.T,4503_20260820_01,7.0,False,True,2418.0,-1.1166253101737025,1.530190239867668,-1.8610421836228297,0.8222222222222266,2026-08-27,-0.041356492969391,1.530190239867668,-3.61869313482217,0.4228571428571449,2026-09-03,-2.1918941273780024,1.530190239867668,-9.7394540942928,0.1571125265392791,2026-09-17
,8604,8604.T,8604_20260818_01,7.0,True,False,1521.0,5.950032873109801,6.804733727810652,-1.4792899408283988,4.600000000000012,2026-08-27,7.297830374753443,9.434582511505596,-1.4792899408283988,6.377777777777798,2026-09-03,4.569362261669951,10.97961867192636,-1.4792899408283988,7.422222222222238,2026-09-17
,8601,8601.T,8601_20260818_01,7.0,True,False,1779.0,4.721753794266448,5.340078695896566,-0.6464305789769531,8.260869565217387,2026-08-28,4.946599213041036,6.68915120854412,-0.6464305789769531,10.347826086956516,2026-09-04,3.7380550871275897,6.68915120854412,-0.6464305789769531,10.347826086956516,2026-09-18
,7269,7269.T,7269_20260818_01,7.0,False,True,2103.5,3.161397670549082,3.304017114333257,-1.02210601378655,3.232558139534875,2026-08-28,-1.735203232707394,8.771095792726413,-2.1868314713572645,4.010869565217388,2026-09-04,-3.5892560019015973,8.771095792726413,-7.249821725695272,1.2098360655737708,2026-09-18
,8604,8604.T,8604_20260818_01,7.0,True,False,1535.0,6.970684039087938,7.622149837133539,-1.140065146579805,6.685714285714274,2026-08-28,8.729641693811075,9.348534201954406,-1.140065146579805,8.200000000000005,2026-09-04,2.9967426710097778,9.967426710097715,-1.140065146579805,8.742857142857135,2026-09-18
,8331,8331.T,8331_20260818_01,7.0,True,False,2753.5,2.215362266206644,3.5409478845106257,-1.2529507899037615,2.826086956521735,2026-08-28,3.904122026511714,4.249137461412755,-1.2529507899037615,3.3913043478260856,2026-09-04,-0.5992373343017943,4.612311603413843,-4.085709097512257,1.1288888888888904,2026-09-18
,8309,8309.T,8309_20260818_01,7.0,True,False,1715.5,4.313611192072275,4.809093558729227,-1.0492567764500138,4.58333333333333,2026-08-28,4.983969688137568,6.237248615563984,-1.0492567764500138,5.944444444444457,2026-09-04,3.0894782862139314,6.237248615563984,-1.0492567764500138,5.944444444444457,2026-09-18
,8725,8725.T,8725_20260818_01,7.0,True,True,4945.0,3.4175935288169867,3.842264914054594,-1.7391304347826098,2.20930232558139,2026-08-28,5.965621840242674,7.482305358948427,-1.7391304347826098,4.302325581395343,2026-09-04,5.500505561172897,7.704752275025273,-1.7391304347826098,4.430232558139529,2026-09-18
,8725,8725.T,8725_20260818_01,7.0,True,False,4927.0,3.653338745687029,4.221635883905006,0.9133346864217629,4.622222222222188,2026-08-31,4.5057844530139946,7.874974629592035,0.9133346864217629,8.622222222222163,2026-09-07,0.8727420336918978,8.098234219606248,-0.2435559163791345,33.2500000000001,2026-09-24
,8604,8604.T,8604_20260818_01,7.0,True,False,1539.0,6.270305393112419,7.342430149447687,0.5198180636777128,14.12499999999999,2026-08-31,7.602339181286544,9.064327485380108,0.5198180636777128,17.437499999999982,2026-09-07,0.6822612085769952,9.681611435997397,0.5198180636777128,18.62499999999999,2026-09-24
,7269,7269.T,7269_20260818_01,7.0,True,False,2126.5,4.726075711262645,5.360921702327759,-0.446743475193978,12.00000000000005,2026-08-31,-3.362332471196805,7.594639078297671,-3.99717846226193,1.900000000000001,2026-09-07,-6.371972725135199,7.594639078297671,-8.25299788384669,0.9202279202279208,2026-09-24
,8309,8309.T,8309_20260818_01,7.0,True,False,1702.0,4.406580493537016,5.640423031727382,-0.1175088131609825,48.00000000000189,2026-08-31,4.700352526439477,7.079905992949476,-0.1175088131609825,60.25000000000239,2026-09-07,3.4077555816686145,7.079905992949476,-0.1175088131609825,60.25000000000239,2026-09-24
,8601,8601.T,8601_20260818_01,7.0,True,False,1786.5,3.1905961376994085,4.897844948222785,0.2518891687657509,19.44444444444385,2026-08-31,4.478029666946548,6.241253848306738,0.2518891687657509,24.777777777776976,2026-09-07,0.7836551917156376,6.241253848306738,0.1679261125104858,37.16666666666874,2026-09-24
,4503,4503.T,4503_20260820_01,7.0,False,True,2406.5,-1.4543943486390989,2.015375025971333,-3.158113442759192,0.6381578947368443,2026-08-31,-4.300851859547061,2.015375025971333,-4.529399542904633,0.4449541284403682,2026-09-07,-1.973820901724499,2.015375025971333,-9.30812383129026,0.2165178571428576,2026-09-24
,9503,9503.T,9503_20260820_01,7.0,False,True,2582.0,8.849728892331532,9.004647560030987,-0.7164988381099913,12.56756756756759,2026-08-31,14.852827265685509,18.24167312161116,-0.7164988381099913,25.4594594594595,2026-09-07,7.106893880712617,18.24167312161116,-0.7164988381099913,25.4594594594595,2026-09-24
,8601,8601.T,8601_20260818_01,7.0,True,False,1813.5,2.591673559415497,3.3360904328646246,-1.2406947890818865,2.688888888888886,2026-09-01,1.1579818031431044,4.659498207885315,-1.2406947890818865,3.755555555555562,2026-09-08,-0.2205679625034484,4.659498207885315,-1.3234077750206796,3.520833333333338,2026-09-25
,7269,7269.T,7269_20260818_01,7.0,True,False,2119.0,6.418121755545059,7.975460122699385,0.4483246814535269,17.789473684210083,2026-09-01,-6.559697970740919,7.975460122699385,-6.559697970740919,1.2158273381294955,2026-09-08,-6.1585653610193525,7.975460122699385,-7.928268050967436,1.005952380952381,2026-09-25
,4503,4503.T,4503_20260820_01,7.0,False,True,2415.0,-0.0207039337474124,1.6563146997929712,-3.498964803312632,0.4733727810650914,2026-09-01,-5.569358178053829,1.6563146997929712,-5.9834368530020665,0.2768166089965417,2026-09-08,-0.9937888198757738,1.6563146997929712,-9.627329192546586,0.1720430107526892,2026-09-25
,8309,8309.T,8309_20260818_01,7.0,True,False,1734.0,4.354094579008083,5.103806228373697,0.4901960784313708,10.41176470588238,2026-09-01,1.2975778546712835,5.103806228373697,0.4901960784313708,10.41176470588238,2026-09-08,2.422145328719716,5.103806228373697,-1.038062283737029,4.916666666666639,2026-09-25
,8725,8725.T,8725_20260818_01,7.0,True,False,5072.0,2.267350157728698,2.9968454258675115,-1.0055205047318605,2.980392156862751,2026-09-01,0.1182965299684646,4.7910094637223954,-1.0055205047318605,4.764705882352943,2026-09-08,-2.227917981072558,5.0078864353312325,-3.095425867507884,1.617834394904461,2026-09-25
,9503,9503.T,9503_20260820_01,7.0,False,True,2591.5,14.02662550646343,14.084507042253524,-1.0804553347482204,13.035714285714226,2026-09-01,13.428516303299244,17.808219178082197,-1.0804553347482204,16.482142857142783,2026-09-08,6.868608913756513,17.808219178082197,-1.0804553347482204,16.482142857142783,2026-09-25
,2503,2503.T,2503_20260818_01,7.0,False,True,3084.0,-0.745784695201035,1.1348897535667923,-2.075226977950717,0.5468749999999971,2026-09-01,-7.70103761348897,1.1348897535667923,-7.8793774319066205,0.1440329218106989,2026-09-08,-8.317120622568098,1.1348897535667923,-10.684176394293122,0.1062215477996961,2026-09-25
,8604,8604.T,8604_20260818_01,7.0,True,False,1571.5,4.39070951320395,5.122494432071267,0.1590836780146265,32.20000000000184,2026-09-01,4.899777282850781,7.031498568246897,0.1590836780146265,44.20000000000254,2026-09-08,0.127266942411719,7.413299395482031,-1.3999363665287978,5.295454545454537,2026-09-25
,8604,8604.T,8604_20260818_01,7.0,True,True,1620.0,0.7407407407407307,2.746913580246924,-1.4197530864197505,1.9347826086956628,2026-09-03,2.839506172839501,3.827160493827164,-1.4197530864197505,2.695652173913051,2026-09-10,,,,,
,8750,8750.T,8750_20260827_02,7.0,True,False,1817.0,3.6598789212988425,4.155200880572374,-0.3577325261419961,11.615384615384496,2026-09-03,0.8805723720418213,5.503577325261411,-1.871216290588884,2.9411764705882284,2026-09-10,,,,,
,2914,2914.T,2914_20260821_01,7.0,False,True,7014.0,-0.9409751924721932,1.3544339891645274,-1.6110635871114942,0.840707964601768,2026-09-03,-5.702879954376961,1.3544339891645274,-6.102081551183347,0.2219626168224298,2026-09-10,,,,,
,8411,8411.T,8411_20260818_01,7.0,False,True,8326.0,4.864280566898871,6.822003362959395,-0.4323804948354603,15.777777777777567,2026-09-03,3.362959404275756,6.822003362959395,-0.4323804948354603,15.777777777777567,2026-09-10,,,,,
,8309,8309.T,8309_20260818_01,7.0,True,False,1756.5,1.7364076288072905,3.757472245943627,-0.5693139766581257,6.599999999999996,2026-09-03,0.0569313976658047,3.757472245943627,-1.8218047253060088,2.062499999999991,2026-09-10,,,,,
,8725,8725.T,8725_20260818_01,7.0,True,False,5042.0,3.3518445061483604,4.204680682268935,-0.4165013883379642,10.095238095238006,2026-09-03,-1.547005156683856,5.414518048393502,-2.518841729472432,2.149606299212601,2026-09-10,,,,,
,8308,8308.T,8308_20260827_01,7.0,False,True,2430.0,4.938271604938271,7.037037037037042,0.5144032921810648,13.680000000000144,2026-09-03,2.4074074074074137,7.037037037037042,-1.0082304526748964,6.979591836734703,2026-09-10,,,,,
,9503,9503.T,9503_20260820_01,7.0,False,True,2590.5,16.811426365566497,17.853696197645252,-1.042269832078746,17.129629629629694,2026-09-03,14.147847905809696,17.853696197645252,-1.042269832078746,17.129629629629694,2026-09-10,,,,,
,8601,8601.T,8601_20260818_01,7.0,True,False,1827.5,1.559507523939807,2.5444596443228384,-0.5198358413132653,4.894736842105289,2026-09-03,0.5198358413132764,3.857729138166888,-2.0519835841313228,1.8800000000000003,2026-09-10,,,,,
,9432,9432.T,9432_20260827_01,7.0,False,True,167.6,3.341286961958345,5.011933174224348,-0.1789957925072638,28.000284833627912,2026-09-03,4.534604384392726,5.011933174224348,-0.1789957925072638,28.000284833627912,2026-09-10,,,,,
,8354,8354.T,8354_20260821_01,7.0,False,True,7733.0,2.5863183757920627,3.724298461140574,-0.4138109401267242,9.000000000000135,2026-09-03,0.4526057157636209,3.737230053019536,-1.9785335574809213,1.8888888888888973,2026-09-10,,,,,
,9766,9766.T,9766_20260824_01,7.0,False,True,22185.0,-3.0876718503493383,1.1043497858913789,-3.944106378183454,0.2800000000000029,2026-09-04,-6.558485463150776,1.1043497858913789,-8.90241153932837,0.1240506329113936,2026-09-11,,,,,
,6178,6178.T,6178_20260828_01,7.0,False,True,2425.5,3.586889301175012,7.318078746650181,-0.8864151721294622,8.255813953488337,2026-09-04,1.7934446505875057,7.318078746650181,-1.7934446505875057,4.08045977011495,2026-09-11,,,,,
,8354,8354.T,8354_20260821_01,7.0,False,True,7861.0,0.8141457829792698,2.048085485307216,-1.717338760971887,1.1925925925925942,2026-09-04,-0.4325149472077294,2.048085485307216,-3.574608828393333,0.5729537366548054,2026-09-11,,,,,
,8309,8309.T,8309_20260818_01,7.0,True,False,1787.0,0.7834359261331914,1.9865696698377235,-2.266368214885284,0.8765432098765457,2026-09-04,-1.1191941801902638,1.9865696698377235,-3.973139339675436,0.5000000000000014,2026-09-11,,,,,
,8015,8015.T,8015_20260828_01,7.0,False,True,7583.0,0.0659369642621587,2.5187920348147097,-3.2045364631412387,0.7860082304526721,2026-09-04,-0.3956217855729971,2.8352894632731163,-4.219965712778584,0.6718750000000012,2026-09-11,,,,,
,8411,8411.T,8411_20260818_01,7.0,True,True,8449.0,3.846609066161677,5.266895490590606,-1.4676293052432232,3.5887096774193594,2026-09-04,2.426322641732748,5.266895490590606,-1.4676293052432232,3.5887096774193594,2026-09-11,,,,,
,8316,8316.T,8316_20260827_02,7.0,False,True,6881.0,2.935619822700186,4.359831419851767,-1.5259409969481164,2.857142857142861,2026-09-04,0.4359831419851856,4.359831419851767,-1.860194739136756,2.343749999999998,2026-09-11,,,,,
,8604,8604.T,8604_20260818_01,7.0,True,False,1642.5,1.6133942161339343,2.191780821917799,-2.7701674277016752,0.7912087912087877,2026-09-04,1.3394216133942205,2.404870624048705,-2.7701674277016752,0.8681318681318674,2026-09-11,,,,,
,8308,8308.T,8308_20260827_01,7.0,False,True,2520.0,1.1904761904761862,3.214285714285725,-1.6666666666666718,1.928571428571429,2026-09-04,0.079365079365079,3.214285714285725,-4.543650793650789,0.7074235807860293,2026-09-11,,,,,
,8331,8331.T,8331_20260818_01,7.0,False,True,2822.0,1.381998582565558,1.7186392629340963,-1.8426647767540767,0.9326923076923104,2026-09-04,-3.2955350815024764,2.072997873848337,-6.413890857547844,0.3232044198895028,2026-09-11,,,,,
,8601,8601.T,8601_20260818_01,7.0,True,False,1869.5,-0.1337255950788929,1.5244717838994282,-2.754747258625301,0.5533980582524235,2026-09-04,-1.4709815458678777,1.5244717838994282,-4.2792190425247405,0.3562499999999975,2026-09-11,,,,,
,8725,8725.T,8725_20260818_01,7.0,True,False,5115.0,2.4437927663734094,3.910068426197455,-1.0752688172043,3.636363636363636,2026-09-04,-0.4692082111436901,3.910068426197455,-3.910068426197455,1.0,2026-09-11,,,,,
,8601,8601.T,8601_20260818_01,7.0,True,False,1844.0,1.2201735357917576,2.9284164859002093,-1.4099783080260275,2.076923076923076,2026-09-07,1.572668112798259,2.9284164859002093,-2.955531453362259,0.9908256880733908,2026-09-14,,,,,
,8725,8725.T,8725_20260818_01,7.0,True,True,5071.0,1.5381581542102118,4.811674225990936,0.1971997633602784,24.40000000000072,2026-09-07,2.681916781699867,4.811674225990936,-3.076316308420435,1.564102564102564,2026-09-14,,,,,
,8308,8308.T,8308_20260827_01,7.0,False,True,2516.0,1.0532591414944337,3.378378378378377,-1.5103338632750374,2.2368421052631606,2026-09-07,1.1724960254372083,3.378378378378377,-4.3918918918918965,0.7692307692307682,2026-09-14,,,,,
,8604,8604.T,8604_20260818_01,7.0,True,False,1630.0,1.595092024539868,2.9754601226993804,-2.024539877300613,1.469696969696967,2026-09-07,2.7607361963190247,3.5582822085889587,-2.024539877300613,1.757575757575759,2026-09-14,,,,,
,8354,8354.T,8354_20260821_01,7.0,False,True,7815.0,0.6525911708253451,2.648752399232235,-0.754958413307738,3.508474576271188,2026-09-07,0.2815099168266055,2.648752399232235,-3.00703774792066,0.8808510638297852,2026-09-14,,,,,
,9101,9101.T,9101_20260827_01,7.0,True,False,6941.0,6.901022907362053,7.549344474859532,0.7491715891081885,10.076923076923205,2026-09-07,5.705229793977806,7.549344474859532,0.7491715891081885,10.076923076923205,2026-09-14,,,,,
,7269,7269.T,7269_20260818_01,7.0,False,True,2202.0,-6.675749318801094,3.905540417802,-7.288828337874664,0.5358255451713395,2026-09-07,-7.129881925522252,3.905540417802,-11.398728428701176,0.3426294820717134,2026-09-14,,,,,
,8316,8316.T,8316_20260827_02,7.0,False,True,6872.0,1.5133876600698537,4.49650756693829,-0.1018626309662429,44.142857142855696,2026-09-07,2.299185098952261,4.49650756693829,-1.7316647264260745,2.5966386554621828,2026-09-14,,,,,
,8309,8309.T,8309_20260818_01,7.0,True,False,1767.5,0.8203677510608243,3.111739745403108,-1.1881188118811892,2.6190476190476137,2026-09-07,1.7538896746817525,3.111739745403108,-2.91371994342291,1.067961165048544,2026-09-14,,,,,
,8411,8411.T,8411_20260818_01,7.0,True,True,8621.0,-0.2551908131307234,3.166685999304031,-1.3339519777287978,2.373913043478272,2026-09-08,-0.2667903955457573,3.166685999304031,-2.540308548892245,1.246575342465753,2026-09-15,,,,,
,6178,6178.T,6178_20260828_01,7.0,False,True,2512.0,-2.6671974522292974,3.6226114649681618,-2.7468152866242046,1.318840579710148,2026-09-08,-1.2539808917197417,3.6226114649681618,-5.175159235668792,0.7000000000000014,2026-09-15,,,,,
,8308,8308.T,8308_20260827_01,7.0,False,True,2517.5,-1.0526315789473717,3.3167825223435976,-1.6087388282025827,2.061728395061729,2026-09-08,-2.164846077457794,3.3167825223435976,-4.448857994041711,0.7455357142857145,2026-09-15,,,,,
,8309,8309.T,8309_20260818_01,7.0,True,False,1796.5,-2.2265516281658737,1.0019482326746545,-2.783189535207342,0.360000000000004,2026-09-08,-1.3080990815474536,1.0019482326746545,-4.480935151683829,0.2236024844720517,2026-09-15,,,,,
,8316,8316.T,8316_20260827_02,7.0,False,True,6971.0,-0.6168411992540479,3.0124802754267765,-2.209152201979625,1.3636363636363704,2026-09-08,-1.8505235977621548,3.0124802754267765,-3.1272414287763617,0.96330275229358,2026-09-15,,,,,
,8601,8601.T,8601_20260818_01,7.0,True,False,1855.0,-1.1051212938005373,2.3180592991913773,-1.99460916442048,1.1621621621621665,2026-09-08,-0.9973045822102456,2.3180592991913773,-3.5309973045822063,0.6564885496183221,2026-09-15,,,,,
,8604,8604.T,8604_20260818_01,7.0,True,False,1637.0,0.7025045815516107,2.748930971288943,-2.443494196701279,1.1250000000000018,2026-09-08,0.4581551618815016,3.11545510079414,-2.443494196701279,1.2750000000000037,2026-09-15,,,,,
,8306,8306.T,8306_20260818_01,7.0,False,True,3686.0,-0.8138903960933308,2.9571351058057527,-1.6006511123168754,1.847457627118644,2026-09-08,-0.4883342376559962,2.9571351058057527,-3.011394465545303,0.9819819819819836,2026-09-15,,,,,
,7203,7203.T,7203_20260901_01,7.0,False,True,3230.0,-8.095975232198139,-1.2383900928792602,-8.095975232198139,-0.1529636711281075,2026-09-08,-6.470588235294117,-1.2383900928792602,-8.993808049535602,-0.1376936316695356,2026-09-15,,,,,
,4021,4021.T,4021_20260831_02,7.0,False,True,8325.0,-6.04204204204204,-1.5135135135135092,-6.21021021021021,-0.2437137330754345,2026-09-08,-4.336336336336332,-1.5135135135135092,-7.459459459459461,-0.202898550724637,2026-09-15,,,,,
,8331,8331.T,8331_20260818_01,7.0,False,True,2842.0,-3.184377199155519,1.3546798029556717,-3.184377199155519,0.4254143646408868,2026-09-08,-4.363124560168896,1.3546798029556717,-7.072484166080228,0.1915422885572148,2026-09-15,,,,,
,8015,8015.T,8015_20260828_01,7.0,False,True,7620.0,-1.8110236220472475,2.33595800524935,-2.650918635170607,0.8811881188118824,2026-09-08,-3.818897637795271,2.33595800524935,-4.776902887139112,0.4890109890109898,2026-09-15,,,,,
,8354,8354.T,8354_20260821_01,7.0,False,True,7941.0,-2.6570960836166724,1.0200226671703838,-2.6570960836166724,0.3838862559241715,2026-09-08,-2.5941317214456583,1.0200226671703838,-4.546026948747006,0.2243767313019397,2026-09-15,,,,,
,8725,8725.T,8725_20260818_01,7.0,True,False,5183.0,-2.0258537526529063,2.5467875747636537,-2.2187922052865128,1.1478260869565236,2026-09-08,-0.4823461315840216,2.5467875747636537,-5.170750530580747,0.4925373134328362,2026-09-15,,,,,
,7269,7269.T,7269_20260818_01,7.0,True,False,2215.5,-10.200857594222525,-2.482509591514326,-11.938614308282558,-0.2079395085066157,2026-09-09,-8.530805687203792,-2.482509591514326,-11.938614308282558,-0.2079395085066157,2026-09-16,,,,,
,8725,8725.T,8725_20260818_01,7.0,True,False,5180.0,-4.498069498069501,2.6061776061776065,-4.826254826254828,0.5399999999999999,2026-09-09,-0.4826254826254872,2.6061776061776065,-5.115830115830111,0.5094339622641515,2026-09-16,,,,,
,8604,8604.T,8604_20260818_01,7.0,True,False,1623.5,-0.4619648906683093,3.6033261472128153,-0.6159531875577495,5.849999999999969,2026-09-09,0.6775485063135189,3.972898059747454,-0.6159531875577495,6.44999999999995,2026-09-16,,,,,
,4578,4578.T,4578_20260818_01,7.0,False,True,12335.0,-5.350628293473858,0.4053506282934771,-5.7559789217673245,0.0704225352112682,2026-09-09,-11.593027969193349,0.4053506282934771,-12.890149979732469,0.0314465408805034,2026-09-16,,,,,
,7203,7203.T,7203_20260901_01,7.0,False,True,3183.0,-6.660383286207983,-0.0314169022934351,-7.650015708451152,-0.0041067761806983,2026-09-09,-5.246622683003455,-0.0314169022934351,-7.650015708451152,-0.0041067761806983,2026-09-16,,,,,
,8316,8316.T,8316_20260827_02,7.0,False,True,6990.0,-2.7038626609442007,2.7324749642346102,-2.7038626609442007,1.0105820105820087,2026-09-09,-2.1173104434907053,2.7324749642346102,-3.3905579399141628,0.8059071729957775,2026-09-16,,,,,
,6178,6178.T,6178_20260828_01,7.0,False,True,2551.0,-5.919247353978829,2.0384163073304595,-5.919247353978829,0.3443708609271526,2026-09-09,-1.7444139553116411,2.0384163073304595,-6.624852998823993,0.3076923076923077,2026-09-16,,,,,
,8309,8309.T,8309_20260818_01,7.0,True,False,1787.5,-3.2167832167832144,1.51048951048951,-3.244755244755249,0.4655172413793096,2026-09-09,-0.6433566433566407,1.51048951048951,-4.000000000000004,0.3776223776223771,2026-09-16,,,,,
,8601,8601.T,8601_20260818_01,7.0,True,False,1842.0,-2.442996742671011,3.040173724212813,-2.8230184581976125,1.0769230769230769,2026-09-09,-0.5971769815418027,3.040173724212813,-2.8501628664495127,1.0666666666666669,2026-09-16,,,,,
,2914,2914.T,2914_20260821_01,7.0,False,True,7055.0,-6.307583274273565,-0.5953224663359347,-6.3784549964564174,-0.0933333333333337,2026-09-09,-3.99716513111269,-0.5953224663359347,-7.866761162296243,-0.075675675675676,2026-09-16,,,,,
,8591,8591.T,8591_20260901_02,7.0,False,True,6386.0,-5.715627936110246,3.0848731600375823,-5.919198246163482,0.5211640211640212,2026-09-09,-3.3823989978077007,3.0848731600375823,-6.843094268712813,0.4508009153318075,2026-09-16,,,,,
,8015,8015.T,8015_20260828_01,7.0,False,True,7673.0,-3.166949042095657,1.6290890134236902,-5.069725009774539,0.3213367609254489,2026-09-10,-1.798514270819762,1.6290890134236902,-5.434640948781444,0.299760191846522,2026-09-17,,,,,
,8601,8601.T,8601_20260818_01,7.0,True,True,1856.0,-1.0237068965517238,2.2629310344827624,-3.5560344827586188,0.6363636363636378,2026-09-10,-1.4008620689655138,2.2629310344827624,-3.5829741379310387,0.6315789473684214,2026-09-17,,,,,
,8750,8750.T,8750_20260827_02,7.0,True,False,1883.5,-2.6811786567560447,1.7786036633926194,-5.335810990177858,0.3333333333333333,2026-09-10,2.521900716750736,3.2651977701088297,-5.335810990177858,0.611940298507461,2026-09-17,,,,,
,6178,6178.T,6178_20260828_01,7.0,False,True,2552.0,-4.682601880877746,1.998432601880884,-6.328369905956111,0.3157894736842116,2026-09-10,-0.4898119122257016,1.998432601880884,-6.661442006269591,0.300000000000001,2026-09-17,,,,,
,8308,8308.T,8308_20260827_01,7.0,False,True,2550.0,-2.4117647058823577,1.8235294117647127,-5.666666666666664,0.3217993079584788,2026-09-10,-2.784313725490195,1.8235294117647127,-5.666666666666664,0.3217993079584788,2026-09-17,,,,,
,8354,8354.T,8354_20260821_01,7.0,False,True,7933.0,-2.0799193243413616,1.121895877978063,-4.449766796924237,0.2521246458923507,2026-09-10,-1.802596747762508,1.121895877978063,-4.449766796924237,0.2521246458923507,2026-09-17,,,,,
,8725,8725.T,8725_20260818_01,7.0,True,True,5211.0,-4.739973133755515,1.9957781615812744,-5.680291690654382,0.3513513513513522,2026-09-10,0.940318556898867,1.9957781615812744,-5.680291690654382,0.3513513513513522,2026-09-17,,,,,
,8306,8306.T,8306_20260818_01,7.0,False,True,3754.0,-2.4507192328183325,1.0921683537559843,-4.635055940330313,0.2356321839080441,2026-09-10,-2.7171017581246626,1.0921683537559843,-4.768247202983488,0.2290502793296068,2026-09-17,,,,,
,8411,8411.T,8411_20260818_01,7.0,False,True,8731.0,-1.431680219906084,1.408773336387581,-3.7681823387928026,0.3738601823708202,2026-09-10,-2.084526400183251,1.408773336387581,-3.7681823387928026,0.3738601823708202,2026-09-17,,,,,
,8316,8316.T,8316_20260827_02,7.0,False,True,7089.0,-2.6519960502186524,1.2977853011708174,-4.499929468190156,0.2884012539184928,2026-09-10,-2.9764423755113567,1.2977853011708174,-4.739737621667373,0.2738095238095215,2026-09-17,,,,,
,8604,8604.T,8604_20260818_01,7.0,True,True,1632.0,2.083333333333326,3.0637254901960675,-1.1335784313725503,2.7027027027026893,2026-09-10,-2.5428921568627416,3.431372549019618,-3.2475490196078427,1.056603773584909,2026-09-17,,,,,
,8309,8309.T,8309_20260818_01,7.0,True,False,1787.0,-1.6508114157806395,1.5388919977616045,-3.497481813094572,0.4399999999999979,2026-09-10,0.1398992725237802,1.5388919977616045,-3.973139339675436,0.3873239436619698,2026-09-17,,,,,
,8309,8309.T,8309_20260818_01,7.0,True,False,1801.0,-1.887840088839532,0.3886729594669624,-4.71960022209883,0.0823529411764705,2026-09-11,-1.804553026096612,0.3886729594669624,-4.71960022209883,0.0823529411764705,2026-09-18,,,,,
,8411,8411.T,8411_20260818_01,7.0,False,True,8774.0,-1.3676772281741467,0.9117848187827572,-4.239799407339873,0.2150537634408575,2026-09-11,-3.179849555504899,0.9117848187827572,-4.912240711192162,0.1856148491879328,2026-09-18,,,,,
,8601,8601.T,8601_20260818_01,7.0,True,False,1867.0,-1.339046598821636,0.5356186395286455,-4.151044456347086,0.1290322580645135,2026-09-11,-1.1515800749866134,0.5356186395286455,-4.151044456347086,0.1290322580645135,2026-09-18,,,,,
,8725,8725.T,8725_20260818_01,7.0,True,True,5240.0,-2.843511450381675,0.1717557251908363,-6.202290076335881,0.0276923076923071,2026-09-11,-0.4389312977099213,1.6412213740458093,-6.202290076335881,0.2646153846153857,2026-09-18,,,,,
,8306,8306.T,8306_20260818_01,7.0,False,True,3785.0,-3.2760898282694795,0.264200792602387,-5.548216644649939,0.0476190476190492,2026-09-11,-4.35931307793923,0.264200792602387,-5.548216644649939,0.0476190476190492,2026-09-18,,,,,
,8053,8053.T,8053_20260904_01,7.0,False,True,1820.0,0.1098901098901095,3.901098901098909,-2.857142857142858,1.365384615384618,2026-09-11,-1.318681318681314,3.901098901098909,-3.159340659340659,1.2347826086956548,2026-09-18,,,,,
,8604,8604.T,8604_20260818_01,7.0,True,True,1669.0,-0.2696225284601561,0.7789095266626633,-3.325344517675255,0.2342342342342315,2026-09-11,-5.272618334331936,1.1384062312762122,-6.05152786099461,0.1881188118811878,2026-09-18,,,,,
,8316,8316.T,8316_20260827_02,7.0,False,True,7083.0,-2.428349569391497,0.1553014259494611,-4.659042778483691,0.0333333333333343,2026-09-11,-3.571932796837496,0.1553014259494611,-5.322603416631367,0.0291777188328921,2026-09-18,,,,,
,6178,6178.T,6178_20260828_01,7.0,False,True,2512.5,-1.7313432835820874,0.776119402985076,-5.194029850746274,0.1494252873563219,2026-09-11,0.5970149253731405,1.6119402985074638,-5.194029850746274,0.3103448275862068,2026-09-18,,,,,
,8354,8354.T,8354_20260821_01,7.0,False,True,7925.0,-1.236593059936908,0.7444794952681466,-4.353312302839118,0.1710144927536249,2026-09-11,-2.2586750788643584,0.7444794952681466,-4.353312302839118,0.1710144927536249,2026-09-18,,,,,
,8750,8750.T,8750_20260827_02,7.0,True,False,1877.5,0.2929427430093279,0.9320905459387464,-5.033288948069236,0.1851851851851849,2026-09-11,1.9174434087882768,3.6750998668442,-5.033288948069236,0.7301587301587293,2026-09-18,,,,,
,8411,8411.T,8411_20260818_01,7.0,True,False,8655.0,-0.6585788561525141,1.9179664933564489,-2.9231658001155347,0.6561264822134425,2026-09-15,-1.5020219526285403,1.9179664933564489,-4.355863662622761,0.4403183023872696,2026-09-25,,,,,
,8604,8604.T,8604_20260818_01,7.0,True,False,1662.5,-1.0827067669172965,1.533834586466165,-2.947368421052632,0.5204081632653059,2026-09-15,-5.353383458646621,1.533834586466165,-6.796992481203013,0.225663716814159,2026-09-25,,,,,
,6857,6857.T,6857_20260903_02,7.0,False,True,34520.0,-12.63035921205099,-0.8980301274623459,-13.644264194669752,-0.0658174097664547,2026-09-15,-2.838933951332556,-0.8980301274623459,-13.644264194669752,-0.0658174097664547,2026-09-25,,,,,
,4689,4689.T,4689_20260903_02,7.0,True,False,526.6,7.273077176996301,8.146600835548789,-3.000382112994926,2.715187775672013,2026-09-15,-2.75351773909277,8.412461909240875,-3.000382112994926,2.8037968473434574,2026-09-25,,,,,
,8601,8601.T,8601_20260818_01,7.0,True,False,1857.5,-1.1305518169582809,0.9421265141319024,-3.660834454912521,0.2573529411764716,2026-09-15,-2.4764468371467063,0.9421265141319024,-3.660834454912521,0.2573529411764716,2026-09-25,,,,,
,8309,8309.T,8309_20260818_01,7.0,True,False,1771.5,0.0846740050804317,1.8346034434095329,-3.1329381879762863,0.5855855855855842,2026-09-15,0.3104713519616053,2.060400790290706,-3.1329381879762863,0.6576576576576562,2026-09-25,,,,,
,8601,8601.T,8601_20260818_01,7.0,True,False,1818.0,0.7150715071507108,3.135313531353145,-1.5676567656765727,2.0,2026-09-16,,,,,,,,,,
,8309,8309.T,8309_20260818_01,7.0,True,False,1747.5,1.6309012875536544,3.4620886981401977,-1.8025751072961336,1.920634920634923,2026-09-16,,,,,,,,,,
,8411,8411.T,8411_20260818_01,7.0,True,False,8617.0,-0.5918533132180603,2.367413252872219,-2.495067889056513,0.9488372093023228,2026-09-16,,,,,,,,,,
,8015,8015.T,8015_20260828_01,7.0,True,False,7466.0,-1.0715242432359997,2.437717653361915,-2.812751138494507,0.8666666666666698,2026-09-16,,,,,,,,,,
,5713,5713.T,5713_20260904_01,7.0,False,True,10160.0,-4.527559055118113,1.5748031496062964,-8.366141732283461,0.1882352941176468,2026-09-16,,,,,,,,,,
,8604,8604.T,8604_20260818_01,7.0,True,True,1629.0,0.3376304481276904,3.621853898096994,-0.920810313075504,3.9333333333333456,2026-09-16,,,,,,,,,,
,8053,8053.T,8053_20260904_01,7.0,False,True,1861.5,-4.055868922911632,-1.2892828364222453,-5.31829170024174,-0.2424242424242434,2026-09-16,,,,,,,,,,
,9101,9101.T,9101_20260904_02,7.0,True,False,7217.0,4.835804350838302,5.2930580573645525,-1.8290148261050243,2.8939393939394007,2026-09-17,,,,,,,,,,
,4689,4689.T,4689_20260903_02,7.0,True,False,515.1,7.513101881764461,10.832852730355746,0.8153732853753981,13.2857587127941,2026-09-17,,,,,,,,,,
,8309,8309.T,8309_20260818_01,7.0,True,False,1734.0,3.2006920415224904,4.267589388696647,-1.038062283737029,4.111111111111084,2026-09-17,,,,,,,,,,
,8604,8604.T,8604_20260818_01,7.0,True,False,1638.0,-2.8998778998779007,3.0525030525030417,-3.6019536019536003,0.8474576271186415,2026-09-17,,,,,,,,,,
,8601,8601.T,8601_20260818_01,7.0,True,False,1810.5,1.0770505385252704,3.562551781275891,-1.1599005799502904,3.0714285714285707,2026-09-17,,,,,,,,,,
,9101,9101.T,9101_20260904_02,7.0,True,False,7198.0,4.056682411781054,5.5709919422061605,0.5001389274798651,11.13888888888866,2026-09-18,,,,,,,,,,
,4689,4689.T,4689_20260903_02,7.0,True,False,522.1,2.815550238071008,9.346873092139909,2.0877226584945285,4.477066460005757,2026-09-18,,,,,,,,,,
,8309,8309.T,8309_20260818_01,7.0,True,False,1757.5,0.6258890469416745,2.873399715504976,-0.540540540540535,5.31578947368426,2026-09-18,,,,,,,,,,
,8601,8601.T,8601_20260818_01,7.0,True,False,1837.0,0.462710941752853,2.0685900925421885,-1.0887316276537828,1.900000000000001,2026-09-18,,,,,,,,,,
,8604,8604.T,8604_20260818_01,7.0,True,False,1666.0,-5.102040816326525,1.3205282112845218,-5.882352941176472,0.2244897959183686,2026-09-18,,,,,,,,,,
,8604,8604.T,8604_20260818_01,7.0,True,False,1658.5,-6.572203798613208,0.6933976484775339,-6.572203798613208,0.1055045871559623,2026-09-24,,,,,,,,,,
,8750,8750.T,8750_20260911_03,7.0,False,True,1888.0,-0.9269067796610186,3.098516949152552,-1.165254237288138,2.659090909090912,2026-09-24,,,,,,,,,,
,8725,8725.T,8725_20260818_01,7.0,True,False,5153.0,-3.551329322724628,3.357267611100334,-3.551329322724628,0.9453551912568314,2026-09-24,,,,,,,,,,
,8601,8601.T,8601_20260818_01,7.0,True,False,1839.0,-2.0935290918977723,1.95758564437194,-2.0935290918977723,0.9350649350649336,2026-09-24,,,,,,,,,,
,7832,7832.T,7832_20260903_01,7.0,False,True,5514.0,-0.6347479143997137,3.22814653608996,-1.396445411679359,2.311688311688321,2026-09-24,,,,,,,,,,
,9101,9101.T,9101_20260904_02,7.0,True,False,7309.0,-0.7388151593925252,3.967711041182098,-1.0261321658229572,3.866666666666664,2026-09-24,,,,,,,,,,
,8309,8309.T,8309_20260818_01,7.0,True,False,1760.5,-0.028401022436808,2.698097131496735,-1.1644419199091205,2.317073170731701,2026-09-24,,,,,,,,,,
,8725,8725.T,8725_20260818_01,7.0,True,True,5137.0,-3.348257737979365,3.6791901888261647,-3.5429238855363088,1.038461538461538,2026-09-25,,,,,,,,,,
,8309,8309.T,8309_20260818_01,7.0,True,False,1782.0,-0.364758698092027,1.4590347923681302,-2.3569023569023573,0.6190476190476208,2026-09-25,,,,,,,,,,
,8750,8750.T,8750_20260911_03,7.0,False,True,1890.0,-0.4232804232804255,2.989417989417986,-1.269841269841265,2.3541666666666723,2026-09-25,,,,,,,,,,
,8604,8604.T,8604_20260818_01,7.0,True,False,1653.5,-4.868460840641065,0.3326277592984539,-6.289688539461746,0.0528846153846147,2026-09-25,,,,,,,,,,
,9101,9101.T,9101_20260904_02,7.0,True,False,7338.0,-0.5859907331698055,3.556827473426005,-1.1310983919324058,3.1445783132530174,2026-09-25,,,,,,,,,,
,6701,6701.T,6701_20260914_01,7.0,False,True,4825.0,-1.0362694300518172,2.010362694300527,-2.8186528497409324,0.7132352941176503,2026-09-25,,,,,,,,,,
,8601,8601.T,8601_20260818_01,7.0,True,False,1848.5,-2.055720854747089,0.4598322964565859,-2.59670002704896,0.1770833333333331,2026-09-25,,,,,,,,,,
,9432,9432.T,9432_20260903_02,7.0,False,True,176.7,-0.5659326835075307,1.924168706007712,-1.1318636399308413,1.7000004577629877,2026-09-25,,,,,,,,,,
,7832,7832.T,7832_20260903_01,7.0,False,True,5565.0,-1.3297394429469866,1.8867924528301885,-2.3000898472596565,0.8203125000000006,2026-09-25,,,,,,,,,,
,8601,8601.T,8601_20260818_01,7.0,True,False,1826.0,,,,,,,,,,,,,,,
,8750,8750.T,8750_20260911_03,7.0,False,True,1912.0,,,,,,,,,,,,,,,
,8725,8725.T,8725_20260818_01,7.0,True,False,5186.0,,,,,,,,,,,,,,,
,9104,9104.T,9104_20260904_02,7.0,False,True,7145.0,,,,,,,,,,,,,,,
,7832,7832.T,7832_20260903_01,7.0,False,True,5483.0,,,,,,,,,,,,,,,
,9101,9101.T,9101_20260904_02,7.0,True,False,7388.0,,,,,,,,,,,,,,,
,4689,4689.T,4689_20260903_02,7.0,False,True,566.0,,,,,,,,,,,,,,,
,6701,6701.T,6701_20260914_01,7.0,False,True,4786.0,,,,,,,,,,,,,,,
,8309,8309.T,8309_20260818_01,7.0,True,False,1795.0,,,,,,,,,,,,,,,
,8604,8604.T,8604_20260818_01,7.0,True,False,1646.0,,,,,,,,,,,,,,,
,8309,8309.T,8309_20260818_01,7.0,True,False,1793.0,,,,,,,,,,,,,,,
,8604,8604.T,8604_20260818_01,7.0,True,False,1620.5,,,,,,,,,,,,,,,
,8601,8601.T,8601_20260818_01,7.0,True,False,1853.0,,,,,,,,,,,,,,,
,8750,8750.T,8750_20260911_03,7.0,False,True,1940.0,,,,,,,,,,,,,,,
,8628,8628.T,8628_20260917_01,7.0,True,False,1187.0,,,,,,,,,,,,,,,
,8725,8725.T,8725_20260818_01,7.0,True,False,5271.0,,,,,,,,,,,,,,,
,8331,8331.T,8331_20260818_01,7.0,False,True,2777.0,,,,,,,,,,,,,,,
,6701,6701.T,6701_20260914_01,7.0,False,True,4906.0,,,,,,,,,,,,,,,
,8309,8309.T,8309_20260818_01,7.0,True,False,1768.5,,,,,,,,,,,,,,,
,8628,8628.T,8628_20260917_01,7.0,True,False,1172.0,,,,,,,,,,,,,,,
,8601,8601.T,8601_20260818_01,7.0,True,False,1845.5,,,,,,,,,,,,,,,
,8725,8725.T,8725_20260818_01,7.0,True,False,5217.0,,,,,,,,,,,,,,,
,8604,8604.T,8604_20260818_01,7.0,True,False,1581.0,,,,,,,,,,,,,,,
,9503,9503.T,9503_20260911_02,7.0,True,False,2826.5,,,,,,,,,,,,,,,
,4689,4689.T,4689_20260903_02,7.0,True,False,521.8,,,,,,,,,,,,,,,
,8628,8628.T,8628_20260917_01,7.0,True,False,1161.0,,,,,,,,,,,,,,,
,8601,8601.T,8601_20260818_01,7.0,True,False,1835.0,,,,,,,,,,,,,,,
,8309,8309.T,8309_20260818_01,7.0,True,False,1760.0,,,,,,,,,,,,,,,
,8308,8308.T,8308_20260925_03,7.0,False,True,2487.5,,,,,,,,,,,,,,,
,6302,6302.T,6302_20260925_01,7.0,False,True,5949.0,,,,,,,,,,,,,,,
,5020,5020.T,5020_20260925_01,7.0,False,True,1438.5,,,,,,,,,,,,,,,
,8309,8309.T,8309_20260818_01,7.0,True,False,1775.0,,,,,,,,,,,,,,,
,8601,8601.T,8601_20260818_01,7.0,True,False,1809.5,,,,,,,,,,,,,,,
,8628,8628.T,8628_20260917_01,7.0,True,False,1146.0,,,,,,,,,,,,,,,
,9101,9101.T,9101_20260904_02,7.0,True,True,7288.0,,,,,,,,,,,,,,,
,8725,8725.T,8725_20260818_01,7.0,True,False,4957.0,,,,,,,,,,,,,,,
,8354,8354.T,8354_20260821_01,7.0,False,True,7808.0,,,,,,,,,,,,,,,
,8053,8053.T,8053_20260904_01,7.0,False,True,1777.5,,,,,,,,,,,,,,,
,6301,6301.T,6301_20260925_01,7.0,False,True,7477.0,,,,,,,,,,,,,,,
,4631,4631.T,4631_20260818_01,7.0,True,False,5495.0,-7.279344858962689,-1.273885350318471,-8.043676069153772,-0.1583710407239819,2026-08-25,-3.639672429481344,-1.273885350318471,-11.22838944494996,-0.1134521880064829,2026-09-01,-15.614194722474972,-1.273885350318471,-18.016378525932662,-0.0707070707070707,2026-09-15
,5019,5019.T,5019_20260818_01,7.0,False,True,1337.0,1.533283470456248,4.487658937920713,-0.4487658937920691,10.00000000000005,2026-08-26,9.349289454001486,12.266267763649964,-0.4487658937920691,27.3333333333335,2026-09-02,24.906507105459987,27.78608825729245,-0.4487658937920691,61.916666666667055,2026-09-16
,2503,2503.T,2503_20260818_01,7.0,True,False,2998.5,2.6846756711689235,4.018676004669008,0.1834250458562669,21.90909090909029,2026-08-26,-0.8004002001000488,4.018676004669008,-0.9504752376188086,4.228070175438607,2026-09-02,-5.252626313156583,4.018676004669008,-8.137402034350504,0.4938524590163946,2026-09-16
,8725,8725.T,8725_20260818_01,7.0,True,False,4860.0,4.609053497942384,4.97942386831276,-2.1604938271604923,2.304761904761908,2026-08-26,5.65843621399178,7.489711934156373,-2.1604938271604923,3.466666666666667,2026-09-02,6.069958847736623,9.362139917695478,-2.1604938271604923,4.333333333333338,2026-09-16
,8309,8309.T,8309_20260818_01,7.0,True,False,1688.5,3.6718981344388446,4.441812259401834,-0.7699141249629893,5.769230769230734,2026-08-26,5.1228901391767945,7.936037903464621,-0.7699141249629893,10.30769230769226,2026-09-02,5.1821143026354655,7.936037903464621,-0.7699141249629893,10.30769230769226,2026-09-16
,8331,8331.T,8331_20260818_01,7.0,True,False,2723.5,3.6166697264549352,4.681476041857913,-1.230034881586195,3.805970149253736,2026-08-26,2.808885625114743,5.195520469983483,-1.230034881586195,4.223880597014928,2026-09-02,0.2203047549109493,5.764641086836786,-3.029190380025704,1.9030303030303004,2026-09-16
,8604,8604.T,8604_20260818_01,7.0,True,False,1509.5,6.227227558794302,6.989069228221267,-0.8280887711162643,8.439999999999996,2026-08-26,6.558463067240816,9.4402119907254,-0.8280887711162643,11.399999999999984,2026-09-02,8.280887711162643,11.825107651540234,-0.8280887711162643,14.279999999999974,2026-09-16
,4503,4503.T,4503_20260820_01,7.0,False,True,2418.0,-1.1166253101737025,1.530190239867668,-1.8610421836228297,0.8222222222222266,2026-08-27,-0.041356492969391,1.530190239867668,-3.61869313482217,0.4228571428571449,2026-09-03,-2.1918941273780024,1.530190239867668,-9.7394540942928,0.1571125265392791,2026-09-17
,8604,8604.T,8604_20260818_01,7.0,True,False,1521.0,5.950032873109801,6.804733727810652,-1.4792899408283988,4.600000000000012,2026-08-27,7.297830374753443,9.434582511505596,-1.4792899408283988,6.377777777777798,2026-09-03,4.569362261669951,10.97961867192636,-1.4792899408283988,7.422222222222238,2026-09-17
,5019,5019.T,5019_20260818_01,7.0,False,True,1349.5,1.519081141163392,3.519822156354202,-0.7039644312708426,4.999999999999984,2026-08-27,10.37421267135976,11.633938495739171,-0.7039644312708426,16.52631578947366,2026-09-03,23.97184142274917,26.60244535012968,-0.7039644312708426,37.78947368421044,2026-09-17
,5101,5101.T,5101_20260818_01,7.0,True,False,7562.0,-1.5075376884422065,2.618354932557532,-2.36709865115049,1.1061452513966508,2026-08-27,-7.061623909018778,2.618354932557532,-9.151018249140442,0.2861271676300585,2026-09-03,-9.045226130653262,2.618354932557532,-13.27691087014018,0.1972111553784865,2026-09-17
,9503,9503.T,9503_20260820_01,7.0,False,True,2557.5,1.8572825024437911,3.186705767350939,-1.2903225806451646,2.4696969696969715,2026-08-27,18.318670576735087,19.37438905180841,-1.2903225806451646,15.015151515151484,2026-09-03,16.500488758553278,19.37438905180841,-1.2903225806451646,15.015151515151484,2026-09-17
,7269,7269.T,7269_20260818_01,7.0,True,True,2087.0,2.2520364159080097,4.120747484427412,-0.7906085289889786,5.212121212121223,2026-08-27,1.030186871106853,9.631049353138476,-0.7906085289889786,12.181818181818194,2026-09-03,-1.916626736942984,9.631049353138476,-6.516530905606133,1.4779411764705883,2026-09-17
,8309,8309.T,8309_20260818_01,7.0,True,False,1690.5,4.170363797693,4.939367051168286,-0.3549245785270605,13.916666666666744,2026-08-27,5.708370304643595,7.808340727595375,-0.3549245785270605,22.000000000000124,2026-09-03,5.856255545696532,7.808340727595375,-0.3549245785270605,22.000000000000124,2026-09-17
,8601,8601.T,8601_20260818_01,7.0,True,False,1757.0,3.7564029595902095,4.524758110415483,-0.8252703471826939,5.482758620689684,2026-08-27,5.634604439385327,6.659077973819016,-0.8252703471826939,8.068965517241425,2026-09-03,4.154809334092202,8.025042686397278,-0.8252703471826939,9.72413793103454,2026-09-17
,4021,4021.T,4021_20260818_01,7.0,False,True,8162.0,-1.3354569958343498,1.1761823082577785,-4.165645675079633,0.2823529411764705,2026-08-27,-2.058319039451117,2.54839500122519,-4.165645675079633,0.6117647058823537,2026-09-03,0.4288164665523064,2.54839500122519,-5.611369762313156,0.4541484716157207,2026-09-17
,8601,8601.T,8601_20260818_01,7.0,True,False,1779.0,4.721753794266448,5.340078695896566,-0.6464305789769531,8.260869565217387,2026-08-28,4.946599213041036,6.68915120854412,-0.6464305789769531,10.347826086956516,2026-09-04,3.7380550871275897,6.68915120854412,-0.6464305789769531,10.347826086956516,2026-09-18
,7269,7269.T,7269_20260818_01,7.0,False,True,2103.5,3.161397670549082,3.304017114333257,-1.02210601378655,3.232558139534875,2026-08-28,-1.735203232707394,8.771095792726413,-2.1868314713572645,4.010869565217388,2026-09-04,-3.5892560019015973,8.771095792726413,-7.249821725695272,1.2098360655737708,2026-09-18
,8604,8604.T,8604_20260818_01,7.0,True,False,1535.0,6.970684039087938,7.622149837133539,-1.140065146579805,6.685714285714274,2026-08-28,8.729641693811075,9.348534201954406,-1.140065146579805,8.200000000000005,2026-09-04,2.9967426710097778,9.967426710097715,-1.140065146579805,8.742857142857135,2026-09-18
,8331,8331.T,8331_20260818_01,7.0,True,False,2753.5,2.215362266206644,3.5409478845106257,-1.2529507899037615,2.826086956521735,2026-08-28,3.904122026511714,4.249137461412755,-1.2529507899037615,3.3913043478260856,2026-09-04,-0.5992373343017943,4.612311603413843,-4.085709097512257,1.1288888888888904,2026-09-18
,8309,8309.T,8309_20260818_01,7.0,True,False,1715.5,4.313611192072275,4.809093558729227,-1.0492567764500138,4.58333333333333,2026-08-28,4.983969688137568,6.237248615563984,-1.0492567764500138,5.944444444444457,2026-09-04,3.0894782862139314,6.237248615563984,-1.0492567764500138,5.944444444444457,2026-09-18
,8725,8725.T,8725_20260818_01,7.0,True,True,4945.0,3.4175935288169867,3.842264914054594,-1.7391304347826098,2.20930232558139,2026-08-28,5.965621840242674,7.482305358948427,-1.7391304347826098,4.302325581395343,2026-09-04,5.500505561172897,7.704752275025273,-1.7391304347826098,4.430232558139529,2026-09-18
,4503,4503.T,4503_20260820_01,7.0,False,True,2406.5,-1.4543943486390989,2.015375025971333,-3.158113442759192,0.6381578947368443,2026-08-31,-4.300851859547061,2.015375025971333,-4.529399542904633,0.4449541284403682,2026-09-07,-1.973820901724499,2.015375025971333,-9.30812383129026,0.2165178571428576,2026-09-24
,9503,9503.T,9503_20260820_01,7.0,False,True,2582.0,8.849728892331532,9.004647560030987,-0.7164988381099913,12.56756756756759,2026-08-31,14.852827265685509,18.24167312161116,-0.7164988381099913,25.4594594594595,2026-09-07,7.106893880712617,18.24167312161116,-0.7164988381099913,25.4594594594595,2026-09-24
,8725,8725.T,8725_20260818_01,7.0,True,False,4927.0,3.653338745687029,4.221635883905006,0.9133346864217629,4.622222222222188,2026-08-31,4.5057844530139946,7.874974629592035,0.9133346864217629,8.622222222222163,2026-09-07,0.8727420336918978,8.098234219606248,-0.2435559163791345,33.2500000000001,2026-09-24
,8604,8604.T,8604_20260818_01,7.0,True,False,1539.0,6.270305393112419,7.342430149447687,0.5198180636777128,14.12499999999999,2026-08-31,7.602339181286544,9.064327485380108,0.5198180636777128,17.437499999999982,2026-09-07,0.6822612085769952,9.681611435997397,0.5198180636777128,18.62499999999999,2026-09-24
,7269,7269.T,7269_20260818_01,7.0,True,False,2126.5,4.726075711262645,5.360921702327759,-0.446743475193978,12.00000000000005,2026-08-31,-3.362332471196805,7.594639078297671,-3.99717846226193,1.900000000000001,2026-09-07,-6.371972725135199,7.594639078297671,-8.25299788384669,0.9202279202279208,2026-09-24
,8309,8309.T,8309_20260818_01,7.0,True,False,1702.0,4.406580493537016,5.640423031727382,-0.1175088131609825,48.00000000000189,2026-08-31,4.700352526439477,7.079905992949476,-0.1175088131609825,60.25000000000239,2026-09-07,3.4077555816686145,7.079905992949476,-0.1175088131609825,60.25000000000239,2026-09-24
,8601,8601.T,8601_20260818_01,7.0,True,False,1786.5,3.1905961376994085,4.897844948222785,0.2518891687657509,19.44444444444385,2026-08-31,4.478029666946548,6.241253848306738,0.2518891687657509,24.777777777776976,2026-09-07,0.7836551917156376,6.241253848306738,0.1679261125104858,37.16666666666874,2026-09-24
,4503,4503.T,4503_20260820_01,7.0,False,True,2415.0,-0.0207039337474124,1.6563146997929712,-3.498964803312632,0.4733727810650914,2026-09-01,-5.569358178053829,1.6563146997929712,-5.9834368530020665,0.2768166089965417,2026-09-08,-0.6625258799171863,1.6563146997929712,-9.627329192546586,0.1720430107526892,2026-09-25
,7269,7269.T,7269_20260818_01,7.0,True,False,2119.0,6.418121755545059,7.975460122699385,0.4483246814535269,17.789473684210083,2026-09-01,-6.559697970740919,7.975460122699385,-6.559697970740919,1.2158273381294955,2026-09-08,-6.111373289287403,7.975460122699385,-7.928268050967436,1.005952380952381,2026-09-25
,8309,8309.T,8309_20260818_01,7.0,True,False,1734.0,4.354094579008083,5.103806228373697,0.4901960784313708,10.41176470588238,2026-09-01,1.2975778546712835,5.103806228373697,0.4901960784313708,10.41176470588238,2026-09-08,3.8927335640138505,5.103806228373697,-1.038062283737029,4.916666666666639,2026-09-25
,8725,8725.T,8725_20260818_01,7.0,True,False,5072.0,2.267350157728698,2.9968454258675115,-1.0055205047318605,2.980392156862751,2026-09-01,0.1182965299684646,4.7910094637223954,-1.0055205047318605,4.764705882352943,2026-09-08,-0.8280757097791747,5.0078864353312325,-3.095425867507884,1.617834394904461,2026-09-25
,9503,9503.T,9503_20260820_01,7.0,False,True,2591.5,14.02662550646343,14.084507042253524,-1.0804553347482204,13.035714285714226,2026-09-01,13.428516303299244,17.808219178082197,-1.0804553347482204,16.482142857142783,2026-09-08,6.502025853752658,17.808219178082197,-1.0804553347482204,16.482142857142783,2026-09-25
,8601,8601.T,8601_20260818_01,7.0,True,False,1813.5,2.591673559415497,3.3360904328646246,-1.2406947890818865,2.688888888888886,2026-09-01,1.1579818031431044,4.659498207885315,-1.2406947890818865,3.755555555555562,2026-09-08,1.7645437000275654,4.659498207885315,-1.3234077750206796,3.520833333333338,2026-09-25
,2503,2503.T,2503_20260818_01,7.0,False,True,3084.0,-0.745784695201035,1.1348897535667923,-2.075226977950717,0.5468749999999971,2026-09-01,-7.70103761348897,1.1348897535667923,-7.8793774319066205,0.1440329218106989,2026-09-08,-7.020103761348895,1.1348897535667923,-10.684176394293122,0.1062215477996961,2026-09-25
,8604,8604.T,8604_20260818_01,7.0,True,False,1571.5,4.39070951320395,5.122494432071267,0.1590836780146265,32.20000000000184,2026-09-01,4.899777282850781,7.031498568246897,0.1590836780146265,44.20000000000254,2026-09-08,0.922685332484896,7.413299395482031,-1.3999363665287978,5.295454545454537,2026-09-25
,9503,9503.T,9503_20260820_01,7.0,False,True,2590.5,16.811426365566497,17.853696197645252,-1.042269832078746,17.129629629629694,2026-09-03,14.147847905809696,17.853696197645252,-1.042269832078746,17.129629629629694,2026-09-10,,,,,
,8308,8308.T,8308_20260827_01,7.0,False,True,2430.0,4.938271604938271,7.037037037037042,0.5144032921810648,13.680000000000144,2026-09-03,2.4074074074074137,7.037037037037042,-1.0082304526748964,6.979591836734703,2026-09-10,,,,,
,8604,8604.T,8604_20260818_01,7.0,True,True,1620.0,0.7407407407407307,2.746913580246924,-1.4197530864197505,1.9347826086956628,2026-09-03,2.839506172839501,3.827160493827164,-1.4197530864197505,2.695652173913051,2026-09-10,,,,,
,8750,8750.T,8750_20260827_02,7.0,True,False,1817.0,3.6598789212988425,4.155200880572374,-0.3577325261419961,11.615384615384496,2026-09-03,0.8805723720418213,5.503577325261411,-1.871216290588884,2.9411764705882284,2026-09-10,,,,,
,2914,2914.T,2914_20260821_01,7.0,False,True,7014.0,-0.9409751924721932,1.3544339891645274,-1.6110635871114942,0.840707964601768,2026-09-03,-5.702879954376961,1.3544339891645274,-6.102081551183347,0.2219626168224298,2026-09-10,,,,,
,8411,8411.T,8411_20260818_01,7.0,False,True,8326.0,4.864280566898871,6.822003362959395,-0.4323804948354603,15.777777777777567,2026-09-03,3.362959404275756,6.822003362959395,-0.4323804948354603,15.777777777777567,2026-09-10,,,,,
,8309,8309.T,8309_20260818_01,7.0,True,False,1756.5,1.7364076288072905,3.757472245943627,-0.5693139766581257,6.599999999999996,2026-09-03,0.0569313976658047,3.757472245943627,-1.8218047253060088,2.062499999999991,2026-09-10,,,,,
,8725,8725.T,8725_20260818_01,7.0,True,False,5042.0,3.3518445061483604,4.204680682268935,-0.4165013883379642,10.095238095238006,2026-09-03,-1.547005156683856,5.414518048393502,-2.518841729472432,2.149606299212601,2026-09-10,,,,,
,8601,8601.T,8601_20260818_01,7.0,True,False,1827.5,1.559507523939807,2.5444596443228384,-0.5198358413132653,4.894736842105289,2026-09-03,0.5198358413132764,3.857729138166888,-2.0519835841313228,1.8800000000000003,2026-09-10,,,,,
,8354,8354.T,8354_20260821_01,7.0,False,True,7733.0,2.5863183757920627,3.724298461140574,-0.4138109401267242,9.000000000000135,2026-09-03,0.4526057157636209,3.737230053019536,-1.9785335574809213,1.8888888888888973,2026-09-10,,,,,
,9432,9432.T,9432_20260827_01,7.0,False,True,167.6,3.341286961958345,5.011933174224348,-0.1789957925072638,28.000284833627912,2026-09-03,4.534604384392726,5.011933174224348,-0.1789957925072638,28.000284833627912,2026-09-10,,,,,
,8411,8411.T,8411_20260818_01,7.0,True,True,8449.0,3.846609066161677,5.266895490590606,-1.4676293052432232,3.5887096774193594,2026-09-04,2.426322641732748,5.266895490590606,-1.4676293052432232,3.5887096774193594,2026-09-11,,,,,
,8316,8316.T,8316_20260827_02,7.0,False,True,6881.0,2.935619822700186,4.359831419851767,-1.5259409969481164,2.857142857142861,2026-09-04,0.4359831419851856,4.359831419851767,-1.860194739136756,2.343749999999998,2026-09-11,,,,,
,8725,8725.T,8725_20260818_01,7.0,True,False,5115.0,2.4437927663734094,3.910068426197455,-1.0752688172043,3.636363636363636,2026-09-04,-0.4692082111436901,3.910068426197455,-3.910068426197455,1.0,2026-09-11,,,,,
,8308,8308.T,8308_20260827_01,7.0,False,True,2520.0,1.1904761904761862,3.214285714285725,-1.6666666666666718,1.928571428571429,2026-09-04,0.079365079365079,3.214285714285725,-4.543650793650789,0.7074235807860293,2026-09-11,,,,,
,8331,8331.T,8331_20260818_01,7.0,False,True,2822.0,1.381998582565558,1.7186392629340963,-1.8426647767540767,0.9326923076923104,2026-09-04,-3.2955350815024764,2.072997873848337,-6.413890857547844,0.3232044198895028,2026-09-11,,,,,
,8601,8601.T,8601_20260818_01,7.0,True,False,1869.5,-0.1337255950788929,1.5244717838994282,-2.754747258625301,0.5533980582524235,2026-09-04,-1.4709815458678777,1.5244717838994282,-4.2792190425247405,0.3562499999999975,2026-09-11,,,,,
,8604,8604.T,8604_20260818_01,7.0,True,False,1642.5,1.6133942161339343,2.191780821917799,-2.7701674277016752,0.7912087912087877,2026-09-04,1.3394216133942205,2.404870624048705,-2.7701674277016752,0.8681318681318674,2026-09-11,,,,,
,9766,9766.T,9766_20260824_01,7.0,False,True,22185.0,-3.0876718503493383,1.1043497858913789,-3.944106378183454,0.2800000000000029,2026-09-04,-6.558485463150776,1.1043497858913789,-8.90241153932837,0.1240506329113936,2026-09-11,,,,,
,6178,6178.T,6178_20260828_01,7.0,False,True,2425.5,3.586889301175012,7.318078746650181,-0.8864151721294622,8.255813953488337,2026-09-04,1.7934446505875057,7.318078746650181,-1.7934446505875057,4.08045977011495,2026-09-11,,,,,
,8354,8354.T,8354_20260821_01,7.0,False,True,7861.0,0.8141457829792698,2.048085485307216,-1.717338760971887,1.1925925925925942,2026-09-04,-0.4325149472077294,2.048085485307216,-3.574608828393333,0.5729537366548054,2026-09-11,,,,,
,8309,8309.T,8309_20260818_01,7.0,True,False,1787.0,0.7834359261331914,1.9865696698377235,-2.266368214885284,0.8765432098765457,2026-09-04,-1.1191941801902638,1.9865696698377235,-3.973139339675436,0.5000000000000014,2026-09-11,,,,,
,8015,8015.T,8015_20260828_01,7.0,False,True,7583.0,0.0659369642621587,2.5187920348147097,-3.2045364631412387,0.7860082304526721,2026-09-04,-0.3956217855729971,2.8352894632731163,-4.219965712778584,0.6718750000000012,2026-09-11,,,,,
,9101,9101.T,9101_20260827_01,7.0,True,False,6941.0,6.901022907362053,7.549344474859532,0.7491715891081885,10.076923076923205,2026-09-07,5.705229793977806,7.549344474859532,0.7491715891081885,10.076923076923205,2026-09-14,,,,,
,7269,7269.T,7269_20260818_01,7.0,False,True,2202.0,-6.675749318801094,3.905540417802,-7.288828337874664,0.5358255451713395,2026-09-07,-7.129881925522252,3.905540417802,-11.398728428701176,0.3426294820717134,2026-09-14,,,,,
,8601,8601.T,8601_20260818_01,7.0,True,False,1844.0,1.2201735357917576,2.9284164859002093,-1.4099783080260275,2.076923076923076,2026-09-07,1.572668112798259,2.9284164859002093,-2.955531453362259,0.9908256880733908,2026-09-14,,,,,
,8725,8725.T,8725_20260818_01,7.0,True,True,5071.0,1.5381581542102118,4.811674225990936,0.1971997633602784,24.40000000000072,2026-09-07,2.681916781699867,4.811674225990936,-3.076316308420435,1.564102564102564,2026-09-14,,,,,
,8308,8308.T,8308_20260827_01,7.0,False,True,2516.0,1.0532591414944337,3.378378378378377,-1.5103338632750374,2.2368421052631606,2026-09-07,1.1724960254372083,3.378378378378377,-4.3918918918918965,0.7692307692307682,2026-09-14,,,,,
,8604,8604.T,8604_20260818_01,7.0,True,False,1630.0,1.595092024539868,2.9754601226993804,-2.024539877300613,1.469696969696967,2026-09-07,2.7607361963190247,3.5582822085889587,-2.024539877300613,1.757575757575759,2026-09-14,,,,,
,8354,8354.T,8354_20260821_01,7.0,False,True,7815.0,0.6525911708253451,2.648752399232235,-0.754958413307738,3.508474576271188,2026-09-07,0.2815099168266055,2.648752399232235,-3.00703774792066,0.8808510638297852,2026-09-14,,,,,
,8309,8309.T,8309_20260818_01,7.0,True,False,1767.5,0.8203677510608243,3.111739745403108,-1.1881188118811892,2.6190476190476137,2026-09-07,1.7538896746817525,3.111739745403108,-2.91371994342291,1.067961165048544,2026-09-14,,,,,
,8316,8316.T,8316_20260827_02,7.0,False,True,6872.0,1.5133876600698537,4.49650756693829,-0.1018626309662429,44.142857142855696,2026-09-07,2.299185098952261,4.49650756693829,-1.7316647264260745,2.5966386554621828,2026-09-14,,,,,
,8306,8306.T,8306_20260818_01,7.0,False,True,3686.0,-0.8138903960933308,2.9571351058057527,-1.6006511123168754,1.847457627118644,2026-09-08,-0.4883342376559962,2.9571351058057527,-3.011394465545303,0.9819819819819836,2026-09-15,,,,,
,8601,8601.T,8601_20260818_01,7.0,True,False,1855.0,-1.1051212938005373,2.3180592991913773,-1.99460916442048,1.1621621621621665,2026-09-08,-0.9973045822102456,2.3180592991913773,-3.5309973045822063,0.6564885496183221,2026-09-15,,,,,
,8604,8604.T,8604_20260818_01,7.0,True,False,1637.0,0.7025045815516107,2.748930971288943,-2.443494196701279,1.1250000000000018,2026-09-08,0.4581551618815016,3.11545510079414,-2.443494196701279,1.2750000000000037,2026-09-15,,,,,
,8331,8331.T,8331_20260818_01,7.0,False,True,2842.0,-3.184377199155519,1.3546798029556717,-3.184377199155519,0.4254143646408868,2026-09-08,-4.363124560168896,1.3546798029556717,-7.072484166080228,0.1915422885572148,2026-09-15,,,,,
,7203,7203.T,7203_20260901_01,7.0,False,True,3230.0,-8.095975232198139,-1.2383900928792602,-8.095975232198139,-0.1529636711281075,2026-09-08,-6.470588235294117,-1.2383900928792602,-8.993808049535602,-0.1376936316695356,2026-09-15,,,,,
,4021,4021.T,4021_20260831_02,7.0,False,True,8325.0,-6.04204204204204,-1.5135135135135092,-6.21021021021021,-0.2437137330754345,2026-09-08,-4.336336336336332,-1.5135135135135092,-7.459459459459461,-0.202898550724637,2026-09-15,,,,,
,8015,8015.T,8015_20260828_01,7.0,False,True,7620.0,-1.8110236220472475,2.33595800524935,-2.650918635170607,0.8811881188118824,2026-09-08,-3.818897637795271,2.33595800524935,-4.776902887139112,0.4890109890109898,2026-09-15,,,,,
,6178,6178.T,6178_20260828_01,7.0,False,True,2512.0,-2.6671974522292974,3.6226114649681618,-2.7468152866242046,1.318840579710148,2026-09-08,-1.2539808917197417,3.6226114649681618,-5.175159235668792,0.7000000000000014,2026-09-15,,,,,
,8308,8308.T,8308_20260827_01,7.0,False,True,2517.5,-1.0526315789473717,3.3167825223435976,-1.6087388282025827,2.061728395061729,2026-09-08,-2.164846077457794,3.3167825223435976,-4.448857994041711,0.7455357142857145,2026-09-15,,,,,
,8309,8309.T,8309_20260818_01,7.0,True,False,1796.5,-2.2265516281658737,1.0019482326746545,-2.783189535207342,0.360000000000004,2026-09-08,-1.3080990815474536,1.0019482326746545,-4.480935151683829,0.2236024844720517,2026-09-15,,,,,
,8316,8316.T,8316_20260827_02,7.0,False,True,6971.0,-0.6168411992540479,3.0124802754267765,-2.209152201979625,1.3636363636363704,2026-09-08,-1.8505235977621548,3.0124802754267765,-3.1272414287763617,0.96330275229358,2026-09-15,,,,,
,8725,8725.T,8725_20260818_01,7.0,True,False,5183.0,-2.0258537526529063,2.5467875747636537,-2.2187922052865128,1.1478260869565236,2026-09-08,-0.4823461315840216,2.5467875747636537,-5.170750530580747,0.4925373134328362,2026-09-15,,,,,
,8354,8354.T,8354_20260821_01,7.0,False,True,7941.0,-2.6570960836166724,1.0200226671703838,-2.6570960836166724,0.3838862559241715,2026-09-08,-2.5941317214456583,1.0200226671703838,-4.546026948747006,0.2243767313019397,2026-09-15,,,,,
,8411,8411.T,8411_20260818_01,7.0,True,True,8621.0,-0.2551908131307234,3.166685999304031,-1.3339519777287978,2.373913043478272,2026-09-08,-0.2667903955457573,3.166685999304031,-2.540308548892245,1.246575342465753,2026-09-15,,,,,
,2914,2914.T,2914_20260821_01,7.0,False,True,7055.0,-6.307583274273565,-0.5953224663359347,-6.3784549964564174,-0.0933333333333337,2026-09-09,-3.99716513111269,-0.5953224663359347,-7.866761162296243,-0.075675675675676,2026-09-16,,,,,
,7269,7269.T,7269_20260818_01,7.0,True,False,2215.5,-10.200857594222525,-2.482509591514326,-11.938614308282558,-0.2079395085066157,2026-09-09,-8.530805687203792,-2.482509591514326,-11.938614308282558,-0.2079395085066157,2026-09-16,,,,,
,8725,8725.T,8725_20260818_01,7.0,True,False,5180.0,-4.498069498069501,2.6061776061776065,-4.826254826254828,0.5399999999999999,2026-09-09,-0.4826254826254872,2.6061776061776065,-5.115830115830111,0.5094339622641515,2026-09-16,,,,,
,8604,8604.T,8604_20260818_01,7.0,True,False,1623.5,-0.4619648906683093,3.6033261472128153,-0.6159531875577495,5.849999999999969,2026-09-09,0.6775485063135189,3.972898059747454,-0.6159531875577495,6.44999999999995,2026-09-16,,,,,
,4578,4578.T,4578_20260818_01,7.0,False,True,12335.0,-5.350628293473858,0.4053506282934771,-5.7559789217673245,0.0704225352112682,2026-09-09,-11.593027969193349,0.4053506282934771,-12.890149979732469,0.0314465408805034,2026-09-16,,,,,
,7203,7203.T,7203_20260901_01,7.0,False,True,3183.0,-6.660383286207983,-0.0314169022934351,-7.650015708451152,-0.0041067761806983,2026-09-09,-5.246622683003455,-0.0314169022934351,-7.650015708451152,-0.0041067761806983,2026-09-16,,,,,
,8316,8316.T,8316_20260827_02,7.0,False,True,6990.0,-2.7038626609442007,2.7324749642346102,-2.7038626609442007,1.0105820105820087,2026-09-09,-2.1173104434907053,2.7324749642346102,-3.3905579399141628,0.8059071729957775,2026-09-16,,,,,
,6178,6178.T,6178_20260828_01,7.0,False,True,2551.0,-5.919247353978829,2.0384163073304595,-5.919247353978829,0.3443708609271526,2026-09-09,-1.7444139553116411,2.0384163073304595,-6.624852998823993,0.3076923076923077,2026-09-16,,,,,
,8309,8309.T,8309_20260818_01,7.0,True,False,1787.5,-3.2167832167832144,1.51048951048951,-3.244755244755249,0.4655172413793096,2026-09-09,-0.6433566433566407,1.51048951048951,-4.000000000000004,0.3776223776223771,2026-09-16,,,,,
,8601,8601.T,8601_20260818_01,7.0,True,False,1842.0,-2.442996742671011,3.040173724212813,-2.8230184581976125,1.0769230769230769,2026-09-09,-0.5971769815418027,3.040173724212813,-2.8501628664495127,1.0666666666666669,2026-09-16,,,,,
,8591,8591.T,8591_20260901_02,7.0,False,True,6386.0,-5.715627936110246,3.0848731600375823,-5.919198246163482,0.5211640211640212,2026-09-09,-3.3823989978077007,3.0848731600375823,-6.843094268712813,0.4508009153318075,2026-09-16,,,,,
,8309,8309.T,8309_20260818_01,7.0,True,False,1787.0,-1.6508114157806395,1.5388919977616045,-3.497481813094572,0.4399999999999979,2026-09-10,0.1398992725237802,1.5388919977616045,-3.973139339675436,0.3873239436619698,2026-09-17,,,,,
,8411,8411.T,8411_20260818_01,7.0,False,True,8731.0,-1.431680219906084,1.408773336387581,-3.7681823387928026,0.3738601823708202,2026-09-10,-2.084526400183251,1.408773336387581,-3.7681823387928026,0.3738601823708202,2026-09-17,,,,,
,8316,8316.T,8316_20260827_02,7.0,False,True,7089.0,-2.6519960502186524,1.2977853011708174,-4.499929468190156,0.2884012539184928,2026-09-10,-2.9764423755113567,1.2977853011708174,-4.739737621667373,0.2738095238095215,2026-09-17,,,,,
,8306,8306.T,8306_20260818_01,7.0,False,True,3754.0,-2.4507192328183325,1.0921683537559843,-4.635055940330313,0.2356321839080441,2026-09-10,-2.7171017581246626,1.0921683537559843,-4.768247202983488,0.2290502793296068,2026-09-17,,,,,
,8015,8015.T,8015_20260828_01,7.0,False,True,7673.0,-3.166949042095657,1.6290890134236902,-5.069725009774539,0.3213367609254489,2026-09-10,-1.798514270819762,1.6290890134236902,-5.434640948781444,0.299760191846522,2026-09-17,,,,,
,8601,8601.T,8601_20260818_01,7.0,True,True,1856.0,-1.0237068965517238,2.2629310344827624,-3.5560344827586188,0.6363636363636378,2026-09-10,-1.4008620689655138,2.2629310344827624,-3.5829741379310387,0.6315789473684214,2026-09-17,,,,,
,8750,8750.T,8750_20260827_02,7.0,True,False,1883.5,-2.6811786567560447,1.7786036633926194,-5.335810990177858,0.3333333333333333,2026-09-10,2.521900716750736,3.2651977701088297,-5.335810990177858,0.611940298507461,2026-09-17,,,,,
,6178,6178.T,6178_20260828_01,7.0,False,True,2552.0,-4.682601880877746,1.998432601880884,-6.328369905956111,0.3157894736842116,2026-09-10,-0.4898119122257016,1.998432601880884,-6.661442006269591,0.300000000000001,2026-09-17,,,,,
,8308,8308.T,8308_20260827_01,7.0,False,True,2550.0,-2.4117647058823577,1.8235294117647127,-5.666666666666664,0.3217993079584788,2026-09-10,-2.784313725490195,1.8235294117647127,-5.666666666666664,0.3217993079584788,2026-09-17,,,,,
,8354,8354.T,8354_20260821_01,7.0,False,True,7933.0,-2.0799193243413616,1.121895877978063,-4.449766796924237,0.2521246458923507,2026-09-10,-1.802596747762508,1.121895877978063,-4.449766796924237,0.2521246458923507,2026-09-17,,,,,
,8725,8725.T,8725_20260818_01,7.0,True,True,5211.0,-4.739973133755515,1.9957781615812744,-5.680291690654382,0.3513513513513522,2026-09-10,0.940318556898867,1.9957781615812744,-5.680291690654382,0.3513513513513522,2026-09-17,,,,,
,8604,8604.T,8604_20260818_01,7.0,True,True,1632.0,2.083333333333326,3.0637254901960675,-1.1335784313725503,2.7027027027026893,2026-09-10,-2.5428921568627416,3.431372549019618,-3.2475490196078427,1.056603773584909,2026-09-17,,,,,
,8601,8601.T,8601_20260818_01,7.0,True,False,1867.0,-1.339046598821636,0.5356186395286455,-4.151044456347086,0.1290322580645135,2026-09-11,-1.1515800749866134,0.5356186395286455,-4.151044456347086,0.1290322580645135,2026-09-18,,,,,
,8725,8725.T,8725_20260818_01,7.0,True,True,5240.0,-2.843511450381675,0.1717557251908363,-6.202290076335881,0.0276923076923071,2026-09-11,-0.4389312977099213,1.6412213740458093,-6.202290076335881,0.2646153846153857,2026-09-18,,,,,
,8306,8306.T,8306_20260818_01,7.0,False,True,3785.0,-3.2760898282694795,0.264200792602387,-5.548216644649939,0.0476190476190492,2026-09-11,-4.35931307793923,0.264200792602387,-5.548216644649939,0.0476190476190492,2026-09-18,,,,,
,8604,8604.T,8604_20260818_01,7.0,True,True,1669.0,-0.2696225284601561,0.7789095266626633,-3.325344517675255,0.2342342342342315,2026-09-11,-5.272618334331936,1.1384062312762122,-6.05152786099461,0.1881188118811878,2026-09-18,,,,,
,8316,8316.T,8316_20260827_02,7.0,False,True,7083.0,-2.428349569391497,0.1553014259494611,-4.659042778483691,0.0333333333333343,2026-09-11,-3.571932796837496,0.1553014259494611,-5.322603416631367,0.0291777188328921,2026-09-18,,,,,
,6178,6178.T,6178_20260828_01,7.0,False,True,2512.5,-1.7313432835820874,0.776119402985076,-5.194029850746274,0.1494252873563219,2026-09-11,0.5970149253731405,1.6119402985074638,-5.194029850746274,0.3103448275862068,2026-09-18,,,,,
,8354,8354.T,8354_20260821_01,7.0,False,True,7925.0,-1.236593059936908,0.7444794952681466,-4.353312302839118,0.1710144927536249,2026-09-11,-2.2586750788643584,0.7444794952681466,-4.353312302839118,0.1710144927536249,2026-09-18,,,,,
,8750,8750.T,8750_20260827_02,7.0,True,False,1877.5,0.2929427430093279,0.9320905459387464,-5.033288948069236,0.1851851851851849,2026-09-11,1.9174434087882768,3.6750998668442,-5.033288948069236,0.7301587301587293,2026-09-18,,,,,
,8053,8053.T,8053_20260904_01,7.0,False,True,1820.0,0.1098901098901095,3.901098901098909,-2.857142857142858,1.365384615384618,2026-09-11,-1.318681318681314,3.901098901098909,-3.159340659340659,1.2347826086956548,2026-09-18,,,,,
,8411,8411.T,8411_20260818_01,7.0,False,True,8774.0,-1.3676772281741467,0.9117848187827572,-4.239799407339873,0.2150537634408575,2026-09-11,-3.179849555504899,0.9117848187827572,-4.912240711192162,0.1856148491879328,2026-09-18,,,,,
,8309,8309.T,8309_20260818_01,7.0,True,False,1801.0,-1.887840088839532,0.3886729594669624,-4.71960022209883,0.0823529411764705,2026-09-11,-1.804553026096612,0.3886729594669624,-4.71960022209883,0.0823529411764705,2026-09-18,,,,,
,8411,8411.T,8411_20260818_01,7.0,True,False,8655.0,-0.6585788561525141,1.9179664933564489,-2.9231658001155347,0.6561264822134425,2026-09-15,-0.3350664355863619,1.9179664933564489,-4.355863662622761,0.4403183023872696,2026-09-25,,,,,
,8604,8604.T,8604_20260818_01,7.0,True,False,1662.5,-1.0827067669172965,1.533834586466165,-2.947368421052632,0.5204081632653059,2026-09-15,-4.601503759398495,1.533834586466165,-6.796992481203013,0.225663716814159,2026-09-25,,,,,
,6857,6857.T,6857_20260903_02,7.0,False,True,34520.0,-12.63035921205099,-0.8980301274623459,-13.644264194669752,-0.0658174097664547,2026-09-15,-1.5063731170335992,-0.8980301274623459,-13.644264194669752,-0.0658174097664547,2026-09-25,,,,,
,4689,4689.T,4689_20260903_02,7.0,True,False,526.6,7.273077176996301,8.146600835548789,-3.000382112994926,2.715187775672013,2026-09-15,-2.7155359299337767,8.412461909240875,-3.627041397645281,2.31937300597185,2026-09-25,,,,,
,8601,8601.T,8601_20260818_01,7.0,True,False,1857.5,-1.1305518169582809,0.9421265141319024,-3.660834454912521,0.2573529411764716,2026-09-15,-0.6460296096904461,0.9421265141319024,-3.660834454912521,0.2573529411764716,2026-09-25,,,,,
,8309,8309.T,8309_20260818_01,7.0,True,False,1771.5,0.0846740050804317,1.8346034434095329,-3.1329381879762863,0.5855855855855842,2026-09-15,1.693480101608813,2.060400790290706,-3.1329381879762863,0.6576576576576562,2026-09-25,,,,,
,5713,5713.T,5713_20260904_01,7.0,False,True,10160.0,-4.527559055118113,1.5748031496062964,-8.366141732283461,0.1882352941176468,2026-09-16,-4.035433070866146,1.5748031496062964,-8.366141732283461,0.1882352941176468,2026-09-28,,,,,
,8015,8015.T,8015_20260828_01,7.0,True,False,7466.0,-1.0715242432359997,2.437717653361915,-2.812751138494507,0.8666666666666698,2026-09-16,-0.1339405304044971,2.437717653361915,-2.812751138494507,0.8666666666666698,2026-09-28,,,,,
,8411,8411.T,8411_20260818_01,7.0,True,False,8617.0,-0.5918533132180603,2.367413252872219,-2.495067889056513,0.9488372093023228,2026-09-16,1.6479053034698763,2.367413252872219,-3.934083787861209,0.6017699115044215,2026-09-28,,,,,
,8604,8604.T,8604_20260818_01,7.0,True,True,1629.0,0.3376304481276904,3.621853898096994,-0.920810313075504,3.9333333333333456,2026-09-16,-2.455494168201356,3.621853898096994,-4.880294659300189,0.7421383647798739,2026-09-28,,,,,
,8053,8053.T,8053_20260904_01,7.0,False,True,1861.5,-4.055868922911632,-1.2892828364222453,-5.31829170024174,-0.2424242424242434,2026-09-16,-2.793446145581524,-0.725221595487513,-5.31829170024174,-0.1363636363636369,2026-09-28,,,,,
,8309,8309.T,8309_20260818_01,7.0,True,False,1747.5,1.6309012875536544,3.4620886981401977,-1.8025751072961336,1.920634920634923,2026-09-16,3.376251788268947,3.4620886981401977,-1.8025751072961336,1.920634920634923,2026-09-28,,,,,
,8601,8601.T,8601_20260818_01,7.0,True,False,1818.0,0.7150715071507108,3.135313531353145,-1.5676567656765727,2.0,2026-09-16,1.9526952695269493,3.135313531353145,-1.5676567656765727,2.0,2026-09-28,,,,,
,9101,9101.T,9101_20260904_02,7.0,True,False,7217.0,4.835804350838302,5.2930580573645525,-1.8290148261050243,2.8939393939394007,2026-09-17,,,,,,,,,,
,4689,4689.T,4689_20260903_02,7.0,True,False,515.1,7.513101881764461,10.832852730355746,0.8153732853753981,13.2857587127941,2026-09-17,,,,,,,,,,
,8309,8309.T,8309_20260818_01,7.0,True,False,1734.0,3.2006920415224904,4.267589388696647,-1.038062283737029,4.111111111111084,2026-09-17,,,,,,,,,,
,8604,8604.T,8604_20260818_01,7.0,True,False,1638.0,-2.8998778998779007,3.0525030525030417,-3.6019536019536003,0.8474576271186415,2026-09-17,,,,,,,,,,
,8601,8601.T,8601_20260818_01,7.0,True,False,1810.5,1.0770505385252704,3.562551781275891,-1.1599005799502904,3.0714285714285707,2026-09-17,,,,,,,,,,
,4689,4689.T,4689_20260903_02,7.0,True,False,522.1,2.815550238071008,9.346873092139909,2.0877226584945285,4.477066460005757,2026-09-18,,,,,,,,,,
,9101,9101.T,9101_20260904_02,7.0,True,False,7198.0,4.056682411781054,5.5709919422061605,0.5001389274798651,11.13888888888866,2026-09-18,,,,,,,,,,
,8309,8309.T,8309_20260818_01,7.0,True,False,1757.5,0.6258890469416745,2.873399715504976,-0.540540540540535,5.31578947368426,2026-09-18,,,,,,,,,,
,8601,8601.T,8601_20260818_01,7.0,True,False,1837.0,0.462710941752853,2.0685900925421885,-1.0887316276537828,1.900000000000001,2026-09-18,,,,,,,,,,
,8604,8604.T,8604_20260818_01,7.0,True,False,1666.0,-5.102040816326525,1.3205282112845218,-5.882352941176472,0.2244897959183686,2026-09-18,,,,,,,,,,
,8309,8309.T,8309_20260818_01,7.0,True,False,1760.5,-0.028401022436808,2.698097131496735,-1.1644419199091205,2.317073170731701,2026-09-24,,,,,,,,,,
,8604,8604.T,8604_20260818_01,7.0,True,False,1658.5,-6.572203798613208,0.6933976484775339,-6.572203798613208,0.1055045871559623,2026-09-24,,,,,,,,,,
,8750,8750.T,8750_20260911_03,7.0,False,True,1888.0,-0.9269067796610186,3.098516949152552,-1.165254237288138,2.659090909090912,2026-09-24,,,,,,,,,,
,8725,8725.T,8725_20260818_01,7.0,True,False,5153.0,-3.551329322724628,3.357267611100334,-3.551329322724628,0.9453551912568314,2026-09-24,,,,,,,,,,
,8601,8601.T,8601_20260818_01,7.0,True,False,1839.0,-2.0935290918977723,1.95758564437194,-2.0935290918977723,0.9350649350649336,2026-09-24,,,,,,,,,,
,7832,7832.T,7832_20260903_01,7.0,False,True,5514.0,-0.6347479143997137,3.22814653608996,-1.396445411679359,2.311688311688321,2026-09-24,,,,,,,,,,
,9101,9101.T,9101_20260904_02,7.0,True,False,7309.0,-0.7388151593925252,3.967711041182098,-1.0261321658229572,3.866666666666664,2026-09-24,,,,,,,,,,
,9101,9101.T,9101_20260904_02,7.0,True,False,7338.0,0.3679476696647699,3.556827473426005,-1.1310983919324058,3.1445783132530174,2026-09-25,,,,,,,,,,
,8604,8604.T,8604_20260818_01,7.0,True,False,1653.5,-4.082249773208346,0.3326277592984539,-6.289688539461746,0.0528846153846147,2026-09-25,,,,,,,,,,
,6701,6701.T,6701_20260914_01,7.0,False,True,4825.0,-0.2072538860103612,2.010362694300527,-2.8186528497409324,0.7132352941176503,2026-09-25,,,,,,,,,,
,8601,8601.T,8601_20260818_01,7.0,True,False,1848.5,-0.1622937516905565,0.4598322964565859,-2.59670002704896,0.1770833333333331,2026-09-25,,,,,,,,,,
,9432,9432.T,9432_20260903_02,7.0,False,True,176.7,-0.3395551196855528,1.924168706007712,-1.1318636399308413,1.7000004577629877,2026-09-25,,,,,,,,,,
,7832,7832.T,7832_20260903_01,7.0,False,True,5565.0,-0.2515723270440251,1.8867924528301885,-2.3000898472596565,0.8203125000000006,2026-09-25,,,,,,,,,,
,8750,8750.T,8750_20260911_03,7.0,False,True,1890.0,0.8994708994708889,2.989417989417986,-1.269841269841265,2.3541666666666723,2026-09-25,,,,,,,,,,
,8309,8309.T,8309_20260818_01,7.0,True,False,1782.0,1.0942760942761032,1.4590347923681302,-2.3569023569023573,0.6190476190476208,2026-09-25,,,,,,,,,,
,8725,8725.T,8725_20260818_01,7.0,True,True,5137.0,-2.082927778859256,3.6791901888261647,-3.659723574070473,1.0053191489361697,2026-09-25,,,,,,,,,,
,8601,8601.T,8601_20260818_01,7.0,True,False,1826.0,1.5060240963855387,1.6976998904709717,-1.3964950711938706,1.215686274509798,2026-09-28,,,,,,,,,,
,8750,8750.T,8750_20260911_03,7.0,False,True,1912.0,0.706066945606687,1.8043933054393333,-2.4058577405857706,0.7500000000000023,2026-09-28,,,,,,,,,,
,8725,8725.T,8725_20260818_01,7.0,True,False,5186.0,-2.37177015040494,2.699575780948704,-4.5699961434631735,0.5907172995780577,2026-09-28,,,,,,,,,,
,9104,9104.T,9104_20260904_02,7.0,False,True,7145.0,0.265920223932814,4.7025892232330335,-1.5535339398180523,3.0270270270270334,2026-09-28,,,,,,,,,,
,7832,7832.T,7832_20260903_01,7.0,False,True,5483.0,1.6779135509757517,3.41054167426591,-0.5836221046872203,5.843749999999942,2026-09-28,,,,,,,,,,
,9101,9101.T,9101_20260904_02,7.0,True,False,7388.0,-0.3248511099079643,2.8559826746074712,-1.8002165674066095,1.58646616541353,2026-09-28,,,,,,,,,,
,4689,4689.T,4689_20260903_02,7.0,False,True,566.0,-9.84099155601259,-1.042407140293733,-10.335689045936393,-0.1008551181891031,2026-09-28,,,,,,,,,,
,6701,6701.T,6701_20260914_01,7.0,False,True,4786.0,0.7939824488090164,2.841621395737559,-2.026744671959879,1.4020618556701014,2026-09-28,,,,,,,,,,
,8309,8309.T,8309_20260818_01,7.0,True,False,1795.0,0.6406685236768794,0.6685236768802172,-3.064066852367686,0.2181818181818164,2026-09-28,,,,,,,,,,
,8604,8604.T,8604_20260818_01,7.0,True,False,1646.0,-3.4629404617253945,-0.3037667071688954,-5.862697448359655,-0.0518134715025909,2026-09-28,,,,,,,,,,
,8750,8750.T,8750_20260911_03,7.0,False,True,1940.0,,,,,,,,,,,,,,,
,8628,8628.T,8628_20260917_01,7.0,True,False,1187.0,,,,,,,,,,,,,,,
,8725,8725.T,8725_20260818_01,7.0,True,False,5271.0,,,,,,,,,,,,,,,
,8331,8331.T,8331_20260818_01,7.0,False,True,2777.0,,,,,,,,,,,,,,,
,6701,6701.T,6701_20260914_01,7.0,False,True,4906.0,,,,,,,,,,,,,,,
,8601,8601.T,8601_20260818_01,7.0,True,False,1853.0,,,,,,,,,,,,,,,
,8309,8309.T,8309_20260818_01,7.0,True,False,1793.0,,,,,,,,,,,,,,,
,8604,8604.T,8604_20260818_01,7.0,True,False,1620.5,,,,,,,,,,,,,,,
,8604,8604.T,8604_20260818_01,7.0,True,False,1581.0,,,,,,,,,,,,,,,
,8309,8309.T,8309_20260818_01,7.0,True,False,1768.5,,,,,,,,,,,,,,,
,8628,8628.T,8628_20260917_01,7.0,True,False,1172.0,,,,,,,,,,,,,,,
,8601,8601.T,8601_20260818_01,7.0,True,False,1845.5,,,,,,,,,,,,,,,
,8725,8725.T,8725_20260818_01,7.0,True,False,5217.0,,,,,,,,,,,,,,,
,8309,8309.T,8309_20260818_01,7.0,True,False,1760.0,,,,,,,,,,,,,,,
,8601,8601.T,8601_20260818_01,7.0,True,False,1835.0,,,,,,,,,,,,,,,
,9503,9503.T,9503_20260911_02,7.0,True,False,2826.5,,,,,,,,,,,,,,,
,4689,4689.T,4689_20260903_02,7.0,True,False,521.8,,,,,,,,,,,,,,,
,8628,8628.T,8628_20260917_01,7.0,True,False,1161.0,,,,,,,,,,,,,,,
,8725,8725.T,8725_20260818_01,7.0,True,False,4957.0,,,,,,,,,,,,,,,
,9101,9101.T,9101_20260904_02,7.0,True,True,7288.0,,,,,,,,,,,,,,,
,8628,8628.T,8628_20260917_01,7.0,True,False,1146.0,,,,,,,,,,,,,,,
,8601,8601.T,8601_20260818_01,7.0,True,False,1809.5,,,,,,,,,,,,,,,
,8354,8354.T,8354_20260821_01,7.0,False,True,7808.0,,,,,,,,,,,,,,,
,8053,8053.T,8053_20260904_01,7.0,False,True,1777.5,,,,,,,,,,,,,,,
,6301,6301.T,6301_20260925_01,7.0,False,True,7477.0,,,,,,,,,,,,,,,
,8309,8309.T,8309_20260818_01,7.0,True,False,1775.0,,,,,,,,,,,,,,,
,8308,8308.T,8308_20260925_03,7.0,False,True,2487.5,,,,,,,,,,,,,,,
,6302,6302.T,6302_20260925_01,7.0,False,True,5949.0,,,,,,,,,,,,,,,
,5020,5020.T,5020_20260925_01,7.0,False,True,1438.5,,,,,,,,,,,,,,,
,8308,8308.T,8308_20260925_03,7.0,False,True,2560.0,,,,,,,,,,,,,,,
,6302,6302.T,6302_20260925_01,7.0,False,True,6005.0,,,,,,,,,,,,,,,
,8309,8309.T,8309_20260818_01,7.0,True,False,1807.0,,,,,,,,,,,,,,,
,8601,8601.T,8601_20260818_01,7.0,True,False,1854.0,,,,,,,,,,,,,,,
,8604,8604.T,8604_20260818_01,7.0,True,False,1588.5,,,,,,,,,,,,,,,
,8725,8725.T,8725_20260818_01,7.0,True,False,5064.0,,,,,,,,,,,,,,,
,8628,8628.T,8628_20260917_01,7.0,True,False,1157.0,,,,,,,,,,,,,,,
,8411,8411.T,8411_20260818_01,7.0,False,True,8754.0,,,,,,,,,,,,,,,
,6301,6301.T,6301_20260925_01,7.0,False,True,7716.0,,,,,,,,,,,,,,,
,8316,8316.T,8316_20260827_02,7.0,False,True,7022.0,,,,,,,,,,,,,,,
,4631,4631.T,4631_20260818_01,7.0,True,False,5495.0,-7.279344858962689,-1.273885350318471,-8.043676069153772,-0.1583710407239819,2026-08-25,-3.639672429481344,-1.273885350318471,-11.22838944494996,-0.1134521880064829,2026-09-01,-15.614194722474972,-1.273885350318471,-18.016378525932662,-0.0707070707070707,2026-09-15
,8604,8604.T,8604_20260818_01,7.0,True,False,1509.5,6.227227558794302,6.989069228221267,-0.8280887711162643,8.439999999999996,2026-08-26,6.558463067240816,9.4402119907254,-0.8280887711162643,11.399999999999984,2026-09-02,8.280887711162643,11.825107651540234,-0.8280887711162643,14.279999999999974,2026-09-16
,8331,8331.T,8331_20260818_01,7.0,True,False,2723.5,2.4512131104277524,3.504042727792167,-2.3409766323782666,1.4968294340607355,2026-08-26,1.6525097674178424,4.012300172732908,-2.3409766323782666,1.713942854977025,2026-09-02,-0.906955305099133,4.5750203550880775,-4.119901008337578,1.1104685151001104,2026-09-16
,2503,2503.T,2503_20260818_01,7.0,True,False,2998.5,2.6846756711689235,4.018676004669008,0.1834250458562669,21.90909090909029,2026-08-26,-0.8004002001000488,4.018676004669008,-0.9504752376188086,4.228070175438607,2026-09-02,-5.252626313156583,4.018676004669008,-8.137402034350504,0.4938524590163946,2026-09-16
,8725,8725.T,8725_20260818_01,7.0,True,False,4860.0,2.8559429655349744,3.220106414272128,-3.800156404890842,0.8473615481004457,2026-08-26,3.887743537808652,5.688326809451016,-3.800156404890842,1.4968664979499473,2026-09-02,4.292363924254117,7.529375927539572,-3.800156404890842,1.981333167721514,2026-09-16
,8309,8309.T,8309_20260818_01,7.0,True,False,1688.5,2.3111882773171555,3.070997159125266,-2.0723264855606494,1.4819079814513083,2026-08-26,3.7431305175636753,6.519358765466654,-2.0723264855606494,3.1459129682951,2026-09-02,3.8015811232232855,6.519358765466654,-2.0723264855606494,3.1459129682951,2026-09-16
,5019,5019.T,5019_20260818_01,7.0,False,True,1337.0,0.4375997014070654,3.3600976679970085,-1.5230626375287717,2.206145423834241,2026-08-26,8.1692612162257,11.054761344428709,-1.5230626375287717,7.258244718264175,2026-09-02,23.55859338479338,26.40710121741483,-1.5230626375287717,17.338158370335563,2026-09-16
,9503,9503.T,9503_20260820_01,7.0,False,True,2557.5,0.388543957722387,1.6987947927083358,-2.7136781021994683,0.6260119029340445,2026-08-27,16.61255956744867,17.653054976675755,-2.7136781021994683,6.505213334760576,2026-09-03,14.820600791177906,17.653054976675755,-2.7136781021994683,6.505213334760576,2026-09-17
,5101,5101.T,5101_20260818_01,7.0,True,False,7562.0,-1.5075376884422065,2.618354932557532,-2.36709865115049,1.1061452513966508,2026-08-27,-7.061623909018778,2.618354932557532,-9.151018249140442,0.2861271676300585,2026-09-03,-9.045226130653262,2.618354932557532,-13.27691087014018,0.1972111553784865,2026-09-17
,5019,5019.T,5019_20260818_01,7.0,False,True,1349.5,0.4235509679511029,2.4027051368002983,-1.7755010428560205,1.353254703210636,2026-08-27,9.183124826324573,10.429256496044292,-1.7755010428560205,5.873979369377383,2026-09-03,22.63401592603742,25.236231439558065,-1.7755010428560205,14.213583000190066,2026-09-17
,7269,7269.T,7269_20260818_01,7.0,True,True,2087.0,0.963249992513182,2.8084077946256336,-2.041040735866384,1.37596851707789,2026-08-27,-0.2431930739398624,8.249254787184302,-2.041040735866384,4.041690419119757,2026-09-03,-3.152870869145308,8.249254787184302,-7.694797752681848,1.0720560893636495,2026-09-17
,8309,8309.T,8309_20260818_01,7.0,True,False,1690.5,2.803111309061679,3.562021273296656,-1.6627834941866817,2.1422038922986486,2026-08-27,4.32092801454822,6.3933376370839845,-1.6627834941866817,3.84496097022611,2026-09-03,4.466870817620516,6.3933376370839845,-1.6627834941866817,3.84496097022611,2026-09-17
,8601,8601.T,8601_20260818_01,7.0,True,False,1757.0,3.7564029595902095,4.524758110415483,-0.8252703471826939,5.482758620689684,2026-08-27,5.634604439385327,6.659077973819016,-0.8252703471826939,8.068965517241425,2026-09-03,4.154809334092202,8.025042686397278,-0.8252703471826939,9.72413793103454,2026-09-17
,4021,4021.T,4021_20260818_01,7.0,False,True,8162.0,-2.1750530756095343,0.3152142742164132,-4.981152547633583,0.0632813934530399,2026-08-27,-2.89175925784122,1.6757568548547486,-4.981152547633583,0.3364195010752797,2026-09-03,-0.4257893860267092,1.6757568548547486,-6.414578596229803,0.2612419241132507,2026-09-17
,4503,4503.T,4503_20260820_01,7.0,False,True,2418.0,-2.796884289056034,-0.1950420784535889,-3.528655823539595,-0.0552737609467228,2026-08-27,-1.7398906799265923,-0.1950420784535889,-5.256438248154538,-0.0371053685491436,2026-09-03,-3.853877898185487,-0.1950420784535889,-11.273190016683,-0.0173014096422529,2026-09-17
,8604,8604.T,8604_20260818_01,7.0,True,False,1521.0,5.950032873109801,6.804733727810652,-1.4792899408283988,4.600000000000012,2026-08-27,7.297830374753443,9.434582511505596,-1.4792899408283988,6.377777777777798,2026-09-03,4.569362261669951,10.97961867192636,-1.4792899408283988,7.422222222222238,2026-09-17
,8601,8601.T,8601_20260818_01,7.0,True,False,1779.0,4.721753794266448,5.340078695896566,-0.6464305789769531,8.260869565217387,2026-08-28,4.946599213041036,6.68915120854412,-0.6464305789769531,10.347826086956516,2026-09-04,3.7380550871275897,6.68915120854412,-0.6464305789769531,10.347826086956516,2026-09-18
,7269,7269.T,7269_20260818_01,7.0,False,True,2103.5,1.8611558860232915,2.001977760520113,-2.269627310275834,0.8820733481026038,2026-08-28,-2.9737337881804105,7.400140119255361,-3.4196696996522613,2.1639926569539347,2026-09-04,-4.8044170708788965,7.400140119255361,-8.41884616584122,0.8789969520147338,2026-09-18
,8604,8604.T,8604_20260818_01,7.0,True,False,1535.0,6.970684039087938,7.622149837133539,-1.140065146579805,6.685714285714274,2026-08-28,8.729641693811075,9.348534201954406,-1.140065146579805,8.200000000000005,2026-09-04,2.9967426710097778,9.967426710097715,-1.140065146579805,8.742857142857135,2026-09-18
,8331,8331.T,8331_20260818_01,7.0,True,False,2753.5,1.0656625232658534,2.3763429704528827,-2.3636396212616706,1.0053744864813323,2026-08-28,2.735430120187932,3.0765630478808426,-2.3636396212616706,1.301621034021517,2026-09-04,-1.717274605048125,3.435652056321903,-5.164536188925883,0.6652392258745016,2026-09-18
,8309,8309.T,8309_20260818_01,7.0,True,False,1715.5,2.944473982621676,3.433453043170598,-2.3480062881254598,1.4622844327694324,2026-08-28,3.606037438975518,4.842866380350031,-2.3480062881254598,2.062544042084467,2026-09-04,1.7364083904109595,4.842866380350031,-2.3480062881254598,2.062544042084467,2026-09-18
,8725,8725.T,8725_20260818_01,7.0,True,True,4945.0,1.6844468844792626,2.1020013202583288,-3.3858490724082424,0.6208195567214828,2026-08-28,4.189778974974723,5.681044895418053,-3.3858490724082424,1.6778789526425386,2026-09-04,3.732453472573316,5.899759861016962,-3.3858490724082424,1.7424757379455955,2026-09-18
,7269,7269.T,7269_20260818_01,7.0,True,False,2126.5,3.406109014960035,4.032953411772766,-1.701507443117556,2.3702237848477825,2026-08-31,-4.580354813881382,6.238511516977963,-5.207199198315737,1.1980550924565747,2026-09-07,-7.552062285078176,6.238511516977963,-9.409378278790037,0.6630099600778491,2026-09-24
,8604,8604.T,8604_20260818_01,7.0,True,False,1539.0,6.270305393112419,7.342430149447687,0.5198180636777128,14.12499999999999,2026-08-31,7.602339181286544,9.064327485380108,0.5198180636777128,17.437499999999982,2026-09-07,0.6822612085769952,9.681611435997397,0.5198180636777128,18.62499999999999,2026-09-24
,8725,8725.T,8725_20260818_01,7.0,True,False,4927.0,1.9162487156231036,2.475014517693808,-0.7778391007126739,3.181910648906879,2026-08-31,2.7544037478435257,6.06713355141919,-0.7778391007126739,7.79998530012228,2026-09-07,-0.8177496923838068,6.286647556876157,-1.9153406632458456,3.2822607891707603,2026-09-24
,8309,8309.T,8309_20260818_01,7.0,True,False,1702.0,3.0362228949397663,4.253871148977173,-1.4284828231564406,2.97789450458888,2026-08-31,3.326143473211673,5.674463734130697,-1.4284828231564406,3.972370995397861,2026-09-07,2.050508707586673,5.674463734130697,-1.4284828231564406,3.972370995397861,2026-09-24
,8601,8601.T,8601_20260818_01,7.0,True,False,1786.5,3.1905961376994085,4.897844948222785,0.2518891687657509,19.44444444444385,2026-08-31,4.478029666946548,6.241253848306738,0.2518891687657509,24.777777777776976,2026-09-07,0.7836551917156376,6.241253848306738,0.1679261125104858,37.16666666666874,2026-09-24
,9503,9503.T,9503_20260820_01,7.0,False,True,2582.0,7.280156189484899,7.432840987477407,-2.148124839229604,3.4601531771976046,2026-08-31,13.196689596848366,16.536672386850594,-2.148124839229604,7.698189641893089,2026-09-07,5.562453857232774,16.536672386850594,-2.148124839229604,7.698189641893089,2026-09-24
,4503,4503.T,4503_20260820_01,7.0,False,True,2406.5,-3.1289159892478717,0.2818982980674178,-4.803684888442827,0.0586837614485571,2026-08-31,-5.927001902399754,0.2818982980674178,-6.15166603159506,0.04582470774902,2026-09-07,-3.6395163489507554,0.2818982980674178,-10.849189054784746,0.0259833519946907,2026-09-24
,8601,8601.T,8601_20260818_01,7.0,True,False,1813.5,2.591673559415497,3.3360904328646246,-1.2406947890818865,2.688888888888886,2026-09-01,1.1579818031431044,4.659498207885315,-1.2406947890818865,3.755555555555562,2026-09-08,1.7645437000275654,4.659498207885315,-1.3234077750206796,3.520833333333338,2026-09-25
,4503,4503.T,4503_20260820_01,7.0,False,True,2415.0,-1.7195890754399534,-0.0710607642653404,-5.138744382624294,-0.0138284294711406,2026-09-01,-7.17395348084886,-0.0710607642653404,-7.580996000117224,-0.0093735393428833,2026-09-08,-2.3505030408902727,-0.0710607642653404,-11.162970376952174,-0.0063657576671579,2026-09-25
,7269,7269.T,7269_20260818_01,7.0,True,False,2119.0,5.076823070286696,6.614532676193319,-0.8177277282574336,8.088918166305545,2026-09-01,-7.737420132948913,6.614532676193319,-7.737420132948913,0.854875728930124,2026-09-08,-7.29474674817131,6.614532676193319,-9.088741344901852,0.7277721331462039,2026-09-25
,8309,8309.T,8309_20260818_01,7.0,True,False,1734.0,2.984429065743943,3.72430062023672,-0.828753442206287,4.493858402955141,2026-09-01,-0.0319677790693528,3.72430062023672,-0.828753442206287,4.493858402955141,2026-09-08,2.529122287701835,3.72430062023672,-2.33695248337088,1.5936569728044678,2026-09-25
,8725,8725.T,8725_20260818_01,7.0,True,False,5072.0,0.5534848956279648,1.2707547898130669,-2.6645414129816136,0.4769131317013744,2026-09-01,-1.5595541391462908,3.0348515394010844,-2.6645414129816136,1.1389770579715237,2026-09-08,-2.490070716063686,3.248090006452853,-4.719417083559208,0.6882396594630422,2026-09-25
,9503,9503.T,9503_20260820_01,7.0,False,True,2591.5,12.382409288780629,12.439456197049047,-2.5068332374651114,4.962219269769903,2026-09-01,11.792920138553932,16.109468687188212,-2.5068332374651114,6.42622271255585,2026-09-08,4.966309253207601,16.109468687188212,-2.5068332374651114,6.42622271255585,2026-09-25
,2503,2503.T,2503_20260818_01,7.0,False,True,3084.0,-0.745784695201035,1.1348897535667923,-2.075226977950717,0.5468749999999971,2026-09-01,-7.70103761348897,1.1348897535667923,-7.8793774319066205,0.1440329218106989,2026-09-08,-7.020103761348895,1.1348897535667923,-10.684176394293122,0.1062215477996961,2026-09-25
,8604,8604.T,8604_20260818_01,7.0,True,False,1571.5,4.39070951320395,5.122494432071267,0.1590836780146265,32.20000000000184,2026-09-01,4.899777282850781,7.031498568246897,0.1590836780146265,44.20000000000254,2026-09-08,0.922685332484896,7.413299395482031,-1.3999363665287978,5.295454545454537,2026-09-25
,8604,8604.T,8604_20260818_01,7.0,True,True,1620.0,0.7407407407407307,2.746913580246924,-1.4197530864197505,1.9347826086956628,2026-09-03,2.839506172839501,3.827160493827164,-1.4197530864197505,2.695652173913051,2026-09-10,-5.339506172839503,4.197530864197541,-5.432098765432103,0.7727272727272738,2026-09-29
,8750,8750.T,8750_20260827_02,7.0,True,False,1817.0,1.7397606051355208,2.225907589710108,-2.2034353733723533,1.010198718151357,2026-09-03,-0.9880641166758352,3.5493045932507794,-3.6888842338793193,0.9621620978650895,2026-09-10,3.384700055035772,5.250819129681528,-3.6888842338793193,1.4234166205209535,2026-09-29
,2914,2914.T,2914_20260821_01,7.0,False,True,7014.0,-0.9409751924721932,1.3544339891645274,-1.6110635871114942,0.840707964601768,2026-09-03,-5.702879954376961,1.3544339891645274,-6.102081551183347,0.2219626168224298,2026-09-10,-1.9104647847162812,1.3544339891645274,-7.328200741374391,0.1848249027237354,2026-09-29
,8411,8411.T,8411_20260818_01,7.0,False,True,8326.0,3.970443208773711,5.911478856812891,-1.2810639930131096,4.614507073068907,2026-09-03,2.4819184632476565,5.911478856812891,-1.2810639930131096,4.614507073068907,2026-09-10,2.3060293057890924,5.911478856812891,-1.4239625809571166,4.151428510740423,2026-09-29
,8309,8309.T,8309_20260818_01,7.0,True,False,1756.5,0.4010980976907108,2.3956375038374444,-1.8743622448579969,1.2781080660419193,2026-09-03,-1.2563338959756587,2.3956375038374444,-3.110411268056912,0.7701995965742531,2026-09-10,0.0,2.3956375038374444,-3.5879735873413643,0.6676853788136653,2026-09-29
,8725,8725.T,8725_20260818_01,7.0,True,False,5042.0,1.6198018674385084,2.458345617256197,-2.085393503895827,1.1788401626185367,2026-09-03,-3.196944494372278,3.6479109495918927,-4.152494397630879,0.878486663744359,2026-09-10,-2.459341531138437,3.86241818975186,-4.15249572546853,0.9301438087130264,2026-09-29
,8308,8308.T,8308_20260827_01,7.0,False,True,2430.0,4.179777922453698,6.263373480902779,-0.2121070637041033,29.52930171925061,2026-09-03,1.6672092013888973,6.263373480902779,-1.7237405127824013,3.633594171777434,2026-09-10,2.4485596707819024,6.263373480902779,-1.7237405127824013,3.633594171777434,2026-09-29
,9503,9503.T,9503_20260820_01,7.0,False,True,2590.5,15.127049254487556,16.154289945125733,-2.469198353557556,6.542321689892211,2026-09-03,12.501875467453203,16.154289945125733,-2.469198353557556,6.542321689892211,2026-09-10,3.088206909862956,16.154289945125733,-2.469198353557556,6.542321689892211,2026-09-29
,8601,8601.T,8601_20260818_01,7.0,True,False,1827.5,1.559507523939807,2.5444596443228384,-0.5198358413132653,4.894736842105289,2026-09-03,0.5198358413132764,3.857729138166888,-2.0519835841313228,1.8800000000000003,2026-09-10,-1.942544459644324,3.857729138166888,-2.298221614227092,1.6785714285714215,2026-09-29
,9432,9432.T,9432_20260827_01,7.0,False,True,167.6,1.7441396781538998,3.3889659288289358,-1.7217383260190733,1.9683397166773604,2026-09-03,2.91901181022991,3.3889659288289358,-1.7217383260190733,1.9683397166773604,2026-09-10,1.968970105300949,5.797460136296717,-1.7217383260190733,3.367213268523415,2026-09-29
,8354,8354.T,8354_20260821_01,7.0,False,True,7733.0,1.2398731996799528,2.362917299209988,-1.7208828942696377,1.3730843086872784,2026-09-03,-0.8658357445364029,2.375678908573642,-3.265065556709923,0.7276052708012145,2026-09-10,0.1293159187895964,2.860629768524503,-3.265065556709923,0.8761324141396555,2026-09-29
,9766,9766.T,9766_20260824_01,7.0,False,True,22185.0,-3.5967785102546723,0.573223563342018,-4.448715135059123,0.1288514876631677,2026-09-04,-7.049359434865899,0.573223563342018,-9.380972897627938,0.0611049162594812,2026-09-11,,,,,
,6178,6178.T,6178_20260828_01,7.0,False,True,2425.5,2.3847169075963626,6.072604223073963,-2.036672214404289,2.981630612980181,2026-09-04,0.6120878749227066,6.072604223073963,-2.933174030755026,2.0703184193645745,2026-09-11,,,,,
,8354,8354.T,8354_20260821_01,7.0,False,True,7861.0,-0.5090398804223351,0.70870436331254,-3.007296984736973,0.2356615814498697,2026-09-04,-1.7393396792710902,0.70870436331254,-4.840192335585536,0.1464207027687889,2026-09-11,,,,,
,8309,8309.T,8309_20260818_01,7.0,True,False,1787.0,-0.5393636113248501,0.6479783298771524,-3.5491422960789443,0.1825732179273376,2026-09-04,-2.417019511576668,0.6479783298771524,-5.233506214977679,0.1238134251226672,2026-09-11,,,,,
,8015,8015.T,8015_20260828_01,7.0,False,True,7583.0,-0.7735874035671886,1.6586867988567011,-4.016624504295329,0.4129554049881739,2026-09-04,-1.231276220245947,1.9725294304740792,-5.02353491164389,0.3926576534587262,2026-09-11,,,,,
,8411,8411.T,8411_20260818_01,7.0,True,True,8449.0,2.9614497647650677,4.369626341794786,-2.3074912147949767,1.8936697629780717,2026-09-04,1.5532764602319782,4.369626341794786,-2.3074912147949767,1.8936697629780717,2026-09-11,,,,,
,8316,8316.T,8316_20260827_02,7.0,False,True,6881.0,-49.85753910223805,-49.1637707600129,-52.03087708905334,-0.9448960600042692,2026-09-04,-51.07517317273107,-49.1637707600129,-52.19369764657111,-0.9419484147861048,2026-09-11,,,,,
,8725,8725.T,8725_20260818_01,7.0,True,False,5115.0,0.726971071603133,2.1686739018264456,-2.73311376792027,0.7934810205418825,2026-09-04,-2.1372113269794712,2.1686739018264456,-5.5204073211754245,0.3928467186665283,2026-09-11,,,,,
,8308,8308.T,8308_20260827_01,7.0,False,True,2520.0,0.4590715680803603,2.4682529994419555,-2.377412151398539,1.0382099704462175,2026-09-04,-0.6440080915178559,2.4682529994419555,-5.233606923040179,0.4716160452509028,2026-09-11,,,,,
,8331,8331.T,8331_20260818_01,7.0,False,True,2822.0,0.2416749950168384,0.5745274104677289,-2.9467172507300687,0.1949720185489075,2026-09-04,-4.383249911410347,0.924900048576327,-7.466530969598661,0.1238727934488219,2026-09-11,,,,,
,8601,8601.T,8601_20260818_01,7.0,True,False,1869.5,-0.1337255950788929,1.5244717838994282,-2.754747258625301,0.5533980582524235,2026-09-04,-1.4709815458678777,1.5244717838994282,-4.2792190425247405,0.3562499999999975,2026-09-11,,,,,
,8604,8604.T,8604_20260818_01,7.0,True,False,1642.5,1.6133942161339343,2.191780821917799,-2.7701674277016752,0.7912087912087877,2026-09-04,1.3394216133942205,2.404870624048705,-2.7701674277016752,0.8681318681318674,2026-09-11,,,,,
,8601,8601.T,8601_20260818_01,7.0,True,False,1844.0,1.2201735357917576,2.9284164859002093,-1.4099783080260275,2.076923076923076,2026-09-07,1.572668112798259,2.9284164859002093,-2.955531453362259,0.9908256880733908,2026-09-14,,,,,
,8725,8725.T,8725_20260818_01,7.0,True,True,5071.0,-0.1634890030319469,3.055169987742512,-1.4819699665012398,2.0615599889351444,2026-09-07,0.9611081240139984,3.055169987742512,-4.700627775155253,0.6499493544012014,2026-09-14,,,,,
,8308,8308.T,8308_20260827_01,7.0,False,True,2516.0,0.322845895642887,2.6311596019847894,-2.2222093090319195,1.1840287012077293,2026-09-07,0.441228869609489,2.6311596019847894,-5.082944930866951,0.5176447193056677,2026-09-14,,,,,
,8354,8354.T,8354_20260821_01,7.0,False,True,7815.0,-0.6684735884516901,1.3014875239923065,-2.057549095937705,0.6325426336420749,2026-09-07,-1.0346876499520152,1.3014875239923065,-4.280070627004207,0.3040808522599706,2026-09-14,,,,,
,8604,8604.T,8604_20260818_01,7.0,True,False,1630.0,1.595092024539868,2.9754601226993804,-2.024539877300613,1.469696969696967,2026-09-07,2.7607361963190247,3.5582822085889587,-2.024539877300613,1.757575757575759,2026-09-14,,,,,
,9101,9101.T,9101_20260827_01,7.0,True,False,6941.0,5.144462590945098,5.7821311646098605,-0.9063027026951054,6.379911642561946,2026-09-07,3.9683175042321,5.7821311646098605,-0.9063027026951054,6.379911642561946,2026-09-14,,,,,
,7269,7269.T,7269_20260818_01,7.0,False,True,2202.0,-7.852009315040309,2.595910418189673,-8.457361078664128,0.3069409469507605,2026-09-07,-8.30041537167916,2.595910418189673,-12.5154599953892,0.2074163010505429,2026-09-14,,,,,
,8309,8309.T,8309_20260818_01,7.0,True,False,1767.5,-0.5029158747347995,1.7583803538842702,-2.4850451389494044,0.7075848749482497,2026-09-07,0.4183541261492118,1.7583803538842702,-4.187991856387619,0.4198624100002365,2026-09-14,,,,,
,8316,8316.T,8316_20260827_02,7.0,False,True,6872.0,-50.55034313268517,-49.0971924621142,-51.337173337924845,-0.9563672728713352,2026-09-07,-50.16756246475735,-49.0971924621142,-52.13108752998483,-0.9418025747856192,2026-09-14,,,,,
,8411,8411.T,8411_20260818_01,7.0,True,True,8621.0,-1.1053813000232005,2.2873185201048862,-2.1749474750549225,1.0516660960040547,2026-09-08,-1.1168902607006093,2.2873185201048862,-3.371031457400997,0.6785218557018055,2026-09-15,,,,,
,6178,6178.T,6178_20260828_01,7.0,False,True,2512.0,-3.7967851966809296,2.4200244996281484,-3.875479032920859,0.6244452567207497,2026-09-08,-2.3999742641570454,2.4200244996281484,-6.275642361304268,0.3856217993794653,2026-09-15,,,,,
,8308,8308.T,8308_20260827_01,7.0,False,True,2517.5,-1.7678205685203618,2.570008960712511,-2.3199082891308453,1.1078062752538231,2026-09-08,-2.8719956398957303,2.570008960712511,-5.1394992834404185,0.5000504560810305,2026-09-15,,,,,
,8309,8309.T,8309_20260818_01,7.0,True,False,1796.5,-3.509842543226416,-0.3237193155369855,-4.05918022994326,-0.0797499241716376,2026-09-08,-2.6034509375869708,-0.3237193155369855,-5.734637131180131,-0.0564498342496462,2026-09-15,,,,,
,8316,8316.T,8316_20260827_02,7.0,False,True,6971.0,-51.58803127465572,-49.82009849370949,-52.36368493061894,-0.9514246096263153,2026-09-08,-52.18898634745732,-49.82009849370949,-52.81090711606022,-0.9433675960956708,2026-09-15,,,,,
,8306,8306.T,8306_20260818_01,7.0,False,True,3686.0,-2.093370078506507,1.6290104313564369,-2.869981749109174,0.5676030629330909,2026-09-08,-1.7720131918068316,1.6290104313564369,-4.262525600028577,0.3821702399501168,2026-09-15,,,,,
,8601,8601.T,8601_20260818_01,7.0,True,False,1855.0,-1.1051212938005373,2.3180592991913773,-1.99460916442048,1.1621621621621665,2026-09-08,-0.9973045822102456,2.3180592991913773,-3.5309973045822063,0.6564885496183221,2026-09-15,,,,,
,8604,8604.T,8604_20260818_01,7.0,True,False,1637.0,0.7025045815516107,2.748930971288943,-2.443494196701279,1.1250000000000018,2026-09-08,0.4581551618815016,3.11545510079414,-2.443494196701279,1.2750000000000037,2026-09-15,,,,,
,8331,8331.T,8331_20260818_01,7.0,False,True,2842.0,-4.273337163529201,0.2146614838432148,-4.273337163529201,0.0502327515074736,2026-09-08,-5.438829458238037,0.2146614838432148,-8.117716536315067,0.0264435796548098,2026-09-15,,,,,
,7203,7203.T,7203_20260901_01,7.0,False,True,3230.0,-9.634628059694272,-2.891855412450628,-9.634628059694272,-0.3001522627062775,2026-09-08,-8.03645934113777,-2.891855412450628,-10.517433608438632,-0.2749582759553011,2026-09-15,,,,,
,4021,4021.T,4021_20260831_02,7.0,False,True,8325.0,-6.841585726351351,-2.351590490180744,-7.008322852384463,-0.3355425455864458,2026-09-08,-5.150396490240238,-2.351590490180744,-8.24694180209341,-0.285146972855297,2026-09-15,,,,,
,8015,8015.T,8015_20260828_01,7.0,False,True,7620.0,-2.6348027907644345,1.4773872272027422,-3.467650039110126,0.4260485373494816,2026-09-08,-4.625830462598424,1.4773872272027422,-5.575798313086944,0.2649642516184938,2026-09-15,,,,,
,8354,8354.T,8354_20260821_01,7.0,False,True,7941.0,-3.934719237973805,-0.3058651303362358,-3.934719237973805,-0.0777349314747402,2026-09-08,-3.872584972374382,-0.3058651303362358,-5.798860590610488,-0.052745729192299,2026-09-15,,,,,
,8725,8725.T,8725_20260818_01,7.0,True,False,5183.0,-3.66777128955238,0.8282398240097022,-3.857476348060551,0.2147102792804217,2026-09-08,-2.150133248118846,0.8282398240097022,-6.759962077525039,0.1225213713496064,2026-09-15,,,,,
,4578,4578.T,4578_20260818_01,7.0,False,True,12335.0,-5.350628293473858,0.4053506282934771,-5.7559789217673245,0.0704225352112682,2026-09-09,-11.593027969193349,0.4053506282934771,-12.890149979732469,0.0314465408805034,2026-09-16,,,,,
,8604,8604.T,8604_20260818_01,7.0,True,False,1623.5,-0.4619648906683093,3.6033261472128153,-0.6159531875577495,5.849999999999969,2026-09-09,0.6775485063135189,3.972898059747454,-0.6159531875577495,6.44999999999995,2026-09-16,,,,,
,7269,7269.T,7269_20260818_01,7.0,True,False,2215.5,-11.33268714031821,-3.71161566785837,-13.048541146399018,-0.2844467918839078,2026-09-09,-9.683682788873847,-3.71161566785837,-13.048541146399018,-0.2844467918839078,2026-09-16,,,,,
,8725,8725.T,8725_20260818_01,7.0,True,False,5180.0,-6.098557402268345,0.8866345574985113,-6.421242772019986,0.1380783423050044,2026-09-09,-2.150407592302128,0.8866345574985113,-6.70596205556222,0.1322158625641339,2026-09-16,,,,,
,8309,8309.T,8309_20260818_01,7.0,True,False,1787.5,-4.487079326923082,0.1781472725246535,-4.514684217291021,0.0394595200794682,2026-09-09,-1.947429523601396,0.1781472725246535,-5.260014325127338,0.0338682105243773,2026-09-16,,,,,
,7203,7203.T,7203_20260901_01,7.0,False,True,3183.0,-8.223075039762017,-1.7050909350478929,-9.196139037152616,-0.1854137837802675,2026-09-09,-6.832984495267825,-1.7050909350478929,-9.196139037152616,-0.1854137837802675,2026-09-16,,,,,
,8316,8316.T,8316_20260827_02,7.0,False,True,6990.0,-52.60466961731045,-49.956495937002686,-52.60466961731045,-0.9496589618455404,2026-09-09,-52.31894475366595,-49.956495937002686,-52.93917503663173,-0.9436583759084808,2026-09-16,,,,,
,6178,6178.T,6178_20260828_01,7.0,False,True,2551.0,-7.011094760633085,0.854214638598938,-7.011094760633085,0.1218375542996946,2026-09-09,-2.884716241792429,0.854214638598938,-7.7085118038401905,0.1108144685169178,2026-09-16,,,,,
,8601,8601.T,8601_20260818_01,7.0,True,False,1842.0,-2.442996742671011,3.040173724212813,-2.8230184581976125,1.0769230769230769,2026-09-09,-0.5971769815418027,3.040173724212813,-2.8501628664495127,1.0666666666666669,2026-09-16,,,,,
,2914,2914.T,2914_20260821_01,7.0,False,True,7055.0,-6.307583274273565,-0.5953224663359347,-6.3784549964564174,-0.0933333333333337,2026-09-09,-3.99716513111269,-0.5953224663359347,-7.866761162296243,-0.075675675675676,2026-09-16,,,,,
,8591,8591.T,8591_20260901_02,7.0,False,True,6386.0,-7.365263124412779,1.2812670323442354,-7.565271690993514,0.1693616679847187,2026-09-09,-5.072856823030847,1.2812670323442354,-8.472998277228038,0.1512176670432895,2026-09-16,,,,,
,8015,8015.T,8015_20260828_01,7.0,False,True,7673.0,-3.979349005848432,0.7764486734373799,-5.866162229757377,0.1323605865345278,2026-09-10,-2.622394221213997,0.7764486734373799,-6.228018134461422,0.1246702653515193,2026-09-17,,,,,
,8601,8601.T,8601_20260818_01,7.0,True,True,1856.0,-1.0237068965517238,2.2629310344827624,-3.5560344827586188,0.6363636363636378,2026-09-10,-1.4008620689655138,2.2629310344827624,-3.5829741379310387,0.6315789473684214,2026-09-17,,,,,
,8750,8750.T,8750_20260827_02,7.0,True,False,1883.5,-4.4838399256702965,-0.1066703233678523,-7.089303240222311,-0.0150466582897231,2026-09-10,0.6228599619226172,1.3523887239458745,-7.089303240222311,0.1907646884496177,2026-09-17,,,,,
,6178,6178.T,6178_20260828_01,7.0,False,True,2552.0,-5.788801904756069,0.8146949620164268,-7.415470073307063,0.1098642370561275,2026-09-10,-1.6446678616036436,0.8146949620164268,-7.744676180092602,0.1051941931556246,2026-09-17,,,,,
,8308,8308.T,8308_20260827_01,7.0,False,True,2550.0,-3.117130055147055,1.0875486501984444,-6.348505665122062,0.1713078175504052,2026-09-10,-3.486988740808828,1.0875486501984444,-6.348505665122062,0.1713078175504052,2026-09-17,,,,,
,8354,8354.T,8354_20260821_01,7.0,False,True,7933.0,-3.3651213680196634,-0.2053290054204071,-5.703863853528035,-0.035998230443983,2026-09-10,-3.0914364344352685,-0.2053290054204071,-5.703863853528035,-0.035998230443983,2026-09-17,,,,,
,8725,8725.T,8725_20260818_01,7.0,True,True,5211.0,-6.336402636849936,0.2864645956327516,-7.2609627236336465,0.0394527015956631,2026-09-10,-0.7513122031519881,0.2864645956327516,-7.260964008407655,0.0394526946147986,2026-09-17,,,,,
,8306,8306.T,8306_20260818_01,7.0,False,True,3754.0,-3.709084008307806,-0.2118986547736234,-5.865243241327677,-0.0361278545586213,2026-09-10,-3.9720261928942513,-0.2118986547736234,-5.996715333432434,-0.0353357868418836,2026-09-17,,,,,
,8316,8316.T,8316_20260827_02,7.0,False,True,7089.0,-52.57940476662788,-50.65536840169964,-53.47957836111733,-0.9471908708713558,2026-09-10,-52.73745043487269,-50.65536840169964,-53.59639349782138,-0.9451264366091856,2026-09-17,,,,,
,8411,8411.T,8411_20260818_01,7.0,False,True,8731.0,-2.271852808956587,0.5443978906723324,-4.588439147205814,0.1186455509612348,2026-09-10,-2.919128858378195,0.5443978906723324,-4.588439147205814,0.1186455509612348,2026-09-17,,,,,
,8604,8604.T,8604_20260818_01,7.0,True,True,1632.0,2.083333333333326,3.0637254901960675,-1.1335784313725503,2.7027027027026893,2026-09-10,-2.5428921568627416,3.431372549019618,-3.2475490196078427,1.056603773584909,2026-09-17,,,,,
,8309,8309.T,8309_20260818_01,7.0,True,False,1787.0,-2.9416622765983447,0.206176972377059,-4.764094791461648,0.0432772607183583,2026-09-10,-1.174457125244821,0.206176972377059,-5.233506214977679,0.0393955722813521,2026-09-17,,,,,
,8309,8309.T,8309_20260818_01,7.0,True,False,1801.0,-3.175576827977511,-0.9289446023993064,-5.970169686932325,-0.1555976883592783,2026-09-11,-3.0933877880344296,-0.9289446023993064,-5.970169686932325,-0.1555976883592783,2026-09-18,,,,,
,8411,8411.T,8411_20260818_01,7.0,False,True,8774.0,-2.2083846805903806,0.0516455417665984,-5.056036265586272,0.010214630404873,2026-09-11,-4.005119440249604,0.0516455417665984,-5.7227441424370085,0.009024611354476,2026-09-18,,,,,
,8601,8601.T,8601_20260818_01,7.0,True,False,1867.0,-1.339046598821636,0.5356186395286455,-4.151044456347086,0.1290322580645135,2026-09-11,-1.1515800749866134,0.5356186395286455,-4.151044456347086,0.1290322580645135,2026-09-18,,,,,
,8725,8725.T,8725_20260818_01,7.0,True,True,5240.0,-4.471724415553435,-1.506992308694588,-7.774214398437462,-0.1938449638072083,2026-09-11,-2.1074461026956093,-0.0621541006242676,-7.774214398437462,-0.0079949043644538,2026-09-18,,,,,
,8306,8306.T,8306_20260818_01,7.0,False,True,3785.0,-4.523806452278734,-1.0291856142721767,-6.766623345232592,-0.1520973699529599,2026-09-11,-5.593052086773442,-1.0291856142721767,-6.766623345232592,-0.1520973699529599,2026-09-18,,,,,
,8316,8316.T,8316_20260827_02,7.0,False,True,7083.0,-52.47045977715128,-51.2119001925122,-53.55708506368146,-0.956211491563054,2026-09-11,-53.02752988008259,-51.2119001925122,-53.88032435956571,-0.9504749795259952,2026-09-18,,,,,
,6178,6178.T,6178_20260828_01,7.0,False,True,2512.5,-2.8717933768656723,-0.3934308390217578,-6.294293974764709,-0.0625059523115878,2026-09-11,-0.5704582555970172,0.4326884563643274,-6.294293974764709,0.0687429691239519,2026-09-18,,,,,
,8354,8354.T,8354_20260821_01,7.0,False,True,7925.0,-2.532864254731859,-0.5777912978108812,-5.608675324925915,-0.1030174264577372,2026-09-11,-3.541533172318612,-0.5777912978108812,-5.608675324925915,-0.1030174264577372,2026-09-18,,,,,
,8750,8750.T,8750_20260827_02,7.0,True,False,1877.5,-1.564808120422767,-0.9375003097727652,-6.7923849017090365,-0.1380222592416516,2026-09-11,0.0295959553928026,1.7546948143047247,-6.7923849017090365,0.2583326533605634,2026-09-18,,,,,
,8053,8053.T,8053_20260904_01,7.0,False,True,1820.0,-1.0099104996565966,2.738890573143471,-3.943755084189271,0.6944879980310726,2026-09-11,-2.4224987658825525,2.738890573143471,-4.2425721556275775,0.6455731270263626,2026-09-18,,,,,
,8604,8604.T,8604_20260818_01,7.0,True,True,1669.0,-0.2696225284601561,0.7789095266626633,-3.325344517675255,0.2342342342342315,2026-09-11,-5.272618334331936,1.1384062312762122,-6.05152786099461,0.1881188118811878,2026-09-18,,,,,
,4689,4689.T,4689_20260903_02,7.0,True,False,526.6,7.273077176996301,8.146600835548789,-3.000382112994926,2.715187775672013,2026-09-15,-2.7155359299337767,8.412461909240875,-3.627041397645281,2.31937300597185,2026-09-25,,,,,
,6857,6857.T,6857_20260903_02,7.0,False,True,34520.0,-12.63035921205099,-0.8980301274623459,-13.644264194669752,-0.0658174097664547,2026-09-15,-1.5063731170335992,-0.8980301274623459,-13.644264194669752,-0.0658174097664547,2026-09-25,,,,,
,8604,8604.T,8604_20260818_01,7.0,True,False,1662.5,-1.0827067669172965,1.533834586466165,-2.947368421052632,0.5204081632653059,2026-09-15,-4.601503759398495,1.533834586466165,-6.796992481203013,0.225663716814159,2026-09-25,,,,,
,8601,8601.T,8601_20260818_01,7.0,True,False,1857.5,-1.1305518169582809,0.9421265141319024,-3.660834454912521,0.2573529411764716,2026-09-15,-0.6460296096904461,0.9421265141319024,-3.660834454912521,0.2573529411764716,2026-09-25,,,,,
,8309,8309.T,8309_20260818_01,7.0,True,False,1771.5,-1.2289582892322848,0.4980085141718771,-4.404332828769464,0.1130724069985911,2026-09-15,0.3587344323313646,0.7208406328507833,-4.404332828769464,0.1636662488679768,2026-09-25,,,,,
,8411,8411.T,8411_20260818_01,7.0,True,False,8655.0,-1.5053392186597292,1.0492424655523802,-3.750625325737023,0.2797513412903212,2026-09-15,-1.184579903235128,1.0492424655523802,-5.171104846799423,0.202904891050854,2026-09-25,,,,,
,8601,8601.T,8601_20260818_01,7.0,True,False,1818.0,0.7150715071507108,3.135313531353145,-1.5676567656765727,2.0,2026-09-16,1.787678767876777,3.135313531353145,-1.5676567656765727,2.0,2026-09-28,,,,,
,5713,5713.T,5713_20260904_01,7.0,False,True,10160.0,-5.56475301427165,0.4713145396183282,-9.36163808816829,0.0503453065777023,2026-09-16,-7.696850393700783,0.4713145396183282,-9.36163808816829,0.0503453065777023,2026-09-28,,,,,
,8015,8015.T,8015_20260828_01,7.0,True,False,7466.0,-1.901504267261589,1.5782963782423387,-3.628125253914083,0.435017059165652,2026-09-16,-1.8483793195821048,1.5782963782423387,-3.628125253914083,0.435017059165652,2026-09-28,,,,,
,8411,8411.T,8411_20260818_01,7.0,True,False,8617.0,-1.4391745604618755,1.494858249896236,-3.326176418040383,0.449422418422692,2026-09-16,1.241731461065343,1.49486455484229,-4.752920093889868,0.3145149771745622,2026-09-28,,,,,
,8604,8604.T,8604_20260818_01,7.0,True,True,1629.0,0.3376304481276904,3.621853898096994,-0.920810313075504,3.9333333333333456,2026-09-16,-2.0871700429711426,3.621853898096994,-4.880294659300189,0.7421383647798739,2026-09-28,,,,,
,8053,8053.T,8053_20260904_01,7.0,False,True,1861.5,-5.1290712400114185,-2.3934312582039152,-6.377373797068053,-0.3753004503678734,2026-09-16,-5.022831050228316,-1.8356825213644568,-6.377373797068053,-0.2878430181101188,2026-09-28,,,,,
,8309,8309.T,8309_20260818_01,7.0,True,False,1747.5,0.296978384299007,2.1041311479800706,-3.0914309620401204,0.6806333939903016,2026-09-16,2.18884120171674,2.612392629742644,-3.0914309620401204,0.8450431731519742,2026-09-28,,,,,
,8309,8309.T,8309_20260818_01,7.0,True,False,1734.0,1.8461621206387056,2.8990595046684886,-2.33695248337088,1.2405299317369136,2026-09-17,1.2975778546712835,3.411278039489773,-2.33695248337088,1.4597121951616487,2026-09-29,,,,,
,9101,9101.T,9101_20260904_02,7.0,True,False,7217.0,3.113180305615204,3.562920584505669,-3.4421263360264853,1.0350929154502289,2026-09-17,-1.066925315227929,3.562920584505669,-3.4421263360264853,1.0350929154502289,2026-09-29,,,,,
,4689,4689.T,4689_20260903_02,7.0,True,False,515.1,7.513101881764461,10.832852730355746,0.8153732853753981,13.2857587127941,2026-09-17,1.553091746444868,10.832852730355746,-1.4754416618132482,7.342108475534493,2026-09-29,,,,,
,8604,8604.T,8604_20260818_01,7.0,True,False,1638.0,-2.8998778998779007,3.0525030525030417,-3.6019536019536003,0.8474576271186415,2026-09-17,-6.349206349206349,3.0525030525030417,-6.471306471306471,0.4716981132075455,2026-09-29,,,,,
,8601,8601.T,8601_20260818_01,7.0,True,False,1810.5,1.0770505385252704,3.562551781275891,-1.1599005799502904,3.0714285714285707,2026-09-17,-1.0218171775752571,3.562551781275891,-1.3808340237503436,2.580000000000003,2026-09-29,,,,,
,4689,4689.T,4689_20260903_02,7.0,True,False,522.1,2.815550238071008,9.346873092139909,2.0877226584945285,4.477066460005757,2026-09-18,,,,,,,,,,
,9101,9101.T,9101_20260904_02,7.0,True,False,7198.0,2.34686365787371,3.83628756020804,-1.1512393850722449,3.332310907663482,2026-09-18,,,,,,,,,,
,8309,8309.T,8309_20260818_01,7.0,True,False,1757.5,-0.6948457503556216,1.5231688085890038,-1.8459657176260191,0.8251338548951255,2026-09-18,,,,,,,,,,
,8601,8601.T,8601_20260818_01,7.0,True,False,1837.0,0.462710941752853,2.0685900925421885,-1.0887316276537828,1.900000000000001,2026-09-18,,,,,,,,,,
,8604,8604.T,8604_20260818_01,7.0,True,False,1666.0,-5.102040816326525,1.3205282112845218,-5.882352941176472,0.2244897959183686,2026-09-18,,,,,,,,,,
,8604,8604.T,8604_20260818_01,7.0,True,False,1658.5,-6.572203798613208,0.6933976484775339,-6.572203798613208,0.1055045871559623,2026-09-24,,,,,,,,,,
,8750,8750.T,8750_20260911_03,7.0,False,True,1888.0,-2.762067115913003,1.1887921153904246,-2.995999592779297,0.3967931498574132,2026-09-24,,,,,,,,,,
,8725,8725.T,8725_20260818_01,7.0,True,False,5153.0,-5.167679552566462,1.625133419896918,-5.167679552566462,0.3144803007550684,2026-09-24,,,,,,,,,,
,8601,8601.T,8601_20260818_01,7.0,True,False,1839.0,-2.0935290918977723,1.95758564437194,-2.0935290918977723,0.9350649350649336,2026-09-24,,,,,,,,,,
,7832,7832.T,7832_20260903_01,7.0,False,True,5514.0,-1.081931716426365,2.7635722196600154,-1.8402054025975945,1.5017737779483835,2026-09-24,,,,,,,,,,
,9101,9101.T,9101_20260904_02,7.0,True,False,7309.0,-2.3698375397626203,2.259351191459502,-2.652431398789168,0.851803817618391,2026-09-24,,,,,,,,,,
,8309,8309.T,8309_20260818_01,7.0,True,False,1760.5,-1.340547673778758,1.350167100877675,-2.46167781384945,0.5484743345703517,2026-09-24,,,,,,,,,,
,8725,8725.T,8725_20260818_01,7.0,True,True,5137.0,-3.7238930644101664,1.9416609913819105,-5.274263772518073,0.3681387725617883,2026-09-25,,,,,,,,,,
,8309,8309.T,8309_20260818_01,7.0,True,False,1782.0,-0.2326049119668938,0.1273676661589062,-3.638486976028033,0.0350056677399317,2026-09-25,,,,,,,,,,
,9101,9101.T,9101_20260904_02,7.0,True,False,7338.0,-1.2812625097949004,1.8552191139789451,-2.755674922066642,0.6732358374795557,2026-09-25,,,,,,,,,,
,8604,8604.T,8604_20260818_01,7.0,True,False,1653.5,-4.082249773208346,0.3326277592984539,-6.289688539461746,0.0528846153846147,2026-09-25,,,,,,,,,,
,6701,6701.T,6701_20260914_01,7.0,False,True,4825.0,-0.6249696405440375,1.5833580541321668,-3.2254394028638056,0.4908968535345397,2026-09-25,,,,,,,,,,
,8601,8601.T,8601_20260818_01,7.0,True,False,1848.5,-0.1622937516905565,0.4598322964565859,-2.5967000270489597,0.1770833333333331,2026-09-25,,,,,,,,,,
,9432,9432.T,9432_20260903_02,7.0,False,True,176.7,-1.8798120020470763,0.3489208763063356,-2.659879210019489,0.1311792185870647,2026-09-25,,,,,,,,,,
,7832,7832.T,7832_20260903_01,7.0,False,True,5565.0,-0.7004839819182429,1.4282544879558712,-2.7397830350266106,0.5213020409632543,2026-09-25,,,,,,,,,,
,8750,8750.T,8750_20260911_03,7.0,False,True,1890.0,-0.9695160073578069,1.0817140284958393,-3.098649328659953,0.3490921087749026,2026-09-25,,,,,,,,,,
,9101,9101.T,9101_20260904_02,7.0,True,False,7388.0,-2.77476989713048,1.165890343581144,-3.413798399854495,0.3415229041149112,2026-09-28,,,,,,,,,,
,4689,4689.T,4689_20260903_02,7.0,False,True,566.0,-8.869260107249332,-1.042407140293733,-10.335689045936393,-0.1008551181891031,2026-09-28,,,,,,,,,,
,9104,9104.T,9104_20260904_02,7.0,False,True,7145.0,-1.735479356193137,3.2322568592746626,-2.9360148562649235,1.1008993542309953,2026-09-28,,,,,,,,,,
,8725,8725.T,8725_20260818_01,7.0,True,False,5186.0,-3.837254145777092,0.9784636545948412,-6.169281334250931,0.1586025343280353,2026-09-28,,,,,,,,,,
,8750,8750.T,8750_20260911_03,7.0,False,True,1912.0,-0.2353556485355623,0.0213066729243482,-4.213623028853197,0.005056615833559,2026-09-28,,,,,,,,,,
,7832,7832.T,7832_20260903_01,7.0,False,True,5483.0,0.8571949662593559,2.9451461290305403,-1.031035993524798,2.856492059954165,2026-09-28,,,,,,,,,,
,6701,6701.T,6701_20260914_01,7.0,False,True,4786.0,-0.585039699122436,2.4111371941470505,-2.436846034019602,0.9894499531305454,2026-09-28,,,,,,,,,,
,8309,8309.T,8309_20260818_01,7.0,True,False,1795.0,-0.5153203342618373,-0.1029770916572192,-4.3363698001570805,-0.02374730394384,2026-09-28,,,,,,,,,,
,8604,8604.T,8604_20260818_01,7.0,True,False,1646.0,-3.098420413122726,-0.3037667071688954,-5.862697448359655,-0.0518134715025909,2026-09-28,,,,,,,,,,
,8601,8601.T,8601_20260818_01,7.0,True,False,1826.0,1.341730558598031,2.2453450164293454,-1.3964950711938706,1.6078431372548911,2026-09-28,,,,,,,,,,
,8309,8309.T,8309_20260818_01,7.0,True,False,1793.0,-1.979921918572225,0.0084529394731136,-4.229661902555471,0.0019984905810099,2026-09-29,,,,,,,,,,
,8604,8604.T,8604_20260818_01,7.0,True,False,1620.5,-5.368713360074051,-0.8947855600123455,-5.4612773835236,-0.1638418079096053,2026-09-29,,,,,,,,,,
,8750,8750.T,8750_20260911_03,7.0,False,True,1940.0,-3.0927835051546397,-1.4222998151384836,-5.596106820189339,-0.2541588037610692,2026-09-29,,,,,,,,,,
,8628,8628.T,8628_20260917_01,7.0,True,False,1187.0,-7.245155855096885,-2.997585937084424,-7.834877843302445,-0.3825951083138935,2026-09-29,,,,,,,,,,
,8725,8725.T,8725_20260818_01,7.0,True,False,5271.0,-6.640106241699872,-0.6499122533240698,-7.682392904463164,-0.0845976327175998,2026-09-29,,,,,,,,,,
,8331,8331.T,8331_20260818_01,7.0,False,True,2777.0,-0.3601008282319018,2.6137497761236084,-4.881113132496894,0.5354823183101609,2026-09-29,,,,,,,,,,
,6701,6701.T,6701_20260914_01,7.0,False,True,4906.0,-2.874031797798615,-0.2359096292272156,-4.8232256662898205,-0.0489111738801731,2026-09-29,,,,,,,,,,
,8601,8601.T,8601_20260818_01,7.0,True,False,1853.0,-3.2649757150566616,0.7555315704263377,-3.6427415002698313,0.2074074074074081,2026-09-29,,,,,,,,,,
,8604,8604.T,8604_20260818_01,7.0,True,False,1581.0,,,,,,,,,,,,,,,
,8309,8309.T,8309_20260818_01,7.0,True,False,1768.5,,,,,,,,,,,,,,,
,8628,8628.T,8628_20260917_01,7.0,True,False,1172.0,,,,,,,,,,,,,,,
,8601,8601.T,8601_20260818_01,7.0,True,False,1845.5,,,,,,,,,,,,,,,
,8725,8725.T,8725_20260818_01,7.0,True,False,5217.0,,,,,,,,,,,,,,,
,8628,8628.T,8628_20260917_01,7.0,True,False,1161.0,,,,,,,,,,,,,,,
,4689,4689.T,4689_20260903_02,7.0,True,False,521.8,,,,,,,,,,,,,,,
,9503,9503.T,9503_20260911_02,7.0,True,False,2826.5,,,,,,,,,,,,,,,
,8601,8601.T,8601_20260818_01,7.0,True,False,1835.0,,,,,,,,,,,,,,,
,8309,8309.T,8309_20260818_01,7.0,True,False,1760.0,,,,,,,,,,,,,,,
,8308,8308.T,8308_20260925_03,7.0,False,True,2487.5,,,,,,,,,,,,,,,
,6302,6302.T,6302_20260925_01,7.0,False,True,5949.0,,,,,,,,,,,,,,,
,5020,5020.T,5020_20260925_01,7.0,False,True,1438.5,,,,,,,,,,,,,,,
,8309,8309.T,8309_20260818_01,7.0,True,False,1775.0,,,,,,,,,,,,,,,
,8725,8725.T,8725_20260818_01,7.0,True,False,4957.0,,,,,,,,,,,,,,,
,9101,9101.T,9101_20260904_02,7.0,True,True,7288.0,,,,,,,,,,,,,,,
,8628,8628.T,8628_20260917_01,7.0,True,False,1146.0,,,,,,,,,,,,,,,
,8601,8601.T,8601_20260818_01,7.0,True,False,1809.5,,,,,,,,,,,,,,,
,8354,8354.T,8354_20260821_01,7.0,False,True,7808.0,,,,,,,,,,,,,,,
,8053,8053.T,8053_20260904_01,7.0,False,True,1777.5,,,,,,,,,,,,,,,
,6301,6301.T,6301_20260925_01,7.0,False,True,7477.0,,,,,,,,,,,,,,,
,8411,8411.T,8411_20260818_01,7.0,False,True,8754.0,,,,,,,,,,,,,,,
,8628,8628.T,8628_20260917_01,7.0,True,False,1157.0,,,,,,,,,,,,,,,
,8725,8725.T,8725_20260818_01,7.0,True,False,5064.0,,,,,,,,,,,,,,,
,8604,8604.T,8604_20260818_01,7.0,True,False,1588.5,,,,,,,,,,,,,,,
,8601,8601.T,8601_20260818_01,7.0,True,False,1854.0,,,,,,,,,,,,,,,
,6301,6301.T,6301_20260925_01,7.0,False,True,7716.0,,,,,,,,,,,,,,,
,8316,8316.T,8316_20260827_02,7.0,False,True,7022.0,,,,,,,,,,,,,,,
,8309,8309.T,8309_20260818_01,7.0,True,False,1807.0,,,,,,,,,,,,,,,
,8308,8308.T,8308_20260925_03,7.0,False,True,2560.0,,,,,,,,,,,,,,,
,6302,6302.T,6302_20260925_01,7.0,False,True,6005.0,,,,,,,,,,,,,,,
,8309,8309.T,8309_20260818_01,7.0,True,False,1757.0,,,,,,,,,,,,,,,
,5019,5019.T,5019_20260916_03,7.0,True,False,1590.0,,,,,,,,,,,,,,,
,8750,8750.T,8750_20260911_03,7.0,True,False,1878.5,,,,,,,,,,,,,,,
,8316,8316.T,8316_20260827_02,7.0,True,True,3370.0,,,,,,,,,,,,,,,
,8725,8725.T,8725_20260818_01,7.0,True,False,4920.0,,,,,,,,,,,,,,,
,8331,8331.T,8331_20260818_01,7.0,False,True,2765.0,,,,,,,,,,,,,,,
,8354,8354.T,8354_20260821_01,7.0,False,True,7746.0,,,,,,,,,,,,,,,
,8308,8308.T,8308_20260925_03,7.0,False,True,2490.5,,,,,,,,,,,,,,,
2026-08-18,4631,4631.T,4631_20260818_01,7.0,True,False,5495.0,-7.279344858962689,-1.273885350318471,-8.043676069153772,-0.15837104072398195,2026-08-25,-3.6396724294813443,-1.273885350318471,-11.22838944494996,-0.1134521880064829,2026-09-01,-15.614194722474972,-1.273885350318471,-18.016378525932662,-0.0707070707070707,2026-09-15
2026-08-19,2503,2503.T,2503_20260818_01,7.0,True,False,2998.5,2.6846756711689235,4.018676004669008,0.18342504585626696,21.909090909090292,2026-08-26,-0.8004002001000488,4.018676004669008,-0.9504752376188086,4.228070175438607,2026-09-02,-5.252626313156583,4.018676004669008,-8.137402034350504,0.4938524590163946,2026-09-16
2026-08-19,8725,8725.T,8725_20260818_01,7.0,True,False,4860.0,2.8559429655349744,3.220106414272128,-3.800156404890842,0.8473615481004457,2026-08-26,3.8877435378086522,5.688326809451016,-3.800156404890842,1.4968664979499473,2026-09-02,4.292363924254117,7.529375927539572,-3.800156404890842,1.981333167721514,2026-09-16
2026-08-19,8309,8309.T,8309_20260818_01,7.0,True,False,1688.5,2.3111882773171555,3.070997159125266,-2.0723264855606494,1.4819079814513085,2026-08-26,3.7431305175636753,6.519358765466654,-2.0723264855606494,3.1459129682950997,2026-09-02,3.8015811232232855,6.519358765466654,-2.0723264855606494,3.1459129682950997,2026-09-16
2026-08-19,8331,8331.T,8331_20260818_01,7.0,True,False,2723.5,2.4512131104277524,3.504042727792167,-2.3409766323782666,1.4968294340607355,2026-08-26,1.6525097674178424,4.012300172732908,-2.3409766323782666,1.713942854977025,2026-09-02,-0.906955305099133,4.5750203550880775,-4.119901008337578,1.1104685151001104,2026-09-16
2026-08-19,5019,5019.T,5019_20260818_01,7.0,False,True,1337.0,0.4375997014070654,3.3600976679970085,-1.5230626375287715,2.206145423834241,2026-08-26,8.1692612162257,11.054761344428709,-1.5230626375287715,7.258244718264175,2026-09-02,23.55859338479338,26.40710121741483,-1.5230626375287715,17.338158370335563,2026-09-16
2026-08-19,8604,8604.T,8604_20260818_01,7.0,True,False,1509.5,6.227227558794302,6.989069228221267,-0.8280887711162643,8.439999999999996,2026-08-26,6.558463067240816,9.4402119907254,-0.8280887711162643,11.399999999999984,2026-09-02,8.280887711162643,11.825107651540234,-0.8280887711162643,14.279999999999974,2026-09-16
2026-08-20,4503,4503.T,4503_20260820_01,7.0,False,True,2418.0,-2.796884289056034,-0.1950420784535889,-3.528655823539595,-0.055273760946722816,2026-08-27,-1.7398906799265923,-0.1950420784535889,-5.256438248154538,-0.037105368549143605,2026-09-03,-3.853877898185487,-0.1950420784535889,-11.273190016683,-0.017301409642252946,2026-09-17
2026-08-20,8604,8604.T,8604_20260818_01,7.0,True,False,1521.0,5.950032873109801,6.804733727810652,-1.4792899408283988,4.600000000000012,2026-08-27,7.2978303747534445,9.434582511505596,-1.4792899408283988,6.377777777777798,2026-09-03,4.569362261669951,10.97961867192636,-1.4792899408283988,7.422222222222238,2026-09-17
2026-08-20,9503,9503.T,9503_20260820_01,7.0,False,True,2557.5,0.38854395772238703,1.6987947927083358,-2.7136781021994683,0.6260119029340445,2026-08-27,16.61255956744867,17.653054976675755,-2.7136781021994683,6.505213334760576,2026-09-03,14.820600791177906,17.653054976675755,-2.7136781021994683,6.505213334760576,2026-09-17
2026-08-20,5101,5101.T,5101_20260818_01,7.0,True,False,7562.0,-1.5075376884422065,2.6183549325575317,-2.36709865115049,1.1061452513966508,2026-08-27,-7.061623909018778,2.6183549325575317,-9.151018249140442,0.2861271676300585,2026-09-03,-9.045226130653262,2.6183549325575317,-13.27691087014018,0.19721115537848652,2026-09-17
2026-08-20,5019,5019.T,5019_20260818_01,7.0,False,True,1349.5,0.4235509679511029,2.4027051368002983,-1.7755010428560203,1.353254703210636,2026-08-27,9.183124826324573,10.429256496044292,-1.7755010428560203,5.873979369377383,2026-09-03,22.63401592603742,25.236231439558065,-1.7755010428560203,14.213583000190066,2026-09-17
2026-08-20,7269,7269.T,7269_20260818_01,7.0,True,True,2087.0,0.9632499925131821,2.8084077946256336,-2.041040735866384,1.37596851707789,2026-08-27,-0.24319307393986245,8.249254787184302,-2.041040735866384,4.041690419119757,2026-09-03,-3.152870869145308,8.249254787184302,-7.694797752681848,1.0720560893636497,2026-09-17
2026-08-20,8309,8309.T,8309_20260818_01,7.0,True,False,1690.5,2.803111309061679,3.562021273296656,-1.6627834941866815,2.1422038922986486,2026-08-27,4.32092801454822,6.3933376370839845,-1.6627834941866815,3.84496097022611,2026-09-03,4.466870817620516,6.3933376370839845,-1.6627834941866815,3.84496097022611,2026-09-17
2026-08-20,8601,8601.T,8601_20260818_01,7.0,True,False,1757.0,3.7564029595902104,4.524758110415483,-0.8252703471826939,5.482758620689684,2026-08-27,5.634604439385327,6.6590779738190164,-0.8252703471826939,8.068965517241425,2026-09-03,4.154809334092202,8.025042686397278,-0.8252703471826939,9.72413793103454,2026-09-17
2026-08-20,4021,4021.T,4021_20260818_01,7.0,False,True,8162.0,-2.1750530756095343,0.31521427421641324,-4.981152547633583,0.06328139345303999,2026-08-27,-2.89175925784122,1.6757568548547486,-4.981152547633583,0.33641950107527974,2026-09-03,-0.42578938602670924,1.6757568548547486,-6.414578596229803,0.2612419241132507,2026-09-17
2026-08-21,8601,8601.T,8601_20260818_01,7.0,True,False,1779.0,4.721753794266448,5.340078695896566,-0.6464305789769531,8.260869565217387,2026-08-28,4.946599213041036,6.68915120854412,-0.6464305789769531,10.347826086956516,2026-09-04,3.7380550871275897,6.68915120854412,-0.6464305789769531,10.347826086956516,2026-09-18
2026-08-21,7269,7269.T,7269_20260818_01,7.0,False,True,2103.5,1.8611558860232913,2.001977760520113,-2.2696273102758346,0.8820733481026038,2026-08-28,-2.9737337881804105,7.400140119255361,-3.4196696996522613,2.1639926569539347,2026-09-04,-4.8044170708788965,7.400140119255361,-8.41884616584122,0.8789969520147338,2026-09-18
2026-08-21,8604,8604.T,8604_20260818_01,7.0,True,False,1535.0,6.970684039087938,7.6221498371335406,-1.140065146579805,6.685714285714274,2026-08-28,8.729641693811075,9.348534201954406,-1.140065146579805,8.200000000000005,2026-09-04,2.9967426710097778,9.967426710097715,-1.140065146579805,8.742857142857135,2026-09-18
2026-08-21,8331,8331.T,8331_20260818_01,7.0,True,False,2753.5,1.0656625232658534,2.3763429704528827,-2.3636396212616706,1.0053744864813323,2026-08-28,2.7354301201879316,3.0765630478808426,-2.3636396212616706,1.301621034021517,2026-09-04,-1.7172746050481247,3.435652056321903,-5.164536188925883,0.6652392258745016,2026-09-18
2026-08-21,8309,8309.T,8309_20260818_01,7.0,True,False,1715.5,2.944473982621676,3.433453043170598,-2.3480062881254593,1.4622844327694324,2026-08-28,3.606037438975518,4.8428663803500305,-2.3480062881254593,2.062544042084467,2026-09-04,1.7364083904109595,4.8428663803500305,-2.3480062881254593,2.062544042084467,2026-09-18
2026-08-21,8725,8725.T,8725_20260818_01,7.0,True,True,4945.0,1.6844468844792626,2.1020013202583288,-3.3858490724082424,0.6208195567214828,2026-08-28,4.189778974974723,5.681044895418053,-3.3858490724082424,1.6778789526425386,2026-09-04,3.732453472573316,5.899759861016962,-3.3858490724082424,1.7424757379455955,2026-09-18
2026-08-24,4503,4503.T,4503_20260820_01,7.0,False,True,2406.5,-3.1289159892478713,0.28189829806741784,-4.803684888442827,0.05868376144855717,2026-08-31,-5.927001902399754,0.28189829806741784,-6.1516660315950595,0.045824707749020095,2026-09-07,-3.6395163489507554,0.28189829806741784,-10.849189054784746,0.025983351994690707,2026-09-24
2026-08-24,9503,9503.T,9503_20260820_01,7.0,False,True,2582.0,7.280156189484899,7.432840987477407,-2.1481248392296037,3.4601531771976046,2026-08-31,13.196689596848366,16.536672386850594,-2.1481248392296037,7.698189641893089,2026-09-07,5.562453857232774,16.536672386850594,-2.1481248392296037,7.698189641893089,2026-09-24
2026-08-24,7269,7269.T,7269_20260818_01,7.0,True,False,2126.5,3.406109014960035,4.032953411772766,-1.7015074431175559,2.3702237848477825,2026-08-31,-4.580354813881382,6.238511516977963,-5.207199198315737,1.1980550924565747,2026-09-07,-7.552062285078176,6.238511516977963,-9.409378278790037,0.6630099600778491,2026-09-24
2026-08-24,8604,8604.T,8604_20260818_01,7.0,True,False,1539.0,6.270305393112419,7.342430149447687,0.5198180636777128,14.12499999999999,2026-08-31,7.602339181286544,9.064327485380108,0.5198180636777128,17.437499999999982,2026-09-07,0.6822612085769952,9.681611435997395,0.5198180636777128,18.62499999999999,2026-09-24
2026-08-24,8725,8725.T,8725_20260818_01,7.0,True,False,4927.0,1.9162487156231034,2.4750145176938076,-0.7778391007126739,3.181910648906879,2026-08-31,2.7544037478435257,6.06713355141919,-0.7778391007126739,7.79998530012228,2026-09-07,-0.8177496923838068,6.286647556876157,-1.9153406632458458,3.2822607891707603,2026-09-24
2026-08-24,8309,8309.T,8309_20260818_01,7.0,True,False,1702.0,3.0362228949397663,4.253871148977173,-1.4284828231564406,2.9778945045888796,2026-08-31,3.3261434732116735,5.674463734130697,-1.4284828231564406,3.972370995397861,2026-09-07,2.0505087075866735,5.674463734130697,-1.4284828231564406,3.972370995397861,2026-09-24
2026-08-24,8601,8601.T,8601_20260818_01,7.0,True,False,1786.5,3.1905961376994085,4.897844948222785,0.25188916876575096,19.444444444443846,2026-08-31,4.478029666946548,6.241253848306738,0.25188916876575096,24.777777777776976,2026-09-07,0.7836551917156376,6.241253848306738,0.16792611251048584,37.16666666666874,2026-09-24
2026-08-25,4503,4503.T,4503_20260820_01,7.0,False,True,2415.0,-1.7195890754399534,-0.07106076426534047,-5.138744382624294,-0.013828429471140692,2026-09-01,-7.17395348084886,-0.07106076426534047,-7.580996000117224,-0.009373539342883397,2026-09-08,-2.3505030408902727,-0.07106076426534047,-11.162970376952174,-0.006365757667157959,2026-09-25
2026-08-25,7269,7269.T,7269_20260818_01,7.0,True,False,2119.0,5.076823070286696,6.614532676193319,-0.8177277282574336,8.088918166305545,2026-09-01,-7.737420132948913,6.614532676193319,-7.737420132948913,0.854875728930124,2026-09-08,-7.29474674817131,6.614532676193319,-9.088741344901852,0.7277721331462039,2026-09-25
2026-08-25,8725,8725.T,8725_20260818_01,7.0,True,False,5072.0,0.5534848956279648,1.2707547898130667,-2.6645414129816136,0.47691313170137445,2026-09-01,-1.5595541391462908,3.0348515394010844,-2.6645414129816136,1.1389770579715235,2026-09-08,-2.490070716063686,3.248090006452853,-4.7194170835592075,0.6882396594630422,2026-09-25
2026-08-25,9503,9503.T,9503_20260820_01,7.0,False,True,2591.5,12.382409288780627,12.439456197049047,-2.5068332374651114,4.962219269769903,2026-09-01,11.792920138553932,16.109468687188212,-2.5068332374651114,6.42622271255585,2026-09-08,4.966309253207601,16.109468687188212,-2.5068332374651114,6.42622271255585,2026-09-25
2026-08-25,8309,8309.T,8309_20260818_01,7.0,True,False,1734.0,2.984429065743943,3.72430062023672,-0.828753442206287,4.493858402955141,2026-09-01,-0.031967779069352886,3.72430062023672,-0.828753442206287,4.493858402955141,2026-09-08,2.529122287701835,3.72430062023672,-2.33695248337088,1.5936569728044678,2026-09-25
2026-08-25,8601,8601.T,8601_20260818_01,7.0,True,False,1813.5,2.591673559415497,3.3360904328646246,-1.2406947890818865,2.688888888888886,2026-09-01,1.1579818031431044,4.659498207885315,-1.2406947890818865,3.755555555555562,2026-09-08,1.7645437000275654,4.659498207885315,-1.3234077750206796,3.520833333333338,2026-09-25
2026-08-25,2503,2503.T,2503_20260818_01,7.0,False,True,3084.0,-0.745784695201035,1.1348897535667923,-2.075226977950717,0.5468749999999971,2026-09-01,-7.70103761348897,1.1348897535667923,-7.8793774319066205,0.14403292181069896,2026-09-08,-7.020103761348895,1.1348897535667923,-10.684176394293122,0.10622154779969617,2026-09-25
2026-08-25,8604,8604.T,8604_20260818_01,7.0,True,False,1571.5,4.39070951320395,5.122494432071267,0.15908367801462653,32.20000000000184,2026-09-01,4.899777282850781,7.031498568246897,0.15908367801462653,44.20000000000254,2026-09-08,0.922685332484896,7.413299395482031,-1.3999363665287978,5.295454545454537,2026-09-25
2026-08-27,9503,9503.T,9503_20260820_01,7.0,False,True,2590.5,15.127049254487556,16.154289945125733,-2.4691983535575557,6.542321689892211,2026-09-03,12.501875467453205,16.154289945125733,-2.4691983535575557,6.542321689892211,2026-09-10,1.9880331982242705,16.154289945125733,-2.4691983535575557,6.542321689892211,2026-09-29
2026-08-27,8604,8604.T,8604_20260818_01,7.0,True,True,1620.0,0.7407407407407307,2.7469135802469236,-1.4197530864197505,1.9347826086956628,2026-09-03,2.839506172839501,3.827160493827164,-1.4197530864197505,2.695652173913051,2026-09-10,-5.586419753086425,4.197530864197541,-5.9567901234567895,0.7046632124352349,2026-09-29
2026-08-27,8750,8750.T,8750_20260827_02,7.0,True,False,1817.0,1.7397606051355208,2.2259075897101077,-2.2034353733723533,1.010198718151357,2026-09-03,-0.9880641166758353,3.5493045932507794,-3.6888842338793193,0.9621620978650895,2026-09-10,2.999449642267482,5.250819129681528,-3.6888842338793193,1.4234166205209535,2026-09-29
2026-08-27,2914,2914.T,2914_20260821_01,7.0,False,True,7014.0,-0.9409751924721932,1.3544339891645274,-1.6110635871114942,0.840707964601768,2026-09-03,-5.702879954376961,1.3544339891645274,-6.102081551183347,0.22196261682242982,2026-09-10,-1.839178785286566,1.3544339891645274,-7.328200741374391,0.1848249027237354,2026-09-29
2026-08-27,8601,8601.T,8601_20260818_01,7.0,True,False,1827.5,1.559507523939807,2.5444596443228384,-0.5198358413132653,4.894736842105289,2026-09-03,0.5198358413132764,3.8577291381668877,-2.0519835841313228,1.8800000000000003,2026-09-10,-2.270861833105331,3.8577291381668877,-2.4076607387140903,1.6022727272727244,2026-09-29
2026-08-27,8411,8411.T,8411_20260818_01,7.0,False,True,8326.0,3.9704432087737107,5.911478856812891,-1.2810639930131096,4.614507073068907,2026-09-03,2.4819184632476565,5.911478856812891,-1.2810639930131096,4.614507073068907,2026-09-10,1.753543117943801,5.911478856812891,-1.4239625809571166,4.1514285107404225,2026-09-29
2026-08-27,8309,8309.T,8309_20260818_01,7.0,True,False,1756.5,0.4010980976907108,2.3956375038374444,-1.8743622448579966,1.2781080660419193,2026-09-03,-1.2563338959756587,2.3956375038374444,-3.110411268056912,0.7701995965742531,2026-09-10,-0.3700540848277867,2.3956375038374444,-3.5879735873413643,0.6676853788136653,2026-09-29
2026-08-27,8725,8725.T,8725_20260818_01,7.0,True,False,5042.0,1.6198018674385084,2.458345617256197,-2.085393503895827,1.1788401626185367,2026-09-03,-3.196944494372278,3.6479109495918927,-4.152494397630879,0.878486663744359,2026-09-10,-3.8080126933756397,3.8624181897518595,-4.15249572546853,0.9301438087130263,2026-09-29
2026-08-27,8308,8308.T,8308_20260827_01,7.0,False,True,2430.0,4.179777922453698,6.263373480902779,-0.21210706370410337,29.52930171925061,2026-09-03,1.6672092013888973,6.263373480902779,-1.7237405127824013,3.633594171777434,2026-09-10,2.139917695473259,6.263373480902779,-1.7237405127824013,3.633594171777434,2026-09-29
2026-08-27,8354,8354.T,8354_20260821_01,7.0,False,True,7733.0,1.2398731996799528,2.362917299209988,-1.7208828942696375,1.3730843086872784,2026-09-03,-0.8658357445364029,2.375678908573642,-3.265065556709923,0.7276052708012145,2026-09-10,0.25863183757921515,2.860629768524503,-3.265065556709923,0.8761324141396555,2026-09-29
2026-08-27,9432,9432.T,9432_20260827_01,7.0,False,True,167.6,1.7441396781538998,3.3889659288289353,-1.7217383260190733,1.9683397166773604,2026-09-03,2.91901181022991,3.3889659288289353,-1.7217383260190733,1.9683397166773604,2026-09-10,2.2076390523614764,5.797460136296717,-1.7217383260190733,3.367213268523415,2026-09-29
2026-08-28,8316,8316.T,8316_20260827_02,7.0,False,True,6881.0,-49.85753910223805,-49.1637707600129,-52.03087708905334,-0.9448960600042692,2026-09-04,-51.07517317273107,-49.1637707600129,-52.19369764657111,-0.9419484147861047,2026-09-11,-50.74843772707456,-49.1637707600129,-52.745881461768995,-0.9320873857354633,2026-09-30
2026-08-28,8411,8411.T,8411_20260818_01,7.0,True,True,8449.0,2.9614497647650673,4.369626341794786,-2.3074912147949767,1.8936697629780714,2026-09-04,1.5532764602319782,4.369626341794786,-2.3074912147949767,1.8936697629780714,2026-09-11,2.6275298851935247,4.369626341794786,-2.8590262100898323,1.5283617640068747,2026-09-30
2026-08-28,8308,8308.T,8308_20260827_01,7.0,False,True,2520.0,0.4590715680803603,2.4682529994419555,-2.377412151398539,1.0382099704462175,2026-09-04,-0.6440080915178559,2.4682529994419555,-5.233606923040179,0.47161604525090284,2026-09-11,-0.7142857142857117,2.4682529994419555,-5.233606923040179,0.47161604525090284,2026-09-30
2026-08-28,8331,8331.T,8331_20260818_01,7.0,False,True,2822.0,0.24167499501683842,0.5745274104677289,-2.9467172507300687,0.19497201854890758,2026-09-04,-4.383249911410347,0.924900048576327,-7.4665309695986615,0.12387279344882192,2026-09-11,-0.6555634301913527,0.9774568137119966,-7.4665309695986615,0.13091177384676897,2026-09-30
2026-08-28,8601,8601.T,8601_20260818_01,7.0,True,False,1869.5,-0.13372559507889292,1.5244717838994282,-2.754747258625301,0.5533980582524235,2026-09-04,-1.4709815458678777,1.5244717838994282,-4.2792190425247405,0.3562499999999975,2026-09-11,-4.573415351698317,1.5244717838994282,-5.188553089061243,0.29381443298968896,2026-09-30
2026-08-28,8604,8604.T,8604_20260818_01,7.0,True,False,1642.5,1.6133942161339343,2.191780821917799,-2.7701674277016752,0.7912087912087877,2026-09-04,1.3394216133942205,2.404870624048705,-2.7701674277016752,0.8681318681318674,2026-09-11,-6.240487062404876,2.770167427701664,-7.549467275494671,0.36693548387096653,2026-09-30
2026-08-28,8725,8725.T,8725_20260818_01,7.0,True,False,5115.0,0.726971071603133,2.1686739018264456,-2.73311376792027,0.7934810205418825,2026-09-04,-2.1372113269794712,2.1686739018264456,-5.5204073211754245,0.39284671866652837,2026-09-11,-5.20039100684262,2.3801197483340752,-5.610948191593357,0.42419207361424344,2026-09-30
2026-08-28,9766,9766.T,9766_20260824_01,7.0,False,True,22185.0,-3.5967785102546723,0.573223563342018,-4.448715135059123,0.1288514876631677,2026-09-04,-7.049359434865899,0.573223563342018,-9.380972897627938,0.06110491625948121,2026-09-11,-5.904890691908948,0.573223563342018,-9.380972897627938,0.06110491625948121,2026-09-30
2026-08-28,6178,6178.T,6178_20260828_01,7.0,False,True,2425.5,2.3847169075963626,6.072604223073963,-2.0366722144042892,2.981630612980181,2026-09-04,0.6120878749227066,6.072604223073963,-2.933174030755026,2.0703184193645745,2026-09-11,3.3395176252319025,6.072604223073963,-2.933174030755026,2.0703184193645745,2026-09-30
2026-08-28,8309,8309.T,8309_20260818_01,7.0,True,False,1787.0,-0.5393636113248501,0.6479783298771524,-3.5491422960789443,0.1825732179273376,2026-09-04,-2.417019511576668,0.6479783298771524,-5.2335062149776785,0.12381342512266724,2026-09-11,-1.6787912702853958,0.6479783298771524,-5.2335062149776785,0.12381342512266724,2026-09-30
2026-08-28,8015,8015.T,8015_20260828_01,7.0,False,True,7583.0,-0.7735874035671886,1.6586867988567011,-4.016624504295329,0.41295540498817396,2026-09-04,-1.231276220245947,1.9725294304740792,-5.02353491164389,0.3926576534587262,2026-09-11,-5.8683898193327195,1.9725294304740792,-7.411314783067391,0.26615107956023015,2026-09-30
2026-08-28,8354,8354.T,8354_20260821_01,7.0,False,True,7861.0,-0.5090398804223351,0.70870436331254,-3.0072969847369735,0.23566158144986976,2026-09-04,-1.7393396792710902,0.70870436331254,-4.840192335585536,0.14642070276878894,2026-09-11,-0.12721027859050604,1.1857588093117988,-4.840192335585536,0.24498175425674548,2026-09-30
2026-08-31,9101,9101.T,9101_20260827_01,7.0,True,False,6941.0,5.144462590945098,5.7821311646098605,-0.9063027026951054,6.379911642561946,2026-09-07,3.9683175042320995,5.7821311646098605,-0.9063027026951054,6.379911642561946,2026-09-14,,,,,
2026-08-31,7269,7269.T,7269_20260818_01,7.0,False,True,2202.0,-7.852009315040309,2.595910418189673,-8.457361078664128,0.3069409469507605,2026-09-07,-8.30041537167916,2.595910418189673,-12.5154599953892,0.20741630105054293,2026-09-14,,,,,
2026-08-31,8601,8601.T,8601_20260818_01,7.0,True,False,1844.0,1.2201735357917576,2.9284164859002093,-1.4099783080260275,2.0769230769230758,2026-09-07,1.572668112798259,2.9284164859002093,-2.955531453362259,0.9908256880733909,2026-09-14,,,,,
2026-08-31,8725,8725.T,8725_20260818_01,7.0,True,True,5071.0,-0.1634890030319469,3.055169987742512,-1.4819699665012398,2.0615599889351444,2026-09-07,0.9611081240139985,3.055169987742512,-4.700627775155253,0.6499493544012014,2026-09-14,,,,,
2026-08-31,8308,8308.T,8308_20260827_01,7.0,False,True,2516.0,0.322845895642887,2.6311596019847894,-2.2222093090319195,1.1840287012077293,2026-09-07,0.44122886960948904,2.6311596019847894,-5.082944930866951,0.5176447193056677,2026-09-14,,,,,
2026-08-31,8354,8354.T,8354_20260821_01,7.0,False,True,7815.0,-0.6684735884516901,1.3014875239923063,-2.057549095937705,0.6325426336420749,2026-09-07,-1.0346876499520152,1.3014875239923063,-4.280070627004207,0.30408085225997067,2026-09-14,,,,,
2026-08-31,8604,8604.T,8604_20260818_01,7.0,True,False,1630.0,1.595092024539868,2.9754601226993804,-2.024539877300613,1.469696969696967,2026-09-07,2.7607361963190247,3.5582822085889587,-2.024539877300613,1.757575757575759,2026-09-14,,,,,
2026-08-31,8309,8309.T,8309_20260818_01,7.0,True,False,1767.5,-0.5029158747347995,1.7583803538842702,-2.4850451389494044,0.7075848749482497,2026-09-07,0.41835412614921186,1.7583803538842702,-4.187991856387619,0.41986241000023655,2026-09-14,,,,,
2026-08-31,8316,8316.T,8316_20260827_02,7.0,False,True,6872.0,-50.55034313268517,-49.0971924621142,-51.337173337924845,-0.9563672728713352,2026-09-07,-50.16756246475735,-49.0971924621142,-52.13108752998483,-0.9418025747856192,2026-09-14,,,,,
2026-09-01,8601,8601.T,8601_20260818_01,7.0,True,False,1855.0,-1.1051212938005373,2.3180592991913773,-1.99460916442048,1.1621621621621665,2026-09-08,-0.9973045822102455,2.3180592991913773,-3.5309973045822063,0.6564885496183221,2026-09-15,,,,,
2026-09-01,8331,8331.T,8331_20260818_01,7.0,False,True,2842.0,-4.273337163529201,0.21466148384321482,-4.273337163529201,0.050232751507473694,2026-09-08,-5.438829458238037,0.21466148384321482,-8.117716536315067,0.026443579654809878,2026-09-15,,,,,
2026-09-01,8604,8604.T,8604_20260818_01,7.0,True,False,1637.0,0.7025045815516107,2.748930971288943,-2.443494196701279,1.1250000000000018,2026-09-08,0.4581551618815016,3.11545510079414,-2.443494196701279,1.2750000000000037,2026-09-15,,,,,
2026-09-01,4021,4021.T,4021_20260831_02,7.0,False,True,8325.0,-6.841585726351351,-2.351590490180744,-7.008322852384463,-0.33554254558644586,2026-09-08,-5.150396490240238,-2.351590490180744,-8.24694180209341,-0.285146972855297,2026-09-15,,,,,
2026-09-01,8015,8015.T,8015_20260828_01,7.0,False,True,7620.0,-2.6348027907644345,1.4773872272027422,-3.467650039110126,0.42604853734948167,2026-09-08,-4.625830462598424,1.4773872272027422,-5.575798313086944,0.2649642516184938,2026-09-15,,,,,
2026-09-01,8306,8306.T,8306_20260818_01,7.0,False,True,3686.0,-2.093370078506507,1.6290104313564369,-2.869981749109174,0.5676030629330909,2026-09-08,-1.7720131918068316,1.6290104313564369,-4.262525600028577,0.3821702399501168,2026-09-15,,,,,
2026-09-01,7203,7203.T,7203_20260901_01,7.0,False,True,3230.0,-9.634628059694272,-2.891855412450628,-9.634628059694272,-0.30015226270627754,2026-09-08,-8.03645934113777,-2.891855412450628,-10.517433608438632,-0.27495827595530115,2026-09-15,,,,,
2026-09-01,6178,6178.T,6178_20260828_01,7.0,False,True,2512.0,-3.7967851966809296,2.4200244996281484,-3.875479032920859,0.6244452567207497,2026-09-08,-2.3999742641570454,2.4200244996281484,-6.275642361304268,0.38562179937946534,2026-09-15,,,,,
2026-09-01,8308,8308.T,8308_20260827_01,7.0,False,True,2517.5,-1.7678205685203618,2.570008960712511,-2.3199082891308453,1.1078062752538231,2026-09-08,-2.8719956398957303,2.570008960712511,-5.1394992834404185,0.5000504560810305,2026-09-15,,,,,
2026-09-01,8309,8309.T,8309_20260818_01,7.0,True,False,1796.5,-3.5098425432264158,-0.3237193155369855,-4.05918022994326,-0.0797499241716376,2026-09-08,-2.6034509375869708,-0.3237193155369855,-5.734637131180131,-0.056449834249646294,2026-09-15,,,,,
2026-09-01,8316,8316.T,8316_20260827_02,7.0,False,True,6971.0,-51.58803127465572,-49.82009849370949,-52.36368493061894,-0.9514246096263153,2026-09-08,-52.18898634745732,-49.82009849370949,-52.81090711606022,-0.9433675960956708,2026-09-15,,,,,
2026-09-01,8725,8725.T,8725_20260818_01,7.0,True,False,5183.0,-3.6677712895523795,0.8282398240097022,-3.857476348060551,0.21471027928042172,2026-09-08,-2.150133248118846,0.8282398240097022,-6.759962077525039,0.12252137134960643,2026-09-15,,,,,
2026-09-01,8354,8354.T,8354_20260821_01,7.0,False,True,7941.0,-3.934719237973805,-0.30586513033623586,-3.934719237973805,-0.07773493147474024,2026-09-08,-3.872584972374382,-0.30586513033623586,-5.798860590610488,-0.052745729192299,2026-09-15,,,,,
2026-09-01,8411,8411.T,8411_20260818_01,7.0,True,True,8621.0,-1.1053813000232005,2.2873185201048862,-2.1749474750549225,1.0516660960040547,2026-09-08,-1.1168902607006093,2.2873185201048862,-3.371031457400997,0.6785218557018055,2026-09-15,,,,,
2026-09-02,2914,2914.T,2914_20260821_01,7.0,False,True,7055.0,-6.307583274273565,-0.5953224663359347,-6.3784549964564174,-0.0933333333333337,2026-09-09,-3.99716513111269,-0.5953224663359347,-7.866761162296243,-0.07567567567567603,2026-09-16,,,,,
2026-09-02,4578,4578.T,4578_20260818_01,7.0,False,True,12335.0,-5.350628293473858,0.4053506282934771,-5.7559789217673245,0.07042253521126822,2026-09-09,-11.593027969193347,0.4053506282934771,-12.890149979732469,0.0314465408805034,2026-09-16,,,,,
2026-09-02,8604,8604.T,8604_20260818_01,7.0,True,False,1623.5,-0.46196489066830937,3.6033261472128153,-0.6159531875577495,5.849999999999969,2026-09-09,0.6775485063135189,3.972898059747454,-0.6159531875577495,6.44999999999995,2026-09-16,,,,,
2026-09-02,7269,7269.T,7269_20260818_01,7.0,True,False,2215.5,-11.33268714031821,-3.71161566785837,-13.048541146399018,-0.28444679188390787,2026-09-09,-9.683682788873849,-3.71161566785837,-13.048541146399018,-0.28444679188390787,2026-09-16,,,,,
2026-09-02,8725,8725.T,8725_20260818_01,7.0,True,False,5180.0,-6.098557402268345,0.8866345574985113,-6.421242772019986,0.13807834230500446,2026-09-09,-2.150407592302128,0.8866345574985113,-6.70596205556222,0.1322158625641339,2026-09-16,,,,,
2026-09-02,8309,8309.T,8309_20260818_01,7.0,True,False,1787.5,-4.487079326923082,0.17814727252465357,-4.514684217291021,0.03945952007946828,2026-09-09,-1.947429523601396,0.17814727252465357,-5.260014325127338,0.03386821052437739,2026-09-16,,,,,
2026-09-02,8316,8316.T,8316_20260827_02,7.0,False,True,6990.0,-52.60466961731045,-49.956495937002686,-52.60466961731045,-0.9496589618455404,2026-09-09,-52.31894475366595,-49.956495937002686,-52.939175036631724,-0.9436583759084809,2026-09-16,,,,,
2026-09-02,6178,6178.T,6178_20260828_01,7.0,False,True,2551.0,-7.011094760633085,0.854214638598938,-7.011094760633085,0.12183755429969462,2026-09-09,-2.884716241792429,0.854214638598938,-7.7085118038401905,0.1108144685169178,2026-09-16,,,,,
2026-09-02,8601,8601.T,8601_20260818_01,7.0,True,False,1842.0,-2.442996742671011,3.0401737242128135,-2.8230184581976125,1.0769230769230769,2026-09-09,-0.5971769815418027,3.0401737242128135,-2.8501628664495127,1.0666666666666667,2026-09-16,,,,,
2026-09-02,7203,7203.T,7203_20260901_01,7.0,False,True,3183.0,-8.223075039762017,-1.7050909350478927,-9.196139037152617,-0.1854137837802675,2026-09-09,-6.832984495267825,-1.7050909350478927,-9.196139037152617,-0.1854137837802675,2026-09-16,,,,,
2026-09-02,8591,8591.T,8591_20260901_02,7.0,False,True,6386.0,-7.365263124412779,1.2812670323442354,-7.565271690993514,0.16936166798471877,2026-09-09,-5.072856823030847,1.2812670323442354,-8.472998277228038,0.15121766704328954,2026-09-16,,,,,
2026-09-03,8309,8309.T,8309_20260818_01,7.0,True,False,1787.0,-2.9416622765983447,0.206176972377059,-4.764094791461648,0.04327726071835839,2026-09-10,-1.174457125244821,0.206176972377059,-5.2335062149776785,0.03939557228135218,2026-09-17,,,,,
2026-09-03,8316,8316.T,8316_20260827_02,7.0,False,True,7089.0,-52.57940476662788,-50.65536840169964,-53.47957836111733,-0.9471908708713558,2026-09-10,-52.73745043487269,-50.65536840169964,-53.59639349782138,-0.9451264366091855,2026-09-17,,,,,
2026-09-03,8411,8411.T,8411_20260818_01,7.0,False,True,8731.0,-2.271852808956587,0.5443978906723324,-4.588439147205814,0.11864555096123484,2026-09-10,-2.919128858378195,0.5443978906723324,-4.588439147205814,0.11864555096123484,2026-09-17,,,,,
2026-09-03,8015,8015.T,8015_20260828_01,7.0,False,True,7673.0,-3.9793490058484315,0.7764486734373799,-5.866162229757377,0.1323605865345278,2026-09-10,-2.6223942212139972,0.7764486734373799,-6.228018134461422,0.12467026535151933,2026-09-17,,,,,
2026-09-03,8601,8601.T,8601_20260818_01,7.0,True,True,1856.0,-1.0237068965517238,2.2629310344827624,-3.5560344827586188,0.6363636363636378,2026-09-10,-1.4008620689655138,2.2629310344827624,-3.5829741379310387,0.6315789473684214,2026-09-17,,,,,
2026-09-03,8750,8750.T,8750_20260827_02,7.0,True,False,1883.5,-4.4838399256702965,-0.10667032336785232,-7.089303240222311,-0.015046658289723163,2026-09-10,0.6228599619226172,1.3523887239458743,-7.089303240222311,0.1907646884496177,2026-09-17,,,,,
2026-09-03,6178,6178.T,6178_20260828_01,7.0,False,True,2552.0,-5.788801904756069,0.8146949620164268,-7.415470073307063,0.10986423705612756,2026-09-10,-1.6446678616036436,0.8146949620164268,-7.744676180092602,0.10519419315562469,2026-09-17,,,,,
2026-09-03,8308,8308.T,8308_20260827_01,7.0,False,True,2550.0,-3.117130055147055,1.0875486501984444,-6.348505665122062,0.17130781755040528,2026-09-10,-3.4869887408088274,1.0875486501984444,-6.348505665122062,0.17130781755040528,2026-09-17,,,,,
2026-09-03,8354,8354.T,8354_20260821_01,7.0,False,True,7933.0,-3.3651213680196634,-0.2053290054204071,-5.703863853528035,-0.035998230443983,2026-09-10,-3.0914364344352685,-0.2053290054204071,-5.703863853528035,-0.035998230443983,2026-09-17,,,,,
2026-09-03,8725,8725.T,8725_20260818_01,7.0,True,True,5211.0,-6.336402636849936,0.2864645956327516,-7.2609627236336465,0.03945270159566312,2026-09-10,-0.7513122031519881,0.2864645956327516,-7.260964008407655,0.03945269461479866,2026-09-17,,,,,
2026-09-03,8306,8306.T,8306_20260818_01,7.0,False,True,3754.0,-3.709084008307806,-0.21189865477362346,-5.865243241327677,-0.03612785455862139,2026-09-10,-3.9720261928942513,-0.21189865477362346,-5.996715333432434,-0.035335786841883605,2026-09-17,,,,,
2026-09-03,8604,8604.T,8604_20260818_01,7.0,True,True,1632.0,2.083333333333326,3.0637254901960675,-1.1335784313725505,2.7027027027026893,2026-09-10,-2.5428921568627416,3.431372549019618,-3.2475490196078427,1.056603773584909,2026-09-17,,,,,
2026-09-04,8306,8306.T,8306_20260818_01,7.0,False,True,3785.0,-4.523806452278734,-1.0291856142721767,-6.766623345232592,-0.15209736995295992,2026-09-11,-5.593052086773442,-1.0291856142721767,-6.766623345232592,-0.15209736995295992,2026-09-18,,,,,
2026-09-04,8601,8601.T,8601_20260818_01,7.0,True,False,1867.0,-1.339046598821636,0.5356186395286455,-4.151044456347086,0.12903225806451354,2026-09-11,-1.1515800749866134,0.5356186395286455,-4.151044456347086,0.12903225806451354,2026-09-18,,,,,
2026-09-04,8725,8725.T,8725_20260818_01,7.0,True,True,5240.0,-4.471724415553435,-1.506992308694588,-7.774214398437462,-0.19384496380720836,2026-09-11,-2.1074461026956093,-0.06215410062426763,-7.774214398437462,-0.00799490436445385,2026-09-18,,,,,
2026-09-04,6178,6178.T,6178_20260828_01,7.0,False,True,2512.5,-2.8717933768656723,-0.3934308390217578,-6.294293974764709,-0.06250595231158788,2026-09-11,-0.5704582555970172,0.4326884563643274,-6.294293974764709,0.06874296912395199,2026-09-18,,,,,
2026-09-04,8316,8316.T,8316_20260827_02,7.0,False,True,7083.0,-52.47045977715128,-51.2119001925122,-53.55708506368146,-0.9562114915630539,2026-09-11,-53.02752988008259,-51.2119001925122,-53.88032435956571,-0.9504749795259952,2026-09-18,,,,,
2026-09-04,8354,8354.T,8354_20260821_01,7.0,False,True,7925.0,-2.532864254731859,-0.5777912978108812,-5.608675324925915,-0.10301742645773727,2026-09-11,-3.5415331723186116,-0.5777912978108812,-5.608675324925915,-0.10301742645773727,2026-09-18,,,,,
2026-09-04,8750,8750.T,8750_20260827_02,7.0,True,False,1877.5,-1.564808120422767,-0.9375003097727652,-6.7923849017090365,-0.13802225924165165,2026-09-11,0.029595955392802686,1.7546948143047247,-6.7923849017090365,0.2583326533605634,2026-09-18,,,,,
2026-09-04,8053,8053.T,8053_20260904_01,7.0,False,True,1820.0,-1.0099104996565966,2.738890573143471,-3.943755084189271,0.6944879980310726,2026-09-11,-2.4224987658825525,2.738890573143471,-4.2425721556275775,0.6455731270263626,2026-09-18,,,,,
2026-09-04,8309,8309.T,8309_20260818_01,7.0,True,False,1801.0,-3.175576827977511,-0.9289446023993064,-5.970169686932325,-0.15559768835927837,2026-09-11,-3.0933877880344296,-0.9289446023993064,-5.970169686932325,-0.15559768835927837,2026-09-18,,,,,
2026-09-04,8604,8604.T,8604_20260818_01,7.0,True,True,1669.0,-0.2696225284601561,0.7789095266626633,-3.325344517675255,0.23423423423423154,2026-09-11,-5.272618334331936,1.1384062312762122,-6.05152786099461,0.18811881188118787,2026-09-18,,,,,
2026-09-04,8411,8411.T,8411_20260818_01,7.0,False,True,8774.0,-2.2083846805903806,0.05164554176659841,-5.056036265586272,0.010214630404873068,2026-09-11,-4.005119440249604,0.05164554176659841,-5.7227441424370085,0.009024611354476065,2026-09-18,,,,,
2026-09-08,8411,8411.T,8411_20260818_01,7.0,True,False,8655.0,-1.5053392186597292,1.0492424655523802,-3.7506253257370226,0.27975134129032125,2026-09-15,-1.1845799032351279,1.0492424655523802,-5.171104846799423,0.20290489105085405,2026-09-25,,,,,
2026-09-08,4689,4689.T,4689_20260903_02,7.0,True,False,526.6,7.273077176996301,8.146600835548789,-3.000382112994926,2.7151877756720135,2026-09-15,-2.7155359299337767,8.412461909240875,-3.627041397645281,2.31937300597185,2026-09-25,,,,,
2026-09-08,6857,6857.T,6857_20260903_02,7.0,False,True,34520.0,-12.63035921205099,-0.8980301274623459,-13.644264194669752,-0.06581740976645475,2026-09-15,-1.5063731170335992,-0.8980301274623459,-13.644264194669752,-0.06581740976645475,2026-09-25,,,,,
2026-09-08,8604,8604.T,8604_20260818_01,7.0,True,False,1662.5,-1.0827067669172963,1.533834586466165,-2.947368421052632,0.5204081632653059,2026-09-15,-4.601503759398495,1.533834586466165,-6.796992481203013,0.22566371681415906,2026-09-25,,,,,
2026-09-08,8601,8601.T,8601_20260818_01,7.0,True,False,1857.5,-1.1305518169582807,0.9421265141319024,-3.6608344549125205,0.2573529411764716,2026-09-15,-0.6460296096904461,0.9421265141319024,-3.6608344549125205,0.2573529411764716,2026-09-25,,,,,
2026-09-08,8309,8309.T,8309_20260818_01,7.0,True,False,1771.5,-1.2289582892322848,0.4980085141718771,-4.404332828769464,0.11307240699859115,2026-09-15,0.3587344323313646,0.7208406328507833,-4.404332828769464,0.1636662488679768,2026-09-25,,,,,
2026-09-09,8015,8015.T,8015_20260828_01,7.0,True,False,7466.0,-1.901504267261589,1.5782963782423387,-3.628125253914083,0.435017059165652,2026-09-16,-1.8483793195821052,1.5782963782423387,-3.628125253914083,0.435017059165652,2026-09-28,,,,,
2026-09-09,8411,8411.T,8411_20260818_01,7.0,True,False,8617.0,-1.4391745604618755,1.494858249896236,-3.326176418040383,0.44942241842269204,2026-09-16,1.241731461065343,1.49486455484229,-4.752920093889868,0.3145149771745622,2026-09-28,,,,,
2026-09-09,5713,5713.T,5713_20260904_01,7.0,False,True,10160.0,-5.56475301427165,0.47131453961832825,-9.36163808816829,0.05034530657770239,2026-09-16,-7.696850393700783,0.47131453961832825,-9.36163808816829,0.05034530657770239,2026-09-28,,,,,
2026-09-09,8309,8309.T,8309_20260818_01,7.0,True,False,1747.5,0.296978384299007,2.1041311479800706,-3.0914309620401204,0.6806333939903016,2026-09-16,2.1888412017167402,2.6123926297426436,-3.0914309620401204,0.8450431731519742,2026-09-28,,,,,
2026-09-09,8604,8604.T,8604_20260818_01,7.0,True,True,1629.0,0.3376304481276904,3.621853898096994,-0.9208103130755041,3.9333333333333456,2026-09-16,-2.0871700429711426,3.621853898096994,-4.880294659300189,0.7421383647798739,2026-09-28,,,,,
2026-09-09,8053,8053.T,8053_20260904_01,7.0,False,True,1861.5,-5.1290712400114185,-2.3934312582039152,-6.377373797068053,-0.3753004503678734,2026-09-16,-5.022831050228316,-1.8356825213644568,-6.377373797068053,-0.2878430181101188,2026-09-28,,,,,
2026-09-09,8601,8601.T,8601_20260818_01,7.0,True,False,1818.0,0.7150715071507108,3.1353135313531455,-1.5676567656765727,2.0,2026-09-16,1.787678767876777,3.1353135313531455,-1.5676567656765727,2.0,2026-09-28,,,,,
2026-09-10,8309,8309.T,8309_20260818_01,7.0,True,False,1734.0,1.8461621206387058,2.8990595046684886,-2.33695248337088,1.2405299317369136,2026-09-17,0.9227220299884653,3.4112780394897735,-2.33695248337088,1.4597121951616487,2026-09-29,,,,,
2026-09-10,9101,9101.T,9101_20260904_02,7.0,True,False,7217.0,3.113180305615204,3.562920584505669,-3.4421263360264853,1.0350929154502289,2026-09-17,-1.9260080365802956,3.562920584505669,-3.4421263360264853,1.0350929154502289,2026-09-29,,,,,
2026-09-10,4689,4689.T,4689_20260903_02,7.0,True,False,515.1,7.513101881764461,10.832852730355746,0.8153732853753981,13.2857587127941,2026-09-17,0.34945144905114134,10.832852730355746,-1.4754416618132482,7.342108475534493,2026-09-29,,,,,
2026-09-10,8601,8601.T,8601_20260818_01,7.0,True,False,1810.5,1.0770505385252704,3.562551781275891,-1.1599005799502904,3.0714285714285707,2026-09-17,-1.353217343275337,3.562551781275891,-1.4913007456503702,2.3888888888888933,2026-09-29,,,,,
2026-09-10,8604,8604.T,8604_20260818_01,7.0,True,False,1638.0,-2.8998778998779007,3.0525030525030417,-3.6019536019536003,0.8474576271186415,2026-09-17,-6.623931623931623,3.0525030525030417,-6.990231990231988,0.4366812227074222,2026-09-29,,,,,
2026-09-11,4689,4689.T,4689_20260903_02,7.0,True,False,522.1,2.8155502380710073,9.346873092139907,2.0877226584945285,4.477066460005757,2026-09-18,-1.6855031999676862,9.346873092139907,-2.796399157249574,3.3424674256207103,2026-09-30,,,,,
2026-09-11,9101,9101.T,9101_20260904_02,7.0,True,False,7198.0,2.34686365787371,3.8362875602080404,-1.1512393850722447,3.332310907663482,2026-09-18,0.20839121978326602,3.8362875602080404,-1.9310919699916607,1.9865897739839948,2026-09-30,,,,,
2026-09-11,8309,8309.T,8309_20260818_01,7.0,True,False,1757.5,-0.6948457503556216,1.5231688085890038,-1.8459657176260191,0.8251338548951255,2026-09-18,0.0,2.0285383331296147,-2.2951828115402306,0.8838242962303824,2026-09-30,,,,,
2026-09-11,8604,8604.T,8604_20260818_01,7.0,True,False,1666.0,-5.102040816326525,1.3205282112845218,-5.882352941176472,0.22448979591836865,2026-09-18,-7.593037214885956,1.3205282112845218,-8.853541416566625,0.14915254237288228,2026-09-30,,,,,
2026-09-11,8601,8601.T,8601_20260818_01,7.0,True,False,1837.0,0.462710941752853,2.0685900925421885,-1.0887316276537828,1.900000000000001,2026-09-18,-2.857920522591184,2.0685900925421885,-3.511159499183447,0.5891472868217061,2026-09-30,,,,,
2026-09-14,8309,8309.T,8309_20260818_01,7.0,True,False,1760.5,-1.340547673778758,1.350167100877675,-2.46167781384945,0.5484743345703517,2026-09-24,,,,,,,,,,
2026-09-14,8604,8604.T,8604_20260818_01,7.0,True,False,1658.5,-6.572203798613208,0.6933976484775339,-6.572203798613208,0.10550458715596234,2026-09-24,,,,,,,,,,
2026-09-14,8750,8750.T,8750_20260911_03,7.0,False,True,1888.0,-2.762067115913003,1.1887921153904246,-2.995999592779297,0.3967931498574132,2026-09-24,,,,,,,,,,
2026-09-14,8725,8725.T,8725_20260818_01,7.0,True,False,5153.0,-5.167679552566462,1.625133419896918,-5.167679552566462,0.3144803007550684,2026-09-24,,,,,,,,,,
2026-09-14,8601,8601.T,8601_20260818_01,7.0,True,False,1839.0,-2.0935290918977723,1.9575856443719397,-2.0935290918977723,0.9350649350649336,2026-09-24,,,,,,,,,,
2026-09-14,7832,7832.T,7832_20260903_01,7.0,False,True,5514.0,-1.0819317164263653,2.7635722196600154,-1.8402054025975945,1.5017737779483835,2026-09-24,,,,,,,,,,
2026-09-14,9101,9101.T,9101_20260904_02,7.0,True,False,7309.0,-2.3698375397626203,2.259351191459502,-2.652431398789168,0.851803817618391,2026-09-24,,,,,,,,,,
2026-09-15,8604,8604.T,8604_20260818_01,7.0,True,False,1653.5,-4.082249773208346,0.3326277592984539,-6.289688539461746,0.05288461538461477,2026-09-25,,,,,,,,,,
2026-09-15,9101,9101.T,9101_20260904_02,7.0,True,False,7338.0,-1.2812625097949004,1.8552191139789453,-2.755674922066642,0.6732358374795557,2026-09-25,,,,,,,,,,
2026-09-15,6701,6701.T,6701_20260914_01,7.0,False,True,4825.0,-0.6249696405440375,1.5833580541321668,-3.2254394028638056,0.4908968535345397,2026-09-25,,,,,,,,,,
2026-09-15,9432,9432.T,9432_20260903_02,7.0,False,True,176.7,-1.8798120020470765,0.3489208763063356,-2.659879210019489,0.13117921858706474,2026-09-25,,,,,,,,,,
2026-09-15,8601,8601.T,8601_20260818_01,7.0,True,False,1848.5,-0.1622937516905565,0.45983229645658596,-2.5967000270489593,0.17708333333333312,2026-09-25,,,,,,,,,,
2026-09-15,7832,7832.T,7832_20260903_01,7.0,False,True,5565.0,-0.7004839819182429,1.4282544879558712,-2.7397830350266106,0.5213020409632543,2026-09-25,,,,,,,,,,
2026-09-15,8750,8750.T,8750_20260911_03,7.0,False,True,1890.0,-0.9695160073578069,1.0817140284958393,-3.0986493286599526,0.34909210877490265,2026-09-25,,,,,,,,,,
2026-09-15,8309,8309.T,8309_20260818_01,7.0,True,False,1782.0,-0.2326049119668938,0.12736766615890627,-3.6384869760280325,0.03500566773993173,2026-09-25,,,,,,,,,,
2026-09-15,8725,8725.T,8725_20260818_01,7.0,True,True,5137.0,-3.7238930644101664,1.9416609913819105,-5.274263772518073,0.36813877256178834,2026-09-25,,,,,,,,,,
2026-09-16,9101,9101.T,9101_20260904_02,7.0,True,False,7388.0,-2.77476989713048,1.165890343581144,-3.413798399854495,0.3415229041149112,2026-09-28,,,,,,,,,,
2026-09-16,8601,8601.T,8601_20260818_01,7.0,True,False,1826.0,1.341730558598031,2.2453450164293454,-1.3964950711938706,1.6078431372548911,2026-09-28,,,,,,,,,,
2026-09-16,4689,4689.T,4689_20260903_02,7.0,False,True,566.0,-8.869260107249332,-1.042407140293733,-10.335689045936391,-0.1008551181891031,2026-09-28,,,,,,,,,,
2026-09-16,9104,9104.T,9104_20260904_02,7.0,False,True,7145.0,-1.735479356193137,3.2322568592746626,-2.9360148562649235,1.1008993542309953,2026-09-28,,,,,,,,,,
2026-09-16,8725,8725.T,8725_20260818_01,7.0,True,False,5186.0,-3.8372541457770915,0.9784636545948411,-6.169281334250931,0.15860253432803537,2026-09-28,,,,,,,,,,
2026-09-16,8750,8750.T,8750_20260911_03,7.0,False,True,1912.0,-0.23535564853556235,0.02130667292434829,-4.213623028853197,0.005056615833559091,2026-09-28,,,,,,,,,,
2026-09-16,7832,7832.T,7832_20260903_01,7.0,False,True,5483.0,0.8571949662593559,2.9451461290305403,-1.0310359935247981,2.8564920599541654,2026-09-28,,,,,,,,,,
2026-09-16,6701,6701.T,6701_20260914_01,7.0,False,True,4786.0,-0.585039699122436,2.4111371941470505,-2.436846034019602,0.9894499531305454,2026-09-28,,,,,,,,,,
2026-09-16,8309,8309.T,8309_20260818_01,7.0,True,False,1795.0,-0.5153203342618373,-0.10297709165721924,-4.3363698001570805,-0.023747303943840076,2026-09-28,,,,,,,,,,
2026-09-16,8604,8604.T,8604_20260818_01,7.0,True,False,1646.0,-3.0984204131227266,-0.3037667071688954,-5.862697448359655,-0.051813471502590906,2026-09-28,,,,,,,,,,
2026-09-17,8750,8750.T,8750_20260911_03,7.0,False,True,1940.0,-3.530927835051545,-1.4222998151384836,-5.596106820189339,-0.25415880376106925,2026-09-29,,,,,,,,,,
2026-09-17,8628,8628.T,8628_20260917_01,7.0,True,False,1187.0,-7.834877843302445,-2.997585937084424,-7.919123841617526,-0.37852494758715,2026-09-29,,,,,,,,,,
2026-09-17,8725,8725.T,8725_20260818_01,7.0,True,False,5271.0,-7.987099222158978,-0.6499122533240698,-7.987099222158978,-0.08137024910382835,2026-09-29,,,,,,,,,,
2026-09-17,8331,8331.T,8331_20260818_01,7.0,False,True,2777.0,-0.3601008282319018,2.6137497761236084,-4.881113132496894,0.5354823183101609,2026-09-29,,,,,,,,,,
2026-09-17,6701,6701.T,6701_20260914_01,7.0,False,True,4906.0,-2.4663677130044803,-0.2359096292272156,-4.8232256662898205,-0.04891117388017319,2026-09-29,,,,,,,,,,
2026-09-17,8601,8601.T,8601_20260818_01,7.0,True,False,1853.0,-3.615758229897459,0.7555315704263377,-3.7506745817593057,0.20143884892086403,2026-09-29,,,,,,,,,,
2026-09-17,8309,8309.T,8309_20260818_01,7.0,True,False,1793.0,-2.3982152816508617,0.008452939473113652,-4.2296619025554705,0.001998490581009931,2026-09-29,,,,,,,,,,
2026-09-17,8604,8604.T,8604_20260818_01,7.0,True,False,1620.5,-5.615550755939525,-0.8947855600123455,-5.98580684973774,-0.14948453608247472,2026-09-29,,,,,,,,,,
2026-09-18,8604,8604.T,8604_20260818_01,7.0,True,False,1581.0,-2.6565464895635715,1.486401012017713,-3.9531941808981674,0.3760000000000005,2026-09-30,,,,,,,,,,
2026-09-18,8309,8309.T,8309_20260818_01,7.0,True,False,1768.5,-0.6219960418433645,1.3939248631468892,-2.902902907142757,0.4801830814654731,2026-09-30,,,,,,,,,,
2026-09-18,8628,8628.T,8628_20260917_01,7.0,True,False,1172.0,-7.849829351535831,-2.2556309210758685,-8.276450511945388,-0.27253602469081645,2026-09-30,,,,,,,,,,
2026-09-18,8601,8601.T,8601_20260818_01,7.0,True,False,1845.5,-3.3324302357084834,1.1649959360606976,-3.9555675968572235,0.29452054794520766,2026-09-30,,,,,,,,,,
2026-09-18,8725,8725.T,8725_20260818_01,7.0,True,False,5217.0,-7.034694268736819,-2.184731301028564,-7.456392562775537,-0.293001110474705,2026-09-30,,,,,,,,,,
2026-09-24,8309,8309.T,8309_20260818_01,7.0,True,False,1760.0,,,,,,,,,,,,,,,
2026-09-24,8601,8601.T,8601_20260818_01,7.0,True,False,1835.0,,,,,,,,,,,,,,,
2026-09-24,8628,8628.T,8628_20260917_01,7.0,True,False,1161.0,,,,,,,,,,,,,,,
2026-09-24,4689,4689.T,4689_20260903_02,7.0,True,False,521.8,,,,,,,,,,,,,,,
2026-09-24,9503,9503.T,9503_20260911_02,7.0,True,False,2826.5,,,,,,,,,,,,,,,
2026-09-25,8601,8601.T,8601_20260818_01,7.0,True,False,1809.5,,,,,,,,,,,,,,,
2026-09-25,8628,8628.T,8628_20260917_01,7.0,True,False,1146.0,,,,,,,,,,,,,,,
2026-09-25,9101,9101.T,9101_20260904_02,7.0,True,True,7288.0,,,,,,,,,,,,,,,
2026-09-25,8725,8725.T,8725_20260818_01,7.0,True,False,4957.0,,,,,,,,,,,,,,,
2026-09-25,8354,8354.T,8354_20260821_01,7.0,False,True,7808.0,,,,,,,,,,,,,,,
2026-09-25,8053,8053.T,8053_20260904_01,7.0,False,True,1777.5,,,,,,,,,,,,,,,
2026-09-25,6301,6301.T,6301_20260925_01,7.0,False,True,7477.0,,,,,,,,,,,,,,,
2026-09-25,8309,8309.T,8309_20260818_01,7.0,True,False,1775.0,,,,,,,,,,,,,,,
2026-09-25,8308,8308.T,8308_20260925_03,7.0,False,True,2487.5,,,,,,,,,,,,,,,
2026-09-25,6302,6302.T,6302_20260925_01,7.0,False,True,5949.0,,,,,,,,,,,,,,,
2026-09-25,5020,5020.T,5020_20260925_01,7.0,False,True,1438.5,,,,,,,,,,,,,,,
2026-09-28,8308,8308.T,8308_20260925_03,7.0,False,True,2560.0,,,,,,,,,,,,,,,
2026-09-28,6302,6302.T,6302_20260925_01,7.0,False,True,6005.0,,,,,,,,,,,,,,,
2026-09-28,8309,8309.T,8309_20260818_01,7.0,True,False,1807.0,,,,,,,,,,,,,,,
2026-09-28,8411,8411.T,8411_20260818_01,7.0,False,True,8754.0,,,,,,,,,,,,,,,
2026-09-28,8628,8628.T,8628_20260917_01,7.0,True,False,1157.0,,,,,,,,,,,,,,,
2026-09-28,8725,8725.T,8725_20260818_01,7.0,True,False,5064.0,,,,,,,,,,,,,,,
2026-09-28,8604,8604.T,8604_20260818_01,7.0,True,False,1588.5,,,,,,,,,,,,,,,
2026-09-28,8601,8601.T,8601_20260818_01,7.0,True,False,1854.0,,,,,,,,,,,,,,,
2026-09-28,6301,6301.T,6301_20260925_01,7.0,False,True,7716.0,,,,,,,,,,,,,,,
2026-09-28,8316,8316.T,8316_20260827_02,7.0,False,True,7022.0,,,,,,,,,,,,,,,
2026-09-29,8331,8331.T,8331_20260818_01,7.0,False,True,2765.0,,,,,,,,,,,,,,,
2026-09-29,8725,8725.T,8725_20260818_01,7.0,True,False,4920.0,,,,,,,,,,,,,,,
2026-09-29,8316,8316.T,8316_20260827_02,7.0,True,True,3370.0,,,,,,,,,,,,,,,
2026-09-29,8750,8750.T,8750_20260911_03,7.0,True,False,1878.5,,,,,,,,,,,,,,,
2026-09-29,5019,5019.T,5019_20260916_03,7.0,True,False,1590.0,,,,,,,,,,,,,,,
2026-09-29,8354,8354.T,8354_20260821_01,7.0,False,True,7746.0,,,,,,,,,,,,,,,
2026-09-29,8308,8308.T,8308_20260925_03,7.0,False,True,2490.5,,,,,,,,,,,,,,,
2026-09-29,8309,8309.T,8309_20260818_01,7.0,True,False,1757.0,,,,,,,,,,,,,,,
2026-09-30,8309,8309.T,8309_20260818_01,7.0,True,False,1756.0,,,,,,,,,,,,,,,
2026-09-30,5019,5019.T,5019_20260916_03,7.0,True,False,1568.0,,,,,,,,,,,,,,,
2026-09-30,8316,8316.T,8316_20260827_02,7.0,True,True,3386.0,,,,,,,,,,,,,,,
2026-09-30,8411,8411.T,8411_20260818_01,7.0,True,True,8662.0,,,,,,,,,,,,,,,
2026-09-30,9101,9101.T,9101_20260904_02,7.0,True,False,7204.0,,,,,,,,,,,,,,,
2026-09-30,8354,8354.T,8354_20260821_01,7.0,False,True,7845.0,,,,,,,,,,,,,,,
2026-09-30,8331,8331.T,8331_20260818_01,7.0,False,True,2801.0,,,,,,,,,,,,,,,
2026-09-30,8306,8306.T,8306_20260818_01,7.0,False,True,3612.0,,,,,,,,,,,,,,,
2026-09-30,6301,6301.T,6301_20260925_01,7.0,False,True,7480.0,,,,,,,,,,,,,,,
2026-09-30,8308,8308.T,8308_20260925_03,7.0,False,True,2502.0,,,,,,,,,,,,,,,
