date,model_version,code,name,close,return_5d,return_20d,momentum_acceleration,ma25_distance,volume_ratio_20d,drawdown_252d_high,peak_age,higher_low,ma5_rising,volatility_contracting,long_adjustment,high_base,early_price_setup,confirm_setup,early_grade,margin_data_available,margin_buy_latest,margin_sell_latest,margin_buy_change_4obs_pct,margin_buy_change_13obs_pct,strategy,reason,margin_date
2026-03-27,7.1-EARLY-RESEARCH-R2,7205,7205,387.0,-2.0253164556962022,-12.045454545454549,0.9860471806674348,-6.629994209612045,1.5975295197929116,-21.80238432006466,209,True,False,True,True,False,False,False,C,False,,,,,NONE,長期調整後 / 安値切り上げ / 出来高1.6倍 / 勢い改善,
2026-08-25,7.1-EARLY-RESEARCH-R2,6920,レーザーテック,34950.0,-5.5915721231766575,-19.76584022038568,-0.6501120680802384,-11.066891946909852,0.6379199543004035,-40.3379993171731,45,False,False,True,False,False,False,False,E,False,,,,,NONE,,
2026-08-25,7.1-EARLY-RESEARCH,1332,ニッスイ,1296.0,0.0,0.2707930367504829,-0.0676982591876207,1.5037593984962516,0.6488031030543703,-17.452229299363054,119,True,False,True,True,False,False,False,D,False,,,,,NONE,長期調整後 / 安値切り上げ / 25日線付近,
2026-08-25,7.1-EARLY-RESEARCH,5108,ブリヂストン,4134.0,1.4727540500736325,7.1539657853810334,-0.3157373962716259,3.086099585062252,0.4277532445396262,-44.51006711409397,176,False,True,True,True,False,False,False,D,False,,,,,NONE,長期調整後 / 5日線上向き,
2026-08-25,7.1-EARLY-RESEARCH,4901,富士フイルムホールディングス,3249.0,2.105593966059072,-15.19185591229444,5.9035579441326815,-7.313371522468448,0.6111105858979291,-16.862845445240538,12,False,True,True,False,False,False,False,D,False,,,,,NONE,5日線上向き / 勢い改善,
2026-08-25,7.1-EARLY-RESEARCH,4631,ＤＩＣ,5095.0,-7.279344858962689,12.298875909191098,-10.354063836260464,4.358690754168215,0.647638534557557,-13.29135466303608,8,False,False,True,False,False,False,False,E,False,,,,,NONE,,
2026-08-25,7.1-EARLY-RESEARCH,5214,日本電気硝子,4768.0,-6.04926108374384,-14.963438558944176,-2.308401444007796,-6.371012716890123,0.5967176200580262,-43.08224901516056,79,False,False,True,True,False,False,False,E,False,,,,,NONE,長期調整後,
2026-08-25,7.1-EARLY-RESEARCH,3402,東レ,1270.5,-5.46875,7.806533729316922,-7.42038343232923,1.949927780452576,0.6151796471330099,-8.924731182795698,10,False,False,True,False,False,False,False,E,False,,,,,NONE,25日線付近,
2026-08-25,7.1-EARLY-RESEARCH,4004,レゾナック・ホールディングス,16180.0,-4.683357879234162,15.819613457408742,-8.638261243586348,5.924713584288055,0.5223526513026352,-21.05391558916809,71,False,False,True,True,False,False,False,E,False,,,,,NONE,長期調整後,
2026-08-25,7.1-EARLY-RESEARCH,4043,トクヤマ,4023.0,-4.10011918951132,-11.698858647936785,-1.175404527527124,-3.1955339525482462,0.4274200651810094,-30.253120665742028,56,False,False,True,False,False,False,False,E,False,,,,,NONE,,
2026-08-25,7.1-EARLY-RESEARCH,5232,住友大阪セメント,5621.0,-4.078498293515354,-1.4551192145862537,-3.7147184898687904,-0.8243173621844457,0.339576692068791,-13.748657357679916,46,False,False,True,False,True,False,False,E,False,,,,,NONE,高値持ち合い後 / 25日線付近,
2026-08-25,7.1-EARLY-RESEARCH,4188,三菱ケミカルグループ,1136.0,-4.013519222644701,-7.265306122448978,-2.197192692032457,-3.609550800142547,0.7836944086354749,-10.055423594615998,8,False,False,False,False,False,False,False,E,False,,,,,NONE,,
2026-08-25,7.1-EARLY-RESEARCH,4911,資生堂,3685.0,7.246798603026772,12.450411962160524,4.134195612486641,8.439762227061397,0.4805828173530378,-1.523249599144838,0,True,True,True,False,False,False,False,C,False,,,,,NONE,安値切り上げ / 5日線上向き / 勢い改善,
2026-08-25,7.1-EARLY-RESEARCH-R2,6724,セイコーエプソン,3117.0,1.762977473065619,0.5808325266214887,1.6177693414102468,2.353103430158865,0.5534347591292527,-5.830815709969784,9,False,True,True,False,False,False,False,C,False,,,,,NONE,5日線上向き / 勢い改善 / 25日線付近,
2026-08-25,7.1-EARLY-RESEARCH,5101,横浜ゴム,7467.0,-2.3538642604943094,-0.9418944016980624,-2.1183906600697937,-1.7189638833315812,0.7632760786633833,-9.93848751658425,9,False,False,False,False,False,False,False,E,False,,,,,NONE,25日線付近,
2026-08-25,7.1-EARLY-RESEARCH,2801,キッコーマン,1830.5,3.41807909604519,11.854567674915971,0.4544371773161968,6.3848335503068565,0.5315399817125328,-1.9812583668005312,2,True,True,True,False,False,False,False,C,False,,,,,NONE,安値切り上げ / 5日線上向き / 勢い改善,
2026-08-25,7.1-EARLY-RESEARCH,5201,ＡＧＣ,5715.0,-3.690596562184023,-8.706070287539935,-1.5140789902990393,-4.079837800096675,0.5760345448002879,-31.268791340950088,57,False,False,True,False,False,False,False,E,False,,,,,NONE,,
2026-08-25,7.1-EARLY-RESEARCH-R2,5020,ＥＮＥＯＳホールディングス,1341.5,1.744406522563513,1.3600302228938377,1.4043989668400536,2.638062156661713,1.0083628821837158,-13.590982286634455,119,True,True,True,False,True,False,False,A,False,,,,,NONE,高値持ち合い後 / 安値切り上げ / 5日線上向き / 勢い改善 / 25日線付近,
2026-08-25,7.1-EARLY-RESEARCH,3401,帝人,1737.5,-0.6859102600743072,0.230747043553503,-0.743597020962683,1.3899911301993306,0.6086560159367034,-4.74232456140351,9,False,True,True,False,False,False,False,E,False,,,,,NONE,5日線上向き / 25日線付近,
2026-08-25,7.1-EARLY-RESEARCH,3407,旭化成,1633.5,-3.085137941263716,-12.76368491321762,0.1057832870406891,-5.240625580100233,0.6673363128349555,-14.296956977964326,34,False,False,True,False,True,False,False,E,False,,,,,NONE,高値持ち合い後 / 勢い改善,
2026-08-25,7.1-EARLY-RESEARCH,4042,東ソー,2635.0,-2.551775147928992,-7.348804500703232,-0.7145740227531838,-3.0907967517947443,0.7468813460980562,-14.614387556707708,48,False,False,True,False,True,False,False,E,False,,,,,NONE,高値持ち合い後,
2026-08-25,7.1-EARLY-RESEARCH,4061,デンカ,3411.0,-2.431350114416475,-5.851504278222464,-0.9684740448608592,-3.237336601307184,0.5480248271853528,-27.30179028132992,45,False,False,True,False,False,False,False,E,False,,,,,NONE,,
2026-08-25,7.1-EARLY-RESEARCH,4183,三井化学,2123.0,-3.718820861678007,-3.762466001813236,-2.7782043612246983,-1.7293414060619572,0.6236008737550459,-47.16276754604281,178,False,False,True,True,False,False,False,E,False,,,,,NONE,長期調整後 / 25日線付近,
2026-08-25,7.1-EARLY-RESEARCH,4523,エーザイ,4861.0,1.715840133919233,2.272249105827906,1.1477778574622566,1.5874475448481196,0.4678899966905185,-9.123200598242663,232,True,True,True,False,True,False,False,A,False,,,,,NONE,高値持ち合い後 / 安値切り上げ / 5日線上向き / 勢い改善 / 25日線付近,
2026-08-25,7.1-EARLY-RESEARCH,4519,中外製薬,6950.0,1.5043084562582187,1.4894859813084027,1.131936960931118,-0.7001000142877523,0.4896700237913881,-35.046728971962615,122,True,True,True,True,False,False,False,A,False,,,,,NONE,長期調整後 / 安値切り上げ / 5日線上向き / 勢い改善 / 25日線付近,
2026-08-25,7.1-EARLY-RESEARCH,1605,ＩＮＰＥＸ,3878.0,-0.5641025641025643,6.188389923329685,-2.1112000449349857,5.3323482757871465,0.7448457654892404,-21.7356205852674,100,True,True,True,True,False,False,False,D,False,,,,,NONE,長期調整後 / 安値切り上げ / 5日線上向き,
2026-08-25,7.1-EARLY-RESEARCH,1963,日揮ホールディングス,2259.0,-3.420265070542972,-4.7237452551666,-2.2393287567513216,-1.2476284567701557,0.5732516365823901,-22.83518360375747,64,False,False,True,True,False,False,False,E,False,,,,,NONE,長期調整後 / 25日線付近,
2026-08-25,7.1-EARLY-RESEARCH,4208,ＵＢＥ,3530.0,-3.7884982284001056,6.133493686109448,-5.321871649927468,4.166666666666652,0.5485733695652174,-4.928629140856455,8,False,False,True,False,False,False,False,E,False,,,,,NONE,,
2026-08-25,7.1-EARLY-RESEARCH,1802,大林組,3011.0,-0.0332005312084993,-9.606724707295111,2.3684806456152785,-3.365363013742595,0.613364124552256,-32.16940752421716,120,False,False,True,True,False,False,False,E,False,,,,,NONE,長期調整後 / 勢い改善,
2026-08-25,7.1-EARLY-RESEARCH,4005,住友化学,555.1,4.263711495116462,1.853211009174327,3.800408742822881,5.350459662787466,0.4718509083426644,-11.183999999999994,69,False,True,True,False,True,False,False,C,False,,,,,NONE,高値持ち合い後 / 5日線上向き / 勢い改善,
2026-08-25,7.1-EARLY-RESEARCH,6988,日東電工,3381.0,-2.396073903002305,-2.028397565922924,-1.888974511521574,-1.4607475110168022,0.4418454752308397,-16.887905604719766,201,False,False,True,True,False,False,False,E,False,,,,,NONE,長期調整後 / 25日線付近,
2026-08-25,7.1-EARLY-RESEARCH-R2,7733,オリンパス,2166.0,2.3629489603024467,19.437551695616207,-2.496438963601605,11.27322045043564,0.7123498710617215,-2.01311920380004,3,True,True,True,False,False,False,False,D,False,,,,,NONE,安値切り上げ / 5日線上向き,
2026-08-25,7.1-EARLY-RESEARCH-R2,8267,イオン,1395.5,3.255641879393268,1.2699564586357015,2.938152764734342,1.5736454421055646,1.013727610762568,-75.38366554947963,244,True,True,True,True,False,False,False,A,False,,,,,NONE,長期調整後 / 安値切り上げ / 5日線上向き / 勢い改善 / 25日線付近,
2026-08-25,7.1-EARLY-RESEARCH-R2,4452,花王,3614.0,3.1098430813124134,10.048721071863586,0.5976628133465169,5.336178051368146,0.6958373659873106,-48.42300556586271,233,True,True,True,True,False,False,False,B,False,,,,,NONE,長期調整後 / 安値切り上げ / 5日線上向き / 勢い改善,
2026-08-25,7.1-EARLY-RESEARCH-R2,9005,東急,1678.0,2.192448233861155,-6.36160714285714,3.78285001957544,-1.486508700655187,0.7048696295267395,-16.558925907508705,119,True,True,True,True,False,False,False,A,False,,,,,NONE,長期調整後 / 安値切り上げ / 5日線上向き / 勢い改善 / 25日線付近,
2026-08-25,7.1-EARLY-RESEARCH,2501,サッポロビール,1933.5,0.0258665287118375,-6.049562682215748,1.5382571992657743,-2.668009061162846,0.6190743532647436,-76.64008698803914,179,False,False,True,True,False,False,False,C,False,,,,,NONE,長期調整後 / 勢い改善 / 25日線付近,
2026-08-25,7.1-EARLY-RESEARCH,1808,長谷工コーポレーション,2867.0,2.2650258605314777,0.561206594177488,2.1247242119871057,2.837261020840054,0.6984656210662402,-18.804871141319733,130,True,True,True,True,False,False,False,A,False,,,,,NONE,長期調整後 / 安値切り上げ / 5日線上向き / 勢い改善 / 25日線付近,
2026-08-25,7.1-EARLY-RESEARCH,4578,大塚ホールディングス,12090.0,0.4152823920265724,6.754966887417213,-1.2734593298277308,2.3136942944671057,0.367607095212214,-5.509964830011727,10,True,True,True,False,False,False,False,C,False,,,,,NONE,安値切り上げ / 5日線上向き / 25日線付近,
2026-08-25,7.1-EARLY-RESEARCH,1721,コムシスホールディングス,5355.0,0.7146887342486474,0.1496166074434368,0.6772845823877882,1.5319858935952446,0.6219690872696506,-13.781999677990663,73,False,False,True,False,True,False,False,C,False,,,,,NONE,高値持ち合い後 / 勢い改善 / 25日線付近,
2026-08-25,7.1-EARLY-RESEARCH,1801,大成建設,12805.0,0.8664828672705793,-7.444886158294183,2.727704406844125,-1.877394636015328,0.9821740390402663,-38.08027079303675,118,False,False,True,True,False,False,False,C,False,,,,,NONE,長期調整後 / 勢い改善 / 25日線付近,
2026-08-25,7.1-EARLY-RESEARCH,5020,ＥＮＥＯＳホールディングス,1341.5,1.744406522563513,1.3600302228938377,1.4043989668400536,2.638062156661713,1.0083628821837158,-13.590982286634455,119,True,True,True,False,True,False,False,A,False,,,,,NONE,高値持ち合い後 / 安値切り上げ / 5日線上向き / 勢い改善 / 25日線付近,
2026-08-25,7.1-EARLY-RESEARCH-R2,9064,ヤマトホールディングス,1949.0,1.1154345006485045,-5.731559854897217,2.5483244643728087,-1.925263931242016,1.1516275030479148,-24.10436137071651,235,True,True,True,True,False,True,False,A,False,,,,,A_EARLY,長期調整後 / 安値切り上げ / 5日線上向き / 出来高1.2倍 / 勢い改善 / 25日線付近,
2026-08-25,7.1-EARLY-RESEARCH,3101,東洋紡,1650.0,1.726263871763245,2.3573200992555776,1.1369338469493506,2.770441975185612,0.6107924921793535,-15.16709511568124,59,False,True,True,False,False,False,False,C,False,,,,,NONE,5日線上向き / 勢い改善 / 25日線付近,
2026-08-25,7.1-EARLY-RESEARCH-R2,8253,クレディセゾン,4735.0,1.9814774930002168,2.0474137931034475,1.4696240447243547,1.697609085988705,0.7029112691769287,-4.1497975708502,128,True,True,True,False,True,False,False,A,False,,,,,NONE,高値持ち合い後 / 安値切り上げ / 5日線上向き / 勢い改善 / 25日線付近,
2026-08-25,7.1-EARLY-RESEARCH-R2,6098,リクルートホールディングス,16605.0,3.6516853932584192,32.73381294964028,-4.531767844151651,16.539400915190484,0.7037766903758701,-2.2084805653710293,8,False,True,True,False,False,False,False,E,False,,,,,NONE,5日線上向き,
2026-08-25,7.1-EARLY-RESEARCH,3103,ユニチカ,1543.0,1.982815598149368,79.62747380675204,-17.92405285353864,36.153466045460966,1.3501530006869418,-64.7716894977169,84,True,False,True,True,False,False,False,C,False,,,,,NONE,長期調整後 / 安値切り上げ / 出来高1.4倍,
2026-08-25,7.1-EARLY-RESEARCH-R2,2002,日清製粉グループ本社,2066.0,2.8372324539571947,-0.409737286093037,2.939666775480454,1.7383168365588286,0.838404927961145,-6.026836479417785,92,True,True,True,False,True,False,False,A,False,,,,,NONE,高値持ち合い後 / 安値切り上げ / 5日線上向き / 勢い改善 / 25日線付近,
2026-08-25,7.1-EARLY-RESEARCH,2282,日本ハム,6407.0,1.3124604680581964,0.3445575567736947,1.2263210788647727,2.17914122953069,0.4832781806660565,-13.652291105121297,96,True,True,True,False,True,False,False,A,False,,,,,NONE,高値持ち合い後 / 安値切り上げ / 5日線上向き / 勢い改善 / 25日線付近,
2026-08-25,7.1-EARLY-RESEARCH,2503,キリンホールディングス,3084.0,2.8000000000000025,3.908355795148255,1.8229110512129387,3.1810821300001235,0.7075519149241934,-2.435937994305604,18,True,True,True,False,False,False,False,C,False,,,,,NONE,安値切り上げ / 5日線上向き / 勢い改善,
2026-08-25,7.1-EARLY-RESEARCH-R2,9532,大阪瓦斯,5618.0,3.1961792799412247,0.897988505747116,2.971682153504446,2.564664300632402,0.5844704370313172,-17.7211482132396,116,True,True,True,True,False,False,False,A,False,,,,,NONE,長期調整後 / 安値切り上げ / 5日線上向き / 勢い改善 / 25日線付近,
2026-08-25,7.1-EARLY-RESEARCH,1812,鹿島建設,4835.0,-1.1449601308525903,-14.50044208664898,2.4801503908096545,-6.4094523549588445,0.7146008853792277,-39.86318407960199,130,False,False,True,True,False,False,False,E,False,,,,,NONE,長期調整後 / 勢い改善,
2026-08-25,7.1-EARLY-RESEARCH-R2,4519,中外製薬,6950.0,1.5043084562582187,1.4894859813084027,1.131936960931118,-0.7001000142877523,0.4896700237913881,-35.046728971962615,122,True,True,True,True,False,False,False,A,False,,,,,NONE,長期調整後 / 安値切り上げ / 5日線上向き / 勢い改善 / 25日線付近,
2026-08-25,7.1-EARLY-RESEARCH-R2,2282,日本ハム,6407.0,1.3124604680581964,0.3445575567736947,1.2263210788647727,2.17914122953069,0.4832781806660565,-13.652291105121297,96,True,True,True,False,True,False,False,A,False,,,,,NONE,高値持ち合い後 / 安値切り上げ / 5日線上向き / 勢い改善 / 25日線付近,
2026-08-25,7.1-EARLY-RESEARCH-R2,9301,三菱倉庫,1525.5,0.8928571428571397,-6.811240073304825,2.595667161183346,-1.185386708122815,0.6988288281016684,-7.629427792915533,20,True,True,True,False,True,False,False,A,False,,,,,NONE,高値持ち合い後 / 安値切り上げ / 5日線上向き / 勢い改善 / 25日線付近,
2026-08-25,7.1-EARLY-RESEARCH-R2,4151,協和キリン,2566.0,0.0780031201248032,-3.5700864336715488,0.9705247285426905,-0.6827576597358664,0.7151351496347428,-11.881868131868137,120,True,True,True,False,True,False,False,A,False,,,,,NONE,高値持ち合い後 / 安値切り上げ / 5日線上向き / 勢い改善 / 25日線付近,
2026-08-25,7.1-EARLY-RESEARCH,5019,出光興産,1378.5,0.5837285662167124,4.908675799086759,-0.6434403835549773,4.832086147107129,0.8116638678707361,-17.50448833034112,94,True,True,True,True,False,False,False,C,False,,,,,NONE,長期調整後 / 安値切り上げ / 5日線上向き,
2026-08-25,7.1-EARLY-RESEARCH-R2,4523,エーザイ,4861.0,1.715840133919233,2.272249105827906,1.1477778574622566,1.5874475448481196,0.4678899966905185,-9.123200598242663,232,True,True,True,False,True,False,False,A,False,,,,,NONE,高値持ち合い後 / 安値切り上げ / 5日線上向き / 勢い改善 / 25日線付近,
2026-08-25,7.1-EARLY-RESEARCH-R2,6326,クボタ,2802.5,5.75471698113208,-2.775368603642669,6.448559132042747,2.716630381398488,0.5007531367316976,-14.244186046511633,129,False,True,True,False,True,False,False,B,False,,,,,NONE,高値持ち合い後 / 5日線上向き / 勢い改善 / 25日線付近,
2026-08-25,7.1-EARLY-RESEARCH,2802,味の素,5497.0,-0.6865401987353192,8.443479976326685,-2.7974101928169905,4.934218061589912,0.5233094567244732,-13.296529968454262,34,False,False,True,False,True,False,False,E,False,,,,,NONE,高値持ち合い後,
2026-08-25,7.1-EARLY-RESEARCH,4452,花王,3614.0,3.1098430813124134,10.048721071863586,0.5976628133465169,5.336178051368146,0.6958373659873106,-48.42300556586271,233,True,True,True,True,False,False,False,B,False,,,,,NONE,長期調整後 / 安値切り上げ / 5日線上向き / 勢い改善,
2026-08-25,7.1-EARLY-RESEARCH,2269,明治ホールディングス,4411.0,3.9349670122525993,16.32383966244726,-0.1459929033592155,9.86301369863014,1.258126383776847,-0.4288939051918738,0,True,True,True,False,False,False,False,C,False,,,,,NONE,安値切り上げ / 5日線上向き / 出来高1.3倍,
2026-08-25,7.1-EARLY-RESEARCH,2871,ニチレイ,2174.0,1.5176278309596114,-0.9792757913914872,1.7624467788074831,-0.51527049412885,0.4893415662371526,-8.231321232587586,18,True,True,True,False,False,False,False,B,False,,,,,NONE,安値切り上げ / 5日線上向き / 勢い改善 / 25日線付近,
2026-08-25,7.1-EARLY-RESEARCH,2002,日清製粉グループ本社,2066.0,2.8372324539571947,-0.409737286093037,2.939666775480454,1.7383168365588286,0.838404927961145,-6.026836479417785,92,True,True,True,False,True,False,False,A,False,,,,,NONE,高値持ち合い後 / 安値切り上げ / 5日線上向き / 勢い改善 / 25日線付近,
2026-08-25,7.1-EARLY-RESEARCH,2914,日本たばこ産業,6986.0,0.7789959607616748,6.966773847802776,-0.9626975011890192,1.9907615582716696,0.6094673417136697,-3.214186755333892,16,False,False,True,False,False,False,False,E,False,,,,,NONE,25日線付近,
2026-08-25,7.1-EARLY-RESEARCH,2502,アサヒグループホールディングス,1688.0,2.365069739235892,0.8363201911588902,2.1559896914461696,0.8013949766508599,0.6285769603097774,-14.962216624685142,251,False,True,True,False,True,False,False,B,False,,,,,NONE,高値持ち合い後 / 5日線上向き / 勢い改善 / 25日線付近,
2026-08-25,7.1-EARLY-RESEARCH-R2,8252,丸井グループ,3022.0,2.7366989631140592,1.019555406986461,2.481810111367444,2.0125709733390007,2.796186664983075,-10.246510246510244,230,True,True,True,False,True,True,True,A,False,,,,,B_EARLY_CONFIRMED,高値持ち合い後 / 安値切り上げ / 5日線上向き / 出来高2.8倍 / 勢い改善 / 25日線付近,
2026-08-25,7.1-EARLY-RESEARCH,4506,住友ファーマ,1442.0,4.872727272727273,10.880430603613988,2.152619621823776,8.723516549800191,0.5570176244165208,-56.14355231143553,127,True,True,True,True,False,False,False,B,False,,,,,NONE,長期調整後 / 安値切り上げ / 5日線上向き / 勢い改善,
2026-08-25,7.1-EARLY-RESEARCH-R2,3092,ＺＯＺＯ,1148.5,3.936651583710416,-1.4163090128755385,4.2907288369293,0.2951655721671109,0.6032776656625037,-24.73787680209698,251,True,True,True,True,False,False,False,A,False,,,,,NONE,長期調整後 / 安値切り上げ / 5日線上向き / 勢い改善 / 25日線付近,
2026-08-25,7.1-EARLY-RESEARCH,3405,クラレ,1789.0,-3.11399945843488,-4.992033988316513,-1.865990961355752,-3.3620708282016354,0.9641414315804012,-14.319923371647514,11,False,False,True,False,False,False,False,E,False,,,,,NONE,,
2026-08-25,7.1-EARLY-RESEARCH,3861,王子ホールディングス,869.2,0.3231763619575334,-1.4959202175883868,0.6971564163546301,-0.2712365356990487,0.7016945116869717,-12.264055718179067,121,False,True,True,False,True,False,False,B,False,,,,,NONE,高値持ち合い後 / 5日線上向き / 勢い改善 / 25日線付近,
2026-08-25,7.1-EARLY-RESEARCH-R2,8233,高島屋,2446.0,7.967336128889868,5.294877313818347,6.643616800435281,5.698926589805198,1.3650226241337382,-6.229633889208353,40,True,True,True,False,True,False,False,A,False,,,,,NONE,高値持ち合い後 / 安値切り上げ / 5日線上向き / 出来高1.4倍 / 勢い改善,
2026-08-25,7.1-EARLY-RESEARCH,4503,アステラス製薬,2415.0,4.522830556156676,9.2760180995475,2.2038260312698013,5.908975292291219,0.6458323620831043,-11.1152005888848,93,True,True,True,False,True,False,False,B,False,,,,,NONE,高値持ち合い後 / 安値切り上げ / 5日線上向き / 勢い改善,
2026-08-25,7.1-EARLY-RESEARCH-R2,3382,セブン＆アイ・ホールディングス,2033.0,0.0738370662072274,-4.755211993441089,1.2626400645674996,-2.4200593255320646,0.8500339914454862,-15.887463798096812,129,True,False,True,True,False,False,False,B,False,,,,,NONE,長期調整後 / 安値切り上げ / 勢い改善 / 25日線付近,
2026-08-25,7.1-EARLY-RESEARCH-R2,3861,王子ホールディングス,869.2,0.3231763619575334,-1.4959202175883868,0.6971564163546301,-0.2712365356990487,0.7016945116869717,-12.264055718179067,121,False,True,True,False,True,False,False,B,False,,,,,NONE,高値持ち合い後 / 5日線上向き / 勢い改善 / 25日線付近,
2026-08-25,7.1-EARLY-RESEARCH-R2,4507,塩野義製薬,2911.0,2.825856587778164,0.5700466401796556,2.68334492773325,1.28247058250468,0.5476669004793766,-22.538584353379456,93,True,True,True,True,False,False,False,A,False,,,,,NONE,長期調整後 / 安値切り上げ / 5日線上向き / 勢い改善 / 25日線付近,
2026-08-25,7.1-EARLY-RESEARCH-R2,2502,アサヒグループホールディングス,1688.0,2.365069739235892,0.8363201911588902,2.1559896914461696,0.8013949766508599,0.6285769603097774,-14.962216624685142,251,False,True,True,False,True,False,False,B,False,,,,,NONE,高値持ち合い後 / 5日線上向き / 勢い改善 / 25日線付近,
2026-08-25,7.1-EARLY-RESEARCH-R2,8002,丸紅,4957.0,0.3847711624139327,-9.045871559633024,2.6462390523221884,-2.136144673458107,0.4835670858622976,-21.66561314791403,130,False,True,True,True,False,False,False,B,False,,,,,NONE,長期調整後 / 5日線上向き / 勢い改善 / 25日線付近,
2026-08-25,7.1-EARLY-RESEARCH-R2,4568,第一三共,2829.5,4.7962962962962985,0.248007085916746,4.734294524817112,2.7571379803746465,0.6145215551371995,-32.276208712302534,212,True,True,True,True,False,False,False,A,False,,,,,NONE,長期調整後 / 安値切り上げ / 5日線上向き / 勢い改善 / 25日線付近,
2026-08-25,7.1-EARLY-RESEARCH-R2,1801,大成建設,12805.0,0.8664828672705793,-7.444886158294183,2.727704406844125,-1.877394636015328,0.9821740390402663,-38.08027079303675,118,False,False,True,True,False,False,False,C,False,,,,,NONE,長期調整後 / 勢い改善 / 25日線付近,
2026-08-25,7.1-EARLY-RESEARCH-R2,4502,武田薬品工業,5813.0,1.9466853735531364,0.7626971745536393,1.7560110799147266,3.599332744018935,0.7265055278638681,-3.646610309961873,97,True,True,True,False,True,False,False,B,False,,,,,NONE,高値持ち合い後 / 安値切り上げ / 5日線上向き / 勢い改善,
2026-08-25,7.1-EARLY-RESEARCH-R2,5411,ＪＦＥホールディングス,1834.0,0.1365001365001283,1.6629711751662946,-0.2792426572914452,1.324847239257032,0.8248545637349506,-22.25519287833828,130,True,True,True,True,False,False,False,B,False,,,,,NONE,長期調整後 / 安値切り上げ / 5日線上向き / 25日線付近,
2026-08-25,7.1-EARLY-RESEARCH,4507,塩野義製薬,2911.0,2.825856587778164,0.5700466401796556,2.68334492773325,1.28247058250468,0.5476669004793766,-22.538584353379456,93,True,True,True,True,False,False,False,A,False,,,,,NONE,長期調整後 / 安値切り上げ / 5日線上向き / 勢い改善 / 25日線付近,
2026-08-25,7.1-EARLY-RESEARCH-R2,2432,ディー・エヌ・エー,2525.0,2.2474185057703933,2.9981643891495047,1.497877408483017,2.0383421699211146,0.6708211143695014,-12.478336221837084,191,False,True,True,False,True,False,False,B,False,,,,,NONE,高値持ち合い後 / 5日線上向き / 勢い改善 / 25日線付近,
2026-08-25,7.1-EARLY-RESEARCH-R2,9434,ソフトバンク,239.3,2.264957264957279,4.818221638195364,1.0604018554084382,4.248348929200008,0.9397862988696384,-3.469140782573621,247,True,True,True,False,True,False,False,B,False,,,,,NONE,高値持ち合い後 / 安値切り上げ / 5日線上向き / 勢い改善,
2026-08-25,7.1-EARLY-RESEARCH-R2,1808,長谷工コーポレーション,2867.0,2.2650258605314777,0.561206594177488,2.1247242119871057,2.837261020840054,0.6984656210662402,-18.804871141319733,130,True,True,True,True,False,False,False,A,False,,,,,NONE,長期調整後 / 安値切り上げ / 5日線上向き / 勢い改善 / 25日線付近,
2026-08-25,7.1-EARLY-RESEARCH-R2,9021,西日本旅客鉄道,2986.0,3.5367545076282925,-2.8943089430894298,4.26033174340065,0.9622862243621412,0.5627950351566369,-16.52222532848756,246,True,True,True,True,False,False,False,A,False,,,,,NONE,長期調整後 / 安値切り上げ / 5日線上向き / 勢い改善 / 25日線付近,
2026-08-25,7.1-EARLY-RESEARCH-R2,9502,中部電力,2910.5,2.12280701754386,-3.144758735440933,2.908996701404093,2.93836784064625,0.7275583087911716,-11.427267194157032,31,True,True,True,False,True,False,False,A,False,,,,,NONE,高値持ち合い後 / 安値切り上げ / 5日線上向き / 勢い改善 / 25日線付近,
2026-08-25,7.1-EARLY-RESEARCH-R2,7762,シチズン時計,2705.0,4.038461538461546,21.51841868823001,-1.3411431335959572,12.075108967666017,0.908732654994407,-7.363013698630139,6,False,False,True,False,False,False,False,E,False,,,,,NONE,,
2026-08-25,7.1-EARLY-RESEARCH-R2,7261,マツダ,1203.0,1.604729729729737,3.2618025751072866,0.7892790859529153,2.7063946042858333,0.6878150384816503,-13.76344086021506,126,False,True,True,False,True,False,False,B,False,,,,,NONE,高値持ち合い後 / 5日線上向き / 勢い改善 / 25日線付近,
2026-08-25,7.1-EARLY-RESEARCH-R2,9008,京王電鉄,787.7,3.183128111082012,-2.4278459061067625,3.790089587608703,0.7562152399371636,0.5313315414647545,-81.40023612750885,125,True,True,True,True,False,False,False,A,False,,,,,NONE,長期調整後 / 安値切り上げ / 5日線上向き / 勢い改善 / 25日線付近,
2026-08-25,7.1-EARLY-RESEARCH-R2,9531,東京瓦斯,6094.0,0.7106263427532733,-2.8534991232265217,1.4240011235599035,-0.0196876230476372,0.9093617162121908,-23.509476590937616,116,False,True,True,True,False,False,False,B,False,,,,,NONE,長期調整後 / 5日線上向き / 勢い改善 / 25日線付近,
2026-08-25,7.1-EARLY-RESEARCH-R2,7270,ＳＵＢＡＲＵ,2613.0,0.9464941085570722,-1.896001501783373,1.4204944840029154,-0.1039866652393861,0.6161309792408033,-28.253706754530484,167,False,True,True,True,False,False,False,B,False,,,,,NONE,長期調整後 / 5日線上向き / 勢い改善 / 25日線付近,
2026-08-25,7.1-EARLY-RESEARCH-R2,2871,ニチレイ,2174.0,1.5176278309596114,-0.9792757913914872,1.7624467788074831,-0.51527049412885,0.4893415662371526,-8.231321232587586,18,True,True,True,False,False,False,False,B,False,,,,,NONE,安値切り上げ / 5日線上向き / 勢い改善 / 25日線付近,
2026-08-25,7.1-EARLY-RESEARCH-R2,4021,日産化学,8185.0,1.5634694130785445,5.558421459891672,0.1738640481056264,5.162941530175402,0.7758189053153082,-5.995176294935112,35,True,True,True,False,True,False,False,B,False,,,,,NONE,高値持ち合い後 / 安値切り上げ / 5日線上向き / 勢い改善,
2026-08-25,7.1-EARLY-RESEARCH-R2,7203,トヨタ自動車,3082.0,1.985440105890146,3.928511212274488,1.003312302821524,2.3954284195488285,0.5357647115407185,-22.950000000000003,132,False,True,True,True,False,False,False,B,False,,,,,NONE,長期調整後 / 5日線上向き / 勢い改善 / 25日線付近,
2026-08-25,7.1-EARLY-RESEARCH-R2,8031,三井物産,4949.0,1.5596142006977232,-0.5226130653266381,1.690267467029383,1.4813113624619678,0.6869920002912452,-25.857677902621724,93,False,True,True,True,False,False,False,B,False,,,,,NONE,長期調整後 / 5日線上向き / 勢い改善 / 25日線付近,
2026-08-25,7.1-EARLY-RESEARCH-R2,7269,スズキ,2119.0,1.8260451705910616,3.114355231143562,1.0474563628051714,3.670290315952207,0.595729535104696,-14.314597654670436,180,True,True,True,False,True,False,False,B,False,,,,,NONE,高値持ち合い後 / 安値切り上げ / 5日線上向き / 勢い改善,
2026-08-25,7.1-EARLY-RESEARCH-R2,9433,ＫＤＤＩ,2909.5,1.944639103013324,-1.473078225533353,2.312908659396662,0.2549877674787204,0.5987875660499843,-6.776674142902916,17,True,True,True,False,False,False,False,B,False,,,,,NONE,安値切り上げ / 5日線上向き / 勢い改善 / 25日線付近,
2026-08-25,7.1-EARLY-RESEARCH-R2,2413,エムスリー,1750.0,3.214391035092889,-8.112365450249415,5.242482397655243,-0.8442404668819847,0.7360586550817662,-36.270939548434086,187,True,True,True,True,False,False,False,A,False,,,,,NONE,長期調整後 / 安値切り上げ / 5日線上向き / 勢い改善 / 25日線付近,
2026-08-25,7.1-EARLY-RESEARCH-R2,3289,東急不動産ホールディングス,1342.5,2.091254752851701,-2.0430499817584824,2.6020172482913217,0.8473430387163638,0.5935925227330312,-15.988735919899876,130,False,True,True,True,False,False,False,B,False,,,,,NONE,長期調整後 / 5日線上向き / 勢い改善 / 25日線付近,
2026-08-25,7.1-EARLY-RESEARCH-R2,9022,東海旅客鉄道,3964.0,3.417688494651716,-1.4665672383793238,3.784330304246547,1.4391876676151938,0.7524574263528371,-17.9296066252588,125,True,True,True,True,False,False,False,A,False,,,,,NONE,長期調整後 / 安値切り上げ / 5日線上向き / 勢い改善 / 25日線付近,
2026-08-25,7.1-EARLY-RESEARCH-R2,7211,三菱自動車工業,365.5,4.727793696275073,0.1644286105782377,4.686686543630514,1.810584958217265,1.1102486888684124,-20.19650655021834,131,False,True,True,True,False,False,False,A,False,,,,,NONE,長期調整後 / 5日線上向き / 出来高1.1倍 / 勢い改善 / 25日線付近,
2026-08-25,7.1-EARLY-RESEARCH-R2,8058,三菱商事,4765.0,-0.2720803683549655,-1.69176810398185,0.1508616576404969,-0.4404439541336513,0.6099808868119002,-20.7418496340652,70,False,True,True,True,False,False,False,C,False,,,,,NONE,長期調整後 / 5日線上向き / 勢い改善 / 25日線付近,
2026-08-25,7.1-EARLY-RESEARCH,4502,武田薬品工業,5813.0,1.9466853735531364,0.7626971745536393,1.7560110799147266,3.599332744018935,0.7265055278638681,-3.646610309961873,97,True,True,True,False,True,False,False,B,False,,,,,NONE,高値持ち合い後 / 安値切り上げ / 5日線上向き / 勢い改善,
2026-08-25,7.1-EARLY-RESEARCH-R2,2501,サッポロビール,1933.5,0.0258665287118375,-6.049562682215748,1.5382571992657743,-2.668009061162846,0.6190743532647436,-76.64008698803914,179,False,False,True,True,False,False,False,C,False,,,,,NONE,長期調整後 / 勢い改善 / 25日線付近,
2026-08-25,7.1-EARLY-RESEARCH-R2,9501,東京電力ホールディングス,517.8,-1.277407054337476,-3.575418994413415,-0.3835523057341222,-0.9298587992193852,1.216676938305542,-44.87971045348095,189,False,True,True,True,False,False,False,C,False,,,,,NONE,長期調整後 / 5日線上向き / 出来高1.2倍 / 25日線付近,
2026-08-25,7.1-EARLY-RESEARCH-R2,6902,デンソー,1921.5,-0.6206361520558534,-6.541828793774318,1.014821046387726,-2.5311961042913667,0.5443595218525533,-19.026548672566367,197,False,True,True,True,False,False,False,C,False,,,,,NONE,長期調整後 / 5日線上向き / 勢い改善 / 25日線付近,
2026-08-25,7.1-EARLY-RESEARCH-R2,1925,大和ハウス工業,4709.0,2.39182430963254,-0.6540084388185652,2.555326419337181,1.479195579653303,0.8995143927701206,-18.880275624461675,129,False,True,True,True,False,False,False,B,False,,,,,NONE,長期調整後 / 5日線上向き / 勢い改善 / 25日線付近,
2026-08-25,7.1-EARLY-RESEARCH-R2,3086,Ｊ．フロント　リテイリング,3097.0,8.723889766543792,1.011089367253759,8.471117424730352,3.638213286572878,1.160430120066277,-14.376555156206804,38,False,True,True,False,True,False,False,B,False,,,,,NONE,高値持ち合い後 / 5日線上向き / 出来高1.2倍 / 勢い改善,
2026-08-25,7.1-EARLY-RESEARCH-R2,8601,大和証券グループ本社,1813.5,2.399774138904576,-3.099118354261288,3.1745537274698976,0.2232710311363517,0.9076383894722798,-3.869599787967137,26,False,True,True,False,True,False,False,B,False,,,,,NONE,高値持ち合い後 / 5日線上向き / 勢い改善 / 25日線付近,
2026-08-25,7.1-EARLY-RESEARCH-R2,3101,東洋紡,1650.0,1.726263871763245,2.3573200992555776,1.1369338469493506,2.770441975185612,0.6107924921793535,-15.16709511568124,59,False,True,True,False,False,False,False,C,False,,,,,NONE,5日線上向き / 勢い改善 / 25日線付近,
2026-08-25,7.1-EARLY-RESEARCH-R2,7751,キヤノン,4609.0,2.4222222222222145,-2.968421052631576,3.1643274853801087,1.3350101576859783,0.5406267500158888,-8.424398966818991,132,False,True,True,False,True,False,False,B,False,,,,,NONE,高値持ち合い後 / 5日線上向き / 勢い改善 / 25日線付近,
2026-08-25,7.1-EARLY-RESEARCH-R2,5019,出光興産,1378.5,0.5837285662167124,4.908675799086759,-0.6434403835549773,4.832086147107129,0.8116638678707361,-17.50448833034112,94,True,True,True,True,False,False,False,C,False,,,,,NONE,長期調整後 / 安値切り上げ / 5日線上向き,
2026-08-25,7.1-EARLY-RESEARCH-R2,9602,東宝,1570.0,3.255508056560341,5.90219224283306,1.7799599958520762,4.672249186623279,0.735815931101847,-84.74987858183584,247,True,True,True,True,False,False,False,B,False,,,,,NONE,長期調整後 / 安値切り上げ / 5日線上向き / 勢い改善,
2026-08-25,7.1-EARLY-RESEARCH,4568,第一三共,2829.5,4.7962962962962985,0.248007085916746,4.734294524817112,2.7571379803746465,0.6145215551371995,-32.276208712302534,212,True,True,True,True,False,False,False,A,False,,,,,NONE,長期調整後 / 安値切り上げ / 5日線上向き / 勢い改善 / 25日線付近,
2026-08-25,7.1-EARLY-RESEARCH-R2,4324,電通グループ,3641.0,3.909817351598166,2.2465599550687942,3.348177362830968,1.7175487216163132,0.5679887524510492,-6.014455343314406,18,True,True,True,False,False,False,False,B,False,,,,,NONE,安値切り上げ / 5日線上向き / 勢い改善 / 25日線付近,
2026-08-25,7.1-EARLY-RESEARCH-R2,9001,東武鉄道,3043.0,2.7172995780590625,-1.838709677419359,3.1769769974139024,1.1104539503851152,0.980963591346349,-5.964153275648954,18,True,True,True,False,False,False,False,B,False,,,,,NONE,安値切り上げ / 5日線上向き / 勢い改善 / 25日線付近,
2026-08-25,7.1-EARLY-RESEARCH-R2,8801,三井不動産,1513.5,4.776739356178616,-4.6914357682619645,5.949598298244108,-0.0475492332686178,0.603817851074577,-29.86561631139945,130,False,True,True,True,False,False,False,B,False,,,,,NONE,長期調整後 / 5日線上向き / 勢い改善 / 25日線付近,
2026-08-25,7.1-EARLY-RESEARCH,4021,日産化学,8185.0,1.5634694130785445,5.558421459891672,0.1738640481056264,5.162941530175402,0.7758189053153082,-5.995176294935112,35,True,True,True,False,True,False,False,B,False,,,,,NONE,高値持ち合い後 / 安値切り上げ / 5日線上向き / 勢い改善,
2026-08-25,7.1-EARLY-RESEARCH-R2,4506,住友ファーマ,1442.0,4.872727272727273,10.880430603613988,2.152619621823776,8.723516549800191,0.5570176244165208,-56.14355231143553,127,True,True,True,True,False,False,False,B,False,,,,,NONE,長期調整後 / 安値切り上げ / 5日線上向き / 勢い改善,
2026-08-25,7.1-EARLY-RESEARCH-R2,9009,京成電鉄,1341.0,3.9937960449786702,3.953488372093017,3.005423951955416,4.134310741131886,0.7802567263265474,-7.580978635423841,232,True,True,True,False,True,False,False,B,False,,,,,NONE,高値持ち合い後 / 安値切り上げ / 5日線上向き / 勢い改善,
2026-08-25,7.1-EARLY-RESEARCH-R2,9843,ニトリホールディングス,3073.0,5.837781987256752,22.1383147853736,0.3032032909133511,11.206809200526902,0.529559630399676,-79.10944935418082,227,True,True,True,True,False,False,False,B,False,,,,,NONE,長期調整後 / 安値切り上げ / 5日線上向き / 勢い改善,
2026-08-25,7.1-EARLY-RESEARCH-R2,9020,東日本旅客鉄道,3625.0,4.981175789168835,-3.487752928647503,5.85311402133071,1.855598264661596,1.086404945333764,-13.915934457373549,151,False,True,True,False,True,False,False,B,False,,,,,NONE,高値持ち合い後 / 5日線上向き / 勢い改善 / 25日線付近,
2026-08-25,7.1-EARLY-RESEARCH-R2,7974,任天堂,8864.0,1.187214611872145,19.284080204548506,-3.633805439264981,10.668304717386311,0.5899181165721857,-40.08786752281176,248,True,True,True,True,False,False,False,C,False,,,,,NONE,長期調整後 / 安値切り上げ / 5日線上向き,
2026-08-25,7.1-EARLY-RESEARCH-R2,8604,野村ホールディングス,1571.5,1.1261261261261255,-2.11772033634382,1.6555562102120809,0.9247960953053802,0.7883393556760915,-3.942542787286063,26,False,False,True,False,True,False,False,C,False,,,,,NONE,高値持ち合い後 / 勢い改善 / 25日線付近,
2026-08-25,7.1-EARLY-RESEARCH-R2,8628,松井証券,1118.0,1.0849909584086823,0.2690582959641308,1.0177263844176498,2.662993572084482,0.7157030448169689,-1.3239187996469504,22,False,True,True,False,False,False,False,C,False,,,,,NONE,5日線上向き / 勢い改善 / 25日線付近,
2026-08-25,7.1-EARLY-RESEARCH-R2,9201,日本航空,3023.0,0.9012016021361812,3.0334014996591607,0.1428512272213911,1.363358973155293,0.6062489700817886,-7.61002444987775,120,False,False,True,False,True,False,False,C,False,,,,,NONE,高値持ち合い後 / 勢い改善 / 25日線付近,
2026-08-25,7.1-EARLY-RESEARCH,1925,大和ハウス工業,4709.0,2.39182430963254,-0.6540084388185652,2.555326419337181,1.479195579653303,0.8995143927701206,-18.880275624461675,129,False,True,True,True,False,False,False,B,False,,,,,NONE,長期調整後 / 5日線上向き / 勢い改善 / 25日線付近,
2026-08-25,7.1-EARLY-RESEARCH-R2,1928,積水ハウス,3460.0,2.30632761679479,-4.918933773014567,3.536061060048432,-0.4476976372152941,0.6919115968308298,-9.707724425887266,121,False,True,True,False,True,False,False,B,False,,,,,NONE,高値持ち合い後 / 5日線上向き / 勢い改善 / 25日線付近,
2026-08-25,7.1-EARLY-RESEARCH-R2,8804,東京建物,3417.0,2.397362900809119,-2.926136363636367,3.128896991718211,0.5366663135967231,0.9116303817673924,-21.87928669410151,120,False,True,True,True,False,False,False,B,False,,,,,NONE,長期調整後 / 5日線上向き / 勢い改善 / 25日線付近,
2026-08-25,7.1-EARLY-RESEARCH-R2,1721,コムシスホールディングス,5355.0,0.7146887342486474,0.1496166074434368,0.6772845823877882,1.5319858935952446,0.6219690872696506,-13.781999677990663,73,False,False,True,False,True,False,False,C,False,,,,,NONE,高値持ち合い後 / 勢い改善 / 25日線付近,
2026-08-25,7.1-EARLY-RESEARCH-R2,4704,トレンドマイクロ,5554.0,0.6889050036258171,-14.422187981510016,4.294451999003321,-11.075104231377653,0.6617969064760804,-35.628187297172,225,True,True,False,True,False,False,False,C,False,,,,,NONE,長期調整後 / 安値切り上げ / 5日線上向き / 勢い改善,
2026-08-25,7.1-EARLY-RESEARCH-R2,4578,大塚ホールディングス,12090.0,0.4152823920265724,6.754966887417213,-1.2734593298277308,2.3136942944671057,0.367607095212214,-5.509964830011727,10,True,True,True,False,False,False,False,C,False,,,,,NONE,安値切り上げ / 5日線上向き / 25日線付近,
2026-08-25,7.1-EARLY-RESEARCH-R2,9202,ＡＮＡホールディングス,3050.0,0.328947368421062,-1.006166828951638,0.5804890756589715,-1.130676071678638,0.6082537759084694,-10.792629423808132,120,False,False,True,False,True,False,False,C,False,,,,,NONE,高値持ち合い後 / 勢い改善 / 25日線付近,
2026-08-25,7.1-EARLY-RESEARCH,1928,積水ハウス,3460.0,2.30632761679479,-4.918933773014567,3.536061060048432,-0.4476976372152941,0.6919115968308298,-9.707724425887266,121,False,True,True,False,True,False,False,B,False,,,,,NONE,高値持ち合い後 / 5日線上向き / 勢い改善 / 25日線付近,
2026-08-25,7.1-EARLY-RESEARCH-R2,4751,サイバーエージェント,1343.5,6.92399522483087,-8.760611205432934,9.114148026189104,-3.2339383462979043,0.4420502710040592,-30.496637351267463,247,True,True,True,True,False,False,False,B,False,,,,,NONE,長期調整後 / 安値切り上げ / 5日線上向き / 勢い改善,
2026-08-25,7.1-EARLY-RESEARCH-R2,8001,伊藤忠商事,2118.0,5.8735316170957175,6.72713529856388,4.191747792454748,4.669091484146448,0.8916232490487337,-78.60389938377614,169,True,True,True,True,False,False,False,B,False,,,,,NONE,長期調整後 / 安値切り上げ / 5日線上向き / 勢い改善,
2026-08-25,7.1-EARLY-RESEARCH-R2,6594,ニデック,2606.0,-7.259786476868324,1.9163081736409904,-7.7388635202785725,-1.5831293996797502,0.6687382181038107,-20.934466019417474,243,False,False,True,True,False,False,False,E,False,,,,,NONE,長期調整後 / 25日線付近,
2026-08-25,7.1-EARLY-RESEARCH-R2,4503,アステラス製薬,2415.0,4.522830556156676,9.2760180995475,2.2038260312698013,5.908975292291219,0.6458323620831043,-11.1152005888848,93,True,True,True,False,True,False,False,B,False,,,,,NONE,高値持ち合い後 / 安値切り上げ / 5日線上向き / 勢い改善,
2026-08-25,7.1-EARLY-RESEARCH-R2,8316,三井住友フィナンシャルグループ,6633.0,-3.869565217391302,-8.053784308289435,-1.8561191403189432,-2.6854302498224736,0.5706386089938064,-8.636363636363631,20,False,False,True,False,True,False,False,E,False,,,,,NONE,高値持ち合い後 / 25日線付近,
2026-08-25,7.1-EARLY-RESEARCH-R2,5714,ＤＯＷＡホールディングス,10095.0,5.773260687342829,19.722485768500952,0.8426392452175913,12.64880354584288,0.7278151982279282,-18.457189014539576,70,False,True,True,True,False,False,False,C,False,,,,,NONE,長期調整後 / 5日線上向き / 勢い改善,
2026-08-25,7.1-EARLY-RESEARCH-R2,7912,大日本印刷,3126.0,-5.473238584820084,-1.3568949195329805,-5.134014854936839,0.0223978498064214,0.8152180777829706,-7.074910820451841,7,False,False,True,False,False,False,False,E,False,,,,,NONE,25日線付近,
2026-08-25,7.1-EARLY-RESEARCH-R2,4911,資生堂,3685.0,7.246798603026772,12.450411962160524,4.134195612486641,8.439762227061397,0.4805828173530378,-1.523249599144838,0,True,True,True,False,False,False,False,C,False,,,,,NONE,安値切り上げ / 5日線上向き / 勢い改善,
2026-08-25,7.1-EARLY-RESEARCH-R2,4689,ＬＩＮＥヤフー,540.3,8.515766218116095,22.461468721668165,2.900399037699054,13.027797767476091,0.9033505860146208,-0.6618863761720939,0,True,True,True,False,False,False,False,C,False,,,,,NONE,安値切り上げ / 5日線上向き / 勢い改善,
2026-08-25,7.1-EARLY-RESEARCH-R2,6305,日立建機,5936.0,8.123861566484525,4.507042253521121,6.997101003104245,7.389932555648815,1.020391815139218,-17.840830449826996,120,False,True,True,True,False,False,False,C,False,,,,,NONE,長期調整後 / 5日線上向き / 勢い改善,
2026-08-25,7.1-EARLY-RESEARCH-R2,6753,シャープ,622.7,1.071254666450261,2.299983571545927,0.4962587735637791,-1.0242488206197553,0.7167655340203931,-31.45844799119428,251,False,False,False,True,False,False,False,D,False,,,,,NONE,長期調整後 / 勢い改善 / 25日線付近,
2026-08-25,7.1-EARLY-RESEARCH-R2,3402,東レ,1270.5,-5.46875,7.806533729316922,-7.42038343232923,1.949927780452576,0.6151796471330099,-8.924731182795698,10,False,False,True,False,False,False,False,E,False,,,,,NONE,25日線付近,
2026-08-25,7.1-EARLY-RESEARCH-R2,7731,ニコン,1970.5,-0.6303580433686284,-10.370707300432114,1.9623187817394,-2.392510402219139,0.8228887408254595,-17.55230125523013,70,False,False,True,True,False,False,False,D,False,,,,,NONE,長期調整後 / 勢い改善 / 25日線付近,
2026-08-25,7.1-EARLY-RESEARCH-R2,8053,住友商事,1769.0,0.654338549075395,9.773502947564385,-1.7890371878157008,4.481666981666987,0.5010484696271114,-77.2475884244373,72,False,True,True,True,False,False,False,D,False,,,,,NONE,長期調整後 / 5日線上向き,
2026-08-25,7.1-EARLY-RESEARCH-R2,6504,富士電機,14010.0,-2.7758501040943795,7.893723527146701,-4.749280985881055,1.31617008967313,0.4596599989867214,-21.292134831460675,63,False,False,True,True,False,False,False,E,False,,,,,NONE,長期調整後 / 25日線付近,
2026-08-25,7.1-EARLY-RESEARCH-R2,7011,三菱重工業,3946.0,-9.702517162471391,1.413518375738887,-10.055896756406112,-1.1513141414242645,0.4489184696531962,-24.231950844854065,119,False,False,True,True,False,False,False,E,False,,,,,NONE,長期調整後 / 25日線付近,
2026-08-25,7.1-EARLY-RESEARCH-R2,3099,三越伊勢丹ホールディングス,3511.0,0.4865483686319338,-4.799349240780915,1.6863856788271625,-2.55342769913961,0.4544510276224502,-16.24522900763359,38,False,False,True,False,False,False,False,D,False,,,,,NONE,勢い改善 / 25日線付近,
2026-08-25,7.1-EARLY-RESEARCH-R2,7202,いすゞ自動車,2213.0,-1.2714699977693478,-8.174273858921167,0.7720984669609439,-3.642681110830504,0.718767217055946,-24.44520314100376,130,False,False,True,True,False,False,False,E,False,,,,,NONE,長期調整後 / 勢い改善,
2026-08-25,7.1-EARLY-RESEARCH-R2,5706,三井金属,28330.0,-5.755156353958746,-9.285943003522256,-3.4336706030781823,-6.126154784153115,0.7489106319132974,-50.90121317157712,62,False,False,True,True,False,False,False,E,False,,,,,NONE,長期調整後,
2026-08-25,7.1-EARLY-RESEARCH-R2,1332,ニッスイ,1296.0,0.0,0.2707930367504829,-0.0676982591876207,1.5037593984962516,0.6488031030543703,-17.452229299363054,119,True,False,True,True,False,False,False,D,False,,,,,NONE,長期調整後 / 安値切り上げ / 25日線付近,
2026-08-25,7.1-EARLY-RESEARCH-R2,8331,千葉銀行,2796.5,-1.4449339207048495,-0.303030303030305,-1.3691763449472734,2.8314028314028405,0.6688154544517962,-3.3189282627484884,5,False,False,True,False,False,False,False,E,False,,,,,NONE,25日線付近,
2026-08-25,7.1-EARLY-RESEARCH-R2,7911,ＴＯＰＰＡＮホールディングス,4946.0,-4.902903287829263,5.391007884082666,-6.250655258849929,2.195150172735838,0.7083508768433142,-16.565452091767884,118,True,False,True,True,False,False,False,D,False,,,,,NONE,長期調整後 / 安値切り上げ / 25日線付近,
2026-08-25,7.1-EARLY-RESEARCH-R2,9101,日本郵船,7141.0,5.262382075471694,17.52797893350888,0.8803873420944743,13.8407090932279,1.642026985543254,-3.5651586765698906,0,True,True,False,False,False,False,False,C,False,,,,,NONE,安値切り上げ / 5日線上向き / 出来高1.6倍 / 勢い改善,
2026-08-25,7.1-EARLY-RESEARCH-R2,6645,オムロン,6476.0,-5.459854014598542,14.619469026548671,-9.114721271235709,6.348737149801309,0.7026558891454965,-10.614216701173218,5,False,False,True,False,False,False,False,E,False,,,,,NONE,,
2026-08-25,7.1-EARLY-RESEARCH-R2,1803,清水建設,2384.5,-0.0838047349675297,-5.508222706558352,1.2932509416720583,-0.6731482175734937,0.51930062219823,-34.093421779988944,118,False,False,True,True,False,False,False,D,False,,,,,NONE,長期調整後 / 勢い改善 / 25日線付近,
2026-08-25,7.1-EARLY-RESEARCH-R2,9735,セコム,6440.0,1.1942174732872513,-6.774753908511865,2.8879059504152176,-3.1800250168382616,0.5821957633254182,-10.852713178294572,18,False,True,True,False,False,False,False,D,False,,,,,NONE,5日線上向き / 勢い改善,
2026-08-25,7.1-EARLY-RESEARCH-R2,8802,三菱地所,3710.0,3.026936961955018,-9.468033186920444,5.393945258685129,-3.432694410028425,0.6964930014543198,-31.38524135380063,121,False,True,True,True,False,False,False,C,False,,,,,NONE,長期調整後 / 5日線上向き / 勢い改善,
2026-08-25,7.1-EARLY-RESEARCH-R2,2801,キッコーマン,1830.5,3.41807909604519,11.854567674915971,0.4544371773161968,6.3848335503068565,0.5315399817125328,-1.9812583668005312,2,True,True,True,False,False,False,False,C,False,,,,,NONE,安値切り上げ / 5日線上向き / 勢い改善,
2026-08-25,7.1-EARLY-RESEARCH-R2,9432,ＮＴＴ,169.2,5.486284289276799,9.656513285806856,3.0721559678250854,7.360406091370564,0.6903169498483488,-0.1180637544273999,0,True,True,True,False,False,False,False,C,False,,,,,NONE,安値切り上げ / 5日線上向き / 勢い改善,
2026-08-25,7.1-EARLY-RESEARCH-R2,2269,明治ホールディングス,4411.0,3.9349670122525993,16.32383966244726,-0.1459929033592155,9.86301369863014,1.258126383776847,-0.4288939051918738,0,True,True,True,False,False,False,False,C,False,,,,,NONE,安値切り上げ / 5日線上向き / 出来高1.3倍,
2026-08-25,7.1-EARLY-RESEARCH-R2,5108,ブリヂストン,4134.0,1.4727540500736325,7.1539657853810334,-0.3157373962716259,3.086099585062252,0.4277532445396262,-44.51006711409397,176,False,True,True,True,False,False,False,D,False,,,,,NONE,長期調整後 / 5日線上向き,
2026-08-25,7.1-EARLY-RESEARCH-R2,6971,京セラ,3602.0,-5.185575151355614,-5.110642781875663,-3.9079144558866985,-3.150173695135461,0.512889433012229,-10.37571535207763,34,False,False,False,False,True,False,False,E,False,,,,,NONE,高値持ち合い後,
2026-08-25,7.1-EARLY-RESEARCH-R2,9107,川崎汽船,3421.0,8.91435848455906,20.03508771929825,3.905586554734497,15.655595824092591,1.6999352560379946,-4.734057365636312,0,True,True,False,False,False,False,False,C,False,,,,,NONE,安値切り上げ / 5日線上向き / 出来高1.7倍 / 勢い改善,
2026-08-25,7.1-EARLY-RESEARCH-R2,1605,ＩＮＰＥＸ,3878.0,-0.5641025641025643,6.188389923329685,-2.1112000449349857,5.3323482757871465,0.7448457654892404,-21.7356205852674,100,True,True,True,True,False,False,False,D,False,,,,,NONE,長期調整後 / 安値切り上げ / 5日線上向き,
2026-08-25,7.1-EARLY-RESEARCH-R2,6178,日本郵政,2378.0,-1.04036620890553,-5.691056910569103,0.3823980187367459,-0.6550583202432958,0.6552474287406085,-6.359519590470564,20,False,False,True,False,True,False,False,D,False,,,,,NONE,高値持ち合い後 / 勢い改善 / 25日線付近,
2026-08-25,7.1-EARLY-RESEARCH-R2,5406,神戸製鋼所,2025.0,-1.2195121951219523,-0.9537784299339712,-0.9810675876384596,0.3389225829468323,0.7457835154357856,-14.898087833578488,133,True,False,True,False,True,False,False,D,False,,,,,NONE,高値持ち合い後 / 安値切り上げ / 25日線付近,
2026-08-25,7.1-EARLY-RESEARCH-R2,6770,アルプスアルパイン,2180.5,-0.4337899543379042,-2.4602997092373124,0.1812849729714238,0.5710016050772149,0.7420174112189322,-8.975161761636397,121,False,False,True,False,True,False,False,D,False,,,,,NONE,高値持ち合い後 / 勢い改善 / 25日線付近,
2026-08-25,7.1-EARLY-RESEARCH-R2,6857,アドバンテスト,34450.0,-3.931957612939208,21.388301620859764,-9.279033018154148,6.295009534153251,0.9420914881885348,-11.050864962561324,7,False,False,True,False,False,False,False,E,False,,,,,NONE,,
2026-08-25,7.1-EARLY-RESEARCH-R2,5713,住友金属鉱山,11250.0,13.716769432932384,44.50867052023122,2.58960180287458,25.7505913072249,0.8416664953061326,-15.413533834586469,119,False,True,True,True,False,False,False,C,False,,,,,NONE,長期調整後 / 5日線上向き / 勢い改善,
2026-08-25,7.1-EARLY-RESEARCH-R2,9147,ＮＩＰＰＯＮ　ＥＸＰＲＥＳＳホールディングス,5713.0,1.3662171753016317,3.1227436823104693,0.5855312547240143,4.744199008477823,0.6651492251943842,-1.3809770412566924,8,False,True,True,False,False,False,False,D,False,,,,,NONE,5日線上向き / 勢い改善,
2026-08-25,7.1-EARLY-RESEARCH-R2,4631,ＤＩＣ,5095.0,-7.279344858962689,12.298875909191098,-10.354063836260464,4.358690754168215,0.647638534557557,-13.29135466303608,8,False,False,True,False,False,False,False,E,False,,,,,NONE,,
2026-08-25,7.1-EARLY-RESEARCH,1803,清水建設,2384.5,-0.0838047349675297,-5.508222706558352,1.2932509416720583,-0.6731482175734937,0.51930062219823,-34.093421779988944,118,False,False,True,True,False,False,False,D,False,,,,,NONE,長期調整後 / 勢い改善 / 25日線付近,
2026-08-25,7.1-EARLY-RESEARCH-R2,285A,キオクシアホールディングス,51260.0,-10.306211723534553,-6.031164069660866,-8.798420706119336,-1.464007258523381,0.6529741611518052,-54.51641526175688,44,True,False,True,False,False,False,False,E,False,,,,,NONE,安値切り上げ / 25日線付近,
2026-08-25,7.1-EARLY-RESEARCH-R2,5803,フジクラ,5292.0,-10.335479498475095,22.35838150289018,-15.92507487419764,7.032773224817368,1.08028175177429,-82.24756793022476,118,False,False,True,True,False,False,False,E,False,,,,,NONE,長期調整後,
2026-08-25,7.1-EARLY-RESEARCH-R2,6723,ルネサスエレクトロニクス,3402.0,-10.63829787234043,-12.002069322296949,-7.637780541766194,-8.062999275746153,0.7128898191595021,-35.61695685087055,43,False,False,True,False,False,False,False,E,False,,,,,NONE,,
2026-08-25,7.1-EARLY-RESEARCH-R2,5301,東海カーボン,1646.5,-10.807150595882986,1.3230769230769155,-11.137919826652215,-1.7050135517533649,0.46380574373054,-15.259907359752956,12,False,False,True,False,False,False,False,E,False,,,,,NONE,25日線付近,
2026-08-25,7.1-EARLY-RESEARCH-R2,7532,パン・パシフィック・インターナショナルホールディングス,814.0,-11.086837793555436,-8.948545861297541,-8.849701328231053,-8.233713175113532,1.190015917322199,-85.71177812883974,247,False,False,False,True,False,False,False,E,False,,,,,NONE,長期調整後 / 出来高1.2倍,
2026-08-25,7.1-EARLY-RESEARCH-R2,9984,ソフトバンクグループ,5087.0,-12.744425385934822,-4.577002438566868,-11.600174776293104,-6.290526998349444,0.6520240918805377,-81.63206354937714,199,False,False,True,True,False,False,False,E,False,,,,,NONE,長期調整後,
2026-08-25,7.1-EARLY-RESEARCH-R2,9503,関西電力,2591.5,8.046695851573894,6.668038691088696,6.37968617880172,6.89595432946144,0.933709281367643,-8.29794762915782,120,False,True,False,False,True,False,False,D,False,,,,,NONE,高値持ち合い後 / 5日線上向き / 勢い改善,
2026-08-25,7.1-EARLY-RESEARCH-R2,7752,リコー,1677.0,5.07518796992481,2.7258805513016737,4.393717832099392,4.548514999625941,0.7971851259496201,-0.5632967684553791,0,False,True,True,False,False,False,False,D,False,,,,,NONE,5日線上向き / 勢い改善,
2026-08-25,7.1-EARLY-RESEARCH-R2,9104,商船三井,7214.0,4.839412876035465,22.02300405953992,-0.6663381388495146,14.805336999974529,1.3773505696376611,-3.9286189905446736,0,True,True,False,False,False,False,False,D,False,,,,,NONE,安値切り上げ / 5日線上向き / 出来高1.4倍,
2026-08-25,7.1-EARLY-RESEARCH-R2,7832,バンダイナムコホールディングス,5576.0,4.380381879445894,26.182394206834125,-2.1652166722626376,13.449549945472604,0.6366513460471165,-2.670623145400597,248,True,True,True,False,False,False,False,D,False,,,,,NONE,安値切り上げ / 5日線上向き,
2026-08-25,7.1-EARLY-RESEARCH-R2,3659,ネクソン,3114.0,3.730846102598262,27.38801390877481,-3.1161573745954403,18.798736475866384,0.6921978884016409,-29.76995940460081,143,True,True,False,True,False,False,False,D,False,,,,,NONE,長期調整後 / 安値切り上げ / 5日線上向き,
2026-08-25,7.1-EARLY-RESEARCH,4063,信越化学工業,6005.0,-3.796859980775391,-2.294175073218352,-3.2233162124708032,-3.719737053070382,0.7278235427847178,-24.2749054224464,59,False,False,True,False,False,False,False,E,False,,,,,NONE,,
2026-08-25,7.1-EARLY-RESEARCH-R2,3103,ユニチカ,1543.0,1.982815598149368,79.62747380675204,-17.92405285353864,36.153466045460966,1.3501530006869418,-64.7716894977169,84,True,False,True,True,False,False,False,C,False,,,,,NONE,長期調整後 / 安値切り上げ / 出来高1.4倍,
2026-08-25,7.1-EARLY-RESEARCH-R2,5711,三菱マテリアル,5628.0,7.281738467403742,33.23863636363635,-1.027920623505346,19.03855427802736,0.8946727713439268,-8.12928501469148,119,False,True,True,False,True,False,False,D,False,,,,,NONE,高値持ち合い後 / 5日線上向き,
2026-08-25,7.1-EARLY-RESEARCH-R2,9023,東京地下鉄,1485.5,3.12391530718501,1.851217003771,2.66111105624226,1.6365850654770808,0.6372091304401385,-17.28841870824054,246,True,True,True,True,False,False,False,A,False,,,,,NONE,長期調整後 / 安値切り上げ / 5日線上向き / 勢い改善 / 25日線付近,
2026-08-25,7.1-EARLY-RESEARCH-R2,6981,村田製作所,7130.0,-4.882604055496264,-11.997037768452234,-1.8833446133832057,-5.329183573750285,0.6646032395793401,-44.70725087243117,44,False,False,True,False,False,False,False,E,False,,,,,NONE,,
2026-08-25,7.1-EARLY-RESEARCH-R2,5802,住友電気工業,2199.5,-9.092787766067367,-6.602972399150742,-7.442044666279681,-2.783671015876388,0.6355148689033637,-85.1885521885522,57,True,False,True,False,False,False,False,E,False,,,,,NONE,安値切り上げ / 25日線付近,
2026-08-25,7.1-EARLY-RESEARCH-R2,7012,川崎重工業,2611.0,-8.70629370629371,-4.51636496617297,-7.577202464750467,-4.881602914389804,0.6703583884329105,-86.13382899628252,118,False,False,True,True,False,False,False,E,False,,,,,NONE,長期調整後,
2026-08-25,7.1-EARLY-RESEARCH-R2,5801,古河電気工業,4000.0,-8.424908424908429,22.06286237412268,-13.940624018439095,9.45709281961471,1.2193891556431726,-93.59077070982217,62,False,False,True,True,False,False,False,E,False,,,,,NONE,長期調整後 / 出来高1.2倍,
2026-08-25,7.1-EARLY-RESEARCH-R2,4901,富士フイルムホールディングス,3249.0,2.105593966059072,-15.19185591229444,5.9035579441326815,-7.313371522468448,0.6111105858979291,-16.862845445240538,12,False,True,True,False,False,False,False,D,False,,,,,NONE,5日線上向き / 勢い改善,
2026-08-25,7.1-EARLY-RESEARCH-R2,8725,ＭＳ＆ＡＤインシュアランスグループホールディングス,5072.0,1.745235707121373,0.8550407635712798,1.5314755162285532,3.7541321637809766,0.7655069502163536,-1.4380101049358718,6,False,True,True,False,False,False,False,D,False,,,,,NONE,5日線上向き / 勢い改善,
2026-08-25,7.1-EARLY-RESEARCH-R2,7267,本田技研工業,1696.0,-0.9924109748978394,7.138344914718897,-2.7769972035775634,3.023897170487544,0.8289650711413726,-3.7730496453900697,2,True,True,True,False,False,False,False,E,False,,,,,NONE,安値切り上げ / 5日線上向き,
2026-08-25,7.1-EARLY-RESEARCH-R2,5333,ＮＧＫ,5408.0,-7.55555555555556,-10.803232723074386,-4.854747374786964,-5.740619378947809,0.761479701313192,-31.49227261211046,41,False,False,True,False,False,False,False,E,False,,,,,NONE,,
2026-08-25,7.1-EARLY-RESEARCH-R2,7013,ＩＨＩ,2696.0,-9.75732217573222,-4.936530324400568,-8.523189594632079,-4.0528421142539965,0.5349914750612571,-85.07611403265985,222,False,False,False,True,False,False,False,E,False,,,,,NONE,長期調整後,
2026-08-25,7.1-EARLY-RESEARCH-R2,6976,太陽誘電,9270.0,-7.216494845360821,-19.70550021654396,-2.2901197912248312,-10.420242126258172,0.949381403135628,-61.47932682318719,37,False,False,True,False,False,False,False,E,False,,,,,NONE,,
2026-08-25,7.1-EARLY-RESEARCH-R2,6503,三菱電機,5614.0,-6.9142762394296176,-0.9701887458105518,-6.671729052976979,-1.7714041755026888,0.564944520226895,-16.033502841758896,62,False,False,True,True,False,False,False,E,False,,,,,NONE,長期調整後 / 25日線付近,
2026-08-25,7.1-EARLY-RESEARCH-R2,3436,ＳＵＭＣＯ,3543.0,-6.467793030623015,-5.8213716108452935,-5.012450127911691,-0.4629889759178329,0.7389929229437163,-40.34349217039905,29,False,False,True,False,False,False,False,E,False,,,,,NONE,25日線付近,
2026-08-25,7.1-EARLY-RESEARCH-R2,6103,オークマ,4905.0,-7.973733583489684,-2.290836653386452,-7.401024420143071,-3.955355394556492,0.4781329861613385,-14.09807355516638,10,False,False,True,False,False,False,False,E,False,,,,,NONE,,
2026-08-25,7.1-EARLY-RESEARCH-R2,4043,トクヤマ,4023.0,-4.10011918951132,-11.698858647936785,-1.175404527527124,-3.1955339525482462,0.4274200651810094,-30.253120665742028,56,False,False,True,False,False,False,False,E,False,,,,,NONE,,
2026-08-25,7.1-EARLY-RESEARCH,4151,協和キリン,2566.0,0.0780031201248032,-3.5700864336715488,0.9705247285426905,-0.6827576597358664,0.7151351496347428,-11.881868131868137,120,True,True,True,False,True,False,False,A,False,,,,,NONE,高値持ち合い後 / 安値切り上げ / 5日線上向き / 勢い改善 / 25日線付近,
2026-08-25,7.1-EARLY-RESEARCH-R2,6361,荏原製作所,4931.0,-7.572633552014995,-12.586420847367483,-4.426028340173124,-9.627071924461353,0.5069376907392109,-28.43251088534108,45,False,False,True,False,False,False,False,E,False,,,,,NONE,,
2026-08-25,7.1-EARLY-RESEARCH-R2,5214,日本電気硝子,4768.0,-6.04926108374384,-14.963438558944176,-2.308401444007796,-6.371012716890123,0.5967176200580262,-43.08224901516056,79,False,False,True,True,False,False,False,E,False,,,,,NONE,長期調整後,
2026-08-25,7.1-EARLY-RESEARCH-R2,6988,日東電工,3381.0,-2.396073903002305,-2.028397565922924,-1.888974511521574,-1.4607475110168022,0.4418454752308397,-16.887905604719766,201,False,False,True,True,False,False,False,E,False,,,,,NONE,長期調整後 / 25日線付近,
2026-08-25,7.1-EARLY-RESEARCH-R2,4063,信越化学工業,6005.0,-3.796859980775391,-2.294175073218352,-3.2233162124708032,-3.719737053070382,0.7278235427847178,-24.2749054224464,59,False,False,True,False,False,False,False,E,False,,,,,NONE,,
2026-08-25,7.1-EARLY-RESEARCH-R2,3407,旭化成,1633.5,-3.085137941263716,-12.76368491321762,0.1057832870406891,-5.240625580100233,0.6673363128349555,-14.296956977964326,34,False,False,True,False,True,False,False,E,False,,,,,NONE,高値持ち合い後 / 勢い改善,
2026-08-25,7.1-EARLY-RESEARCH-R2,4208,ＵＢＥ,3530.0,-3.7884982284001056,6.133493686109448,-5.321871649927468,4.166666666666652,0.5485733695652174,-4.928629140856455,8,False,False,True,False,False,False,False,E,False,,,,,NONE,,
2026-08-25,7.1-EARLY-RESEARCH-R2,6471,日本精工,1108.0,-5.299145299145303,-3.231441048034933,-4.491285037136569,-3.0112044817927286,0.4777198465160279,-21.668434075645106,118,False,False,True,True,False,False,False,E,False,,,,,NONE,長期調整後,
2026-08-25,7.1-EARLY-RESEARCH-R2,6762,ＴＤＫ,3049.0,-2.867155144950617,1.2284196547144743,-3.174260058629236,-0.0367198667593382,0.5775475617520887,-29.339513325608348,59,False,False,True,False,False,False,False,E,False,,,,,NONE,25日線付近,
2026-08-25,7.1-EARLY-RESEARCH-R2,5201,ＡＧＣ,5715.0,-3.690596562184023,-8.706070287539935,-1.5140789902990393,-4.079837800096675,0.5760345448002879,-31.268791340950088,57,False,False,True,False,False,False,False,E,False,,,,,NONE,,
2026-08-25,7.1-EARLY-RESEARCH-R2,6473,ジェイテクト,2052.5,-5.086705202312136,-2.494061757719712,-4.463189762882208,-2.519068742460362,0.9060213608684584,-9.36189004195187,16,False,False,True,False,False,False,False,E,False,,,,,NONE,25日線付近,
2026-08-25,7.1-EARLY-RESEARCH-R2,2503,キリンホールディングス,3084.0,2.8000000000000025,3.908355795148255,1.8229110512129387,3.1810821300001235,0.7075519149241934,-2.435937994305604,18,True,True,True,False,False,False,False,C,False,,,,,NONE,安値切り上げ / 5日線上向き / 勢い改善,
2026-08-25,7.1-EARLY-RESEARCH-R2,6113,アマダ,2586.0,-4.978871945618224,-11.920980926430513,-1.998626714010596,-6.132938409269107,0.9849881273393166,-19.78908188585608,70,False,False,True,True,False,False,False,E,False,,,,,NONE,長期調整後,
2026-08-25,7.1-EARLY-RESEARCH-R2,6752,パナソニック　ホールディングス,4311.0,-5.294376098418274,10.936695831188882,-8.028550056215494,1.63042453274993,0.8342645143233524,-13.468486551585713,7,False,False,True,False,False,False,False,E,False,,,,,NONE,25日線付近,
2026-08-25,7.1-EARLY-RESEARCH-R2,7004,カナデビア,1204.0,-4.746835443037978,-1.4729950900163713,-4.378586670533885,-0.5024461192648322,0.8852986638998878,-20.528052805280527,72,False,False,True,True,False,False,False,E,False,,,,,NONE,長期調整後 / 25日線付近,
2026-08-25,7.1-EARLY-RESEARCH-R2,6758,ソニーグループ,3832.0,3.0661646046261426,7.218802462227192,1.2614639890693446,4.123644110166724,0.5463714956924405,-19.76549413735344,189,False,True,True,True,False,False,False,C,False,,,,,NONE,長期調整後 / 5日線上向き / 勢い改善,
2026-08-25,7.1-EARLY-RESEARCH-R2,6472,ＮＴＮ,372.9,-4.72662238119571,-2.048857368006307,-4.214408039194134,-2.4067250115154426,0.5231751890668578,-23.429158110882963,72,False,False,True,True,False,False,False,E,False,,,,,NONE,長期調整後 / 25日線付近,
2026-08-25,7.1-EARLY-RESEARCH-R2,7741,ＨＯＹＡ,24995.0,-4.925827310764552,1.0920121334681454,-5.198830344131588,-1.1867864258831795,0.4774837429121127,-17.779605263157894,88,False,False,True,True,False,False,False,E,False,,,,,NONE,長期調整後 / 25日線付近,
2026-08-25,7.1-EARLY-RESEARCH-R2,5232,住友大阪セメント,5621.0,-4.078498293515354,-1.4551192145862537,-3.7147184898687904,-0.8243173621844457,0.339576692068791,-13.748657357679916,46,False,False,True,False,True,False,False,E,False,,,,,NONE,高値持ち合い後 / 25日線付近,
2026-08-25,7.1-EARLY-RESEARCH-R2,6702,富士通,3728.0,3.526798111635654,7.064905226881102,1.7605718049153785,3.437177452471074,0.5086742292956639,-20.13710368466153,149,False,True,True,True,False,False,False,C,False,,,,,NONE,長期調整後 / 5日線上向き / 勢い改善,
2026-08-25,7.1-EARLY-RESEARCH-R2,4188,三菱ケミカルグループ,1136.0,-4.013519222644701,-7.265306122448978,-2.197192692032457,-3.609550800142547,0.7836944086354749,-10.055423594615998,8,False,False,False,False,False,False,False,E,False,,,,,NONE,,
2026-08-25,7.1-EARLY-RESEARCH-R2,5101,横浜ゴム,7467.0,-2.3538642604943094,-0.9418944016980624,-2.1183906600697937,-1.7189638833315812,0.7632760786633833,-9.93848751658425,9,False,False,False,False,False,False,False,E,False,,,,,NONE,25日線付近,
2026-08-25,7.1-EARLY-RESEARCH-R2,6501,日立製作所,5300.0,-3.8810301051868,5.514632689627708,-5.259688277593727,0.3050788435770668,0.5689042094753916,-12.237125351879452,131,False,False,True,False,True,False,False,E,False,,,,,NONE,高値持ち合い後 / 25日線付近,
2026-08-25,7.1-EARLY-RESEARCH-R2,8411,みずほフィナンシャルグループ,8208.0,-3.786191536748329,-4.9009384775808185,-2.560956917353124,-1.6525439975461076,0.6323465483328097,-6.92822315455267,7,False,False,True,False,False,False,False,E,False,,,,,NONE,25日線付近,
2026-08-25,7.1-EARLY-RESEARCH-R2,4183,三井化学,2123.0,-3.718820861678007,-3.762466001813236,-2.7782043612246983,-1.7293414060619572,0.6236008737550459,-47.16276754604281,178,False,False,True,True,False,False,False,E,False,,,,,NONE,長期調整後 / 25日線付近,
2026-08-25,7.1-EARLY-RESEARCH-R2,6841,横河電機,5148.0,-3.703703703703709,-14.513450680836936,-0.075341033494475,-6.630199000282944,0.5834593916917845,-18.505619756213388,120,False,False,False,True,False,False,False,E,False,,,,,NONE,長期調整後,
2026-08-25,7.1-EARLY-RESEARCH-R2,1963,日揮ホールディングス,2259.0,-3.420265070542972,-4.7237452551666,-2.2393287567513216,-1.2476284567701557,0.5732516365823901,-22.83518360375747,64,False,False,True,True,False,False,False,E,False,,,,,NONE,長期調整後 / 25日線付近,
2026-08-25,7.1-EARLY-RESEARCH-R2,6954,ファナック,6047.0,-3.786793953858392,-10.876934414148852,-1.0675603503211786,-6.454008229943375,0.5431267761618188,-31.903153153153152,71,False,False,True,True,False,False,False,E,False,,,,,NONE,長期調整後,
2026-08-25,7.1-EARLY-RESEARCH-R2,8306,三菱ＵＦＪフィナンシャル・グループ,3529.0,-3.4209085933223915,-7.107133456172676,-1.6441252292792226,-1.9308152330984152,0.5145453378265054,-7.448203514293206,20,False,False,True,False,True,False,False,E,False,,,,,NONE,高値持ち合い後 / 25日線付近,
2026-08-25,7.1-EARLY-RESEARCH-R2,9007,小田急電鉄,1788.5,4.407472270869817,0.3366058906030922,4.323320798219044,3.05743788318813,0.7492638165851606,-4.485981308411214,18,True,True,True,False,False,False,False,C,False,,,,,NONE,安値切り上げ / 5日線上向き / 勢い改善,
2026-08-25,7.1-EARLY-RESEARCH-R2,9983,ファーストリテイリング,72530.0,-3.306225836555121,-6.2556546465038165,-1.742312174929167,-6.228021182408671,0.524289540246987,-18.22076897057165,32,False,False,False,False,False,False,False,E,False,,,,,NONE,,
2026-08-25,7.1-EARLY-RESEARCH-R2,8795,Ｔ＆Ｄホールディングス,4767.0,-3.286670724284846,-7.901854714064916,-1.311207045768617,-3.6923002327385657,0.7311996701754853,-7.901854714064916,20,False,False,True,False,True,False,False,E,False,,,,,NONE,高値持ち合い後,
2026-08-25,7.1-EARLY-RESEARCH-R2,3405,クラレ,1789.0,-3.11399945843488,-4.992033988316513,-1.865990961355752,-3.3620708282016354,0.9641414315804012,-14.319923371647514,11,False,False,True,False,False,False,False,E,False,,,,,NONE,,
2026-08-25,7.1-EARLY-RESEARCH-R2,5401,日本製鉄,672.2,-3.0853517877739267,5.542471345580169,-4.470969624168969,1.983845224874204,0.5829475558368474,-80.5159420289855,233,False,False,True,True,False,False,False,E,False,,,,,NONE,長期調整後 / 25日線付近,
2026-08-25,7.1-EARLY-RESEARCH-R2,4004,レゾナック・ホールディングス,16180.0,-4.683357879234162,15.819613457408742,-8.638261243586348,5.924713584288055,0.5223526513026352,-21.05391558916809,71,False,False,True,True,False,False,False,E,False,,,,,NONE,長期調整後,
2026-08-25,7.1-EARLY-RESEARCH-R2,6506,安川電機,4966.0,-3.964416940630444,-5.535476507513792,-2.580547813751996,-3.0290249008029457,0.5246428334175463,-37.25837018319646,44,False,False,True,False,False,False,False,E,False,,,,,NONE,,
2026-08-25,7.1-EARLY-RESEARCH-R2,6301,小松製作所,7440.0,3.79464285714286,7.810462251847561,1.84202729418097,5.49001814882033,0.6178442671463297,-5.102040816326525,129,False,True,True,False,True,False,False,C,False,,,,,NONE,高値持ち合い後 / 5日線上向き / 勢い改善,
2026-08-25,7.1-EARLY-RESEARCH-R2,8697,日本取引所グループ,2262.5,3.23979009810631,-1.1361153594057205,3.5238189379577403,1.0757587941494506,0.4746710112389316,-3.968590831918506,18,False,True,True,False,False,False,False,C,False,,,,,NONE,5日線上向き / 勢い改善 / 25日線付近,
2026-08-25,7.1-EARLY-RESEARCH-R2,6701,日本電気,4650.0,0.0,4.6119235095613,-1.152980877390325,-0.5296528591842153,0.7264384875744357,-24.927349047465285,182,False,False,True,True,False,False,False,E,False,,,,,NONE,長期調整後 / 25日線付近,
2026-08-25,7.1-EARLY-RESEARCH-R2,8830,住友不動産,3402.0,2.655401327700657,-10.023803226659613,5.16135213436556,-3.5626814223512326,0.7007057183615524,-58.51219512195123,164,False,True,True,True,False,False,False,C,False,,,,,NONE,長期調整後 / 5日線上向き / 勢い改善,
2026-08-25,7.1-EARLY-RESEARCH-R2,4005,住友化学,555.1,4.263711495116462,1.853211009174327,3.800408742822881,5.350459662787466,0.4718509083426644,-11.183999999999994,69,False,True,True,False,True,False,False,C,False,,,,,NONE,高値持ち合い後 / 5日線上向き / 勢い改善,
2026-08-25,7.1-EARLY-RESEARCH-R2,7735,ＳＣＲＥＥＮホールディングス,13305.0,-2.8477546549835697,-16.29443221138723,1.2258533978632382,-4.299853266967801,0.5534218294478579,-44.26057813154587,121,False,False,True,True,False,False,False,E,False,,,,,NONE,長期調整後 / 勢い改善,
2026-08-25,7.1-EARLY-RESEARCH-R2,4061,デンカ,3411.0,-2.431350114416475,-5.851504278222464,-0.9684740448608592,-3.237336601307184,0.5480248271853528,-27.30179028132992,45,False,False,True,False,False,False,False,E,False,,,,,NONE,,
2026-08-25,7.1-EARLY-RESEARCH-R2,5233,太平洋セメント,4188.0,-0.9226401703335664,-0.4752851711026573,-0.8038188775579019,0.5502895502607519,0.5222106737764924,-15.700483091787444,131,False,False,True,True,False,False,False,E,False,,,,,NONE,長期調整後 / 25日線付近,
2026-08-25,7.1-EARLY-RESEARCH-R2,6861,キーエンス,82250.0,-2.234636871508377,10.89389240932992,-4.958109973840857,2.1348353673377174,0.4471895743657014,-6.449044585987263,12,False,False,True,False,False,False,False,E,False,,,,,NONE,25日線付近,
2026-08-25,7.1-EARLY-RESEARCH-R2,8308,りそなホールディングス,2416.0,-3.3599999999999963,0.9400459578023712,-3.595011489450589,3.5292504413705794,0.6207688559299896,-5.347698334965722,5,True,False,True,False,False,False,False,E,False,,,,,NONE,安値切り上げ,
2026-08-25,7.1-EARLY-RESEARCH-R2,8015,豊田通商,7484.0,1.5054930150549373,14.120158584934428,-2.0245466311786697,7.148174873151669,0.5574412298187957,-1.784776902887142,11,False,True,True,False,False,False,False,E,False,,,,,NONE,5日線上向き,
2026-08-25,7.1-EARLY-RESEARCH-R2,4042,東ソー,2635.0,-2.551775147928992,-7.348804500703232,-0.7145740227531838,-3.0907967517947443,0.7468813460980562,-14.614387556707708,48,False,False,True,False,True,False,False,E,False,,,,,NONE,高値持ち合い後,
2026-08-25,7.1-EARLY-RESEARCH-R2,7201,日産自動車,323.8,-2.8502850285028525,-2.7335536197056087,-2.1668966235764504,-3.0643403704989858,0.8647677829911121,-30.515021459227462,127,False,False,True,True,False,False,False,E,False,,,,,NONE,長期調整後,
2026-08-25,7.1-EARLY-RESEARCH-R2,8591,オリックス,6279.0,-0.2541699761715699,-5.9043908287127245,1.2219277310066112,-1.4403305100176511,0.6273257058860976,-6.002994011976048,19,False,False,True,False,False,False,False,E,False,,,,,NONE,勢い改善 / 25日線付近,
2026-08-25,7.1-EARLY-RESEARCH-R2,8750,第一ライフグループ,1802.0,-2.1449904968775413,-8.014293006636041,-0.1414172452185309,-3.7999551564718894,0.7529435105672126,-8.014293006636041,20,False,False,True,False,True,False,False,E,False,,,,,NONE,高値持ち合い後,
2026-08-25,7.1-EARLY-RESEARCH-R2,9766,コナミグループ,22190.0,3.017641597028775,13.911704312114992,-0.4602844809999729,6.647826672049528,0.5491521622465898,-16.71983486582849,197,True,True,True,True,False,False,False,C,False,,,,,NONE,長期調整後 / 安値切り上げ / 5日線上向き,
2026-08-25,7.1-EARLY-RESEARCH-R2,7453,良品計画,4289.0,-0.3253544039042544,-0.5564572223510367,-0.1862400983164952,-0.5287814833712212,0.7567003893668374,-43.33465451182455,251,False,False,True,True,False,False,False,E,False,,,,,NONE,長期調整後 / 25日線付近,
2026-08-25,7.1-EARLY-RESEARCH-R2,1812,鹿島建設,4835.0,-1.1449601308525903,-14.50044208664898,2.4801503908096545,-6.4094523549588445,0.7146008853792277,-39.86318407960199,130,False,False,True,True,False,False,False,E,False,,,,,NONE,長期調整後 / 勢い改善,
2026-08-25,7.1-EARLY-RESEARCH-R2,8035,東京エレクトロン,55410.0,-1.7204682511528957,-11.767515923566874,1.2214107297388228,-3.885516045099735,0.555257231835857,-31.81146935761753,37,False,False,True,False,False,False,False,E,False,,,,,NONE,勢い改善,
2026-08-25,7.1-EARLY-RESEARCH-R2,1802,大林組,3011.0,-0.0332005312084993,-9.606724707295111,2.3684806456152785,-3.365363013742595,0.613364124552256,-32.16940752421716,120,False,False,True,True,False,False,False,E,False,,,,,NONE,長期調整後 / 勢い改善,
2026-08-25,7.1-EARLY-RESEARCH-R2,2802,味の素,5497.0,-0.6865401987353192,8.443479976326685,-2.7974101928169905,4.934218061589912,0.5233094567244732,-13.296529968454262,34,False,False,True,False,True,False,False,E,False,,,,,NONE,高値持ち合い後,
2026-08-25,7.1-EARLY-RESEARCH-R2,5332,ＴＯＴＯ,6457.0,1.5251572327044105,-13.36374614249296,4.866093768327651,-4.018242033974895,0.640942001432854,-32.03157894736842,43,False,False,True,False,False,False,False,E,False,,,,,NONE,勢い改善,
2026-08-25,7.1-EARLY-RESEARCH-R2,4755,楽天グループ,768.9,-0.4917820628963509,-5.656441717791417,0.9223283665515032,-4.540917420258317,0.5818640840021314,-28.039307440336923,191,True,False,False,True,False,False,False,E,False,,,,,NONE,長期調整後 / 安値切り上げ / 勢い改善,
2026-08-25,7.1-EARLY-RESEARCH-R2,6302,住友重機械工業,5852.0,-1.1319479641831445,7.99040413360399,-3.1295489975841417,4.4008192217393605,0.7464881586287337,-8.016347060672746,118,False,False,True,False,True,False,False,E,False,,,,,NONE,高値持ち合い後,
2026-08-25,7.1-EARLY-RESEARCH-R2,8309,三井住友トラストグループ,1734.0,0.0,-74.8001743932568,18.7000435983142,-44.56344512292593,0.6338318836216882,-75.21086490350251,19,False,False,True,False,False,False,False,E,False,,,,,NONE,勢い改善,
2026-08-25,7.1-EARLY-RESEARCH-R2,3401,帝人,1737.5,-0.6859102600743072,0.230747043553503,-0.743597020962683,1.3899911301993306,0.6086560159367034,-4.74232456140351,9,False,True,True,False,False,False,False,E,False,,,,,NONE,5日線上向き / 25日線付近,
2026-08-25,7.1-EARLY-RESEARCH-R2,8354,ふくおかフィナンシャルグループ,7649.0,-1.4685044441581918,-1.973599897475331,-0.975104469789359,1.3660362155972994,0.5376587865921941,-3.421717171717176,5,True,False,True,False,False,False,False,E,False,,,,,NONE,安値切り上げ / 25日線付近,
2026-08-25,7.1-EARLY-RESEARCH-R2,7186,横浜フィナンシャルグループ,1907.5,-1.446654611211573,-3.783102143757877,-0.5008790752721037,1.2462712710056056,1.0104207245812231,-4.409922325231774,20,False,False,True,False,True,False,False,E,False,,,,,NONE,高値持ち合い後 / 25日線付近,
2026-08-25,7.1-EARLY-RESEARCH-R2,8766,東京海上ホールディングス,7408.0,0.5019671686338434,-10.129807109062238,3.034418945899403,-4.636361763918351,0.9185735564401628,-12.517713745866788,18,False,False,True,False,False,False,False,E,False,,,,,NONE,勢い改善,
2026-08-25,7.1-EARLY-RESEARCH-R2,4543,テルモ,2596.5,0.7176105508145847,15.451311694086268,-3.1452173727069823,7.286295120983732,0.5966365006237773,-7.860184528034065,251,False,False,True,False,True,False,False,E,False,,,,,NONE,高値持ち合い後,
2026-08-25,7.1-EARLY-RESEARCH-R2,2914,日本たばこ産業,6986.0,0.7789959607616748,6.966773847802776,-0.9626975011890192,1.9907615582716696,0.6094673417136697,-3.214186755333892,16,False,False,True,False,False,False,False,E,False,,,,,NONE,25日線付近,
2026-08-25,7.1-EARLY-RESEARCH-R2,7951,ヤマハ,1314.5,0.8438818565400741,4.699322978892861,-0.3309488881831413,1.5293118096856295,0.4829978879701166,-8.205307262569828,9,False,False,True,False,False,False,False,E,False,,,,,NONE,25日線付近,
2026-08-25,7.1-EARLY-RESEARCH-R2,6367,ダイキン工業,20830.0,-1.3497513615912893,-13.693805676403558,2.0737000575096003,-7.337384449762895,0.5387307771495542,-21.217851739788195,33,False,False,True,False,False,False,False,E,False,,,,,NONE,勢い改善,
2026-08-25,7.1-EARLY-RESEARCH-R2,6526,ソシオネクスト,1962.0,-2.823179791976227,-18.164754953076123,1.718008946292804,-6.179168141085101,0.6073380432845711,-43.79833858493269,197,False,False,True,True,False,False,False,E,False,,,,,NONE,長期調整後 / 勢い改善,
2026-08-26,7.1-EARLY-RESEARCH-R2,4911,資生堂,3750.0,7.0510990579503385,15.278204734091606,3.231547874427437,9.659383334113135,0.8224542729322154,-1.5489629824100848,0,True,True,True,False,False,False,False,C,False,,,,,NONE,安値切り上げ / 5日線上向き / 勢い改善,
2026-08-26,7.1-EARLY-RESEARCH-R2,7752,リコー,1690.0,6.3896757947749405,6.055851898336995,4.875712820190692,4.938961538939179,0.6800789388903549,-0.8215962441314506,0,True,True,True,False,False,False,False,C,False,,,,,NONE,安値切り上げ / 5日線上向き / 勢い改善,
2026-08-26,7.1-EARLY-RESEARCH-R2,9104,商船三井,7074.0,1.5503875968992276,20.654954801296267,-3.613351103424839,11.580102967898242,1.0613989578869014,-5.793048341989615,1,True,True,False,False,False,False,False,E,False,,,,,NONE,安値切り上げ / 5日線上向き,
2026-08-26,7.1-EARLY-RESEARCH-R2,2914,日本たばこ産業,6983.0,0.9979751229389544,5.039109506618522,-0.2618022537156761,1.6158417685783857,0.4372142804677143,-3.255749515101136,17,False,True,True,False,False,False,False,D,False,,,,,NONE,5日線上向き / 25日線付近,
2026-08-26,7.1-EARLY-RESEARCH-R2,4502,武田薬品工業,5860.0,1.577396429190503,2.0194986072423315,1.07252177737992,4.210384049053584,0.7455751944003008,-2.8675617437427525,98,True,True,True,False,False,False,False,C,False,,,,,NONE,安値切り上げ / 5日線上向き / 勢い改善,
2026-08-26,7.1-EARLY-RESEARCH-R2,6113,アマダ,2570.0,0.7448059584476585,-5.113531474986155,2.0231888271941973,-6.334280924265623,0.5878872864614786,-20.28535980148884,71,False,False,True,True,False,False,False,D,False,,,,,NONE,長期調整後 / 勢い改善,
2026-08-26,7.1-EARLY-RESEARCH-R2,6762,ＴＤＫ,3031.0,0.8316699933466509,3.5354397950469574,-0.0521899554150884,-0.5720958916691887,0.5101255467328786,-29.75666280417149,60,False,False,True,True,False,False,False,D,False,,,,,NONE,長期調整後 / 25日線付近,
2026-08-26,7.1-EARLY-RESEARCH-R2,4578,大塚ホールディングス,12225.0,1.410203235172136,7.378129117259546,-0.4343290441427505,3.0567170218505524,0.6196036045094072,-4.454865181711609,11,True,True,True,False,False,False,False,D,False,,,,,NONE,安値切り上げ / 5日線上向き,
2026-08-26,7.1-EARLY-RESEARCH-R2,7532,パン・パシフィック・インターナショナルホールディングス,824.2,1.2406338287679564,-10.78155444901493,3.936022441021689,-6.845636370212304,0.8524589658198892,-85.53273652799719,248,False,False,True,True,False,False,False,D,False,,,,,NONE,長期調整後 / 勢い改善,
2026-08-26,7.1-EARLY-RESEARCH-R2,9503,関西電力,2608.5,10.529661016949143,7.7892561983471165,8.582346967362364,7.149898950066547,0.687091173239786,-7.696390658174101,121,True,True,False,False,True,False,False,C,False,,,,,NONE,高値持ち合い後 / 安値切り上げ / 5日線上向き / 勢い改善,
2026-08-26,7.1-EARLY-RESEARCH-R2,4704,トレンドマイクロ,5569.0,-0.801567509796941,-15.28749619714025,3.020306539488121,-10.378633777068258,0.7168061872432052,-35.45433472415391,226,True,False,False,True,False,False,False,E,False,,,,,NONE,長期調整後 / 安値切り上げ / 勢い改善,
2026-08-26,7.1-EARLY-RESEARCH-R2,2269,明治ホールディングス,4479.0,4.894613583138163,16.82316118935838,0.6888232857985681,10.753390107118488,0.8954789032828677,-1.690079016681301,0,True,True,True,False,False,False,False,C,False,,,,,NONE,安値切り上げ / 5日線上向き / 勢い改善,
2026-08-26,7.1-EARLY-RESEARCH-R2,8035,東京エレクトロン,55500.0,1.5367727771679496,-0.7510729613733891,1.7245410175112967,-2.984239746045947,0.6226643514142528,-31.700713758306662,38,False,False,True,False,False,False,False,D,False,,,,,NONE,勢い改善 / 25日線付近,
2026-08-26,7.1-EARLY-RESEARCH-R2,5201,ＡＧＣ,5739.0,2.0085318165659505,-6.955252918287935,3.747345046137936,-3.3408787744047763,0.6051071818099413,-30.9801563439567,58,True,False,True,False,False,False,False,D,False,,,,,NONE,安値切り上げ / 勢い改善,
2026-08-26,7.1-EARLY-RESEARCH-R2,2801,キッコーマン,1833.0,2.1739130434782705,9.62918660287082,-0.2333836072394346,6.0187166703298045,0.5597015824515831,-1.847389558232937,3,True,True,True,False,False,False,False,D,False,,,,,NONE,安値切り上げ / 5日線上向き,
2026-08-26,7.1-EARLY-RESEARCH-R2,7267,本田技研工業,1674.5,0.7521058965102245,3.877171215880893,-0.2171869074599985,1.4282945266881342,0.8216746665115265,-4.992907801418445,3,True,False,True,False,False,False,False,D,False,,,,,NONE,安値切り上げ / 25日線付近,
2026-08-26,7.1-EARLY-RESEARCH-R2,6526,ソシオネクスト,2004.0,5.751978891820575,-6.747324336900884,7.438809976045796,-3.30425384080908,0.652141915106848,-42.59524491549699,198,False,True,True,True,False,False,False,C,False,,,,,NONE,長期調整後 / 5日線上向き / 勢い改善,
2026-08-26,7.1-EARLY-RESEARCH-R2,6501,日立製作所,5307.0,1.5693779904306204,8.527607361963184,-0.5625238500601757,0.0475070129400068,0.7038611140069938,-12.12121212121212,132,False,False,True,False,True,False,False,D,False,,,,,NONE,高値持ち合い後 / 25日線付近,
2026-08-26,7.1-EARLY-RESEARCH-R2,7733,オリンパス,2133.0,0.0703729767769223,18.36847946725859,-4.521746890037726,8.733330614575262,0.6758798824450614,-3.5059941189776067,4,True,True,True,False,False,False,False,D,False,,,,,NONE,安値切り上げ / 5日線上向き,
2026-08-26,7.1-EARLY-RESEARCH-R2,5411,ＪＦＥホールディングス,1842.5,2.674839788241856,2.646239554317553,2.013279899662468,1.562155487939321,0.8325282714470323,-21.894870707927083,131,True,True,True,True,False,False,False,A,False,,,,,NONE,長期調整後 / 安値切り上げ / 5日線上向き / 勢い改善 / 25日線付近,
2026-08-26,7.1-EARLY-RESEARCH-R2,6503,三菱電機,5619.0,-0.3900017727353266,5.640157924421874,-1.800041253840795,-1.7031817450265496,0.7387287111931851,-15.958719712832782,63,False,False,True,True,False,False,False,E,False,,,,,NONE,長期調整後 / 25日線付近,
2026-08-26,7.1-EARLY-RESEARCH-R2,7762,シチズン時計,2724.0,7.033398821218073,27.289719626168218,0.2109689146760187,11.960542540073993,0.8909281404675025,-6.712328767123288,7,True,True,True,False,False,False,False,C,False,,,,,NONE,安値切り上げ / 5日線上向き / 勢い改善,
2026-08-26,7.1-EARLY-RESEARCH-R2,6473,ジェイテクト,2058.0,0.6849315068493178,-0.1939864209505315,0.7334281120869507,-2.2717775329559764,0.7242063912018321,-9.119010819165377,17,False,False,True,False,False,False,False,D,False,,,,,NONE,勢い改善 / 25日線付近,
2026-08-26,7.1-EARLY-RESEARCH-R2,2871,ニチレイ,2129.5,-1.0455390334572543,-6.621354966016224,0.6097997080468014,-2.543613963790792,1.0629861982434128,-10.109750949767838,19,False,True,True,False,False,False,False,D,False,,,,,NONE,5日線上向き / 勢い改善 / 25日線付近,
2026-08-26,7.1-EARLY-RESEARCH-R2,8308,りそなホールディングス,2446.0,3.798005516656056,7.99116997792495,1.800213022174818,4.528127724312414,0.6731449064981642,-4.17238001958864,6,False,True,True,False,False,False,False,D,False,,,,,NONE,5日線上向き / 勢い改善,
2026-08-26,7.1-EARLY-RESEARCH-R2,8331,千葉銀行,2822.0,3.6166697264549352,4.441154700222061,2.50638105139942,3.5208839260166824,0.7414063583876717,-2.4373379429559194,6,False,True,True,False,False,False,False,D,False,,,,,NONE,5日線上向き / 勢い改善,
2026-08-26,7.1-EARLY-RESEARCH-R2,9101,日本郵船,6964.0,3.43086291400565,15.68106312292359,-0.4894028667252472,10.163378427973011,1.157494192774663,-5.955435516542873,1,True,True,False,False,False,False,False,D,False,,,,,NONE,安値切り上げ / 5日線上向き / 出来高1.2倍,
2026-08-26,7.1-EARLY-RESEARCH-R2,8309,三井住友トラストグループ,1750.5,3.6718981344388446,-74.13945929974885,22.206762959376057,-40.22659600622832,0.8763897147490242,-74.97498213009293,20,False,True,True,False,False,False,False,D,False,,,,,NONE,5日線上向き / 勢い改善,
2026-08-26,7.1-EARLY-RESEARCH-R2,9432,ＮＴＴ,169.6,6.398996235884558,8.43989769820972,4.289021811332128,7.127517117663396,0.6528386274443626,-0.2352941176470668,0,True,True,True,False,False,False,False,C,False,,,,,NONE,安値切り上げ / 5日線上向き / 勢い改善,
2026-08-26,7.1-EARLY-RESEARCH-R2,8316,三井住友フィナンシャルグループ,6732.0,2.4969549330085217,-2.9131814248629984,3.225250289224271,-1.1058748868858048,0.8702673789457082,-7.272727272727275,21,False,False,True,False,True,False,False,C,False,,,,,NONE,高値持ち合い後 / 勢い改善 / 25日線付近,
2026-08-26,7.1-EARLY-RESEARCH-R2,5232,住友大阪セメント,5674.0,2.5668835864063544,1.903735632183912,2.0909496783603765,0.1489702694879247,0.3153891001971182,-12.93539972379929,47,False,False,True,False,True,False,False,C,False,,,,,NONE,高値持ち合い後 / 勢い改善 / 25日線付近,
2026-08-26,7.1-EARLY-RESEARCH-R2,9766,コナミグループ,22240.0,2.583025830258312,10.427010923535263,-0.0237269006255038,6.125097822145009,0.5494978954694595,-16.532182398198536,198,True,True,True,True,False,False,False,C,False,,,,,NONE,長期調整後 / 安値切り上げ / 5日線上向き,
2026-08-26,7.1-EARLY-RESEARCH-R2,4061,デンカ,3398.0,2.782819116757418,-0.1175778953556694,2.8122135905963352,-3.292274766057235,0.5585760827394144,-27.578857630008525,46,True,True,True,False,False,False,False,C,False,,,,,NONE,安値切り上げ / 5日線上向き / 勢い改善,
2026-08-26,7.1-EARLY-RESEARCH-R2,9434,ソフトバンク,239.5,3.0550774526678204,3.769497400346622,2.1127031025811647,4.0200830423376965,0.8159083018782938,-3.388463089955629,248,False,True,True,False,True,False,False,C,False,,,,,NONE,高値持ち合い後 / 5日線上向き / 勢い改善,
2026-08-26,7.1-EARLY-RESEARCH-R2,8253,クレディセゾン,4807.0,3.420826161790025,5.671576170586934,2.002932119143291,3.1739899380140546,0.746704862768928,-2.692307692307694,129,True,True,True,False,False,False,False,C,False,,,,,NONE,安値切り上げ / 5日線上向き / 勢い改善,
2026-08-26,7.1-EARLY-RESEARCH-R2,7974,任天堂,8896.0,3.719249154716109,16.150933542237887,-0.3184842308433628,10.022212218204118,0.7536009658703133,-39.8715782358905,249,True,True,True,True,False,False,False,C,False,,,,,NONE,長期調整後 / 安値切り上げ / 5日線上向き,
2026-08-26,7.1-EARLY-RESEARCH-R2,5332,ＴＯＴＯ,6447.0,4.387953367875652,-7.0635721493441,6.153846405211677,-3.544049264798288,0.5312145289443814,-32.13684210526316,44,True,True,True,False,False,False,False,C,False,,,,,NONE,安値切り上げ / 5日線上向き / 勢い改善,
2026-08-26,7.1-EARLY-RESEARCH-R2,4901,富士フイルムホールディングス,3300.0,5.162523900573612,-12.117177097203724,8.191818174874543,-5.458212529938233,0.6244517384610916,-15.55783009211873,13,True,True,True,False,False,False,False,C,False,,,,,NONE,安値切り上げ / 5日線上向き / 勢い改善,
2026-08-26,7.1-EARLY-RESEARCH-R2,5711,三菱マテリアル,5963.0,18.079207920792072,47.81854238968766,6.124572323370158,24.19190909393849,2.06258828556845,-2.6607900750897806,120,True,True,True,False,False,False,False,B,False,,,,,NONE,安値切り上げ / 5日線上向き / 出来高2.1倍 / 勢い改善,
2026-08-26,7.1-EARLY-RESEARCH-R2,8354,ふくおかフィナンシャルグループ,7747.0,3.861107387049212,2.609271523178802,3.2087895062545115,2.4800516434905884,0.7501725857175731,-2.1843434343434387,6,False,True,True,False,False,False,False,C,False,,,,,NONE,5日線上向き / 勢い改善 / 25日線付近,
2026-08-26,7.1-EARLY-RESEARCH-R2,6103,オークマ,4905.0,-0.9090909090909038,1.763485477178417,-1.349962278385508,-3.977917857562352,0.7169303920804427,-14.09807355516638,11,False,False,True,False,False,False,False,E,False,,,,,NONE,,
2026-08-26,7.1-EARLY-RESEARCH-R2,8628,松井証券,1127.0,2.734731084776665,1.8987341772152,2.260047540472865,3.333822342844561,0.7412111775792838,-0.5295675198587868,23,False,True,True,False,False,False,False,D,False,,,,,NONE,5日線上向き / 勢い改善,
2026-08-26,7.1-EARLY-RESEARCH-R2,4151,協和キリン,2573.0,-0.6371886464568433,-3.125,0.1440613535431567,-0.282139922799085,0.8592535857895417,-11.64148351648352,121,True,False,True,False,True,False,False,C,False,,,,,NONE,高値持ち合い後 / 安値切り上げ / 勢い改善 / 25日線付近,
2026-08-26,7.1-EARLY-RESEARCH-R2,2802,味の素,5416.0,2.575757575757587,10.801963993453343,-0.1247334226057494,3.2586728896413453,0.5462871296688471,-14.574132492113566,35,True,True,True,False,True,False,False,C,False,,,,,NONE,高値持ち合い後 / 安値切り上げ / 5日線上向き,
2026-08-26,7.1-EARLY-RESEARCH-R2,6361,荏原製作所,4959.0,-0.7803121248499356,-3.727431566686079,0.1515457668215841,-8.693538765199326,0.509117151193535,-28.02612481857765,46,False,False,True,False,False,False,False,E,False,,,,,NONE,勢い改善,
2026-08-26,7.1-EARLY-RESEARCH-R2,3407,旭化成,1625.5,0.5567584287039962,-10.539350577875616,3.1915960731729003,-5.184381525682758,0.610909452458672,-14.716684155299053,35,True,False,True,False,True,False,False,C,False,,,,,NONE,高値持ち合い後 / 安値切り上げ / 勢い改善,
2026-08-26,7.1-EARLY-RESEARCH-R2,5101,横浜ゴム,7515.0,3.2563891178895243,-0.4240095402146537,3.362391502943188,-0.918171462323858,0.4831797439448235,-9.3595464962007,10,False,True,True,False,False,False,False,C,False,,,,,NONE,5日線上向き / 勢い改善 / 25日線付近,
2026-08-26,7.1-EARLY-RESEARCH-R2,6902,デンソー,1919.0,1.6688741721854194,-7.71820149074297,3.598424544871162,-2.51262408176951,0.4751250864418501,-19.13190054782975,198,True,True,True,True,False,False,False,A,False,,,,,NONE,長期調整後 / 安値切り上げ / 5日線上向き / 勢い改善 / 25日線付近,
2026-08-26,7.1-EARLY-RESEARCH-R2,6976,太陽誘電,9060.0,-6.462936196572377,-11.824817518248176,-3.506731817010333,-11.531385852052356,1.1460916030787551,-62.35196343237066,38,False,False,True,False,False,False,False,E,False,,,,,NONE,出来高1.1倍,
2026-08-26,7.1-EARLY-RESEARCH-R2,6988,日東電工,3392.0,0.9824352485858778,-1.5670342426001185,1.3741938092359074,-1.2644668514076862,0.5977887489526645,-16.61750245821042,202,False,False,True,True,False,False,False,C,False,,,,,NONE,長期調整後 / 勢い改善 / 25日線付近,
2026-08-26,7.1-EARLY-RESEARCH-R2,8306,三菱ＵＦＪフィナンシャル・グループ,3579.0,2.403433476394845,-2.2398251843758543,2.9633897724888087,-0.5402341014439593,0.6999064091243172,-6.1369000786782095,21,False,False,True,False,True,False,False,C,False,,,,,NONE,高値持ち合い後 / 勢い改善 / 25日線付近,
2026-08-26,7.1-EARLY-RESEARCH-R2,5714,ＤＯＷＡホールディングス,10450.0,12.77789769048132,29.18778588206205,5.480951219965808,15.486968207377029,1.0260423654279027,-15.589660743134091,71,True,True,True,True,False,False,False,B,False,,,,,NONE,長期調整後 / 安値切り上げ / 5日線上向き / 勢い改善,
2026-08-26,7.1-EARLY-RESEARCH-R2,285A,キオクシアホールディングス,50000.0,0.1001001001001089,12.2334455667789,-2.9582612915946163,-3.0616992896361217,0.515021038473152,-55.63442768411713,45,False,False,True,False,False,False,False,E,False,,,,,NONE,,
2026-08-26,7.1-EARLY-RESEARCH-R2,4208,ＵＢＥ,3542.0,0.0847697089573218,10.239651416121998,-2.4751431450731776,4.14094014983124,0.5283242382459752,-4.6054403447347125,9,False,False,True,False,False,False,False,E,False,,,,,NONE,,
2026-08-26,7.1-EARLY-RESEARCH-R2,9107,川崎汽船,3306.0,4.719670573329116,17.421417155034625,0.3643162845704593,10.93364114678408,1.0824444672610585,-7.936507936507942,1,True,True,False,False,False,False,False,D,False,,,,,NONE,安値切り上げ / 5日線上向き / 勢い改善,
2026-08-26,7.1-EARLY-RESEARCH-R2,6861,キーエンス,81500.0,2.322661644695545,14.869626497533472,-1.394744979687823,0.7262174895318996,0.3910224848186443,-7.302092811646954,13,False,False,True,False,False,False,False,E,False,,,,,NONE,25日線付近,
2026-08-26,7.1-EARLY-RESEARCH-R2,5214,日本電気硝子,4730.0,-1.0046044370029317,-12.147102526002971,2.032171194497812,-6.450005142283011,0.4960322458747953,-43.535872030559865,80,False,False,True,True,False,False,False,E,False,,,,,NONE,長期調整後 / 勢い改善,
2026-08-26,7.1-EARLY-RESEARCH-R2,6506,安川電機,4949.0,0.4057618178129329,4.058031959629949,-0.6087461720945542,-3.2324922961410207,0.552674932801526,-37.47315224257739,45,False,False,True,False,False,False,False,E,False,,,,,NONE,,
2026-08-26,7.1-EARLY-RESEARCH-R2,1605,ＩＮＰＥＸ,3837.0,-0.5958549222797926,7.599551318003361,-2.495742751780633,3.92853660386352,1.002858262757585,-22.563067608476285,101,True,False,True,True,False,False,False,E,False,,,,,NONE,長期調整後 / 安値切り上げ,
2026-08-26,7.1-EARLY-RESEARCH-R2,5713,住友金属鉱山,11575.0,20.61060748150463,57.18359587180879,6.314708513552432,26.96619353706424,1.037035113847984,-12.969924812030076,120,True,True,True,False,True,False,False,B,False,,,,,NONE,高値持ち合い後 / 安値切り上げ / 5日線上向き / 勢い改善,
2026-08-26,7.1-EARLY-RESEARCH-R2,6954,ファナック,6023.0,-0.6597394029358439,-5.491919033422255,0.7132403554197198,-6.389103026384502,0.4593877095567539,-32.17342342342342,72,False,False,True,True,False,False,False,E,False,,,,,NONE,長期調整後 / 勢い改善,
2026-08-26,7.1-EARLY-RESEARCH-R2,6594,ニデック,2590.0,-1.633118116217247,1.0140405616224646,-1.8866282566228632,-2.368782135371905,0.8938419510910707,-21.41990291262136,244,False,False,True,True,False,False,False,E,False,,,,,NONE,長期調整後 / 25日線付近,
2026-08-26,7.1-EARLY-RESEARCH-R2,3401,帝人,1731.5,0.2896032435563356,3.004164187983349,-0.4614378034395017,0.9880085852930208,0.4393829161964448,-5.071271929824562,10,True,False,True,False,False,False,False,D,False,,,,,NONE,安値切り上げ / 25日線付近,
2026-08-26,7.1-EARLY-RESEARCH-R2,6841,横河電機,5165.0,1.69324670210671,-8.664898320070735,3.8594712821243937,-5.952060132413672,0.5849391827251605,-18.23650466993826,121,False,False,False,True,False,False,False,E,False,,,,,NONE,長期調整後 / 勢い改善,
2026-08-26,7.1-EARLY-RESEARCH-R2,6857,アドバンテスト,35700.0,1.941747572815533,39.94511956095648,-8.044532317423586,9.332794325719853,0.9409522834017257,-7.823392718822619,8,False,False,True,False,False,False,False,E,False,,,,,NONE,,
2026-08-26,7.1-EARLY-RESEARCH-R2,5803,フジクラ,5305.0,-0.4316816816816837,30.247974465995583,-7.99367529818058,6.749034127495168,0.8196899529172573,-82.20395840322038,119,False,False,True,True,False,False,False,E,False,,,,,NONE,長期調整後,
2026-08-26,7.1-EARLY-RESEARCH-R2,5706,三井金属,29025.0,5.526267951281594,3.623705819350232,4.620341496444036,-3.533611183121621,0.6294311645963557,-49.69670710571924,63,False,False,True,True,False,False,False,D,False,,,,,NONE,長期調整後 / 勢い改善,
2026-08-26,7.1-EARLY-RESEARCH-R2,8725,ＭＳ＆ＡＤインシュアランスグループホールディングス,5084.0,4.609053497942384,0.8930343322087753,4.38579491489019,3.707692809817553,0.907495942804509,-1.2048192771084376,7,False,True,True,False,False,False,False,D,False,,,,,NONE,5日線上向き / 勢い改善,
2026-08-26,7.1-EARLY-RESEARCH-R2,9984,ソフトバンクグループ,5163.0,-1.2244117084369566,1.3346418056918496,-1.558072159859919,-4.476628874219236,0.7717934802323453,-81.35764578443762,200,False,False,True,True,False,False,False,E,False,,,,,NONE,長期調整後,
2026-08-26,7.1-EARLY-RESEARCH-R2,6472,ＮＴＮ,372.6,0.9209100758396538,1.442962156275529,0.5601695367707715,-2.364631155273256,0.5614411772407112,-23.490759753593423,73,False,False,True,True,False,False,False,C,False,,,,,NONE,長期調整後 / 勢い改善 / 25日線付近,
2026-08-26,7.1-EARLY-RESEARCH-R2,6645,オムロン,6455.0,0.29521441889373,24.9757986447241,-5.948735242287295,5.245480395481694,0.4751003545683955,-10.904071773636993,6,False,False,True,False,False,False,False,E,False,,,,,NONE,,
2026-08-26,7.1-EARLY-RESEARCH-R2,5301,東海カーボン,1643.0,-5.302593659942367,4.8165869218500745,-6.506740390404886,-1.9256712390912425,0.4082704128708625,-15.44004117344313,13,False,False,True,False,False,False,False,E,False,,,,,NONE,25日線付近,
2026-08-26,7.1-EARLY-RESEARCH-R2,3086,Ｊ．フロント　リテイリング,3130.0,8.492201039861346,2.6229508196721207,7.836463334943316,4.989869986985296,1.0161811038935782,-13.464196848216758,39,True,True,True,False,True,False,False,B,False,,,,,NONE,高値持ち合い後 / 安値切り上げ / 5日線上向き / 勢い改善,
2026-08-26,7.1-EARLY-RESEARCH-R2,9147,ＮＩＰＰＯＮ　ＥＸＰＲＥＳＳホールディングス,5734.0,3.952139231327045,6.8380845910192,2.2426180835722453,4.983705005675776,0.6343584918241696,-1.0184705679268102,9,False,True,True,False,False,False,False,D,False,,,,,NONE,5日線上向き / 勢い改善,
2026-08-26,7.1-EARLY-RESEARCH-R2,9735,セコム,6428.0,1.0056568196103122,-7.163489312536109,2.7965291477443395,-3.1816894704815635,0.759001072468209,-11.018826135105208,19,True,True,True,False,False,False,False,C,False,,,,,NONE,安値切り上げ / 5日線上向き / 勢い改善,
2026-08-26,7.1-EARLY-RESEARCH-R2,6367,ダイキン工業,20985.0,1.3523303549867194,-11.623499684144036,4.2582052760227285,-6.05694332527531,0.6597930248810515,-20.63161875945537,34,False,False,True,False,False,False,False,E,False,,,,,NONE,勢い改善,
2026-08-26,7.1-EARLY-RESEARCH-R2,4523,エーザイ,4833.0,-0.08269588587968,0.8766437069505306,-0.3018568126173127,0.7068021370762789,0.5257173255311367,-9.646662927650029,233,True,True,True,False,True,False,False,C,False,,,,,NONE,高値持ち合い後 / 安値切り上げ / 5日線上向き / 25日線付近,
2026-08-26,7.1-EARLY-RESEARCH-R2,4631,ＤＩＣ,5065.0,-2.9321579149099275,15.533759124087588,-6.8155976959318245,3.266188223780775,0.5800367866117458,-13.801906058543222,9,False,False,True,False,False,False,False,E,False,,,,,NONE,,
2026-08-26,7.1-EARLY-RESEARCH-R2,5401,日本製鉄,677.0,-0.132762944387077,3.516819571865448,-1.011967837353439,2.225711956029364,0.4953942604988722,-80.3768115942029,234,False,False,True,True,False,False,False,E,False,,,,,NONE,長期調整後 / 25日線付近,
2026-08-26,7.1-EARLY-RESEARCH-R2,6971,京セラ,3625.0,-0.439439714364187,0.2211777716339513,-0.4947341572726749,-2.4887559448234287,0.6376315136311878,-9.803433689972628,35,False,False,False,False,True,False,False,E,False,,,,,NONE,高値持ち合い後 / 25日線付近,
2026-08-26,7.1-EARLY-RESEARCH-R2,8411,みずほフィナンシャルグループ,8314.0,2.5407005426739016,1.2667478684531108,2.224013575560624,-0.388191316016484,0.6716702977971142,-5.726272820047629,8,False,False,True,False,False,False,False,D,False,,,,,NONE,勢い改善 / 25日線付近,
2026-08-26,7.1-EARLY-RESEARCH-R2,3103,ユニチカ,1455.0,-4.213298222514816,76.15012106537532,-23.250828488858645,25.8519876829395,0.6032742882902261,-66.78082191780823,85,True,False,True,True,False,False,False,E,False,,,,,NONE,長期調整後 / 安値切り上げ,
2026-08-26,7.1-EARLY-RESEARCH-R2,6723,ルネサスエレクトロニクス,3372.0,-2.5996533795493937,-2.5996533795493937,-1.9497400346620453,-8.215926659843653,0.5404335861503535,-36.18470855412566,44,False,False,True,False,False,False,False,E,False,,,,,NONE,,
2026-08-26,7.1-EARLY-RESEARCH-R2,4063,信越化学工業,5967.0,-2.019704433497538,1.617847411444151,-2.424166286358576,-3.563324649130173,0.7237963904642063,-24.75409836065574,60,False,False,True,True,False,False,False,E,False,,,,,NONE,長期調整後,
2026-08-26,7.1-EARLY-RESEARCH-R2,4188,三菱ケミカルグループ,1132.0,0.0,-2.832618025751077,0.7081545064377692,-3.7496811495621007,0.6760413439556168,-10.372129849564526,9,False,False,False,False,False,False,False,E,False,,,,,NONE,勢い改善,
2026-08-26,7.1-EARLY-RESEARCH-R2,6981,村田製作所,7185.0,-1.9915427636066017,0.4473647420662585,-2.1033839491231667,-4.183647342479791,0.7024485174760946,-44.28072896471501,45,False,False,True,False,False,False,False,E,False,,,,,NONE,,
2026-08-26,7.1-EARLY-RESEARCH-R2,5333,ＮＧＫ,5412.0,-1.778584392014515,-2.275189599133265,-1.2097869922311988,-5.2102818470333485,0.738493228040506,-31.4416012161135,42,False,False,True,False,False,False,False,E,False,,,,,NONE,,
2026-08-26,7.1-EARLY-RESEARCH-R2,6752,パナソニック　ホールディングス,4344.0,0.0460617227084236,20.532741398446163,-5.087123626903117,2.147351787578655,0.5360759009825944,-12.806101967081496,8,False,False,True,False,False,False,False,E,False,,,,,NONE,25日線付近,
2026-08-26,7.1-EARLY-RESEARCH-R2,7741,ＨＯＹＡ,24965.0,-1.770607908715327,5.404264302301032,-3.121673984290585,-1.229634670317059,0.9267325112978754,-17.878289473684205,89,False,False,True,True,False,False,False,E,False,,,,,NONE,長期調整後 / 25日線付近,
2026-08-26,7.1-EARLY-RESEARCH-R2,9983,ファーストリテイリング,72120.0,-3.763010408326661,-9.793621013133214,-1.314605155043358,-6.3357160668273576,0.5440808013714352,-18.683053331829967,33,False,False,False,False,False,False,False,E,False,,,,,NONE,,
2026-08-26,7.1-EARLY-RESEARCH-R2,7211,三菱自動車工業,374.7,10.62887511071744,0.7258064516129092,10.447423497814212,4.545657463003061,0.8511771133406179,-18.18777292576419,132,True,True,True,True,False,False,False,B,False,,,,,NONE,長期調整後 / 安値切り上げ / 5日線上向き / 勢い改善,
2026-08-26,7.1-EARLY-RESEARCH-R2,4004,レゾナック・ホールディングス,15995.0,0.5974842767295652,29.357056207035992,-6.741779775029433,4.3270108794907225,0.6395142396487955,-21.9565747743352,72,False,False,True,True,False,False,False,E,False,,,,,NONE,長期調整後,
2026-08-26,7.1-EARLY-RESEARCH-R2,8804,東京建物,3425.0,3.411835748792269,-1.8905757662560865,3.8844796903562906,0.8836524300441795,0.5181824307630107,-21.696387745770465,121,True,True,True,True,False,False,False,A,False,,,,,NONE,長期調整後 / 安値切り上げ / 5日線上向き / 勢い改善 / 25日線付近,
2026-08-26,7.1-EARLY-RESEARCH-R2,7912,大日本印刷,3133.0,-3.391921060746228,4.329004329004338,-4.474172142997313,0.2951552286012404,0.6676064717217832,-6.866825208085614,8,False,False,True,False,False,False,False,E,False,,,,,NONE,25日線付近,
2026-08-26,7.1-EARLY-RESEARCH-R2,3436,ＳＵＭＣＯ,3405.0,-3.184532271822571,8.439490445859876,-5.29440488328754,-3.804863716494145,0.7141257283062183,-42.667115676039735,30,False,False,True,False,False,False,False,E,False,,,,,NONE,,
2026-08-26,7.1-EARLY-RESEARCH-R2,8015,豊田通商,7535.0,8.12168173339074,16.550657385924204,3.9840173869096898,7.2451309144942355,0.5678078507495599,-1.1154855643044637,12,False,True,True,False,False,False,False,D,False,,,,,NONE,5日線上向き / 勢い改善,
2026-08-26,7.1-EARLY-RESEARCH-R2,7832,バンダイナムコホールディングス,5658.0,5.579399141630903,25.12162759840779,-0.7010077579710448,13.75608186899353,0.7975860284063538,-1.2565445026177955,0,True,True,True,False,False,False,False,D,False,,,,,NONE,安値切り上げ / 5日線上向き,
2026-08-26,7.1-EARLY-RESEARCH-R2,3405,クラレ,1781.0,-1.8732782369145995,-3.703703703703709,-0.9473523109886722,-3.7390956555578447,0.4791026191971615,-14.703065134099614,12,False,False,True,False,False,False,False,E,False,,,,,NONE,,
2026-08-26,7.1-EARLY-RESEARCH-R2,7011,三菱重工業,3920.0,-4.320234317793503,3.0223390275952777,-5.075819074692323,-1.8694864169345184,0.652670113389188,-24.731182795698924,120,False,False,False,True,False,False,False,E,False,,,,,NONE,長期調整後 / 25日線付近,
2026-08-26,7.1-EARLY-RESEARCH-R2,7013,ＩＨＩ,2638.0,-4.868373602596465,-4.919805370336993,-3.638422260012217,-5.926824049639823,0.8315657761741534,-85.39717686133407,223,False,False,False,True,False,False,False,E,False,,,,,NONE,長期調整後,
2026-08-26,7.1-EARLY-RESEARCH-R2,6920,レーザーテック,34620.0,-1.675660323771655,-7.532051282051277,0.2073524967411644,-11.178843015916994,0.6142740686641434,-40.90133151246159,46,False,False,True,False,False,False,False,E,False,,,,,NONE,勢い改善,
2026-08-26,7.1-EARLY-RESEARCH-R2,5802,住友電気工業,2211.5,0.0678733031674205,1.0971428571428632,-0.2064124111182952,-2.0367843790421225,0.607396023364565,-85.10774410774411,58,False,False,True,False,False,False,False,E,False,,,,,NONE,25日線付近,
2026-08-26,7.1-EARLY-RESEARCH-R2,7012,川崎重工業,2575.0,-3.756307232293032,-3.7203215554309166,-2.826226843435303,-6.0548129122643175,0.7422625242328774,-86.32501327668614,119,False,False,True,True,False,False,False,E,False,,,,,NONE,長期調整後,
2026-08-26,7.1-EARLY-RESEARCH-R2,4689,ＬＩＮＥヤフー,557.1,12.727640631323368,23.52549889135256,6.846265908485228,15.49944022888421,1.1902412343925812,-1.223404255319149,0,True,True,True,False,False,False,False,B,False,,,,,NONE,安値切り上げ / 5日線上向き / 出来高1.2倍 / 勢い改善,
2026-08-26,7.1-EARLY-RESEARCH-R2,7735,ＳＣＲＥＥＮホールディングス,13210.0,0.2276176024279319,-6.807760141093477,1.9295576377013013,-3.9412449098312985,0.4823497942031737,-44.6585672392124,122,False,False,True,True,False,False,False,D,False,,,,,NONE,長期調整後 / 勢い改善,
2026-08-26,7.1-EARLY-RESEARCH-R2,3382,セブン＆アイ・ホールディングス,2024.0,-0.2955665024630516,-8.22942643391521,1.7617901060157508,-2.7586935841877214,0.7877460376516562,-16.259826230864704,130,True,False,True,True,False,False,False,C,False,,,,,NONE,長期調整後 / 安値切り上げ / 勢い改善 / 25日線付近,
2026-08-26,7.1-EARLY-RESEARCH-R2,3659,ネクソン,3121.0,4.294068504594817,25.442122186495176,-2.066462042028977,17.54559081630347,0.5359407015524966,-29.61208840775823,144,True,True,False,True,False,False,False,D,False,,,,,NONE,長期調整後 / 安値切り上げ / 5日線上向き,
2026-08-26,7.1-EARLY-RESEARCH-R2,3092,ＺＯＺＯ,1142.0,2.605570530098822,-3.302286198137172,3.4311420796331147,-0.1835503889520029,0.792472338619235,-25.163826998689387,249,True,True,True,True,False,False,False,A,False,,,,,NONE,長期調整後 / 安値切り上げ / 5日線上向き / 勢い改善 / 25日線付近,
2026-08-26,7.1-EARLY-RESEARCH-R2,8031,三井物産,4894.0,2.4063611634233206,0.0817995910020519,2.3859112656728074,0.2959283214060138,0.8018330004650558,-26.681647940074903,94,False,True,True,True,False,False,False,B,False,,,,,NONE,長期調整後 / 5日線上向き / 勢い改善 / 25日線付近,
2026-08-26,7.1-EARLY-RESEARCH-R2,6178,日本郵政,2400.5,4.052882531426105,-2.577110389610393,4.697160128828704,0.3150909334046492,0.712903681463256,-5.473518409135658,21,False,True,True,False,True,False,False,B,False,,,,,NONE,高値持ち合い後 / 5日線上向き / 勢い改善 / 25日線付近,
2026-08-26,7.1-EARLY-RESEARCH-R2,1812,鹿島建設,4829.0,2.700978307103364,-11.959890610756608,5.690950959792515,-5.961301780678929,0.5509424233982129,-39.93781094527363,131,True,True,True,True,False,False,False,B,False,,,,,NONE,長期調整後 / 安値切り上げ / 5日線上向き / 勢い改善,
2026-08-26,7.1-EARLY-RESEARCH-R2,9008,京王電鉄,790.3,3.3071895424836573,-3.421727972626176,4.162621535640201,1.1338042588042496,0.6922723732842223,-81.33884297520662,126,True,True,True,True,False,False,False,A,False,,,,,NONE,長期調整後 / 安値切り上げ / 5日線上向き / 勢い改善 / 25日線付近,
2026-08-26,7.1-EARLY-RESEARCH-R2,5233,太平洋セメント,4204.0,3.546798029556641,-0.1662312989788694,3.588355854301359,0.8259864350195212,0.4953634350099716,-15.378421900161031,132,True,True,True,True,False,False,False,A,False,,,,,NONE,長期調整後 / 安値切り上げ / 5日線上向き / 勢い改善 / 25日線付近,
2026-08-26,7.1-EARLY-RESEARCH-R2,7751,キヤノン,4639.0,3.664804469273753,3.595355069227324,2.765965701966921,1.8700700946893127,0.6237118740614158,-7.828333002185572,133,True,True,True,False,True,False,False,A,False,,,,,NONE,高値持ち合い後 / 安値切り上げ / 5日線上向き / 勢い改善 / 25日線付近,
2026-08-26,7.1-EARLY-RESEARCH-R2,9021,西日本旅客鉄道,2986.0,3.860869565217384,-4.5396419437340185,4.995780051150889,0.9609207527776054,0.6438579505685414,-16.52222532848756,247,True,True,True,True,False,False,False,A,False,,,,,NONE,長期調整後 / 安値切り上げ / 5日線上向き / 勢い改善 / 25日線付近,
2026-08-26,7.1-EARLY-RESEARCH-R2,3099,三越伊勢丹ホールディングス,3589.0,4.240487946558225,-1.2383048981838174,4.550064171104179,-0.0757297339436191,0.6910491485741908,-14.384541984732824,39,True,True,True,False,True,False,False,A,False,,,,,NONE,高値持ち合い後 / 安値切り上げ / 5日線上向き / 勢い改善 / 25日線付近,
2026-08-26,7.1-EARLY-RESEARCH-R2,7270,ＳＵＢＡＲＵ,2625.5,4.248560651181266,-2.033582089552244,4.756956173569327,0.3209659546826726,0.6347997936116979,-27.910488742449203,168,True,True,True,True,False,False,False,A,False,,,,,NONE,長期調整後 / 安値切り上げ / 5日線上向き / 勢い改善 / 25日線付近,
2026-08-26,7.1-EARLY-RESEARCH-R2,1721,コムシスホールディングス,5423.0,4.449152542372881,2.9032258064516148,3.7233460907599767,2.6453464162143003,0.6890805931113033,-12.687167927869911,74,True,True,True,False,True,False,False,A,False,,,,,NONE,高値持ち合い後 / 安値切り上げ / 5日線上向き / 勢い改善 / 25日線付近,
2026-08-26,7.1-EARLY-RESEARCH-R2,1803,清水建設,2393.5,4.519650655021845,-3.3515041389057143,5.357526689748274,-0.1818287973443078,0.6111719185052903,-33.844665561083474,119,True,True,True,True,False,False,False,A,False,,,,,NONE,長期調整後 / 安値切り上げ / 5日線上向き / 勢い改善 / 25日線付近,
2026-08-26,7.1-EARLY-RESEARCH-R2,8802,三菱地所,3783.0,4.6762589928057485,-6.592592592592594,6.324407140953897,-1.049404674715937,1.0745107153088496,-30.03513963380803,122,True,True,True,True,False,False,False,A,False,,,,,NONE,長期調整後 / 安値切り上げ / 5日線上向き / 勢い改善 / 25日線付近,
2026-08-26,7.1-EARLY-RESEARCH-R2,1928,積水ハウス,3461.0,2.5785417901600383,-5.359584358764014,3.9184378798510417,-0.3179686869966946,0.5418460815783293,-9.681628392484342,122,True,True,True,False,True,False,False,A,False,,,,,NONE,高値持ち合い後 / 安値切り上げ / 5日線上向き / 勢い改善 / 25日線付近,
2026-08-26,7.1-EARLY-RESEARCH-R2,9022,東海旅客鉄道,3938.0,2.552083333333344,-3.716381418092906,3.4811786878565703,0.6707977994560022,0.7794389512361637,-18.46790890269151,126,True,True,True,True,False,False,False,A,False,,,,,NONE,長期調整後 / 安値切り上げ / 5日線上向き / 勢い改善 / 25日線付近,
2026-08-26,7.1-EARLY-RESEARCH-R2,5108,ブリヂストン,4127.0,2.89204687110447,6.420835482207332,1.286838000552637,2.554545002733466,0.5416242335405632,-44.60402684563758,177,True,True,True,True,False,False,False,A,False,,,,,NONE,長期調整後 / 安値切り上げ / 5日線上向き / 勢い改善 / 25日線付近,
2026-08-26,7.1-EARLY-RESEARCH-R2,7261,マツダ,1203.5,6.081974438078452,1.7758985200845734,5.637999808057309,2.615917191043815,0.6787909737467779,-13.727598566308242,127,True,True,True,False,True,False,False,A,False,,,,,NONE,高値持ち合い後 / 安値切り上げ / 5日線上向き / 勢い改善 / 25日線付近,
2026-08-26,7.1-EARLY-RESEARCH-R2,8601,大和証券グループ本社,1814.0,4.553314121037455,-1.1982570806100212,4.85287839118996,0.3240899487871429,1.2529672162699683,-3.843095679830377,27,True,True,True,False,True,True,True,A,False,,,,,B_EARLY_CONFIRMED,高値持ち合い後 / 安値切り上げ / 5日線上向き / 出来高1.3倍 / 勢い改善 / 25日線付近,
2026-08-26,7.1-EARLY-RESEARCH-R2,1801,大成建設,12815.0,5.084050840508403,-4.721189591078067,6.26434823827792,-1.5503042222358765,0.903716029657554,-38.03191489361703,119,True,True,True,True,False,False,False,A,False,,,,,NONE,長期調整後 / 安値切り上げ / 5日線上向き / 勢い改善 / 25日線付近,
2026-08-26,7.1-EARLY-RESEARCH-R2,3861,王子ホールディングス,880.0,2.984201287302524,-0.3397508493771184,3.069138999646804,0.8466534954825411,0.7664270863325102,-11.173917432118706,122,True,True,True,False,True,False,False,A,False,,,,,NONE,高値持ち合い後 / 安値切り上げ / 5日線上向き / 勢い改善 / 25日線付近,
2026-08-26,7.1-EARLY-RESEARCH-R2,6753,シャープ,640.9,4.042207792207786,5.031137332022273,2.784423459202218,1.7579402630559349,0.8147322304835632,-29.18232044198896,192,True,True,True,True,False,False,False,A,False,,,,,NONE,長期調整後 / 安値切り上げ / 5日線上向き / 勢い改善 / 25日線付近,
2026-08-26,7.1-EARLY-RESEARCH-R2,2501,サッポロビール,1927.5,0.181912681912677,-8.562618595825422,2.3225673308690324,-2.761522318185483,0.478908220517836,-76.71257702065965,180,True,True,True,True,False,False,False,A,False,,,,,NONE,長期調整後 / 安値切り上げ / 5日線上向き / 勢い改善 / 25日線付近,
2026-08-26,7.1-EARLY-RESEARCH-R2,8697,日本取引所グループ,2288.5,4.354765161878715,2.1195894689870487,3.824867794631954,2.177038406243592,0.7136552767620729,-2.865025466893034,19,True,True,True,False,False,False,False,B,False,,,,,NONE,安値切り上げ / 5日線上向き / 勢い改善 / 25日線付近,
2026-08-26,7.1-EARLY-RESEARCH-R2,9532,大阪瓦斯,5600.0,3.0548398969451496,1.1560693641618602,2.7658225559046845,2.113754722761163,0.6125796479717368,-17.984768599882837,117,True,True,True,True,False,False,False,A,False,,,,,NONE,長期調整後 / 安値切り上げ / 5日線上向き / 勢い改善 / 25日線付近,
2026-08-26,7.1-EARLY-RESEARCH-R2,7203,トヨタ自動車,3070.0,4.386263175790539,2.0611702127659504,3.8709706225990512,1.826914146975711,0.53878121561231,-23.250000000000004,133,True,True,True,True,False,False,False,A,False,,,,,NONE,長期調整後 / 安値切り上げ / 5日線上向き / 勢い改善 / 25日線付近,
2026-08-26,7.1-EARLY-RESEARCH-R2,8002,丸紅,4907.0,2.3144286905754763,-6.923368740515934,4.04527087570446,-2.9032079339575634,0.6303160776895865,-22.455752212389378,131,True,True,True,True,False,False,False,A,False,,,,,NONE,長期調整後 / 安値切り上げ / 5日線上向き / 勢い改善 / 25日線付近,
2026-08-26,7.1-EARLY-RESEARCH-R2,8591,オリックス,6325.0,4.996679946879157,-1.171875,5.289648696879157,-0.6078244034898095,0.6243545739441875,-5.314371257485028,20,False,True,True,False,True,False,False,B,False,,,,,NONE,高値持ち合い後 / 5日線上向き / 勢い改善 / 25日線付近,
2026-08-26,7.1-EARLY-RESEARCH-R2,5801,古河電気工業,3905.0,3.5809018567639184,29.820478723404253,-3.874217824087145,6.2920540905428535,0.7478171279740757,-93.74298990546389,63,False,False,True,True,False,False,False,E,False,,,,,NONE,長期調整後,
2026-08-26,7.1-EARLY-RESEARCH-R2,6701,日本電気,4671.0,0.1930501930502037,4.031180400890877,-0.8147449071725155,-0.3056354742045353,0.7336014512774265,-24.58831126896997,183,True,True,True,True,False,False,False,B,False,,,,,NONE,長期調整後 / 安値切り上げ / 5日線上向き / 25日線付近,
2026-08-26,7.1-EARLY-RESEARCH-R2,7911,ＴＯＰＰＡＮホールディングス,5046.0,-0.86444007858546,14.91687542700979,-4.593658935337908,3.989778254059861,0.8029183990818519,-14.878542510121465,119,False,False,True,False,True,False,False,E,False,,,,,NONE,高値持ち合い後,
2026-08-26,7.1-EARLY-RESEARCH-R2,8267,イオン,1384.5,1.7266715650257058,-2.500000000000002,2.3516715650257063,0.7202095154954291,0.9587183016467004,-75.57770329864172,245,True,True,True,True,False,False,False,A,False,,,,,NONE,長期調整後 / 安値切り上げ / 5日線上向き / 勢い改善 / 25日線付近,
2026-08-26,7.1-EARLY-RESEARCH-R2,9202,ＡＮＡホールディングス,3077.0,1.6853932584269593,-2.006369426751597,2.1869856151148586,-0.2877623238752069,0.7214553237025148,-10.002924831822169,121,True,True,True,False,True,False,False,A,False,,,,,NONE,高値持ち合い後 / 安値切り上げ / 5日線上向き / 勢い改善 / 25日線付近,
2026-08-26,7.1-EARLY-RESEARCH-R2,2282,日本ハム,6366.0,0.6482213438735229,-1.6833976833976805,1.0690707647229432,1.4508459018065525,0.4285958708794342,-14.204851752021565,97,True,True,True,False,True,False,False,A,False,,,,,NONE,高値持ち合い後 / 安値切り上げ / 5日線上向き / 勢い改善 / 25日線付近,
2026-08-26,7.1-EARLY-RESEARCH-R2,5019,出光興産,1357.5,1.533283470456248,3.86381025248661,0.5673309073345956,3.0313610006375447,0.7544703386765667,-18.76122082585279,95,True,True,True,True,False,False,False,B,False,,,,,NONE,長期調整後 / 安値切り上げ / 5日線上向き / 勢い改善,
2026-08-26,7.1-EARLY-RESEARCH-R2,1802,大林組,2973.0,2.44658855961406,-9.165902841429885,4.738064269971531,-4.254291327171423,1.404042647304443,-33.025456183825185,121,True,True,True,True,False,True,False,A,False,,,,,A_EARLY,長期調整後 / 安値切り上げ / 5日線上向き / 出来高1.4倍 / 勢い改善,
2026-08-26,7.1-EARLY-RESEARCH-R2,8252,丸井グループ,2982.0,1.1533242876526462,-1.1273209549071628,1.4351545263794367,0.6765790219989354,1.0961891312910077,-11.43451143451143,231,True,True,True,False,True,False,False,A,False,,,,,NONE,高値持ち合い後 / 安値切り上げ / 5日線上向き / 勢い改善 / 25日線付近,
2026-08-26,7.1-EARLY-RESEARCH-R2,1332,ニッスイ,1297.0,0.9338521400778176,-0.5749329244921442,1.0775853712008536,1.4835216425151063,0.628204127306321,-17.38853503184713,120,True,True,True,True,False,False,False,A,False,,,,,NONE,長期調整後 / 安値切り上げ / 5日線上向き / 勢い改善 / 25日線付近,
2026-08-26,7.1-EARLY-RESEARCH-R2,9023,東京地下鉄,1475.5,1.7937219730941756,-0.4721753794266425,1.9117658179508363,0.8985475532700571,0.5371427407569593,-17.845211581291764,247,True,True,True,True,False,False,False,A,False,,,,,NONE,長期調整後 / 安値切り上げ / 5日線上向き / 勢い改善 / 25日線付近,
2026-08-26,7.1-EARLY-RESEARCH-R2,4183,三井化学,2124.0,1.9683149303888705,-0.2348520432127743,2.027027941192064,-1.633877959319785,0.5719782099166458,-47.13787954206072,179,True,False,True,True,False,False,False,B,False,,,,,NONE,長期調整後 / 安値切り上げ / 勢い改善 / 25日線付近,
2026-08-26,7.1-EARLY-RESEARCH-R2,9301,三菱倉庫,1523.5,1.7362270450751227,-6.734006734006737,3.419728728576807,-1.1215098846038996,0.543924566272295,-7.750529821374508,21,True,True,True,False,True,False,False,A,False,,,,,NONE,高値持ち合い後 / 安値切り上げ / 5日線上向き / 勢い改善 / 25日線付近,
2026-08-26,7.1-EARLY-RESEARCH-R2,9005,東急,1658.0,0.4544077552256942,-7.965584235359424,2.4458038140655503,-2.4189276675887217,0.8004952688196472,-17.553455992043755,120,True,True,True,True,False,False,False,A,False,,,,,NONE,長期調整後 / 安値切り上げ / 5日線上向き / 勢い改善 / 25日線付近,
2026-08-26,7.1-EARLY-RESEARCH-R2,8058,三菱商事,4718.0,1.5060240963855387,-1.2144053601340077,1.8096254364190405,-1.4669273052311471,0.6706619922080315,-21.52361942781105,71,True,True,True,True,False,False,False,A,False,,,,,NONE,長期調整後 / 安値切り上げ / 5日線上向き / 勢い改善 / 25日線付近,
2026-08-26,7.1-EARLY-RESEARCH-R2,7453,良品計画,4297.0,1.3204432916764874,-0.1858304297328694,1.3669008991097047,-0.3922186781396108,0.682220843651136,-41.69606512890095,251,True,True,True,True,False,False,False,A,False,,,,,NONE,長期調整後 / 安値切り上げ / 5日線上向き / 勢い改善 / 25日線付近,
2026-08-26,7.1-EARLY-RESEARCH-R2,9064,ヤマトホールディングス,1956.5,1.847995835502348,-7.668711656441718,3.765173749612777,-1.4178893905191892,0.6850815116963467,-23.81230529595016,236,True,True,True,True,False,False,False,A,False,,,,,NONE,長期調整後 / 安値切り上げ / 5日線上向き / 勢い改善 / 25日線付近,
2026-08-26,7.1-EARLY-RESEARCH-R2,9201,日本航空,3043.0,1.9943019943019944,1.8236573531872136,1.5383876560051912,1.8441045550386503,0.7305415193771552,-6.998777506112475,121,True,True,True,False,True,False,False,A,False,,,,,NONE,高値持ち合い後 / 安値切り上げ / 5日線上向き / 勢い改善 / 25日線付近,
2026-08-26,7.1-EARLY-RESEARCH-R2,4507,塩野義製薬,2924.0,2.273522210563139,0.7407407407407307,2.0883370253779567,1.700810406594555,0.6485302079218062,-22.19265566790847,94,True,True,True,True,False,False,False,A,False,,,,,NONE,長期調整後 / 安値切り上げ / 5日線上向き / 勢い改善 / 25日線付近,
2026-08-26,7.1-EARLY-RESEARCH-R2,2502,アサヒグループホールディングス,1679.0,1.450151057401805,-2.4120895088637018,2.0531734346177304,0.1431468448049644,0.481051359980704,-14.511201629327896,237,True,True,True,False,True,False,False,A,False,,,,,NONE,高値持ち合い後 / 安値切り上げ / 5日線上向き / 勢い改善 / 25日線付近,
2026-08-26,7.1-EARLY-RESEARCH-R2,6770,アルプスアルパイン,2194.5,3.660840812470467,-0.5663797009515137,3.8024357377083455,1.0452159499032998,0.4707501133952517,-8.390732623669383,122,True,True,True,False,True,False,False,A,False,,,,,NONE,高値持ち合い後 / 安値切り上げ / 5日線上向き / 勢い改善 / 25日線付近,
2026-08-26,7.1-EARLY-RESEARCH-R2,9531,東京瓦斯,6099.0,1.3796542553191404,-2.181234963913392,1.9249629962974883,0.080734089476997,0.7095603469215711,-23.446717710556044,117,True,True,True,True,False,False,False,A,False,,,,,NONE,長期調整後 / 安値切り上げ / 5日線上向き / 勢い改善 / 25日線付近,
2026-08-26,7.1-EARLY-RESEARCH-R2,2002,日清製粉グループ本社,2057.0,1.3550135501354976,-2.349869451697129,1.94248091305978,1.2671937615076343,0.6645001070008411,-6.436206504434838,93,True,True,True,False,True,False,False,A,False,,,,,NONE,高値持ち合い後 / 安値切り上げ / 5日線上向き / 勢い改善 / 25日線付近,
2026-08-26,7.1-EARLY-RESEARCH-R2,5406,神戸製鋼所,2032.5,2.187028657616885,1.220119521912344,1.8819987771387992,0.5849516004513333,0.4905297676259399,-14.58289556629544,134,True,True,True,False,True,False,False,A,False,,,,,NONE,高値持ち合い後 / 安値切り上げ / 5日線上向き / 勢い改善 / 25日線付近,
2026-08-26,7.1-EARLY-RESEARCH-R2,4043,トクヤマ,4021.0,0.90338770388958,-6.74860853432282,2.590539837470285,-2.708012736757548,0.3995408364315452,-30.287794729542306,57,False,False,True,False,False,False,False,D,False,,,,,NONE,勢い改善 / 25日線付近,
2026-08-26,7.1-EARLY-RESEARCH-R2,8801,三井不動産,1520.0,5.044920525224605,-4.73205891570041,6.227935254149708,0.5264410994418212,0.5721821170059584,-29.56441149212233,131,True,True,True,True,False,False,False,A,False,,,,,NONE,長期調整後 / 安値切り上げ / 5日線上向き / 勢い改善 / 25日線付近,
2026-08-26,7.1-EARLY-RESEARCH-R2,4519,中外製薬,7051.0,2.411038489469864,0.7429632804686337,2.225297669352705,0.9425696762851654,0.5950687295082778,-34.10280373831775,123,True,True,True,True,False,False,False,A,False,,,,,NONE,長期調整後 / 安値切り上げ / 5日線上向き / 勢い改善 / 25日線付近,
2026-08-26,7.1-EARLY-RESEARCH-R2,1808,長谷工コーポレーション,2857.5,3.28935478040846,0.5100246218783022,3.1618486249388846,2.454608037174077,0.586391865771505,-19.073916737468146,131,True,True,True,True,False,False,False,A,False,,,,,NONE,長期調整後 / 安値切り上げ / 5日線上向き / 勢い改善 / 25日線付近,
2026-08-26,7.1-EARLY-RESEARCH-R2,7731,ニコン,1960.0,1.5544041450777255,0.2044989775051187,1.503279400701446,-2.511812981845307,0.7662297506217651,-17.991631799163176,71,True,True,True,True,False,False,False,A,False,,,,,NONE,長期調整後 / 安値切り上げ / 5日線上向き / 勢い改善 / 25日線付近,
2026-08-26,7.1-EARLY-RESEARCH-R2,9007,小田急電鉄,1773.5,4.048107949545332,-1.8539014941892584,4.511583323092647,2.1295464492202765,0.5023994231861483,-5.287049399198929,19,True,True,True,False,False,False,False,B,False,,,,,NONE,安値切り上げ / 5日線上向き / 勢い改善 / 25日線付近,
2026-08-26,7.1-EARLY-RESEARCH-R2,4751,サイバーエージェント,1340.0,5.304518664047153,-11.5803365225998,8.199602794697103,-3.183388003410248,0.6699743870811067,-30.6777030522504,248,True,True,True,True,False,False,False,B,False,,,,,NONE,長期調整後 / 安値切り上げ / 5日線上向き / 勢い改善,
2026-08-26,7.1-EARLY-RESEARCH-R2,9843,ニトリホールディングス,3030.0,4.231166150670784,15.62678878076702,0.3244689554790292,8.753391813705091,0.4543600640489834,-79.40176750509858,228,True,True,True,True,False,False,False,B,False,,,,,NONE,長期調整後 / 安値切り上げ / 5日線上向き / 勢い改善,
2026-08-26,7.1-EARLY-RESEARCH-R2,4568,第一三共,2900.0,6.266031513374859,0.3633846686277975,6.175185346217909,5.187560301489302,0.8498651509823453,-30.58879846816659,213,True,True,True,True,False,False,False,B,False,,,,,NONE,長期調整後 / 安値切り上げ / 5日線上向き / 勢い改善,
2026-08-26,7.1-EARLY-RESEARCH-R2,6302,住友重機械工業,5840.0,7.214980723333952,11.195734958111192,4.4160469838061545,3.625471992732021,0.4358939356138526,-8.204966991512109,119,True,True,True,False,True,False,False,B,False,,,,,NONE,高値持ち合い後 / 安値切り上げ / 5日線上向き / 勢い改善,
2026-08-26,7.1-EARLY-RESEARCH-R2,4506,住友ファーマ,1454.0,7.663828211773427,12.495164410058024,4.540037109258921,9.134579298956693,1.072440795763056,-55.77858880778589,128,True,True,True,True,False,False,False,B,False,,,,,NONE,長期調整後 / 安値切り上げ / 5日線上向き / 勢い改善,
2026-08-26,7.1-EARLY-RESEARCH-R2,9433,ＫＤＤＩ,2897.5,2.006688963210701,-3.190778483127299,2.804383583992526,-0.1805190957509084,0.6055083061717732,-7.161166292854859,18,True,True,True,False,False,False,False,B,False,,,,,NONE,安値切り上げ / 5日線上向き / 勢い改善 / 25日線付近,
2026-08-26,7.1-EARLY-RESEARCH-R2,6305,日立建機,5843.0,7.804428044280454,7.447591026112543,5.942530287752318,5.223160260473692,0.6894224669662982,-19.128027681660896,121,True,True,True,True,False,False,False,B,False,,,,,NONE,長期調整後 / 安値切り上げ / 5日線上向き / 勢い改善,
2026-08-26,7.1-EARLY-RESEARCH-R2,4005,住友化学,554.6,8.299160320249953,4.681011702529259,7.128907394617639,5.110341220083559,0.4548381139025554,-11.263999999999996,70,True,True,True,False,True,False,False,B,False,,,,,NONE,高値持ち合い後 / 安値切り上げ / 5日線上向き / 勢い改善,
2026-08-26,7.1-EARLY-RESEARCH-R2,4042,東ソー,2654.0,2.234206471494616,-3.3151183970856146,3.062986070766019,-2.2302121169700984,0.6866794784004476,-13.998703823720026,49,True,False,True,False,True,False,False,B,False,,,,,NONE,高値持ち合い後 / 安値切り上げ / 勢い改善 / 25日線付近,
2026-08-26,7.1-EARLY-RESEARCH-R2,6301,小松製作所,7440.0,9.299250771264877,10.22222222222222,6.743695215709321,4.882092228575297,0.7595918084348665,-5.102040816326525,130,True,True,True,False,True,False,False,B,False,,,,,NONE,高値持ち合い後 / 安値切り上げ / 5日線上向き / 勢い改善,
2026-08-26,7.1-EARLY-RESEARCH-R2,9020,東日本旅客鉄道,3584.0,5.41176470588236,-6.39853747714808,7.011399075169381,0.77833265847842,0.8775885919022096,-14.88957492282118,152,True,True,True,False,True,False,False,A,False,,,,,NONE,高値持ち合い後 / 安値切り上げ / 5日線上向き / 勢い改善 / 25日線付近,
2026-08-26,7.1-EARLY-RESEARCH-R2,4543,テルモ,2572.0,4.045307443365687,12.363477501092191,0.9544380680926388,5.694865662318871,0.643502407748662,-8.583614714768084,249,True,True,True,False,True,False,False,B,False,,,,,NONE,高値持ち合い後 / 安値切り上げ / 5日線上向き / 勢い改善,
2026-08-26,7.1-EARLY-RESEARCH-R2,8604,野村ホールディングス,1603.5,6.227227558794302,2.068746021642265,5.710041053383735,2.934945884527984,1.2007613209412695,-1.986552567237165,27,False,True,True,False,False,False,False,B,False,,,,,NONE,5日線上向き / 出来高1.2倍 / 勢い改善 / 25日線付近,
2026-08-26,7.1-EARLY-RESEARCH-R2,4503,アステラス製薬,2420.5,3.572956782199399,8.372509514215354,1.4798294036455606,5.734704397130908,1.0153431817624108,-10.912771439087232,94,True,True,True,False,True,False,False,B,False,,,,,NONE,高値持ち合い後 / 安値切り上げ / 5日線上向き / 勢い改善,
2026-08-26,7.1-EARLY-RESEARCH-R2,7269,スズキ,2153.0,6.478733926805136,3.5843156122203457,5.58265502375005,5.123873324023709,0.5931959750838525,-12.939749292357462,181,True,True,True,False,True,False,False,B,False,,,,,NONE,高値持ち合い後 / 安値切り上げ / 5日線上向き / 勢い改善,
2026-08-26,7.1-EARLY-RESEARCH-R2,1963,日揮ホールディングス,2266.5,1.659564924871049,-1.1987794245858718,1.9592597810175167,-0.900703948231385,0.7547473672417656,-22.57899231426132,65,True,False,True,True,False,False,False,B,False,,,,,NONE,長期調整後 / 安値切り上げ / 勢い改善 / 25日線付近,
2026-08-26,7.1-EARLY-RESEARCH-R2,6724,セイコーエプソン,3136.0,4.9882825577502565,6.0534325329726135,3.474924424507103,2.617801047120416,0.4116377060798005,-5.256797583081574,10,True,True,True,False,False,False,False,B,False,,,,,NONE,安値切り上げ / 5日線上向き / 勢い改善 / 25日線付近,
2026-08-26,7.1-EARLY-RESEARCH-R2,9502,中部電力,2933.5,4.8614834673816,2.3551988834612736,4.2726837465162815,3.778257331871093,0.5438522268512875,-10.727328058429697,32,True,True,True,False,True,False,False,B,False,,,,,NONE,高値持ち合い後 / 安値切り上げ / 5日線上向き / 勢い改善,
2026-08-26,7.1-EARLY-RESEARCH-R2,8001,伊藤忠商事,2138.0,8.14365199797673,6.980235176382288,6.398593203881159,5.259012002875174,0.7716030655181966,-78.4018587736135,170,True,True,True,True,False,False,False,B,False,,,,,NONE,長期調整後 / 安値切り上げ / 5日線上向き / 勢い改善,
2026-08-26,7.1-EARLY-RESEARCH-R2,3101,東洋紡,1657.0,5.206349206349215,7.737321196358904,3.2720189072594885,3.209009143682895,0.6222363019575232,-14.807197943444727,60,True,True,True,False,True,False,False,B,False,,,,,NONE,高値持ち合い後 / 安値切り上げ / 5日線上向き / 勢い改善,
2026-08-26,7.1-EARLY-RESEARCH-R2,4021,日産化学,8168.0,5.2306106673537744,10.095700229141393,2.7066856100684267,4.8077071132713645,0.7327073490028774,-6.190421499942578,36,True,True,True,False,True,False,False,B,False,,,,,NONE,高値持ち合い後 / 安値切り上げ / 5日線上向き / 勢い改善,
2026-08-26,7.1-EARLY-RESEARCH-R2,8830,住友不動産,3398.0,3.78741600488699,-8.925221120343075,6.018721284972759,-3.186470038520284,0.694229539312166,-58.560975609756106,165,True,True,True,True,False,False,False,B,False,,,,,NONE,長期調整後 / 安値切り上げ / 5日線上向き / 勢い改善,
2026-08-26,7.1-EARLY-RESEARCH-R2,6504,富士電機,13965.0,3.406145871899291,12.43961352657006,0.2962424902567759,0.586303264283039,0.4345929884258704,-21.54494382022472,64,False,True,True,True,False,False,False,B,False,,,,,NONE,長期調整後 / 5日線上向き / 勢い改善 / 25日線付近,
2026-08-26,7.1-EARLY-RESEARCH-R2,4324,電通グループ,3618.0,4.145077720207246,-0.1104362230811673,4.172686775977538,0.90248881650139,0.4318536377818749,-6.608156943727417,19,True,True,True,False,False,False,False,B,False,,,,,NONE,安値切り上げ / 5日線上向き / 勢い改善 / 25日線付近,
2026-08-26,7.1-EARLY-RESEARCH-R2,9001,東武鉄道,3015.0,1.823708206686936,-3.7048866176940254,2.7499298611104424,0.2413772467035224,0.8341891668047043,-6.829419035846729,19,True,True,True,False,False,False,False,B,False,,,,,NONE,安値切り上げ / 5日線上向き / 勢い改善 / 25日線付近,
2026-08-26,7.1-EARLY-RESEARCH-R2,7186,横浜フィナンシャルグループ,1922.0,3.723691311386945,-0.1817709685795865,3.769134053531842,1.8947546997762688,0.7210980703360982,-3.683287396642443,21,False,True,True,False,True,False,False,B,False,,,,,NONE,高値持ち合い後 / 5日線上向き / 勢い改善 / 25日線付近,
2026-08-26,7.1-EARLY-RESEARCH-R2,9009,京成電鉄,1337.0,2.609363008442056,2.2953328232593773,2.035529802627212,3.6000433926883346,0.6829899913678464,-7.856650585802893,233,True,True,True,False,True,False,False,B,False,,,,,NONE,高値持ち合い後 / 安値切り上げ / 5日線上向き / 勢い改善,
2026-08-26,7.1-EARLY-RESEARCH-R2,6758,ソニーグループ,3878.0,5.123339658444026,5.898416166029485,3.648735616936655,4.894726592084475,0.594383189586153,-18.802345058626468,190,True,True,True,True,False,False,False,B,False,,,,,NONE,長期調整後 / 安値切り上げ / 5日線上向き / 勢い改善,
2026-08-26,7.1-EARLY-RESEARCH-R2,8750,第一ライフグループ,1824.5,2.7308558558558627,-4.099868593955325,3.755823004344694,-2.4884290188449287,0.8519221751774573,-6.865747830525781,21,False,True,True,False,True,False,False,B,False,,,,,NONE,高値持ち合い後 / 5日線上向き / 勢い改善 / 25日線付近,
2026-08-26,7.1-EARLY-RESEARCH-R2,4755,楽天グループ,772.7,2.020068655928186,-7.127403846153846,3.801919617466648,-3.929360042968821,0.7273816439151902,-27.68366869443144,192,True,True,True,True,False,False,False,B,False,,,,,NONE,長期調整後 / 安値切り上げ / 5日線上向き / 勢い改善,
2026-08-26,7.1-EARLY-RESEARCH-R2,6098,リクルートホールディングス,17155.0,8.989834815756037,36.204843191742754,-0.0613759821796513,18.98486592961479,0.953882965870448,0.0,0,False,True,True,False,False,False,False,E,False,,,,,NONE,5日線上向き,
2026-08-26,7.1-EARLY-RESEARCH-R2,5020,ＥＮＥＯＳホールディングス,1313.0,2.819107282693812,1.311728395061729,2.49117518392838,0.4191140479686828,1.0218138611956915,-15.426731078904988,120,True,True,True,True,False,False,False,A,False,,,,,NONE,長期調整後 / 安値切り上げ / 5日線上向き / 勢い改善 / 25日線付近,
2026-08-26,7.1-EARLY-RESEARCH-R2,3289,東急不動産ホールディングス,1346.5,2.9040886511272346,-2.0727272727272705,3.422270469309052,1.147819293580321,0.6670759746421105,-15.738423028785986,131,True,True,True,True,False,False,False,A,False,,,,,NONE,長期調整後 / 安値切り上げ / 5日線上向き / 勢い改善 / 25日線付近,
2026-08-26,7.1-EARLY-RESEARCH-R2,8233,高島屋,2500.5,10.154185022026429,7.896440129449833,8.18007498966397,8.102616424853437,1.4241005125071904,-4.140310523289248,41,True,True,True,False,True,False,False,A,False,,,,,NONE,高値持ち合い後 / 安値切り上げ / 5日線上向き / 出来高1.4倍 / 勢い改善,
2026-08-26,7.1-EARLY-RESEARCH-R2,9602,東宝,1572.0,2.41042345276874,2.4771838331160367,1.7911274944897304,4.424073335990419,0.8498742710395377,-84.73045167557066,248,True,True,True,True,False,False,False,B,False,,,,,NONE,長期調整後 / 安値切り上げ / 5日線上向き / 勢い改善,
2026-08-26,7.1-EARLY-RESEARCH-R2,2413,エムスリー,1752.5,1.1544011544011523,-8.747721947409525,3.3413316412535337,-0.3525331210553317,0.6958418514728177,-36.17989803350328,188,True,True,True,True,False,False,False,A,False,,,,,NONE,長期調整後 / 安値切り上げ / 5日線上向き / 勢い改善 / 25日線付近,
2026-08-26,7.1-EARLY-RESEARCH-R2,6471,日本精工,1108.0,1.187214611872145,1.187214611872145,0.8904109589041087,-2.97553372213174,0.4870319338628627,-21.668434075645106,119,True,False,True,True,False,False,False,B,False,,,,,NONE,長期調整後 / 安値切り上げ / 勢い改善 / 25日線付近,
2026-08-26,7.1-EARLY-RESEARCH-R2,8795,Ｔ＆Ｄホールディングス,4851.0,2.384972562262555,-3.5969793322734533,3.284217395330918,-1.880274112250102,1.11041713731379,-6.278979907264293,21,False,False,True,False,True,False,False,B,False,,,,,NONE,高値持ち合い後 / 出来高1.1倍 / 勢い改善 / 25日線付近,
2026-08-26,7.1-EARLY-RESEARCH-R2,3402,東レ,1262.5,-1.290070367474594,9.782608695652172,-3.735722541387637,0.9919206463482988,0.6964874003633424,-9.498207885304655,11,False,False,True,False,False,False,False,E,False,,,,,NONE,25日線付近,
2026-08-26,7.1-EARLY-RESEARCH-R2,9501,東京電力ホールディングス,538.3,7.231075697211153,2.8074866310160207,6.529204039457149,2.718030134184124,1.4919501938534268,-42.69746646795828,190,True,True,True,True,False,False,False,A,False,,,,,NONE,長期調整後 / 安値切り上げ / 5日線上向き / 出来高1.5倍 / 勢い改善 / 25日線付近,
2026-08-26,7.1-EARLY-RESEARCH-R2,6702,富士通,3716.0,3.021901857499309,0.432432432432428,2.9137937493912025,2.64059219975692,0.529383533136982,-20.39417309340189,150,True,True,True,True,False,False,False,A,False,,,,,NONE,長期調整後 / 安値切り上げ / 5日線上向き / 勢い改善 / 25日線付近,
2026-08-26,7.1-EARLY-RESEARCH-R2,7951,ヤマハ,1305.5,1.833073322932921,4.607371794871784,0.681230374214975,0.5793617775312399,0.5631287533073018,-8.833798882681565,10,True,True,True,False,False,False,False,B,False,,,,,NONE,安値切り上げ / 5日線上向き / 勢い改善 / 25日線付近,
2026-08-26,7.1-EARLY-RESEARCH-R2,2432,ディー・エヌ・エー,2547.0,4.492307692307684,3.159173754556499,3.70251425366856,2.7347531461761942,0.959912784755502,-11.715771230502604,192,True,True,False,False,True,False,False,B,False,,,,,NONE,高値持ち合い後 / 安値切り上げ / 5日線上向き / 勢い改善 / 25日線付近,
2026-08-26,7.1-EARLY-RESEARCH-R2,8766,東京海上ホールディングス,7629.0,5.35837591492887,-7.347583191644402,7.19527171283997,-1.6673626900530536,1.7507714078769432,-9.90788852149268,19,False,True,True,False,False,False,False,B,False,,,,,NONE,5日線上向き / 出来高1.8倍 / 勢い改善 / 25日線付近,
2026-08-26,7.1-EARLY-RESEARCH-R2,6326,クボタ,2793.5,11.82946357085668,1.7112688876752324,11.401646348937872,2.3260073260073177,0.6125099155616939,-14.519583843329254,130,True,True,True,False,True,False,False,A,False,,,,,NONE,高値持ち合い後 / 安値切り上げ / 5日線上向き / 勢い改善 / 25日線付近,
2026-08-26,7.1-EARLY-RESEARCH-R2,7202,いすゞ自動車,2237.0,3.2302722658052563,-7.980255039078566,5.225336025574897,-2.4405135719768323,0.9927566889759968,-23.62581085694776,131,True,True,True,True,False,False,False,A,False,,,,,NONE,長期調整後 / 安値切り上げ / 5日線上向き / 勢い改善 / 25日線付近,
2026-08-26,7.1-EARLY-RESEARCH-R2,7004,カナデビア,1190.0,2.4096385542168752,-0.0839630562552429,2.430629318280686,-1.6528925619834656,0.7185635163609653,-21.45214521452145,73,True,False,True,True,False,False,False,B,False,,,,,NONE,長期調整後 / 安値切り上げ / 勢い改善 / 25日線付近,
2026-08-26,7.1-EARLY-RESEARCH-R2,8053,住友商事,1762.0,5.005959475566146,10.713163682060944,2.32766855505091,3.606834993473118,0.5612753253039531,-77.33762057877813,73,True,True,True,True,False,False,False,B,False,,,,,NONE,長期調整後 / 安値切り上げ / 5日線上向き / 勢い改善,
2026-08-26,7.1-EARLY-RESEARCH-R2,7201,日産自動車,318.5,0.7911392405063333,-5.601659751037335,2.191554178265667,-4.493169087572424,1.2125053136630768,-31.65236051502146,128,True,False,True,True,False,False,False,B,False,,,,,NONE,長期調整後 / 安値切り上げ / 出来高1.2倍 / 勢い改善,
2026-08-26,7.1-EARLY-RESEARCH-R2,1925,大和ハウス工業,4717.0,3.171478565179342,-1.007345225603362,3.4233148715801827,1.5832952871553283,0.6832392482824394,-18.742463393626185,130,True,True,True,True,False,False,False,A,False,,,,,NONE,長期調整後 / 安値切り上げ / 5日線上向き / 勢い改善 / 25日線付近,
2026-08-26,7.1-EARLY-RESEARCH-R2,2503,キリンホールディングス,3079.0,2.6846756711689235,2.7018012008005243,2.0092253709687924,2.797123416643865,0.4686332081039225,-2.594115786143625,19,True,True,True,False,False,False,False,B,False,,,,,NONE,安値切り上げ / 5日線上向き / 勢い改善 / 25日線付近,
2026-08-26,7.1-EARLY-RESEARCH-R2,4452,花王,3593.0,3.158196956646564,8.222891566265055,1.1024740650803002,4.331211670693169,0.494437460195701,-48.72270586556301,234,True,True,True,True,False,False,False,B,False,,,,,NONE,長期調整後 / 安値切り上げ / 5日線上向き / 勢い改善,
2026-08-27,7.1-EARLY-RESEARCH-R2,7270,ＳＵＢＡＲＵ,2585.0,-1.8416555914182675,-9.250482710198348,0.4709650861313195,-1.229567702641765,0.8800366060395933,-29.02251510159253,169,True,True,True,True,False,False,False,B,False,,,,,NONE,長期調整後 / 安値切り上げ / 5日線上向き / 勢い改善 / 25日線付近,
2026-08-27,7.1-EARLY-RESEARCH-R2,1963,日揮ホールディングス,2293.0,0.9465111160026352,3.033026286227813,0.1882545444456818,0.250955291484134,1.0090185139685797,-21.673783091374897,66,True,True,True,True,False,False,False,A,False,,,,,NONE,長期調整後 / 安値切り上げ / 5日線上向き / 勢い改善 / 25日線付近,
2026-08-27,7.1-EARLY-RESEARCH-R2,4519,中外製薬,6947.0,-2.1687086325869576,-1.7258452397793222,-1.737247322642127,-0.3414242267745448,0.7300379306094158,-35.074766355140184,124,True,True,True,True,False,False,False,C,False,,,,,NONE,長期調整後 / 安値切り上げ / 5日線上向き / 25日線付近,
2026-08-27,7.1-EARLY-RESEARCH-R2,7203,トヨタ自動車,3077.0,0.3587736464448765,-4.559553349875934,1.49866198391386,1.8725748566434053,0.5783967198323625,-23.075000000000003,134,True,True,True,True,False,False,False,A,False,,,,,NONE,長期調整後 / 安値切り上げ / 5日線上向き / 勢い改善 / 25日線付近,
2026-08-27,7.1-EARLY-RESEARCH-R2,2503,キリンホールディングス,3049.0,0.5606860158311244,-2.681136291094799,1.230970088604824,1.6014981972315212,0.4516309874415664,-3.543182537171785,20,True,True,True,False,True,False,False,A,False,,,,,NONE,高値持ち合い後 / 安値切り上げ / 5日線上向き / 勢い改善 / 25日線付近,
2026-08-27,7.1-EARLY-RESEARCH-R2,7211,三菱自動車工業,374.2,5.765969474279253,-4.492087799897915,6.888991424253732,4.5169651535634125,1.4921879951275088,-18.29694323144105,133,True,True,True,True,False,True,True,A,False,,,,,B_EARLY_CONFIRMED,長期調整後 / 安値切り上げ / 5日線上向き / 出来高1.5倍 / 勢い改善,
2026-08-27,7.1-EARLY-RESEARCH-R2,9202,ＡＮＡホールディングス,3058.0,0.4929346040092097,-5.0605402049053065,1.7580696552355364,-0.968937019093763,0.7575957467984104,-10.558642878034508,122,True,True,True,False,True,False,False,A,False,,,,,NONE,高値持ち合い後 / 安値切り上げ / 5日線上向き / 勢い改善 / 25日線付近,
2026-08-27,7.1-EARLY-RESEARCH-R2,9023,東京地下鉄,1478.0,0.4758667573079522,-2.6350461133069825,1.134628285634698,0.9838753757857476,0.5769129968191437,-17.70601336302895,248,True,True,True,True,False,False,False,A,False,,,,,NONE,長期調整後 / 安値切り上げ / 5日線上向き / 勢い改善 / 25日線付近,
2026-08-27,7.1-EARLY-RESEARCH-R2,9502,中部電力,2896.5,0.7478260869565156,2.8586647727272707,0.0331598937746979,2.571639021488159,0.9643329319829071,-11.853317102860617,33,True,True,True,False,True,False,False,A,False,,,,,NONE,高値持ち合い後 / 安値切り上げ / 5日線上向き / 勢い改善 / 25日線付近,
2026-08-27,7.1-EARLY-RESEARCH-R2,7733,オリンパス,2141.5,-2.080475537265658,14.979865771812072,-5.825441980218676,8.249507152605773,1.1368260297451884,-3.121465731734907,5,True,False,True,False,False,False,False,E,False,,,,,NONE,安値切り上げ / 出来高1.1倍,
2026-08-27,7.1-EARLY-RESEARCH-R2,9501,東京電力ホールディングス,529.5,0.8763574014097886,-0.786958965711082,1.073097142837559,0.852532455659194,0.8572993216737549,-43.63423461784117,191,True,True,True,True,False,False,False,A,False,,,,,NONE,長期調整後 / 安値切り上げ / 5日線上向き / 勢い改善 / 25日線付近,
2026-08-27,7.1-EARLY-RESEARCH-R2,1928,積水ハウス,3460.0,0.6691882455629905,-7.733333333333336,2.6025215788963245,-0.2697903936172752,0.6705071142832114,-9.707724425887266,123,True,True,True,False,True,False,False,A,False,,,,,NONE,高値持ち合い後 / 安値切り上げ / 5日線上向き / 勢い改善 / 25日線付近,
2026-08-27,7.1-EARLY-RESEARCH-R2,2432,ディー・エヌ・エー,2528.0,0.9988014382740662,-0.6484574572607538,1.1609158025892548,1.8065835997970403,1.1209003477874462,-12.374350086655117,193,True,True,False,False,True,True,True,A,False,,,,,B_EARLY_CONFIRMED,高値持ち合い後 / 安値切り上げ / 5日線上向き / 出来高1.1倍 / 勢い改善 / 25日線付近,
2026-08-27,7.1-EARLY-RESEARCH-R2,8058,三菱商事,4737.0,0.8730834752981309,-1.7015978418759126,1.298482935767109,-0.9451716783070552,0.6807706926859799,-21.20758483033932,72,True,True,True,True,False,False,False,A,False,,,,,NONE,長期調整後 / 安値切り上げ / 5日線上向き / 勢い改善 / 25日線付近,
2026-08-27,7.1-EARLY-RESEARCH-R2,1803,清水建設,2418.0,3.2450896669513174,1.108091156178137,2.968066877906783,0.933362274799232,0.4213071639280235,-33.16749585406302,120,True,True,True,True,False,False,False,A,False,,,,,NONE,長期調整後 / 安値切り上げ / 5日線上向き / 勢い改善 / 25日線付近,
2026-08-27,7.1-EARLY-RESEARCH-R2,8002,丸紅,4908.0,1.0708401976935678,-5.706051873198847,2.4973531659932795,-2.612091339857614,0.6880813092296524,-22.43994943109987,132,True,True,True,True,False,False,False,A,False,,,,,NONE,長期調整後 / 安値切り上げ / 5日線上向き / 勢い改善 / 25日線付近,
2026-08-27,7.1-EARLY-RESEARCH-R2,4042,東ソー,2663.5,0.2069224981188888,-1.8426386585590595,0.6675821627586537,-1.66651899108039,0.6847599164926931,-13.690861957226186,50,True,True,True,False,True,False,False,A,False,,,,,NONE,高値持ち合い後 / 安値切り上げ / 5日線上向き / 勢い改善 / 25日線付近,
2026-08-27,7.1-EARLY-RESEARCH-R2,9532,大阪瓦斯,5618.0,1.83070509334784,0.035612535612528,1.821801959444708,2.286051372431941,0.6403041498410517,-17.7211482132396,118,True,True,True,True,False,False,False,A,False,,,,,NONE,長期調整後 / 安値切り上げ / 5日線上向き / 勢い改善 / 25日線付近,
2026-08-27,7.1-EARLY-RESEARCH-R2,8601,大和証券グループ本社,1823.0,3.7564029595902095,-0.8430785966820786,3.96717260876073,0.887678753265142,1.4755835802906163,-3.3660217333686737,28,True,True,True,False,True,True,True,A,False,,,,,B_EARLY_CONFIRMED,高値持ち合い後 / 安値切り上げ / 5日線上向き / 出来高1.5倍 / 勢い改善 / 25日線付近,
2026-08-27,7.1-EARLY-RESEARCH-R2,9001,東武鉄道,3013.0,0.971849865951735,-5.784865540963102,2.4180662511925104,0.2161982371528426,0.965673005637834,-6.891223733003704,20,True,True,True,False,True,False,False,A,False,,,,,NONE,高値持ち合い後 / 安値切り上げ / 5日線上向き / 勢い改善 / 25日線付近,
2026-08-27,7.1-EARLY-RESEARCH-R2,4183,三井化学,2135.5,1.0648367250355006,-0.0468055230517183,1.0765381057984302,-0.9783919131966968,0.6062741008985144,-46.8516674962668,180,True,True,True,True,False,False,False,A,False,,,,,NONE,長期調整後 / 安値切り上げ / 5日線上向き / 勢い改善 / 25日線付近,
2026-08-27,7.1-EARLY-RESEARCH-R2,5108,ブリヂストン,4136.0,1.1494252873563315,0.3883495145631022,1.052337908715556,2.4046270253139435,0.6342477887174846,-44.48322147651007,178,True,True,True,True,False,False,False,A,False,,,,,NONE,長期調整後 / 安値切り上げ / 5日線上向き / 勢い改善 / 25日線付近,
2026-08-27,7.1-EARLY-RESEARCH-R2,6770,アルプスアルパイン,2211.5,1.1202560585276575,-0.5844009889862889,1.26635630577423,1.667877272183982,0.6864121012757904,-7.6810686704237074,123,True,True,True,False,True,False,False,A,False,,,,,NONE,高値持ち合い後 / 安値切り上げ / 5日線上向き / 勢い改善 / 25日線付近,
2026-08-27,7.1-EARLY-RESEARCH-R2,3092,ＺＯＺＯ,1143.0,1.5097690941385356,-6.655777868517765,3.1737135612679768,-0.1240803201621898,0.7209734592768154,-25.09829619921363,250,True,True,True,True,False,False,False,A,False,,,,,NONE,長期調整後 / 安値切り上げ / 5日線上向き / 勢い改善 / 25日線付近,
2026-08-27,7.1-EARLY-RESEARCH-R2,9107,川崎汽船,3288.0,3.591682419659725,15.166374781085825,-0.1999112756117305,9.55909793677028,0.8159813424970137,-8.437761069340022,2,True,True,False,False,False,False,False,E,False,,,,,NONE,安値切り上げ / 5日線上向き,
2026-08-27,7.1-EARLY-RESEARCH-R2,7004,カナデビア,1188.0,0.50761421319796,1.538461538461533,0.1229988285825767,-1.727218582489587,0.7985492875182846,-21.584158415841586,74,True,True,True,True,False,False,False,A,False,,,,,NONE,長期調整後 / 安値切り上げ / 5日線上向き / 勢い改善 / 25日線付近,
2026-08-27,7.1-EARLY-RESEARCH-R2,9022,東海旅客鉄道,3955.0,2.3285899094437346,-6.787650247466415,4.025502471310338,0.9412677508601196,0.5762442982196784,-18.11594202898551,127,True,True,True,True,False,False,False,A,False,,,,,NONE,長期調整後 / 安値切り上げ / 5日線上向き / 勢い改善 / 25日線付近,
2026-08-27,7.1-EARLY-RESEARCH-R2,1332,ニッスイ,1295.0,-0.5376344086021501,-3.394255874673624,0.3109295600662559,1.287405947408771,0.8827945755834069,-17.51592356687898,121,True,True,True,True,False,False,False,B,False,,,,,NONE,長期調整後 / 安値切り上げ / 5日線上向き / 勢い改善 / 25日線付近,
2026-08-27,7.1-EARLY-RESEARCH-R2,1801,大成建設,12880.0,2.588610115491829,-1.1891062523973872,2.8858866785911763,-0.8223734869251764,0.7624435407631939,-37.71760154738878,120,True,True,True,True,False,False,False,A,False,,,,,NONE,長期調整後 / 安値切り上げ / 5日線上向き / 勢い改善 / 25日線付近,
2026-08-27,7.1-EARLY-RESEARCH-R2,9602,東宝,1557.0,0.6464124111182912,-2.596183922427276,1.29545839172511,2.931260164214033,1.9361616743394785,-84.87615347255951,249,True,True,True,True,False,True,True,A,False,,,,,B_EARLY_CONFIRMED,長期調整後 / 安値切り上げ / 5日線上向き / 出来高1.9倍 / 勢い改善 / 25日線付近,
2026-08-27,7.1-EARLY-RESEARCH-R2,5233,太平洋セメント,4249.0,2.756952841596138,0.5918560606060552,2.608988826444625,1.8602867142925688,0.6203937113937691,-14.472624798711752,133,True,True,True,False,True,False,False,A,False,,,,,NONE,高値持ち合い後 / 安値切り上げ / 5日線上向き / 勢い改善 / 25日線付近,
2026-08-27,7.1-EARLY-RESEARCH-R2,8053,住友商事,1750.0,2.8504260946223825,9.443402126328948,0.4895755630401455,2.5490770583064704,0.724420924337737,-77.491961414791,74,True,True,True,True,False,False,False,A,False,,,,,NONE,長期調整後 / 安値切り上げ / 5日線上向き / 勢い改善 / 25日線付近,
2026-08-27,7.1-EARLY-RESEARCH-R2,8031,三井物産,4927.0,3.204859656472569,0.1830012200081388,3.159109351470535,0.9589770911028196,0.8377805265948047,-26.187265917603,95,True,True,True,True,False,False,False,A,False,,,,,NONE,長期調整後 / 安値切り上げ / 5日線上向き / 勢い改善 / 25日線付近,
2026-08-27,7.1-EARLY-RESEARCH-R2,9007,小田急電鉄,1776.5,2.8960324355632894,-4.231805929919141,3.9539839180430745,2.168161950770653,0.5315074601639115,-5.126835781041383,20,True,True,True,False,True,False,False,A,False,,,,,NONE,高値持ち合い後 / 安値切り上げ / 5日線上向き / 勢い改善 / 25日線付近,
2026-08-27,7.1-EARLY-RESEARCH-R2,7186,横浜フィナンシャルグループ,1912.0,3.184025903939558,0.0,3.184025903939558,1.3366688220142198,0.9513412727859656,-4.1844149336006,22,True,True,True,False,True,False,False,A,False,,,,,NONE,高値持ち合い後 / 安値切り上げ / 5日線上向き / 勢い改善 / 25日線付近,
2026-08-27,7.1-EARLY-RESEARCH-R2,9301,三菱倉庫,1521.0,1.2312811980033311,-5.762081784386619,2.671801644099986,-1.0654490106544956,0.7592114718756124,-7.901907356948223,22,True,True,True,False,True,False,False,A,False,,,,,NONE,高値持ち合い後 / 安値切り上げ / 5日線上向き / 勢い改善 / 25日線付近,
2026-08-27,7.1-EARLY-RESEARCH-R2,5401,日本製鉄,671.0,1.2066365007541435,-0.267538644470866,1.27352116187186,0.8810175301440237,0.5456234428396795,-80.55072463768116,235,True,True,True,True,False,False,False,A,False,,,,,NONE,長期調整後 / 安値切り上げ / 5日線上向き / 勢い改善 / 25日線付近,
2026-08-27,7.1-EARLY-RESEARCH-R2,3099,三越伊勢丹ホールディングス,3571.0,1.1328235627301009,-1.5982364287682516,1.5323826699221637,-0.2703397120100037,0.5007604516155003,-14.813931297709926,40,True,True,True,False,True,False,False,A,False,,,,,NONE,高値持ち合い後 / 安値切り上げ / 5日線上向き / 勢い改善 / 25日線付近,
2026-08-27,7.1-EARLY-RESEARCH-R2,9531,東京瓦斯,6079.0,1.1649192877350556,-3.354531001589822,2.003552038132512,-0.2002889414236874,0.7921461769622479,-23.69775323208234,118,True,True,True,True,False,False,False,A,False,,,,,NONE,長期調整後 / 安値切り上げ / 5日線上向き / 勢い改善 / 25日線付近,
2026-08-27,7.1-EARLY-RESEARCH-R2,1925,大和ハウス工業,4716.0,1.397548914211999,-3.931554288042372,2.380437486222592,1.4647412175768926,0.7276463582654181,-18.75968992248061,131,True,True,True,True,False,False,False,A,False,,,,,NONE,長期調整後 / 安値切り上げ / 5日線上向き / 勢い改善 / 25日線付近,
2026-08-27,7.1-EARLY-RESEARCH-R2,8750,第一ライフグループ,1816.5,2.7722772277227747,-6.172520661157021,4.315407393012031,-2.7486294329278738,0.9188096132003288,-7.274119448698313,22,True,True,True,False,True,False,False,A,False,,,,,NONE,高値持ち合い後 / 安値切り上げ / 5日線上向き / 勢い改善 / 25日線付近,
2026-08-27,7.1-EARLY-RESEARCH-R2,9064,ヤマトホールディングス,1952.5,1.692708333333326,-10.435779816513758,4.3016532874617655,-1.4913776575885662,0.7366603692146582,-23.968068535825548,237,True,True,True,True,False,False,False,A,False,,,,,NONE,長期調整後 / 安値切り上げ / 5日線上向き / 勢い改善 / 25日線付近,
2026-08-27,7.1-EARLY-RESEARCH-R2,8804,東京建物,3427.0,1.1511216056670603,-2.862811791383224,1.8668245535128665,1.010398736117346,0.5176271461528652,-21.650663008687697,122,True,True,True,True,False,False,False,A,False,,,,,NONE,長期調整後 / 安値切り上げ / 5日線上向き / 勢い改善 / 25日線付近,
2026-08-27,7.1-EARLY-RESEARCH-R2,5232,住友大阪セメント,5769.0,3.183688070112689,6.145354185832574,1.6473495236545457,1.7869619529546243,0.412403543869677,-11.477673776277433,48,True,True,True,False,True,False,False,A,False,,,,,NONE,高値持ち合い後 / 安値切り上げ / 5日線上向き / 勢い改善 / 25日線付近,
2026-08-27,7.1-EARLY-RESEARCH-R2,8253,クレディセゾン,4717.0,1.266638042078139,1.1580527557366604,0.9771248531439736,1.238818014800569,1.000432004729315,-4.514170040485832,130,True,True,True,False,True,False,False,A,False,,,,,NONE,高値持ち合い後 / 安値切り上げ / 5日線上向き / 勢い改善 / 25日線付近,
2026-08-27,7.1-EARLY-RESEARCH-R2,8801,三井不動産,1518.5,1.9127516778523423,-6.6687154271665605,3.5799305346439825,0.5296259516716306,0.5837783237177775,-29.633920296570903,132,True,True,True,True,False,False,False,A,False,,,,,NONE,長期調整後 / 安値切り上げ / 5日線上向き / 勢い改善 / 25日線付近,
2026-08-27,7.1-EARLY-RESEARCH-R2,9434,ソフトバンク,237.5,1.8876018876018863,0.6782534972445964,1.7180385132907372,2.863726135615541,0.8064551974666326,-4.195240016135537,249,True,True,True,False,True,False,False,A,False,,,,,NONE,高値持ち合い後 / 安値切り上げ / 5日線上向き / 勢い改善 / 25日線付近,
2026-08-27,7.1-EARLY-RESEARCH-R2,8802,三菱地所,3755.0,2.0380434782608647,-8.41463414634146,4.14170201484623,-1.3182100095659566,0.6888707270106713,-30.55298686887368,123,True,True,True,True,False,False,False,A,False,,,,,NONE,長期調整後 / 安値切り上げ / 5日線上向き / 勢い改善 / 25日線付近,
2026-08-27,7.1-EARLY-RESEARCH-R2,6753,シャープ,643.1,0.8942579228114367,1.179987413467587,0.5992610694445399,1.971889944566363,0.76264755307672,-28.93922651933701,193,True,True,True,True,False,False,False,A,False,,,,,NONE,長期調整後 / 安値切り上げ / 5日線上向き / 勢い改善 / 25日線付近,
2026-08-27,7.1-EARLY-RESEARCH-R2,9101,日本郵船,6932.0,2.016188373804262,12.880638332519132,-1.2039712093255217,8.889614959284199,0.9201284716083036,-6.387575962187708,2,True,True,False,False,False,False,False,E,False,,,,,NONE,安値切り上げ / 5日線上向き,
2026-08-27,7.1-EARLY-RESEARCH-R2,8697,日本取引所グループ,2284.5,2.697235333782877,-0.2401746724890796,2.7572790019051467,1.877452729218687,0.7502480758991239,-3.0348047538200307,20,True,True,True,False,True,False,False,A,False,,,,,NONE,高値持ち合い後 / 安値切り上げ / 5日線上向き / 勢い改善 / 25日線付近,
2026-08-27,7.1-EARLY-RESEARCH-R2,8001,伊藤忠商事,2105.0,5.039920159680644,3.034752814488506,4.281231956058518,3.3473748293909145,0.7836059415536618,-78.73522578038185,171,True,True,True,True,False,False,False,B,False,,,,,NONE,長期調整後 / 安値切り上げ / 5日線上向き / 勢い改善,
2026-08-27,7.1-EARLY-RESEARCH-R2,4005,住友化学,558.2,6.873444380624183,6.812093379257567,5.170421035809792,5.710887729052905,0.3850653510002488,-10.687999999999995,71,True,True,True,False,True,False,False,B,False,,,,,NONE,高値持ち合い後 / 安値切り上げ / 5日線上向き / 勢い改善,
2026-08-27,7.1-EARLY-RESEARCH-R2,9021,西日本旅客鉄道,2993.5,3.653047091412742,-7.005281143212184,5.404367377215788,1.139957293834626,0.6501523895985993,-16.312552418227565,248,True,True,True,True,False,False,False,A,False,,,,,NONE,長期調整後 / 安値切り上げ / 5日線上向き / 勢い改善 / 25日線付近,
2026-08-27,7.1-EARLY-RESEARCH-R2,4151,協和キリン,2618.0,-0.2666666666666706,-3.1446540880503138,0.5194968553459078,1.4760147601476037,1.3195138680306813,-10.096153846153843,122,True,False,True,False,True,False,False,B,False,,,,,NONE,高値持ち合い後 / 安値切り上げ / 出来高1.3倍 / 勢い改善 / 25日線付近,
2026-08-27,7.1-EARLY-RESEARCH-R2,8830,住友不動産,3387.0,0.0886524822695022,-9.486905398182788,2.4603788318152,-3.0512937943668383,0.6438199534117379,-58.69512195121951,166,True,True,True,True,False,False,False,B,False,,,,,NONE,長期調整後 / 安値切り上げ / 5日線上向き / 勢い改善,
2026-08-27,7.1-EARLY-RESEARCH-R2,2501,サッポロビール,1916.5,0.2353556485355623,-11.3962089690245,3.084407890791688,-3.118997068041651,0.5706349050361315,-76.84547541379727,181,True,True,True,True,False,False,False,B,False,,,,,NONE,長期調整後 / 安値切り上げ / 5日線上向き / 勢い改善,
2026-08-27,7.1-EARLY-RESEARCH-R2,4324,電通グループ,3535.0,-1.3121161362367406,-8.750645327826534,0.875545195719893,-1.5978176149649248,0.6216898580800416,-8.750645327826534,20,True,True,True,False,True,False,False,B,False,,,,,NONE,高値持ち合い後 / 安値切り上げ / 5日線上向き / 勢い改善 / 25日線付近,
2026-08-27,7.1-EARLY-RESEARCH-R2,1802,大林組,2993.0,0.5374538125629824,-8.274593931964446,2.606102295554094,-3.2762621268234704,0.8333520041225102,-32.5749042577157,122,True,True,True,True,False,False,False,B,False,,,,,NONE,長期調整後 / 安値切り上げ / 5日線上向き / 勢い改善,
2026-08-27,7.1-EARLY-RESEARCH-R2,4568,第一三共,2886.5,0.6625980819529254,0.0,0.6625980819529254,4.508359944677376,0.5657448218203681,-30.911919578745817,214,True,True,True,True,False,False,False,B,False,,,,,NONE,長期調整後 / 安値切り上げ / 5日線上向き / 勢い改善,
2026-08-27,7.1-EARLY-RESEARCH-R2,4507,塩野義製薬,2909.5,-0.7843137254901933,-5.228013029315958,0.5226895318387963,1.1493373753667768,0.5811704893010231,-22.57849920170303,95,True,True,True,True,False,False,False,B,False,,,,,NONE,長期調整後 / 安値切り上げ / 5日線上向き / 勢い改善 / 25日線付近,
2026-08-27,7.1-EARLY-RESEARCH-R2,9008,京王電鉄,783.4,1.2929919834496983,-6.826831588962889,2.9996998806904207,0.2898342926199726,0.7282747065031716,-81.5017709563164,127,True,True,True,True,False,False,False,A,False,,,,,NONE,長期調整後 / 安値切り上げ / 5日線上向き / 勢い改善 / 25日線付近,
2026-08-27,7.1-EARLY-RESEARCH-R2,8233,高島屋,2464.0,4.628450106157112,3.6382754994742417,3.718881231288551,6.411463416740815,2.0631520720333123,-5.539582135326815,42,True,True,True,False,True,False,False,A,False,,,,,NONE,高値持ち合い後 / 安値切り上げ / 5日線上向き / 出来高2.1倍 / 勢い改善,
2026-08-27,7.1-EARLY-RESEARCH-R2,3289,東急不動産ホールディングス,1338.0,-0.4093784890212171,-4.564907275320973,0.7318483298090261,0.5108173076923128,0.906085348888068,-16.270337922403,132,True,True,True,True,False,False,False,B,False,,,,,NONE,長期調整後 / 安値切り上げ / 5日線上向き / 勢い改善 / 25日線付近,
2026-08-27,7.1-EARLY-RESEARCH-R2,7751,キヤノン,4689.0,3.853820598006652,1.1650485436893288,3.56255846208432,2.829849384643724,0.7816180832838945,-6.834889727796545,134,True,True,True,False,True,False,False,A,False,,,,,NONE,高値持ち合い後 / 安値切り上げ / 5日線上向き / 勢い改善 / 25日線付近,
2026-08-27,7.1-EARLY-RESEARCH-R2,9005,東急,1654.0,-0.3314251280506219,-10.425128621716762,2.2748570273785687,-2.4384489246994656,0.671145097280031,-17.752362008950772,121,True,True,True,True,False,False,False,B,False,,,,,NONE,長期調整後 / 安値切り上げ / 5日線上向き / 勢い改善 / 25日線付近,
2026-08-27,7.1-EARLY-RESEARCH-R2,2413,エムスリー,1778.5,1.5995429877178058,-10.357862903225811,4.189008713524259,1.2651741180221832,0.7594865010296682,-35.23306627822287,189,True,True,True,True,False,False,False,A,False,,,,,NONE,長期調整後 / 安値切り上げ / 5日線上向き / 勢い改善 / 25日線付近,
2026-08-27,7.1-EARLY-RESEARCH-R2,6526,ソシオネクスト,2059.5,6.489141675284382,1.8042511122095872,6.038078897231985,0.1994745548311804,0.9674651923432092,-41.00544256659983,199,True,True,True,True,False,False,False,A,False,,,,,NONE,長期調整後 / 安値切り上げ / 5日線上向き / 勢い改善 / 25日線付近,
2026-08-27,7.1-EARLY-RESEARCH-R2,3861,王子ホールディングス,876.6,1.7645693057812828,-2.21974344673731,2.31950516746561,0.3709810387469092,0.8293213231868303,-11.517109114767344,123,True,True,True,False,True,False,False,A,False,,,,,NONE,高値持ち合い後 / 安値切り上げ / 5日線上向き / 勢い改善 / 25日線付近,
2026-08-27,7.1-EARLY-RESEARCH-R2,8591,オリックス,6345.0,5.3811659192825045,-2.3245073891625667,5.962292766573146,-0.1447861257121263,0.7483125049994155,-5.014970059880241,21,True,True,True,False,True,False,False,A,False,,,,,NONE,高値持ち合い後 / 安値切り上げ / 5日線上向き / 勢い改善 / 25日線付近,
2026-08-27,7.1-EARLY-RESEARCH-R2,8766,東京海上ホールディングス,7629.0,5.474906677727076,-9.102823781722869,7.750612623157793,-1.493670493809951,0.9975709190642988,-9.90788852149268,20,True,True,True,False,True,False,False,A,False,,,,,NONE,高値持ち合い後 / 安値切り上げ / 5日線上向き / 勢い改善 / 25日線付近,
2026-08-27,7.1-EARLY-RESEARCH-R2,6504,富士電機,14230.0,4.363769710304366,18.14030718140307,-0.1713070850464015,2.1140405011696783,0.6518823831029247,-20.056179775280903,65,True,True,True,True,False,False,False,B,False,,,,,NONE,長期調整後 / 安値切り上げ / 5日線上向き / 25日線付近,
2026-08-27,7.1-EARLY-RESEARCH-R2,9201,日本航空,3049.0,1.9732441471571829,0.0328083989501237,1.965042047419652,1.7914493847109192,0.724246482823357,-6.81540342298288,122,True,True,True,False,True,False,False,A,False,,,,,NONE,高値持ち合い後 / 安値切り上げ / 5日線上向き / 勢い改善 / 25日線付近,
2026-08-27,7.1-EARLY-RESEARCH-R2,2002,日清製粉グループ本社,2033.0,-0.5138243210178639,-6.464228203358635,1.1022327298217949,0.1014308645257866,0.7827665913033802,-7.527859904480327,94,True,True,True,False,True,False,False,B,False,,,,,NONE,高値持ち合い後 / 安値切り上げ / 5日線上向き / 勢い改善 / 25日線付近,
2026-08-27,7.1-EARLY-RESEARCH-R2,6302,住友重機械工業,5815.0,2.322716874890029,13.17633320358116,-0.97136642600526,2.746503261737665,0.5212919689332025,-8.597925180760768,120,True,True,True,False,True,False,False,B,False,,,,,NONE,高値持ち合い後 / 安値切り上げ / 5日線上向き / 25日線付近,
2026-08-27,7.1-EARLY-RESEARCH-R2,5406,神戸製鋼所,2022.0,0.6220452848967328,-2.413127413127414,1.2253271381785864,-0.0089012847521052,0.5749892094136837,-15.024164740491695,135,True,True,True,True,False,False,False,A,False,,,,,NONE,長期調整後 / 安値切り上げ / 5日線上向き / 勢い改善 / 25日線付近,
2026-08-27,7.1-EARLY-RESEARCH-R2,5020,ＥＮＥＯＳホールディングス,1331.0,2.148887183422876,1.5642884395268952,1.7578150735411524,1.761521759075202,0.5944623856306063,-14.267310789049914,121,True,True,True,False,True,False,False,A,False,,,,,NONE,高値持ち合い後 / 安値切り上げ / 5日線上向き / 勢い改善 / 25日線付近,
2026-08-27,7.1-EARLY-RESEARCH-R2,1721,コムシスホールディングス,5432.0,3.3288948069241098,3.3288948069241098,2.4966711051930823,2.657917813189803,0.726237955546766,-12.54226372564804,75,True,True,True,False,True,False,False,A,False,,,,,NONE,高値持ち合い後 / 安値切り上げ / 5日線上向き / 勢い改善 / 25日線付近,
2026-08-27,7.1-EARLY-RESEARCH-R2,7261,マツダ,1197.5,-0.3329171868497682,-1.7234304472712347,0.0979404249680404,1.975645065145204,0.9465561696014524,-14.157706093189958,128,True,True,True,False,True,False,False,B,False,,,,,NONE,高値持ち合い後 / 安値切り上げ / 5日線上向き / 勢い改善 / 25日線付近,
2026-08-27,7.1-EARLY-RESEARCH-R2,7269,スズキ,2134.0,2.2520364159080097,-0.5360055931018404,2.38603781418347,4.037675874374758,0.7739142431070615,-13.708046906591187,182,True,True,True,False,True,False,False,B,False,,,,,NONE,高値持ち合い後 / 安値切り上げ / 5日線上向き / 勢い改善,
2026-08-27,7.1-EARLY-RESEARCH-R2,8316,三井住友フィナンシャルグループ,6794.0,3.788573174457688,-1.1925538103548572,4.086711627046402,-0.0317826537338694,0.817206204500697,-6.4187327823691405,22,True,True,True,False,True,False,False,A,False,,,,,NONE,高値持ち合い後 / 安値切り上げ / 5日線上向き / 勢い改善 / 25日線付近,
2026-08-27,7.1-EARLY-RESEARCH-R2,6501,日立製作所,5433.0,3.230096902907098,9.602582206980026,0.8294513511620916,1.9416382713640208,0.7906534024912474,-10.034773969200195,133,False,True,True,False,True,False,False,B,False,,,,,NONE,高値持ち合い後 / 5日線上向き / 勢い改善 / 25日線付近,
2026-08-27,7.1-EARLY-RESEARCH-R2,5019,出光興産,1370.0,1.519081141163392,3.709311127933379,0.5917533591800472,3.809899069499578,0.7314951993790654,-18.013165769000594,96,True,True,True,True,False,False,False,B,False,,,,,NONE,長期調整後 / 安値切り上げ / 5日線上向き / 勢い改善,
2026-08-27,7.1-EARLY-RESEARCH-R2,6305,日立建機,5819.0,3.246983676366222,3.6700516657758753,2.329470759922253,4.396156413034902,0.7377906965371682,-19.46020761245675,122,True,True,True,True,False,False,False,B,False,,,,,NONE,長期調整後 / 安値切り上げ / 5日線上向き / 勢い改善,
2026-08-27,7.1-EARLY-RESEARCH-R2,2914,日本たばこ産業,7001.0,1.9068413391557515,3.244359239050288,1.0957515293931797,1.5567882466258842,0.5628326606111461,-3.0063729564976494,18,True,True,True,False,False,False,False,B,False,,,,,NONE,安値切り上げ / 5日線上向き / 勢い改善 / 25日線付近,
2026-08-27,7.1-EARLY-RESEARCH-R2,3086,Ｊ．フロント　リテイリング,3139.0,5.353247189125687,-0.4440215667618097,5.464252580816139,5.259275156262588,1.550344563552833,-13.215371855128556,40,True,True,True,False,True,False,False,A,False,,,,,NONE,高値持ち合い後 / 安値切り上げ / 5日線上向き / 出来高1.6倍 / 勢い改善,
2026-08-27,7.1-EARLY-RESEARCH-R2,5332,ＴＯＴＯ,6476.0,1.7758918749017694,-3.4441628149694314,2.636932578644127,-2.450487145034863,0.5289937562523715,-31.83157894736842,45,True,True,True,False,False,False,False,B,False,,,,,NONE,安値切り上げ / 5日線上向き / 勢い改善 / 25日線付近,
2026-08-27,7.1-EARLY-RESEARCH-R2,8252,丸井グループ,2953.5,-0.8226997985224971,-4.5718901453957965,0.320272737826452,-0.2788882286208327,0.9837789930411832,-12.280962280962282,232,True,True,True,False,True,False,False,B,False,,,,,NONE,高値持ち合い後 / 安値切り上げ / 5日線上向き / 勢い改善 / 25日線付近,
2026-08-27,7.1-EARLY-RESEARCH-R2,8725,ＭＳ＆ＡＤインシュアランスグループホールディングス,5052.0,5.845380263984912,0.0396039603960396,5.835479273885902,2.844300406328637,0.7858514183522293,-1.8266614846482727,8,True,True,True,False,False,False,False,B,False,,,,,NONE,安値切り上げ / 5日線上向き / 勢い改善 / 25日線付近,
2026-08-27,7.1-EARLY-RESEARCH-R2,8354,ふくおかフィナンシャルグループ,7718.0,2.810710003996264,3.5000670510929366,1.9356932412230297,2.0062911368983194,0.5222069146493472,-2.5505050505050475,7,True,True,True,False,False,False,False,B,False,,,,,NONE,安値切り上げ / 5日線上向き / 勢い改善 / 25日線付近,
2026-08-27,7.1-EARLY-RESEARCH-R2,9433,ＫＤＤＩ,2880.5,0.6815798671793161,-7.319819819819817,2.51153482213427,-0.7730094318173952,0.6963931727952503,-7.70586350528677,19,True,True,True,False,False,False,False,B,False,,,,,NONE,安値切り上げ / 5日線上向き / 勢い改善 / 25日線付近,
2026-08-27,7.1-EARLY-RESEARCH-R2,6301,小松製作所,7561.0,7.263441622925248,4.074328974535435,6.244859379291389,5.92246828349845,0.9616676219578664,-3.558673469387752,131,True,True,True,False,True,False,False,B,False,,,,,NONE,高値持ち合い後 / 安値切り上げ / 5日線上向き / 勢い改善,
2026-08-27,7.1-EARLY-RESEARCH-R2,2502,アサヒグループホールディングス,1664.0,-0.4486987735566883,-6.332676611314381,1.1344703792719069,-0.8331446143577392,0.6735412503325955,-15.274949083503053,238,True,True,True,True,False,False,False,B,False,,,,,NONE,長期調整後 / 安値切り上げ / 5日線上向き / 勢い改善 / 25日線付近,
2026-08-27,7.1-EARLY-RESEARCH-R2,9009,京成電鉄,1340.5,1.0173323285606717,0.7515971439308489,0.8294330425779595,3.56789665615922,0.8291390084372796,-7.615437629221223,234,True,True,True,False,True,False,False,B,False,,,,,NONE,高値持ち合い後 / 安値切り上げ / 5日線上向き / 勢い改善,
2026-08-27,7.1-EARLY-RESEARCH-R2,9735,セコム,6413.0,0.8016347060672668,-10.582822085889577,3.447340227539661,-3.2198673178034376,0.7406935287908061,-11.226467331118496,20,True,True,True,False,True,False,False,B,False,,,,,NONE,高値持ち合い後 / 安値切り上げ / 5日線上向き / 勢い改善,
2026-08-27,7.1-EARLY-RESEARCH-R2,8795,Ｔ＆Ｄホールディングス,4848.0,3.390914907229692,-4.566929133858267,4.5326471906942585,-1.7661028213877494,0.7975621684661977,-6.33693972179289,22,False,True,True,False,True,False,False,B,False,,,,,NONE,高値持ち合い後 / 5日線上向き / 勢い改善 / 25日線付近,
2026-08-27,7.1-EARLY-RESEARCH-R2,1808,長谷工コーポレーション,2896.0,3.502501786990697,-0.2239448751076622,3.5584880057676127,3.709327393443673,0.9732461631195808,-17.983574058340412,132,True,True,True,True,False,False,False,B,False,,,,,NONE,長期調整後 / 安値切り上げ / 5日線上向き / 勢い改善,
2026-08-27,7.1-EARLY-RESEARCH-R2,4452,花王,3619.0,1.8575851393188847,5.849663644340453,0.3951692282337715,4.613516794819916,1.0123211160917611,-48.35164835164834,235,True,True,True,True,False,False,False,B,False,,,,,NONE,長期調整後 / 安値切り上げ / 5日線上向き / 勢い改善,
2026-08-27,7.1-EARLY-RESEARCH-R2,7951,ヤマハ,1323.0,2.1227325357005,2.677532013969741,1.4533495322080647,1.6129032258064502,0.7559800555675089,-7.61173184357542,11,True,True,True,False,False,False,False,B,False,,,,,NONE,安値切り上げ / 5日線上向き / 勢い改善 / 25日線付近,
2026-08-27,7.1-EARLY-RESEARCH-R2,7735,ＳＣＲＥＥＮホールディングス,13535.0,3.47859327217126,15.38789428815004,-0.3683802998662502,-0.7217568618246295,0.6411979445206595,-43.29702555509007,123,True,True,True,True,False,False,False,B,False,,,,,NONE,長期調整後 / 安値切り上げ / 5日線上向き / 25日線付近,
2026-08-27,7.1-EARLY-RESEARCH-R2,6702,富士通,3753.0,0.2671653753673508,-2.3673257023933414,0.8589968009656862,3.1588090421321047,0.7965391330208786,-19.60154241645245,151,True,True,True,True,False,False,False,B,False,,,,,NONE,長期調整後 / 安値切り上げ / 5日線上向き / 勢い改善,
2026-08-27,7.1-EARLY-RESEARCH-R2,6724,セイコーエプソン,3138.0,2.5825433148087606,5.372733378106109,1.239359970282233,2.4138066082688203,0.6320759289406385,-5.196374622356492,11,True,True,True,False,False,False,False,B,False,,,,,NONE,安値切り上げ / 5日線上向き / 勢い改善 / 25日線付近,
2026-08-27,7.1-EARLY-RESEARCH-R2,6758,ソニーグループ,3870.0,2.46227164416204,1.6014702021527991,2.0619040936238395,4.19807866281825,0.6440426263482921,-18.96984924623116,191,True,True,True,True,False,False,False,B,False,,,,,NONE,長期調整後 / 安値切り上げ / 5日線上向き / 勢い改善,
2026-08-27,7.1-EARLY-RESEARCH-R2,8411,みずほフィナンシャルグループ,8340.0,3.153988868274582,2.8106508875739733,2.4513261463810885,0.0139108077382488,0.6611469002165838,-5.431454813470915,9,True,True,True,False,False,False,False,B,False,,,,,NONE,安値切り上げ / 5日線上向き / 勢い改善 / 25日線付近,
2026-08-27,7.1-EARLY-RESEARCH-R2,8331,千葉銀行,2786.5,2.8418527403579974,3.760938372742495,1.9016181471723737,2.1010127658327216,1.0637126529343313,-3.6646499567847934,7,True,True,True,False,False,False,False,B,False,,,,,NONE,安値切り上げ / 5日線上向き / 勢い改善 / 25日線付近,
2026-08-27,7.1-EARLY-RESEARCH-R2,3407,旭化成,1649.0,0.9179926560587416,-9.915323682054089,3.396823576572264,-3.344548257388369,0.626150200933061,-13.483735571878274,36,True,True,True,False,True,False,False,B,False,,,,,NONE,高値持ち合い後 / 安値切り上げ / 5日線上向き / 勢い改善,
2026-08-27,7.1-EARLY-RESEARCH-R2,8628,松井証券,1180.0,8.25688073394495,6.78733031674208,6.56004815475943,7.912353220909396,2.682471096578302,0.0,0,True,True,True,False,False,False,False,B,False,,,,,NONE,安値切り上げ / 5日線上向き / 出来高2.7倍 / 勢い改善,
2026-08-27,7.1-EARLY-RESEARCH-R2,9020,東日本旅客鉄道,3604.0,2.8832429346274724,-8.411689961880564,4.986165425097614,1.3555318071882594,0.7389351339085115,-14.414628354310144,153,True,True,True,False,True,False,False,A,False,,,,,NONE,高値持ち合い後 / 安値切り上げ / 5日線上向き / 勢い改善 / 25日線付近,
2026-08-27,7.1-EARLY-RESEARCH-R2,3382,セブン＆アイ・ホールディングス,2013.0,-0.9594095940959392,-10.771276595744684,1.733409554840232,-3.1401268368731583,1.0210879461705578,-16.71493587091436,131,True,False,True,True,False,False,False,D,False,,,,,NONE,長期調整後 / 安値切り上げ / 勢い改善,
2026-08-27,7.1-EARLY-RESEARCH-R2,2802,味の素,5441.0,1.7199476537670622,12.25500309469776,-1.3438031199073777,3.5867951109926466,0.6063379537264882,-14.179810725552056,36,True,True,True,False,True,False,False,C,False,,,,,NONE,高値持ち合い後 / 安値切り上げ / 5日線上向き,
2026-08-27,7.1-EARLY-RESEARCH-R2,4523,エーザイ,4820.0,-2.86174929463926,-5.675146771037188,-1.4429626018799628,0.210400259465926,0.7171776011346327,-9.88969900916059,234,True,False,True,False,True,False,False,D,False,,,,,NONE,高値持ち合い後 / 安値切り上げ / 25日線付近,
2026-08-27,7.1-EARLY-RESEARCH-R2,9503,関西電力,2605.0,1.8572825024437911,5.679513184584173,0.4374042062977479,6.562272455800189,0.90558418207616,-7.820240622788388,122,True,True,False,False,True,False,False,C,False,,,,,NONE,高値持ち合い後 / 安値切り上げ / 5日線上向き / 勢い改善,
2026-08-27,7.1-EARLY-RESEARCH-R2,6971,京セラ,3649.0,2.298850574712641,0.9964018820924458,2.0497501041895294,-1.7046127986035553,0.6934463890974051,-9.206270216471758,36,False,True,False,False,True,False,False,C,False,,,,,NONE,高値持ち合い後 / 5日線上向き / 勢い改善 / 25日線付近,
2026-08-27,7.1-EARLY-RESEARCH-R2,9432,ＮＴＴ,168.2,4.21313506815364,4.928259513412336,2.981070189800556,5.810120530434548,0.6667140730938962,-1.0588235294117676,1,True,True,True,False,False,False,False,C,False,,,,,NONE,安値切り上げ / 5日線上向き / 勢い改善,
2026-08-27,7.1-EARLY-RESEARCH-R2,4901,富士フイルムホールディングス,3296.0,2.360248447204971,-14.74392136575272,6.046228788643152,-5.171818537528495,0.4566590713931165,-15.660184237461616,14,True,True,True,False,False,False,False,C,False,,,,,NONE,安値切り上げ / 5日線上向き / 勢い改善,
2026-08-27,7.1-EARLY-RESEARCH-R2,8035,東京エレクトロン,56000.0,3.665309144761197,12.00000000000001,0.6653091447611947,-1.4237230851558258,0.6225799469291882,-31.085404873246368,39,False,True,True,False,False,False,False,C,False,,,,,NONE,5日線上向き / 勢い改善 / 25日線付近,
2026-08-27,7.1-EARLY-RESEARCH-R2,5411,ＪＦＥホールディングス,1839.0,-0.4600811907983781,-1.5261044176706815,-0.0785550863807077,1.091724661103588,1.0177685431089043,-22.043238660449337,132,True,True,True,True,False,False,False,C,False,,,,,NONE,長期調整後 / 安値切り上げ / 5日線上向き / 25日線付近,
2026-08-27,7.1-EARLY-RESEARCH-R2,7532,パン・パシフィック・インターナショナルホールディングス,812.8,0.3209084176746479,-15.737093095583663,4.255181691570565,-7.911373761086216,1.0764541062266155,-85.73284184658591,249,False,True,False,True,False,False,False,D,False,,,,,NONE,長期調整後 / 5日線上向き / 勢い改善,
2026-08-27,7.1-EARLY-RESEARCH-R2,8308,りそなホールディングス,2441.5,4.004259850905223,8.728568247606328,1.822117789003641,4.123130986600243,0.7717779330973478,-4.348677766895204,7,True,True,True,False,False,False,False,C,False,,,,,NONE,安値切り上げ / 5日線上向き / 勢い改善,
2026-08-27,7.1-EARLY-RESEARCH-R2,8267,イオン,1354.0,-2.273547455792136,-5.939562348037509,-0.7886568687827582,-1.4885846077732356,1.5286863900045489,-76.11571705768213,246,True,False,True,True,False,False,False,C,False,,,,,NONE,長期調整後 / 安値切り上げ / 出来高1.5倍 / 25日線付近,
2026-08-27,7.1-EARLY-RESEARCH-R2,7202,いすゞ自動車,2213.0,-0.7623318385650224,-10.422991297308236,1.8434159857620367,-3.291497692630408,0.7856531701749282,-24.44520314100376,132,True,True,True,True,False,False,False,C,False,,,,,NONE,長期調整後 / 安値切り上げ / 5日線上向き / 勢い改善,
2026-08-27,7.1-EARLY-RESEARCH-R2,6762,ＴＤＫ,3077.0,2.1919628030554694,12.05389657683904,-0.8215113411542907,0.9766214672950024,0.5622494211303308,-28.69061413673233,61,False,True,True,True,False,False,False,C,False,,,,,NONE,長期調整後 / 5日線上向き / 25日線付近,
2026-08-27,7.1-EARLY-RESEARCH-R2,4755,楽天グループ,778.3,-0.2946451447604525,-7.389338410280821,1.5526894578097528,-3.175321961026289,0.6725118021793103,-27.159569489939173,193,True,True,True,True,False,False,False,C,False,,,,,NONE,長期調整後 / 安値切り上げ / 5日線上向き / 勢い改善,
2026-08-27,7.1-EARLY-RESEARCH-R2,4911,資生堂,3699.0,0.8451472191930209,6.262568227520826,-0.7204948376871856,7.340599644809687,0.6618786555798104,-3.192881444647999,0,True,True,True,False,False,False,False,D,False,,,,,NONE,安値切り上げ / 5日線上向き,
2026-08-27,7.1-EARLY-RESEARCH-R2,3101,東洋紡,1658.0,3.237858032378571,13.328776486671234,-0.0943360892892375,3.266150128304157,0.8668496772583485,-14.755784061696652,61,True,True,True,False,True,False,False,C,False,,,,,NONE,高値持ち合い後 / 安値切り上げ / 5日線上向き,
2026-08-27,7.1-EARLY-RESEARCH-R2,2282,日本ハム,6332.0,-1.2784533832241984,-5.067466266866571,-0.0115868165075556,0.8427986265503895,0.510779580415525,-14.663072776280329,98,True,False,True,False,True,False,False,D,False,,,,,NONE,高値持ち合い後 / 安値切り上げ / 25日線付近,
2026-08-27,7.1-EARLY-RESEARCH-R2,1812,鹿島建設,4826.0,-0.3098533360875843,-10.579951825088008,2.3351346201844176,-5.451154334435682,0.6873634683246513,-39.97512437810945,132,True,True,True,True,False,False,False,C,False,,,,,NONE,長期調整後 / 安値切り上げ / 5日線上向き / 勢い改善,
2026-08-27,7.1-EARLY-RESEARCH-R2,8309,三井住友トラストグループ,1761.0,4.170363797693,-74.26191172171879,22.735841728122697,-35.3818379298704,0.7972043294688732,-74.82487491065046,21,True,True,True,False,False,False,False,C,False,,,,,NONE,安値切り上げ / 5日線上向き / 勢い改善,
2026-08-27,7.1-EARLY-RESEARCH-R2,4004,レゾナック・ホールディングス,16390.0,2.790843524615872,33.85055124540628,-5.6717942867356985,6.5863746325729,0.6308851725134841,-20.02927543303245,73,False,True,True,True,False,False,False,D,False,,,,,NONE,長期調整後 / 5日線上向き,
2026-08-27,7.1-EARLY-RESEARCH-R2,4704,トレンドマイクロ,5711.0,0.0525578135949444,-16.002353287248127,4.053146135406976,-7.732325190642375,0.6848343266654315,-33.80853036624942,227,True,False,True,True,False,False,False,C,False,,,,,NONE,長期調整後 / 安値切り上げ / 勢い改善,
2026-08-27,7.1-EARLY-RESEARCH-R2,5706,三井金属,28850.0,0.9800490024501228,12.409896746541982,-2.1224251841853725,-3.5058966760540766,0.7101581711082634,-50.0,64,True,True,True,True,False,False,False,C,False,,,,,NONE,長期調整後 / 安値切り上げ / 5日線上向き,
2026-08-27,7.1-EARLY-RESEARCH-R2,6178,日本郵政,2425.0,4.796888504753682,-2.2965350523771133,5.371022267847961,1.3872281358965122,0.9672316537061278,-4.50876156723764,22,True,True,True,False,True,False,False,A,False,,,,,NONE,高値持ち合い後 / 安値切り上げ / 5日線上向き / 勢い改善 / 25日線付近,
2026-08-27,7.1-EARLY-RESEARCH-R2,3659,ネクソン,3092.0,1.4435695538057791,19.35919706620344,-3.39622971274508,14.958768022724067,0.6579973377651405,-30.26612539467749,145,True,True,True,True,False,False,False,C,False,,,,,NONE,長期調整後 / 安値切り上げ / 5日線上向き,
2026-08-27,7.1-EARLY-RESEARCH-R2,7013,ＩＨＩ,2720.0,-1.7518511829510586,-1.2704174228675091,-1.4342468272341813,-2.9209376695314537,0.6638514399622305,-84.94326044838085,224,False,False,False,True,False,False,False,E,False,,,,,NONE,長期調整後 / 25日線付近,
2026-08-27,7.1-EARLY-RESEARCH-R2,4061,デンカ,3406.0,0.7692307692307665,4.639016897081416,-0.3905234550395875,-2.712398884877288,0.5923250664060127,-27.40835464620632,47,True,True,True,False,False,False,False,C,False,,,,,NONE,安値切り上げ / 5日線上向き / 25日線付近,
2026-08-27,7.1-EARLY-RESEARCH-R2,8015,豊田通商,7550.0,4.933981931897158,14.793979017789272,1.2354871774498395,6.79227135138194,0.5388759002817529,-0.9186351706036766,13,True,True,True,False,False,False,False,C,False,,,,,NONE,安値切り上げ / 5日線上向き / 勢い改善,
2026-08-27,7.1-EARLY-RESEARCH-R2,6902,デンソー,1903.5,-2.183967112024665,-13.790760869565222,1.2637231053666405,-3.130756938860668,0.670163761315957,-19.78508217446271,199,True,False,True,True,False,False,False,D,False,,,,,NONE,長期調整後 / 安値切り上げ / 勢い改善,
2026-08-27,7.1-EARLY-RESEARCH-R2,5713,住友金属鉱山,11400.0,7.243650047036687,55.84415584415585,-6.717388914002275,22.95400226062796,0.9510304427472706,-14.28571428571429,121,True,True,True,False,True,False,False,C,False,,,,,NONE,高値持ち合い後 / 安値切り上げ / 5日線上向き,
2026-08-27,7.1-EARLY-RESEARCH-R2,5101,横浜ゴム,7448.0,-1.5075376884422065,-2.6150627615062816,-0.8537719980656361,-1.6687790452048934,0.3626485303314571,-10.167651670486066,11,True,True,True,False,False,False,False,D,False,,,,,NONE,安値切り上げ / 5日線上向き / 25日線付近,
2026-08-27,7.1-EARLY-RESEARCH-R2,9766,コナミグループ,21735.0,-1.917870036101088,-4.272186743008144,-0.8498233503490522,3.076893892688104,0.729623426237838,-18.42747232126103,199,True,True,True,True,False,False,False,D,False,,,,,NONE,長期調整後 / 安値切り上げ / 5日線上向き,
2026-08-27,7.1-EARLY-RESEARCH-R2,5714,ＤＯＷＡホールディングス,10385.0,6.0884666462355685,31.339319590236503,-1.7463632513235572,13.798741145942904,0.6326045192571585,-16.114701130856226,72,True,True,True,True,False,False,False,C,False,,,,,NONE,長期調整後 / 安値切り上げ / 5日線上向き,
2026-08-27,7.1-EARLY-RESEARCH-R2,7762,シチズン時計,2719.0,5.921308920919355,34.404349975284234,-2.679778572901704,10.9107818822608,0.540895167112169,-6.883561643835612,8,True,True,True,False,False,False,False,D,False,,,,,NONE,安値切り上げ / 5日線上向き,
2026-08-27,7.1-EARLY-RESEARCH-R2,8604,野村ホールディングス,1611.5,5.950032873109801,2.48012718600954,5.330001076607416,3.4259235488922624,0.9959732568784752,-1.497555012224938,28,True,True,True,False,False,False,False,C,False,,,,,NONE,安値切り上げ / 5日線上向き / 勢い改善,
2026-08-27,7.1-EARLY-RESEARCH-R2,6326,クボタ,2839.0,7.172517931294831,0.7630878438331878,6.981745970336534,3.877761597061125,0.7183365610861575,-13.127294981640148,131,True,True,False,False,True,False,False,C,False,,,,,NONE,高値持ち合い後 / 安値切り上げ / 5日線上向き / 勢い改善,
2026-08-27,7.1-EARLY-RESEARCH-R2,9147,ＮＩＰＰＯＮ　ＥＸＰＲＥＳＳホールディングス,5735.0,5.403418489248302,6.75725986597171,3.7141035227553743,4.83770720756953,0.7671056232170904,-1.0012083549110984,10,True,True,True,False,False,False,False,C,False,,,,,NONE,安値切り上げ / 5日線上向き / 勢い改善,
2026-08-27,7.1-EARLY-RESEARCH-R2,2871,ニチレイ,2147.0,-1.6265750286368896,-8.793542905692442,0.571810697786221,-1.7912687086032109,0.7145657511916307,-9.371042634022796,20,False,False,True,False,True,False,False,D,False,,,,,NONE,高値持ち合い後 / 勢い改善 / 25日線付近,
2026-08-27,7.1-EARLY-RESEARCH-R2,4543,テルモ,2560.0,-0.6404036483601772,7.450157397691504,-2.502942997783053,4.581144346490396,0.5987526831520884,-9.010129731650974,250,True,True,True,False,True,False,False,D,False,,,,,NONE,高値持ち合い後 / 安値切り上げ / 5日線上向き,
2026-08-27,7.1-EARLY-RESEARCH-R2,4063,信越化学工業,5993.0,-2.7268300600551854,5.325131810193318,-4.058113012603515,-2.4608573939650324,0.6663018683921189,-24.42622950819672,61,False,False,True,True,False,False,False,E,False,,,,,NONE,長期調整後 / 25日線付近,
2026-08-27,7.1-EARLY-RESEARCH-R2,7752,リコー,1690.5,5.689277899343548,2.8597505324003736,4.974340266243455,4.608853850818684,0.525118854744894,-1.140350877192986,0,True,True,True,False,False,False,False,C,False,,,,,NONE,安値切り上げ / 5日線上向き / 勢い改善,
2026-08-27,7.1-EARLY-RESEARCH-R2,6861,キーエンス,82150.0,1.8093939769488143,5.877046011083897,0.34013247417784,1.0281132400324688,0.5600183262064753,-6.562784349408557,14,False,True,True,False,False,False,False,C,False,,,,,NONE,5日線上向き / 勢い改善 / 25日線付近,
2026-08-27,7.1-EARLY-RESEARCH-R2,4506,住友ファーマ,1441.0,-1.6382252559726918,13.82306477093207,-5.09399144870571,7.657825924542405,0.5414518207111056,-56.17396593673967,129,True,True,True,True,False,False,False,D,False,,,,,NONE,長期調整後 / 安値切り上げ / 5日線上向き,
2026-08-27,7.1-EARLY-RESEARCH-R2,5711,三菱マテリアル,5944.0,11.206735266604294,50.70993914807303,-1.4707495204139622,22.027328866114825,1.1659342685493908,-2.970943519425396,121,True,True,True,False,False,False,False,C,False,,,,,NONE,安値切り上げ / 5日線上向き / 出来高1.2倍,
2026-08-27,7.1-EARLY-RESEARCH-R2,4188,三菱ケミカルグループ,1171.0,2.3601398601398538,1.3414106447425356,2.02478719895422,-0.3506024916604122,0.9279520642650404,-7.284243863816309,10,False,True,True,False,False,False,False,C,False,,,,,NONE,5日線上向き / 勢い改善 / 25日線付近,
2026-08-27,7.1-EARLY-RESEARCH-R2,4021,日産化学,8053.0,-1.3354569958343498,9.222840092228402,-3.6411670188914496,3.2414719698057537,0.5918724904047393,-7.511197886757781,37,True,True,True,False,True,False,False,D,False,,,,,NONE,高値持ち合い後 / 安値切り上げ / 5日線上向き,
2026-08-27,7.1-EARLY-RESEARCH-R2,7453,良品計画,4297.0,-1.8725736469513588,-2.650657000453105,-1.2099093968380823,-0.5176692843384179,0.7790262707790084,-41.64063561048486,249,True,False,True,True,False,False,False,D,False,,,,,NONE,長期調整後 / 安値切り上げ / 25日線付近,
2026-08-27,7.1-EARLY-RESEARCH-R2,6988,日東電工,3421.0,-0.5234079674323877,-3.606649760495917,0.3782544726915915,-0.5673560973341263,0.6300182683058132,-15.90462143559489,203,False,True,True,True,False,False,False,C,False,,,,,NONE,長期調整後 / 5日線上向き / 勢い改善 / 25日線付近,
2026-08-27,7.1-EARLY-RESEARCH-R2,7974,任天堂,8728.0,-0.6035759025167953,9.291259704482837,-2.926390828637504,7.031089048688832,0.5995843309564326,-41.0070969922271,250,True,True,True,True,False,False,False,D,False,,,,,NONE,長期調整後 / 安値切り上げ / 5日線上向き,
2026-08-27,7.1-EARLY-RESEARCH-R2,4503,アステラス製薬,2391.0,-1.1166253101737025,4.160313657155301,-2.156703724462528,4.054242244890838,0.6134044443305188,-11.998527788001468,95,True,True,True,False,True,False,False,D,False,,,,,NONE,高値持ち合い後 / 安値切り上げ / 5日線上向き,
2026-08-27,7.1-EARLY-RESEARCH-R2,4689,ＬＩＮＥヤフー,550.0,6.2801932367149815,16.377486246297067,2.1858216751407147,13.02082049005826,0.9380941032364092,-2.4822695035460973,1,True,True,True,False,False,False,False,C,False,,,,,NONE,安値切り上げ / 5日線上向き / 勢い改善,
2026-08-27,7.1-EARLY-RESEARCH-R2,6471,日本精工,1107.5,-0.7171671896010756,0.4990925589836603,-0.8419403293469907,-2.9309166126176733,0.4657380727023175,-21.703782255213856,120,True,True,True,True,False,False,False,C,False,,,,,NONE,長期調整後 / 安値切り上げ / 5日線上向き / 25日線付近,
2026-08-27,7.1-EARLY-RESEARCH-R2,4502,武田薬品工業,5809.0,-0.2746781115879781,-0.6499059346673497,-0.1122016279211407,3.114926369303728,0.6415558343789209,-3.7129123155975496,99,True,True,True,False,True,False,False,D,False,,,,,NONE,高値持ち合い後 / 安値切り上げ / 5日線上向き,
2026-08-27,7.1-EARLY-RESEARCH-R2,6976,太陽誘電,8900.0,-7.51324950639094,-1.1660188784008874,-7.221744786790718,-11.842084409718378,1.3051049293228572,-63.016829420319965,39,False,False,True,False,False,False,False,E,False,,,,,NONE,出来高1.3倍,
2026-08-27,7.1-EARLY-RESEARCH-R2,9983,ファーストリテイリング,71540.0,-6.213948610382802,-11.019900497512436,-3.458973486004693,-6.74793526320181,0.7256437823171044,-19.33701657458563,34,False,False,False,False,False,False,False,E,False,,,,,NONE,,
2026-08-27,7.1-EARLY-RESEARCH-R2,1605,ＩＮＰＥＸ,3856.0,-0.3360041354355081,6.63716814159292,-1.995296170833738,4.171169224119309,0.7136896960688546,-22.179616548940466,102,True,False,True,True,False,False,False,E,False,,,,,NONE,長期調整後 / 安値切り上げ,
2026-08-27,7.1-EARLY-RESEARCH-R2,6701,日本電気,4735.0,-1.763485477178428,2.6446997615434675,-2.424660417564295,0.7309642942237682,0.9236234934869262,-23.55505327736519,184,True,False,True,True,False,False,False,D,False,,,,,NONE,長期調整後 / 安値切り上げ / 25日線付近,
2026-08-27,7.1-EARLY-RESEARCH-R2,7912,大日本印刷,3102.0,-3.724394785847296,3.711133400200594,-4.6521781358974446,-0.6323396567298967,0.8248757214826677,-7.788347205707491,9,False,False,True,False,False,False,False,E,False,,,,,NONE,25日線付近,
2026-08-27,7.1-EARLY-RESEARCH-R2,2269,明治ホールディングス,4457.0,2.648549055734684,12.182230052856792,-0.3970084574795143,9.421492472822624,0.7032459430181299,-2.1729587357331,1,True,True,True,False,False,False,False,D,False,,,,,NONE,安値切り上げ / 5日線上向き,
2026-08-27,7.1-EARLY-RESEARCH-R2,9984,ソフトバンクグループ,5200.0,-3.471319844069054,9.681501792870703,-5.89169529228673,-3.432599668699532,0.8119634533721078,-81.22404766203286,201,False,False,True,True,False,False,False,E,False,,,,,NONE,長期調整後,
2026-08-27,7.1-EARLY-RESEARCH-R2,8306,三菱ＵＦＪフィナンシャル・グループ,3608.0,4.157043879907629,-1.0693720866465584,4.424386901569269,0.3325880690982385,0.7807871911718255,-5.376344086021501,22,True,True,True,False,True,False,False,A,False,,,,,NONE,高値持ち合い後 / 安値切り上げ / 5日線上向き / 勢い改善 / 25日線付近,
2026-08-27,7.1-EARLY-RESEARCH-R2,3103,ユニチカ,1589.0,4.539473684210527,108.53018372703414,-22.593072247548008,34.26958696680862,0.7862678480964898,-63.721461187214615,86,False,True,True,True,False,False,False,D,False,,,,,NONE,長期調整後 / 5日線上向き,
2026-08-27,7.1-EARLY-RESEARCH-R2,4043,トクヤマ,4026.0,-1.1053795136330091,2.940424443876255,-1.8404856246020729,-1.9617392659549648,0.5228640502031788,-30.20110957004161,58,False,False,True,False,False,False,False,E,False,,,,,NONE,25日線付近,
2026-08-27,7.1-EARLY-RESEARCH-R2,7741,ＨＯＹＡ,24465.0,-3.070522979397783,2.945508100147265,-3.806900004434599,-3.118886768095164,1.0162944089424044,-19.52302631578948,90,False,False,True,True,False,False,False,E,False,,,,,NONE,長期調整後,
2026-08-27,7.1-EARLY-RESEARCH-R2,2801,キッコーマン,1793.0,-2.448313384113165,2.5743707093821566,-3.0919060614587046,3.290550038021056,0.8215255616044053,-3.9892904953145902,4,True,False,True,False,False,False,False,E,False,,,,,NONE,安値切り上げ,
2026-08-27,7.1-EARLY-RESEARCH-R2,3401,帝人,1730.0,-0.3169115528666055,3.037522334723053,-1.0762921365473688,0.8546410624132861,0.5089132860840554,-5.153508771929827,11,True,False,True,False,False,False,False,E,False,,,,,NONE,安値切り上げ / 25日線付近,
2026-08-27,7.1-EARLY-RESEARCH-R2,6103,オークマ,4865.0,-2.30923694779116,2.098635886673672,-2.833895919459578,-4.74232456140351,0.6184575624317583,-14.798598949211906,12,False,False,True,False,False,False,False,E,False,,,,,NONE,,
2026-08-27,7.1-EARLY-RESEARCH-R2,6723,ルネサスエレクトロニクス,3380.0,-2.5655808590371865,6.624605678233442,-4.221732278595547,-7.194868809787924,0.5752025548376688,-36.0333080999243,45,False,False,True,False,False,False,False,E,False,,,,,NONE,,
2026-08-27,7.1-EARLY-RESEARCH-R2,3402,東レ,1276.5,-1.88316679477325,9.759243336199486,-4.322977628823121,1.7634209729109118,0.6600381089238984,-8.49462365591398,12,False,False,True,False,False,False,False,E,False,,,,,NONE,25日線付近,
2026-08-27,7.1-EARLY-RESEARCH-R2,6752,パナソニック　ホールディングス,4375.0,1.6732512200790195,24.75049900199602,-4.514373530419985,2.606077094102077,1.028396170720388,-12.183861902850255,9,False,True,True,False,False,False,False,D,False,,,,,NONE,5日線上向き / 25日線付近,
2026-08-27,7.1-EARLY-RESEARCH-R2,5802,住友電気工業,2255.0,1.6452558034708131,8.832046332046328,-0.5627557795407689,0.238260343877239,0.7169391985260248,-84.81481481481481,59,False,True,True,False,False,False,False,D,False,,,,,NONE,5日線上向き / 25日線付近,
2026-08-27,7.1-EARLY-RESEARCH-R2,4578,大塚ホールディングス,12180.0,-3.3333333333333326,5.867014341590604,-4.800086918730983,2.2601336602075417,0.5634028737973713,-4.806565064478308,12,True,False,True,False,False,False,False,E,False,,,,,NONE,安値切り上げ / 25日線付近,
2026-08-27,7.1-EARLY-RESEARCH-R2,5803,フジクラ,5500.0,2.9769706047556577,46.27659574468086,-8.592178331414559,10.00968085191496,0.8269690360473045,-81.54981549815498,120,False,True,True,True,False,False,False,D,False,,,,,NONE,長期調整後 / 5日線上向き,
2026-08-27,7.1-EARLY-RESEARCH-R2,6954,ファナック,6023.0,-1.5206017004578132,-6.807983908401671,0.1813942766426046,-5.891801352483094,0.6022118094307314,-32.17342342342342,73,False,False,True,True,False,False,False,E,False,,,,,NONE,長期調整後 / 勢い改善,
2026-08-27,7.1-EARLY-RESEARCH-R2,6506,安川電機,4883.0,-2.7871789767071498,5.487146251890263,-4.158965539679715,-4.275923718712749,1.2123505765186764,-38.30701200252685,46,False,False,True,False,False,False,False,E,False,,,,,NONE,出来高1.2倍,
2026-08-27,7.1-EARLY-RESEARCH-R2,6098,リクルートホールディングス,16970.0,5.109941158253339,29.54198473282443,-2.2755550249527685,16.197858179726655,0.9147004218594872,-1.308519918580986,0,True,True,True,False,False,False,False,D,False,,,,,NONE,安値切り上げ / 5日線上向き,
2026-08-27,7.1-EARLY-RESEARCH-R2,7201,日産自動車,312.0,-7.528156490812088,-12.897822445561136,-4.303700879421804,-6.191369606003749,1.2039769754646454,-33.047210300429185,129,False,False,True,True,False,False,False,E,False,,,,,NONE,長期調整後 / 出来高1.2倍,
2026-08-27,7.1-EARLY-RESEARCH-R2,5801,古河電気工業,4089.0,5.822981366459623,47.48422001803427,-6.048073638048945,10.621144897738333,0.7996468739067722,-93.44816535811567,64,False,True,True,True,False,False,False,D,False,,,,,NONE,長期調整後 / 5日線上向き,
2026-08-27,7.1-EARLY-RESEARCH-R2,7267,本田技研工業,1662.5,-4.536319265001431,-1.5398282499259677,-4.151362202519939,0.4495305306152053,0.7718849868135542,-5.6737588652482245,4,True,False,True,False,False,False,False,E,False,,,,,NONE,安値切り上げ / 25日線付近,
2026-08-27,7.1-EARLY-RESEARCH-R2,6361,荏原製作所,4821.0,-4.0787902904894535,-1.026483268322731,-3.8221694734087706,-10.726851200308127,0.8514032025095482,-30.029027576197382,47,False,False,True,False,False,False,False,E,False,,,,,NONE,,
2026-08-27,7.1-EARLY-RESEARCH-R2,4631,ＤＩＣ,5025.0,-4.103053435114501,15.278733654507914,-7.922736848741479,2.067760805979857,0.7104070338360289,-14.482641252552751,10,False,False,True,False,False,False,False,E,False,,,,,NONE,25日線付近,
2026-08-27,7.1-EARLY-RESEARCH-R2,285A,キオクシアホールディングス,52500.0,-0.8498583569405138,36.789994788952576,-10.047357054178658,2.722840081082567,0.8298350580992168,-53.41614906832298,46,False,False,True,False,False,False,False,E,False,,,,,NONE,25日線付近,
2026-08-27,7.1-EARLY-RESEARCH-R2,5301,東海カーボン,1670.5,-2.252779403159744,8.01810539928871,-4.257305752981921,-0.3352981886738382,0.5113634812892167,-14.024704065877511,14,False,False,True,False,False,False,False,E,False,,,,,NONE,25日線付近,
2026-08-27,7.1-EARLY-RESEARCH-R2,6841,横河電機,5145.0,0.6258556620379441,-7.464028776978415,2.491862856282548,-5.917419449219185,0.6274122645066251,-18.55311065379136,122,False,True,False,True,False,False,False,D,False,,,,,NONE,長期調整後 / 5日線上向き / 勢い改善,
2026-08-27,7.1-EARLY-RESEARCH-R2,6473,ジェイテクト,2060.5,-1.3642891335567289,-1.0801728276524258,-1.0942459266436222,-2.1493427551098065,0.7485388322057605,-9.008611172444247,18,False,False,True,False,False,False,False,E,False,,,,,NONE,25日線付近,
2026-08-27,7.1-EARLY-RESEARCH-R2,6645,オムロン,6527.0,1.841160867530034,26.198762567672084,-4.708529774387987,5.686028135443921,0.57653824561969,-9.910282953761218,7,False,True,True,False,False,False,False,E,False,,,,,NONE,5日線上向き,
2026-08-27,7.1-EARLY-RESEARCH-R2,5214,日本電気硝子,4802.0,-0.9896907216494832,-6.919945725915877,0.740295709829486,-4.332719723955458,0.7892457780381569,-42.67637579085592,81,False,False,True,True,False,False,False,E,False,,,,,NONE,長期調整後 / 勢い改善,
2026-08-27,7.1-EARLY-RESEARCH-R2,4208,ＵＢＥ,3560.0,0.7927519818799578,11.773940345368915,-2.1507331044622715,4.278952055115526,0.5636512095057282,-4.120657150552109,10,False,True,True,False,False,False,False,E,False,,,,,NONE,5日線上向き,
2026-08-27,7.1-EARLY-RESEARCH-R2,9104,商船三井,7003.0,0.6612045421877211,17.638165630774406,-3.74833686550588,9.61644418843446,0.9767550477330472,-6.738580370222403,2,True,True,False,False,False,False,False,E,False,,,,,NONE,安値切り上げ / 5日線上向き,
2026-08-27,7.1-EARLY-RESEARCH-R2,6367,ダイキン工業,20840.0,-0.0958772770853322,-12.620545073375268,3.0592589912584844,-6.134582470047745,0.559642176561775,-21.18003025718608,35,False,True,True,False,False,False,False,E,False,,,,,NONE,5日線上向き / 勢い改善,
2026-08-27,7.1-EARLY-RESEARCH-R2,4751,サイバーエージェント,1327.5,-0.9697873927638988,-15.767766497461931,2.9721542316015843,-3.85172523683982,0.6768871155269712,-31.32436627004656,249,True,True,True,True,False,False,False,C,False,,,,,NONE,長期調整後 / 安値切り上げ / 5日線上向き / 勢い改善,
2026-08-27,7.1-EARLY-RESEARCH-R2,6981,村田製作所,7309.0,1.4434420541290738,17.300593805167708,-2.881706397162853,-2.003110586721013,0.9106931735463252,-43.31911593640946,46,False,False,True,False,False,False,False,E,False,,,,,NONE,25日線付近,
2026-08-27,7.1-EARLY-RESEARCH-R2,7832,バンダイナムコホールディングス,5612.0,1.0442924018725153,18.22203496945438,-3.51121634049108,11.471293956873406,0.496064161592158,-2.0593368237347254,1,True,True,True,False,False,False,False,D,False,,,,,NONE,安値切り上げ / 5日線上向き,
2026-08-27,7.1-EARLY-RESEARCH-R2,3405,クラレ,1828.0,-0.1911001911001908,-3.331570597567424,0.6417924582916651,-1.2489735943644886,0.7281125568908554,-12.452107279693491,13,False,False,True,False,False,False,False,E,False,,,,,NONE,勢い改善 / 25日線付近,
2026-08-27,7.1-EARLY-RESEARCH-R2,6920,レーザーテック,34610.0,-0.9161179501860904,0.815613166326834,-1.120021241767799,-10.434242534030323,0.7240601247063132,-40.91840218504609,47,False,False,True,False,False,False,False,E,False,,,,,NONE,,
2026-08-27,7.1-EARLY-RESEARCH-R2,6857,アドバンテスト,34610.0,-2.121040723981904,37.34126984126984,-11.456358184299363,5.346141670927995,1.200350142953264,-10.637748515362766,9,False,False,True,False,False,False,False,E,False,,,,,NONE,出来高1.2倍,
2026-08-27,7.1-EARLY-RESEARCH-R2,7911,ＴＯＰＰＡＮホールディングス,5001.0,-2.171361502347413,16.818500350385435,-6.375986589943771,2.8868388785108223,0.8346184867679551,-15.637651821862352,120,False,False,True,True,False,False,False,E,False,,,,,NONE,長期調整後 / 25日線付近,
2026-08-27,7.1-EARLY-RESEARCH-R2,3436,ＳＵＭＣＯ,3434.0,-0.63657407407407,16.4659996608445,-4.753073989285195,-2.5992443925074604,0.8370504713821217,-42.17881798282539,31,False,False,True,False,False,False,False,E,False,,,,,NONE,25日線付近,
2026-08-27,7.1-EARLY-RESEARCH-R2,5201,ＡＧＣ,5756.0,-0.1561144839549055,-5.016501650165017,1.0980109285863486,-2.6689934120639025,0.4660440765079042,-30.775706554419724,59,True,True,True,False,False,False,False,C,False,,,,,NONE,安値切り上げ / 5日線上向き / 勢い改善 / 25日線付近,
2026-08-27,7.1-EARLY-RESEARCH-R2,7011,三菱重工業,3985.0,-1.7020226936359184,6.550802139037426,-3.339723228395275,-0.3351340536214553,0.7417163065291331,-23.483102918586784,121,False,False,True,True,False,False,False,E,False,,,,,NONE,長期調整後 / 25日線付近,
2026-08-27,7.1-EARLY-RESEARCH-R2,6503,三菱電機,5563.0,-1.6268788682581747,7.559938128383603,-3.5168634003540755,-2.637861148253684,0.7855414457249822,-16.796290756805266,64,False,False,True,True,False,False,False,E,False,,,,,NONE,長期調整後 / 25日線付近,
2026-08-27,7.1-EARLY-RESEARCH-R2,7731,ニコン,1957.0,-0.4577822990844304,-0.1275835672365444,-0.4258864072752943,-2.1636970824084667,0.7672348671461885,-18.117154811715487,72,True,True,True,True,False,False,False,C,False,,,,,NONE,長期調整後 / 安値切り上げ / 5日線上向き / 25日線付近,
2026-08-27,7.1-EARLY-RESEARCH-R2,6113,アマダ,2595.0,-1.1428571428571457,-1.255707762557079,-0.8289302022178757,-5.047311686315837,0.916651771163006,-19.50992555831266,72,False,False,True,True,False,False,False,E,False,,,,,NONE,長期調整後,
2026-08-27,7.1-EARLY-RESEARCH-R2,9843,ニトリホールディングス,3064.0,0.2617801047120505,12.193335774441591,-2.786553838898348,8.903500977430244,0.7060508451049554,-79.17063222297756,229,True,True,True,True,False,False,False,C,False,,,,,NONE,長期調整後 / 安値切り上げ / 5日線上向き,
2026-08-27,7.1-EARLY-RESEARCH-R2,7012,川崎重工業,2626.5,-1.721234798877458,-1.794727986539535,-1.2725528022425745,-4.021837635571668,0.7888130987464415,-86.05151354221987,120,False,False,True,True,False,False,False,E,False,,,,,NONE,長期調整後,
2026-08-27,7.1-EARLY-RESEARCH-R2,6594,ニデック,2603.0,-0.6109201985490698,1.4024152707440507,-0.9615240162350824,-2.060381674793821,0.896318193400527,-21.0254854368932,245,False,False,True,True,False,False,False,E,False,,,,,NONE,長期調整後 / 25日線付近,
2026-08-27,7.1-EARLY-RESEARCH-R2,5333,ＮＧＫ,5399.0,-3.017783366265492,4.227799227799234,-4.0747331732153,-4.891591564083242,0.7315116969626468,-31.60628325310362,43,False,False,True,False,False,False,False,E,False,,,,,NONE,,
2026-08-27,7.1-EARLY-RESEARCH-R2,6472,ＮＴＮ,373.6,0.4571121269158595,2.552841065056266,-0.1810981393482069,-1.985476220459204,0.6224643324593987,-23.28542094455852,74,False,True,True,True,False,False,False,C,False,,,,,NONE,長期調整後 / 5日線上向き / 25日線付近,
2026-08-28,7.1-EARLY-RESEARCH-R2,3103,ユニチカ,1686.0,19.57446808510639,117.82945736434108,-9.882896255978878,38.73346060167204,1.6624470049605633,-61.50684931506849,87,False,True,True,True,False,False,False,C,False,,,,,NONE,長期調整後 / 5日線上向き / 出来高1.7倍,
2026-08-28,7.1-EARLY-RESEARCH-R2,4689,ＬＩＮＥヤフー,554.0,5.4033485540334825,20.855148342059348,0.1895614685186455,12.759305695769685,0.8922889451883533,-1.773049645390068,2,True,True,True,False,False,False,False,C,False,,,,,NONE,安値切り上げ / 5日線上向き / 勢い改善,
2026-08-28,7.1-EARLY-RESEARCH-R2,5711,三菱マテリアル,6058.0,8.85893980233603,52.55603122639134,-4.280068004261805,22.59187307754573,1.1969445832357697,-1.3194331324319908,0,True,True,True,False,False,False,False,C,False,,,,,NONE,安値切り上げ / 5日線上向き / 出来高1.2倍,
2026-08-28,7.1-EARLY-RESEARCH-R2,9501,東京電力ホールディングス,528.1,-3.8594574913526136,0.7824427480916052,-4.055068178375515,0.497826765420073,0.7048538906799179,-43.78326591441345,192,True,False,True,True,False,False,False,D,False,,,,,NONE,長期調整後 / 安値切り上げ / 25日線付近,
2026-08-28,7.1-EARLY-RESEARCH-R2,2282,日本ハム,6365.0,-0.9030048264051072,-3.208637469586373,-0.1008454590085139,1.2451644100580197,0.6186867760653164,-14.21832884097035,99,True,False,True,False,True,False,False,D,False,,,,,NONE,高値持ち合い後 / 安値切り上げ / 25日線付近,
2026-08-28,7.1-EARLY-RESEARCH-R2,8628,松井証券,1211.0,9.197475202885474,15.114068441064642,5.418958092619314,10.391978122151311,3.0683165607613025,-0.4930156121610518,0,True,True,False,False,False,False,False,C,False,,,,,NONE,安値切り上げ / 5日線上向き / 出来高3.1倍 / 勢い改善,
2026-08-28,7.1-EARLY-RESEARCH-R2,5332,ＴＯＴＯ,6345.0,-0.0944733112895557,-5.538186690486824,1.2900733613321502,-3.7183385836808247,0.6250220264317181,-33.21052631578948,46,True,True,True,False,False,False,False,D,False,,,,,NONE,安値切り上げ / 5日線上向き / 勢い改善,
2026-08-28,7.1-EARLY-RESEARCH-R2,7731,ニコン,1942.0,-3.286852589641432,5.543478260869561,-4.672722154858821,-2.3669234017736795,0.9513497137310896,-18.744769874476987,73,True,False,True,True,False,False,False,D,False,,,,,NONE,長期調整後 / 安値切り上げ / 25日線付近,
2026-08-28,7.1-EARLY-RESEARCH-R2,5713,住友金属鉱山,11525.0,7.109665427509304,55.114401076716014,-6.668934841669699,22.389207236520715,0.6023288737214164,-13.345864661654138,122,True,True,True,False,True,False,False,C,False,,,,,NONE,高値持ち合い後 / 安値切り上げ / 5日線上向き,
2026-08-28,7.1-EARLY-RESEARCH-R2,9502,中部電力,2841.0,-2.2535695854120075,4.988913525498884,-3.5007979667867284,0.7682649130647645,0.9031338748764336,-13.542300669507002,34,True,False,True,False,True,False,False,D,False,,,,,NONE,高値持ち合い後 / 安値切り上げ / 25日線付近,
2026-08-28,7.1-EARLY-RESEARCH-R2,8725,ＭＳ＆ＡＤインシュアランスグループホールディングス,5114.0,3.4175935288169867,2.5260625501202894,2.786077891286914,3.902542097392892,0.8448375567143989,-0.6218422075398355,9,True,True,True,False,False,False,False,C,False,,,,,NONE,安値切り上げ / 5日線上向き / 勢い改善,
2026-08-28,7.1-EARLY-RESEARCH-R2,8015,豊田通商,7598.0,5.148076390810963,14.6867924528302,1.476378277603413,6.8641736381076734,0.6246398710587288,-0.7705367637455884,0,True,True,True,False,False,False,False,C,False,,,,,NONE,安値切り上げ / 5日線上向き / 勢い改善,
2026-08-28,7.1-EARLY-RESEARCH-R2,4005,住友化学,555.9,-0.6966773847802754,7.544979686593156,-2.582922306428564,5.250602081155997,0.5540836104344115,-11.056,72,True,True,True,False,True,False,False,D,False,,,,,NONE,高値持ち合い後 / 安値切り上げ / 5日線上向き,
2026-08-28,7.1-EARLY-RESEARCH-R2,4503,アステラス製薬,2370.5,-0.691244239631339,3.651071272409268,-1.6040120577336558,2.787244928931343,0.9868615716090936,-12.753036437246967,96,True,False,True,False,True,False,False,D,False,,,,,NONE,高値持ち合い後 / 安値切り上げ / 25日線付近,
2026-08-28,7.1-EARLY-RESEARCH-R2,6472,ＮＴＮ,372.2,-0.4812834224598994,-0.1877178868329276,-0.4343539507516675,-2.2625099785723246,0.5679614191396264,-23.5728952772074,75,True,False,True,True,False,False,False,D,False,,,,,NONE,長期調整後 / 安値切り上げ / 25日線付近,
2026-08-28,7.1-EARLY-RESEARCH-R2,5019,出光興産,1379.5,-0.2891217925551137,5.426060374474595,-1.6456368861737625,4.357364399727648,0.7295250283119644,-17.444643925792935,97,True,True,True,True,False,False,False,D,False,,,,,NONE,長期調整後 / 安値切り上げ / 5日線上向き,
2026-08-28,7.1-EARLY-RESEARCH-R2,3382,セブン＆アイ・ホールディングス,2001.5,-1.4282196503324296,-10.367218987908643,1.1635850966447312,-3.5477466363391,3.772011788326481,-17.19073231278444,132,False,False,True,True,False,False,False,D,False,,,,,NONE,長期調整後 / 出来高3.8倍 / 勢い改善,
2026-08-28,7.1-EARLY-RESEARCH-R2,8252,丸井グループ,2950.5,-1.30456598093327,-2.912142152023689,-0.5765304429273477,-0.4124588216233626,0.9173706185066512,-12.370062370062374,233,True,False,True,False,True,False,False,D,False,,,,,NONE,高値持ち合い後 / 安値切り上げ / 25日線付近,
2026-08-28,7.1-EARLY-RESEARCH-R2,3289,東急不動産ホールディングス,1330.5,-1.261595547309835,-4.004329004329,-0.2605132962275851,-0.0120241083372274,1.0868596057974231,-16.73967459324155,133,True,False,True,True,False,False,False,D,False,,,,,NONE,長期調整後 / 安値切り上げ / 25日線付近,
2026-08-28,7.1-EARLY-RESEARCH-R2,6504,富士電機,13815.0,-0.5041411595246625,8.82237101220953,-2.709733912577045,-1.044352759154199,0.6178761423019182,-22.387640449438205,66,True,True,True,True,False,False,False,C,False,,,,,NONE,長期調整後 / 安値切り上げ / 5日線上向き / 25日線付近,
2026-08-28,7.1-EARLY-RESEARCH-R2,2871,ニチレイ,2149.5,-1.714677640603568,-6.927906473262613,0.0172989777120853,-1.7209689366021297,0.5702411059921134,-9.265512874630645,21,False,False,True,False,True,False,False,D,False,,,,,NONE,高値持ち合い後 / 勢い改善 / 25日線付近,
2026-08-28,7.1-EARLY-RESEARCH-R2,6954,ファナック,6052.0,0.28169014084507,-8.635265700483096,2.440506565965844,-4.912139571130503,0.6507904544892515,-31.846846846846844,74,False,False,True,True,False,False,False,D,False,,,,,NONE,長期調整後 / 勢い改善,
2026-08-28,7.1-EARLY-RESEARCH-R2,7203,トヨタ自動車,3116.0,-0.5108556832694733,-0.3198976327575153,-0.4308812750800944,2.937484308310312,0.8836492960142228,-22.1,135,True,False,True,True,False,False,False,D,False,,,,,NONE,長期調整後 / 安値切り上げ / 25日線付近,
2026-08-28,7.1-EARLY-RESEARCH-R2,8058,三菱商事,4786.0,-0.1668752607425938,0.1884027632405249,-0.213975951552725,0.1884027632405249,0.9200164040398424,-20.39254823685961,73,True,True,True,True,False,False,False,C,False,,,,,NONE,長期調整後 / 安値切り上げ / 5日線上向き / 25日線付近,
2026-08-28,7.1-EARLY-RESEARCH-R2,2802,味の素,5431.0,0.6486286137879826,12.23393263070882,-2.4098545438892227,3.1380085685637,0.6392374409338255,-14.33753943217666,37,True,True,True,False,True,False,False,C,False,,,,,NONE,高値持ち合い後 / 安値切り上げ / 5日線上向き,
2026-08-28,7.1-EARLY-RESEARCH-R2,8309,三井住友トラストグループ,1789.5,4.313611192072275,7.027511961722488,2.556733201641653,-29.073094941776123,0.972633062646789,-74.41744102930666,22,True,True,True,False,False,False,False,C,False,,,,,NONE,安値切り上げ / 5日線上向き / 勢い改善,
2026-08-28,7.1-EARLY-RESEARCH-R2,5201,ＡＧＣ,5729.0,-1.2581868321268508,-4.117154811715484,-0.2288981291979797,-2.740051609398342,0.5304887390838058,-31.100420926037287,60,True,False,True,True,False,False,False,D,False,,,,,NONE,長期調整後 / 安値切り上げ / 25日線付近,
2026-08-28,7.1-EARLY-RESEARCH-R2,6367,ダイキン工業,20895.0,0.9420289855072372,-11.611675126903553,3.844947767233125,-5.337694579852492,0.6295883127033219,-20.97201210287444,36,True,True,True,False,False,False,False,C,False,,,,,NONE,安値切り上げ / 5日線上向き / 勢い改善,
2026-08-28,7.1-EARLY-RESEARCH-R2,9843,ニトリホールディングス,3068.0,1.2875536480686731,16.410548283058233,-2.815083422695885,8.004590547134072,0.6031842991461318,-79.14343983684569,230,True,True,True,True,False,False,False,C,False,,,,,NONE,長期調整後 / 安値切り上げ / 5日線上向き,
2026-08-28,7.1-EARLY-RESEARCH-R2,3436,ＳＵＭＣＯ,3434.0,1.4775413711583862,20.21704883598809,-3.576720837838637,-2.2554678871924416,0.8749851043584203,-42.17881798282539,32,True,True,True,False,False,False,False,C,False,,,,,NONE,安値切り上げ / 5日線上向き / 25日線付近,
2026-08-28,7.1-EARLY-RESEARCH-R2,3659,ネクソン,3148.0,1.7124394184168112,20.93737994621589,-3.5219055681371625,15.493267784422349,0.7936166860057015,-29.00315741993685,146,True,True,True,True,False,False,False,C,False,,,,,NONE,長期調整後 / 安値切り上げ / 5日線上向き,
2026-08-28,7.1-EARLY-RESEARCH-R2,9766,コナミグループ,22280.0,1.8048891935115383,2.0146520146520075,1.3012261898485369,4.858901711252095,0.8553620894341116,-16.38206042409458,200,True,False,True,True,False,False,False,C,False,,,,,NONE,長期調整後 / 安値切り上げ / 勢い改善,
2026-08-28,7.1-EARLY-RESEARCH-R2,4523,エーザイ,4824.0,-1.591187270501837,-4.114490161001793,-0.5625647302513888,0.0921245922864244,0.6945508009924343,-9.814918676388109,235,True,False,True,False,True,False,False,D,False,,,,,NONE,高値持ち合い後 / 安値切り上げ / 25日線付近,
2026-08-28,7.1-EARLY-RESEARCH-R2,4021,日産化学,8130.0,1.905239408373016,11.202297907263038,-0.8953350684427432,4.071726284959398,0.6962288182522981,-6.626851958194557,38,True,True,True,False,True,False,False,C,False,,,,,NONE,高値持ち合い後 / 安値切り上げ / 5日線上向き,
2026-08-28,7.1-EARLY-RESEARCH-R2,4901,富士フイルムホールディングス,3319.0,3.1706558905812976,-13.36465674758549,6.511820077477671,-4.136098434521395,0.5638215497356808,-15.071647901740016,15,True,True,True,False,False,False,False,C,False,,,,,NONE,安値切り上げ / 5日線上向き / 勢い改善,
2026-08-28,7.1-EARLY-RESEARCH-R2,6724,セイコーエプソン,3218.0,5.060398302317992,8.697855092045259,2.8859345293066774,4.666063866464576,1.032373649196079,-2.779456193353469,12,True,True,True,False,False,False,False,C,False,,,,,NONE,安値切り上げ / 5日線上向き / 勢い改善,
2026-08-28,7.1-EARLY-RESEARCH-R2,7752,リコー,1695.0,3.2277710109622326,3.2592141334145674,2.412967477608591,4.541866087728819,0.5539851695093173,-0.8771929824561431,1,True,True,True,False,False,False,False,C,False,,,,,NONE,安値切り上げ / 5日線上向き / 勢い改善,
2026-08-28,7.1-EARLY-RESEARCH-R2,5214,日本電気硝子,4796.0,0.0208550573514099,-6.510721247563356,1.6485353692422489,-3.809126500224636,0.69302899768859,-42.74800047749792,82,False,False,True,True,False,False,False,D,False,,,,,NONE,長期調整後 / 勢い改善,
2026-08-28,7.1-EARLY-RESEARCH-R2,7013,ＩＨＩ,2766.0,3.479236812570141,-0.1984484935955266,3.5288489359690227,-1.105501766228567,0.6196120290274041,-84.68862441184612,225,False,True,False,True,False,False,False,C,False,,,,,NONE,長期調整後 / 5日線上向き / 勢い改善 / 25日線付近,
2026-08-28,7.1-EARLY-RESEARCH-R2,8601,大和証券グループ本社,1863.0,4.721753794266448,3.9330543933054463,3.738490195940086,3.111612924650476,1.1936017815334738,-1.245693082427779,29,True,True,False,False,False,False,False,C,False,,,,,NONE,安値切り上げ / 5日線上向き / 出来高1.2倍 / 勢い改善,
2026-08-28,7.1-EARLY-RESEARCH-R2,7453,良品計画,4375.0,3.2570214774604755,3.5748106060605966,2.3633188259453264,1.146714754704781,0.794790616288036,-40.58128480239033,250,True,True,True,True,False,False,False,A,False,,,,,NONE,長期調整後 / 安値切り上げ / 5日線上向き / 勢い改善 / 25日線付近,
2026-08-28,7.1-EARLY-RESEARCH-R2,6981,村田製作所,7397.0,4.315329290650127,15.289900249376554,0.4928542283059887,-0.212606370636581,0.969823169828214,-42.6366808840636,47,False,True,True,False,False,False,False,C,False,,,,,NONE,5日線上向き / 勢い改善 / 25日線付近,
2026-08-28,7.1-EARLY-RESEARCH-R2,7270,ＳＵＢＡＲＵ,2639.0,-0.6213519111278432,-6.517888770811197,1.008120281574956,0.7913592129183966,0.8290725308861588,-27.539813289401422,170,True,False,True,True,False,False,False,C,False,,,,,NONE,長期調整後 / 安値切り上げ / 勢い改善 / 25日線付近,
2026-08-28,7.1-EARLY-RESEARCH-R2,5714,ＤＯＷＡホールディングス,10395.0,2.717391304347827,30.10012515644556,-4.807639984763562,12.990604225272516,0.6115783207924419,-16.033925686591278,73,True,True,True,True,False,False,False,C,False,,,,,NONE,長期調整後 / 安値切り上げ / 5日線上向き,
2026-08-28,7.1-EARLY-RESEARCH-R2,5020,ＥＮＥＯＳホールディングス,1324.0,-0.5259203606311047,1.5337423312883347,-0.9093559434531884,1.2665973199534886,0.706647127654877,-14.718196457326894,122,True,True,True,False,True,False,False,C,False,,,,,NONE,高値持ち合い後 / 安値切り上げ / 5日線上向き / 25日線付近,
2026-08-28,7.1-EARLY-RESEARCH-R2,7202,いすゞ自動車,2227.5,-0.0448732331164491,-9.45121951219512,2.317931644932331,-2.4848309737070307,0.8883204724341862,-23.950153636053265,133,True,False,True,True,False,False,False,C,False,,,,,NONE,長期調整後 / 安値切り上げ / 勢い改善 / 25日線付近,
2026-08-28,7.1-EARLY-RESEARCH-R2,4578,大塚ホールディングス,12170.0,-0.2050020500204974,7.651481645289704,-2.117872461342923,1.7473455396705972,0.887190907979234,-4.884720593982028,13,True,False,True,False,False,False,False,E,False,,,,,NONE,安値切り上げ / 25日線付近,
2026-08-28,7.1-EARLY-RESEARCH-R2,5108,ブリヂストン,4113.0,-0.0971581248481956,1.5555555555555545,-0.4860470137370842,1.4673666344312997,0.6833228079387493,-44.79194630872483,179,True,True,True,True,False,False,False,C,False,,,,,NONE,長期調整後 / 安値切り上げ / 5日線上向き / 25日線付近,
2026-08-28,7.1-EARLY-RESEARCH-R2,9009,京成電鉄,1355.5,0.0738279808047304,4.309349749903801,-1.00350945667122,4.35110625259818,0.894249292050042,-6.581667815299797,235,True,True,True,False,True,False,False,C,False,,,,,NONE,高値持ち合い後 / 安値切り上げ / 5日線上向き,
2026-08-28,7.1-EARLY-RESEARCH-R2,8354,ふくおかフィナンシャルグループ,7846.0,3.728186144896872,7.156514613493581,1.939057491523477,3.595610060102872,0.7749134679960737,-0.934343434343432,8,True,True,True,False,False,False,False,C,False,,,,,NONE,安値切り上げ / 5日線上向き / 勢い改善,
2026-08-28,7.1-EARLY-RESEARCH-R2,6326,クボタ,2826.5,4.221976401179939,1.1994271392767653,3.922119616360748,3.375002743012634,0.657812431215531,-13.509791921664627,132,True,True,False,False,True,False,False,C,False,,,,,NONE,高値持ち合い後 / 安値切り上げ / 5日線上向き / 勢い改善,
2026-08-28,7.1-EARLY-RESEARCH-R2,5802,住友電気工業,2180.0,0.0688547165480946,3.342024176345104,-0.7666513275381814,-2.5201666994580485,0.7118271315416439,-85.31986531986531,60,False,True,True,True,False,False,False,C,False,,,,,NONE,長期調整後 / 5日線上向き / 25日線付近,
2026-08-28,7.1-EARLY-RESEARCH-R2,6361,荏原製作所,4688.0,-4.734809997967893,-5.350292751867558,-3.397236810001003,-12.500093323279303,1.220146878619038,-31.95936139332366,48,False,False,True,False,False,False,False,E,False,,,,,NONE,出来高1.2倍,
2026-08-28,7.1-EARLY-RESEARCH-R2,2801,キッコーマン,1811.0,-1.4421768707483018,5.321314335562666,-2.772505454638968,3.834598536797929,0.8628562870755586,-3.025435073627847,5,True,False,True,False,False,False,False,E,False,,,,,NONE,安値切り上げ,
2026-08-28,7.1-EARLY-RESEARCH-R2,7532,パン・パシフィック・インターナショナルホールディングス,809.5,-1.063309704228799,-14.011047376248143,2.439452139833237,-8.09073981561379,1.4364923608127305,-85.79076707038793,250,False,False,False,True,False,False,False,E,False,,,,,NONE,長期調整後 / 出来高1.4倍 / 勢い改善,
2026-08-28,7.1-EARLY-RESEARCH-R2,7741,ＨＯＹＡ,24405.0,-1.9682667202249424,2.36996644295302,-2.5607583309631976,-3.2898490996703056,1.4010019471036832,-19.720394736842103,91,False,False,True,True,False,False,False,E,False,,,,,NONE,長期調整後 / 出来高1.4倍,
2026-08-28,7.1-EARLY-RESEARCH-R2,7733,オリンパス,2149.0,-0.8992391053723736,15.693135935397027,-4.822523089221631,7.700943197650534,1.0737021973818557,-2.7821759782854505,6,True,False,True,False,False,False,False,E,False,,,,,NONE,安値切り上げ,
2026-08-28,7.1-EARLY-RESEARCH-R2,6113,アマダ,2578.0,-0.9414024975984648,-1.621827895439798,-0.5359455237385152,-5.209436404282853,0.6986517555312312,-20.03722084367245,73,False,False,True,True,False,False,False,E,False,,,,,NONE,長期調整後,
2026-08-28,7.1-EARLY-RESEARCH-R2,7911,ＴＯＰＰＡＮホールディングス,5019.0,-2.030060511419085,15.512082853855013,-5.908081224882839,3.1815864348798684,0.7029199149163865,-15.334008097165997,121,False,False,True,True,False,False,False,E,False,,,,,NONE,長期調整後,
2026-08-28,7.1-EARLY-RESEARCH-R2,3401,帝人,1726.0,-1.540216771249292,4.353083434099148,-2.628487629774079,0.5862675851136867,0.468197564372701,-5.372807017543857,12,True,False,True,False,False,False,False,E,False,,,,,NONE,安値切り上げ / 25日線付近,
2026-08-28,7.1-EARLY-RESEARCH-R2,6723,ルネサスエレクトロニクス,3417.0,-0.4660646664724766,6.914893617021267,-2.1947880707277934,-5.366183296591309,0.9091537535155668,-35.333080999242995,46,False,False,True,False,False,False,False,E,False,,,,,NONE,,
2026-08-28,7.1-EARLY-RESEARCH-R2,6473,ジェイテクト,2035.0,-2.0457280385078214,-3.141361256544506,-1.2603877243716948,-3.279467680608361,0.7285741675720585,-10.134687568999778,19,False,False,True,False,False,False,False,E,False,,,,,NONE,,
2026-08-28,7.1-EARLY-RESEARCH-R2,6920,レーザーテック,34640.0,-1.3667425968109326,3.0339083878643702,-2.125219693777025,-9.372514546443975,0.5226693447405721,-40.86719016729259,48,False,False,True,False,False,False,False,E,False,,,,,NONE,,
2026-08-28,7.1-EARLY-RESEARCH-R2,4043,トクヤマ,4009.0,-0.7427581084426871,5.472244146277294,-2.11081914501201,-1.6833266301095715,0.5637286722652326,-30.49583911234397,59,True,False,True,False,False,False,False,E,False,,,,,NONE,安値切り上げ / 25日線付近,
2026-08-28,7.1-EARLY-RESEARCH-R2,6902,デンソー,1915.5,-1.6936104695919885,-12.832764505119451,1.5145806566878748,-2.3660495840809093,0.898036339892574,-19.27939317319848,200,True,False,True,True,False,False,False,C,False,,,,,NONE,長期調整後 / 安値切り上げ / 勢い改善 / 25日線付近,
2026-08-28,7.1-EARLY-RESEARCH-R2,4061,デンカ,3338.0,-1.242603550295862,2.424056459036517,-1.848617665054992,-4.200484450516029,0.8012749322553419,-28.85763000852515,48,True,False,True,False,False,False,False,E,False,,,,,NONE,安値切り上げ,
2026-08-28,7.1-EARLY-RESEARCH-R2,3402,東レ,1288.5,-0.7701193685021201,11.51016875811337,-3.647661558030463,2.364269030935695,0.6625763619257119,-7.634408602150533,13,False,False,True,False,False,False,False,E,False,,,,,NONE,25日線付近,
2026-08-28,7.1-EARLY-RESEARCH-R2,9107,川崎汽船,3382.0,-0.6754772393538944,18.189760615062035,-5.222917393119403,11.809045226130642,0.6939732413981294,-5.820105820105825,3,True,True,False,False,False,False,False,E,False,,,,,NONE,安値切り上げ / 5日線上向き,
2026-08-28,7.1-EARLY-RESEARCH-R2,9005,東急,1646.5,-1.7894422904861318,-9.308730377306528,0.5377403038405002,-2.6753203764127265,0.7597274005015768,-18.12531079065141,122,True,False,True,True,False,False,False,C,False,,,,,NONE,長期調整後 / 安値切り上げ / 勢い改善 / 25日線付近,
2026-08-28,7.1-EARLY-RESEARCH-R2,5301,東海カーボン,1681.5,-0.2077151335311611,10.045811518324598,-2.7191680131123106,0.2300851195727205,0.7119142964712325,-13.458569222851258,15,False,False,True,False,False,False,False,E,False,,,,,NONE,25日線付近,
2026-08-28,7.1-EARLY-RESEARCH-R2,5101,横浜ゴム,7301.0,-2.575393648251933,-5.107876267221212,-1.2984245814466306,-3.36712814675596,0.696160239903517,-11.940658545410688,12,True,False,True,False,False,False,False,E,False,,,,,NONE,安値切り上げ,
2026-08-28,7.1-EARLY-RESEARCH-R2,9104,商船三井,7096.0,-2.500687001923607,19.602224844092376,-7.401243212946701,10.174702050094076,0.6847681365260117,-5.5000665867625536,3,True,False,True,False,False,False,False,E,False,,,,,NONE,安値切り上げ,
2026-08-28,7.1-EARLY-RESEARCH-R2,9984,ソフトバンクグループ,5161.0,-1.788772597526167,11.66161834703592,-4.704177184285147,-3.6148628458734335,0.7422438784164732,-81.36486730456761,202,False,False,True,True,False,False,False,E,False,,,,,NONE,長期調整後,
2026-08-28,7.1-EARLY-RESEARCH-R2,4507,塩野義製薬,2912.5,-0.2226789996574218,-4.225583689575796,0.8337169227365271,1.1628957075671575,0.5780926852490168,-22.49866950505588,96,True,False,True,True,False,False,False,C,False,,,,,NONE,長期調整後 / 安値切り上げ / 勢い改善 / 25日線付近,
2026-08-28,7.1-EARLY-RESEARCH-R2,6976,太陽誘電,9244.0,-0.602150537634405,5.972715808781381,-2.0953294898297505,-7.366210111553373,1.3214906179627464,-61.58736754622896,40,False,False,True,False,False,False,False,E,False,,,,,NONE,出来高1.3倍,
2026-08-28,7.1-EARLY-RESEARCH-R2,4063,信越化学工業,6001.0,-0.8263097008758935,4.25642807505211,-1.890416719638921,-1.7106056238370917,0.8434656278216556,-24.325346784363177,62,False,False,True,True,False,False,False,E,False,,,,,NONE,長期調整後 / 25日線付近,
2026-08-28,7.1-EARLY-RESEARCH-R2,2914,日本たばこ産業,6948.0,-0.4584527220630408,4.246061515378852,-1.5199681009077537,0.4504947345897792,0.7470959522256541,-3.740648379052369,19,True,True,True,False,False,False,False,D,False,,,,,NONE,安値切り上げ / 5日線上向き / 25日線付近,
2026-08-28,7.1-EARLY-RESEARCH-R2,4543,テルモ,2539.0,-1.1677695601401306,5.112813082177592,-2.4459728306845285,3.0814826844220766,0.7778509812279258,-9.756531011196024,251,True,False,True,False,True,False,False,E,False,,,,,NONE,高値持ち合い後 / 安値切り上げ,
2026-08-28,7.1-EARLY-RESEARCH-R2,6506,安川電機,4811.0,-3.374171520385616,5.875880281690149,-4.843141590808154,-5.298258322572513,1.1374535055333588,-39.21667719519899,47,False,False,True,False,False,False,False,E,False,,,,,NONE,出来高1.1倍,
2026-08-28,7.1-EARLY-RESEARCH-R2,4004,レゾナック・ホールディングス,16175.0,0.7160647571606393,33.4020618556701,-7.634450706756885,4.97520832792504,0.5288738472637063,-21.07831178336179,74,False,True,True,True,False,False,False,D,False,,,,,NONE,長期調整後 / 5日線上向き,
2026-08-28,7.1-EARLY-RESEARCH-R2,8750,第一ライフグループ,1843.0,3.047246295778594,-2.8977871443624847,3.771693081869216,-1.1976368919339064,1.003062124384352,-5.921388463501787,23,True,True,True,False,True,False,False,A,False,,,,,NONE,高値持ち合い後 / 安値切り上げ / 5日線上向き / 勢い改善 / 25日線付近,
2026-08-28,7.1-EARLY-RESEARCH-R2,4911,資生堂,3766.0,1.893939393939404,12.083333333333336,-1.1268939393939306,8.45399776526017,0.6105099498604459,-1.43941376602984,1,True,True,True,False,False,False,False,D,False,,,,,NONE,安値切り上げ / 5日線上向き,
2026-08-28,7.1-EARLY-RESEARCH-R2,5801,古河電気工業,3903.0,2.2262964903090543,40.52205220522052,-7.904216560996075,5.145474137931028,0.6565291294422484,-93.74619452010896,65,False,True,True,True,False,False,False,D,False,,,,,NONE,長期調整後 / 5日線上向き,
2026-08-28,7.1-EARLY-RESEARCH-R2,2269,明治ホールディングス,4471.0,2.757986669731105,13.247213779128677,-0.5538167750510636,8.953114338629486,0.5969409509509874,-1.8656716417910448,2,True,True,True,False,False,False,False,D,False,,,,,NONE,安値切り上げ / 5日線上向き,
2026-08-28,7.1-EARLY-RESEARCH-R2,7832,バンダイナムコホールディングス,5687.0,3.701677607585707,20.004220299641283,-1.2993774673246137,11.54829902083856,0.6842638447617764,-0.9751001218875176,0,True,True,True,False,False,False,False,D,False,,,,,NONE,安値切り上げ / 5日線上向き,
2026-08-28,7.1-EARLY-RESEARCH-R2,7762,シチズン時計,2740.0,8.343218663503361,34.577603143418465,-0.3011821223512552,10.875511888768408,0.6018116180168601,-6.164383561643838,9,True,True,True,False,False,False,False,D,False,,,,,NONE,安値切り上げ / 5日線上向き,
2026-08-28,7.1-EARLY-RESEARCH-R2,285A,キオクシアホールディングス,47900.0,-11.818851251840943,21.26582278481013,-17.13530694804348,-5.240834671963146,0.7907242500713911,-57.4977817213842,47,False,False,True,False,False,False,False,E,False,,,,,NONE,,
2026-08-28,7.1-EARLY-RESEARCH-R2,1605,ＩＮＰＥＸ,3876.0,-1.9726858877086475,6.835722160970237,-3.681616427951208,4.50932387105123,0.6998326316709275,-21.775983854692228,103,True,False,True,True,False,False,False,E,False,,,,,NONE,長期調整後 / 安値切り上げ,
2026-08-28,7.1-EARLY-RESEARCH-R2,6857,アドバンテスト,35270.0,-1.7548746518105895,26.2573832110256,-8.319220454566988,6.773955268160958,1.0906001957774467,-8.933643170668738,10,False,False,True,False,False,False,False,E,False,,,,,NONE,,
2026-08-28,7.1-EARLY-RESEARCH-R2,7201,日産自動車,321.0,-4.46428571428571,-9.577464788732392,-2.069919517102612,-3.354007346299748,1.1837576753917878,-31.11587982832617,130,False,False,True,True,False,False,False,E,False,,,,,NONE,長期調整後 / 出来高1.2倍,
2026-08-28,7.1-EARLY-RESEARCH-R2,1928,積水ハウス,3428.0,-1.238836070296745,-4.432673543350985,-0.1306676844589986,-1.0940818022343255,1.0315071945993928,-10.542797494780798,124,True,False,True,False,True,False,False,D,False,,,,,NONE,高値持ち合い後 / 安値切り上げ / 25日線付近,
2026-08-28,7.1-EARLY-RESEARCH-R2,5803,フジクラ,5340.0,1.1363636363636465,43.5483870967742,-9.750733137829904,6.28811643126701,0.6033481633082622,-82.08654813820866,121,False,True,True,True,False,False,False,D,False,,,,,NONE,長期調整後 / 5日線上向き,
2026-08-28,7.1-EARLY-RESEARCH-R2,6471,日本精工,1100.5,-1.5212527964205802,-2.610619469026554,-0.8685979291639417,-3.4022084510998307,0.6905212571830124,-22.198656769176385,121,True,False,True,True,False,False,False,E,False,,,,,NONE,長期調整後 / 安値切り上げ,
2026-08-28,7.1-EARLY-RESEARCH-R2,9983,ファーストリテイリング,71260.0,-3.0608080533260806,-9.222929936305736,-0.7550755692496467,-6.829699438833958,0.9675904180366368,-19.65272296764009,35,False,False,False,False,False,False,False,E,False,,,,,NONE,,
2026-08-28,7.1-EARLY-RESEARCH-R2,6103,オークマ,4805.0,-2.634245187436679,-0.3112033195020736,-2.5564443575611606,-5.817554588576579,0.597749938185115,-15.849387040280206,13,False,False,True,False,False,False,False,E,False,,,,,NONE,,
2026-08-28,7.1-EARLY-RESEARCH-R2,6645,オムロン,6633.0,5.4195804195804165,28.322692977365072,-1.6610928247608516,6.637814061465064,1.0792526957681825,-8.4472049689441,8,True,True,True,False,False,False,False,D,False,,,,,NONE,安値切り上げ / 5日線上向き,
2026-08-28,7.1-EARLY-RESEARCH-R2,4208,ＵＢＥ,3570.0,0.0560538116591846,12.796208530805696,-3.1429983210422394,4.211669371694127,0.5758455479313005,-3.851333153783998,11,True,True,True,False,False,False,False,D,False,,,,,NONE,安値切り上げ / 5日線上向き,
2026-08-28,7.1-EARLY-RESEARCH-R2,9101,日本郵船,7115.0,0.197155330235188,16.620226192427467,-3.957901217871679,10.86008102212528,0.7627495308436035,-3.916272788656317,3,True,True,True,False,False,False,False,D,False,,,,,NONE,安値切り上げ / 5日線上向き,
2026-08-28,7.1-EARLY-RESEARCH-R2,9503,関西電力,2612.5,0.0957854406130165,6.610895735564171,-1.556938493278026,6.432820011407148,0.8032955115272935,-7.554847841472045,123,True,True,False,False,True,False,False,D,False,,,,,NONE,高値持ち合い後 / 安値切り上げ / 5日線上向き,
2026-08-28,7.1-EARLY-RESEARCH-R2,4631,ＤＩＣ,4953.0,-4.566473988439301,15.159265287142532,-8.356290310224935,0.2720890119767727,0.8196284842402769,-15.707964601769907,11,False,False,True,False,False,False,False,E,False,,,,,NONE,25日線付近,
2026-08-28,7.1-EARLY-RESEARCH-R2,6503,三菱電機,5648.0,0.8211353088182882,6.205340353516364,-0.7301997795608028,-1.0823496444709146,0.9999287138823912,-15.524977565061327,65,False,False,True,True,False,False,False,D,False,,,,,NONE,長期調整後 / 25日線付近,
2026-08-28,7.1-EARLY-RESEARCH-R2,7012,川崎重工業,2623.0,0.7489917418859182,-2.254518352897339,1.312621330110253,-3.927859821847157,0.7019221714515768,-86.07010090281466,121,False,False,True,True,False,False,False,D,False,,,,,NONE,長期調整後 / 勢い改善,
2026-08-28,7.1-EARLY-RESEARCH-R2,5333,ＮＧＫ,5285.0,-3.2936870997255285,0.7626310772163913,-3.484344869029626,-6.2870152990658905,0.7010441704537713,-33.05041803901697,44,False,False,True,False,False,False,False,E,False,,,,,NONE,,
2026-08-28,7.1-EARLY-RESEARCH-R2,3407,旭化成,1615.5,-1.5839171489491322,-10.745856353591163,1.1025469394486591,-4.747585523755616,1.0497622161068498,-15.241343126967466,37,True,False,True,False,False,False,False,E,False,,,,,NONE,安値切り上げ / 勢い改善,
2026-08-28,7.1-EARLY-RESEARCH-R2,9432,ＮＴＴ,168.6,1.5051173991571298,6.037735849056602,-0.0043165631070207,5.559729526671675,0.7501968438197083,-0.8235294117647118,2,True,True,True,False,False,False,False,D,False,,,,,NONE,安値切り上げ / 5日線上向き,
2026-08-28,7.1-EARLY-RESEARCH-R2,7267,本田技研工業,1702.5,-2.880775812892189,1.9461077844311392,-3.3673027589999736,2.529358626919609,0.8813434998119132,-3.404255319148941,5,False,False,True,False,False,False,False,E,False,,,,,NONE,25日線付近,
2026-08-28,7.1-EARLY-RESEARCH-R2,7912,大日本印刷,3093.0,-4.0930232558139545,5.27569775357386,-5.41194769420742,-0.8316928187140471,0.9054440488660898,-8.055885850178356,10,False,False,True,False,False,False,False,E,False,,,,,NONE,25日線付近,
2026-08-28,7.1-EARLY-RESEARCH-R2,2002,日清製粉グループ本社,2038.0,-1.4506769825918808,-3.572273480009458,-0.5576086125895163,0.3041608016458141,0.8082051494243362,-7.30043211280419,95,True,False,True,False,True,False,False,D,False,,,,,NONE,高値持ち合い後 / 安値切り上げ / 25日線付近,
2026-08-28,7.1-EARLY-RESEARCH-R2,9020,東日本旅客鉄道,3578.0,1.102006216445317,-6.335078534031413,2.6857758499531705,0.6107505595734919,0.6186508424548026,-15.0320588933745,154,True,True,True,True,False,False,False,A,False,,,,,NONE,長期調整後 / 安値切り上げ / 5日線上向き / 勢い改善 / 25日線付近,
2026-08-28,7.1-EARLY-RESEARCH-R2,9434,ソフトバンク,237.7,1.6680923866552622,2.456896551724141,1.0538682487242268,2.6267615363360086,0.7260603810744839,-4.114562323517557,250,True,True,True,False,True,False,False,A,False,,,,,NONE,高値持ち合い後 / 安値切り上げ / 5日線上向き / 勢い改善 / 25日線付近,
2026-08-28,7.1-EARLY-RESEARCH-R2,8830,住友不動産,3396.0,1.7070979335130243,-8.290575209289763,3.779741735835465,-2.4597603428269443,0.6959923399196261,-58.585365853658544,167,True,True,True,True,False,False,False,A,False,,,,,NONE,長期調整後 / 安値切り上げ / 5日線上向き / 勢い改善 / 25日線付近,
2026-08-28,7.1-EARLY-RESEARCH-R2,5232,住友大阪セメント,5627.0,1.7356716687759954,3.8000368935620754,0.7856624453854766,-0.6321960867415433,0.4831635849688916,-13.656590455731166,49,True,True,True,False,True,False,False,A,False,,,,,NONE,高値持ち合い後 / 安値切り上げ / 5日線上向き / 勢い改善 / 25日線付近,
2026-08-28,7.1-EARLY-RESEARCH-R2,7951,ヤマハ,1332.0,1.7570664629488195,5.005912495072917,0.5055883391805904,1.9642665768482948,1.269643302569219,-6.983240223463683,12,True,True,True,False,False,False,False,A,False,,,,,NONE,安値切り上げ / 5日線上向き / 出来高1.3倍 / 勢い改善 / 25日線付近,
2026-08-28,7.1-EARLY-RESEARCH-R2,8253,クレディセゾン,4742.0,1.8252093622503685,3.5371179039301204,0.9409298862678384,1.7055301041505988,0.9077228211796846,-4.008097165991897,131,True,True,True,False,True,False,False,A,False,,,,,NONE,高値持ち合い後 / 安値切り上げ / 5日線上向き / 勢い改善 / 25日線付近,
2026-08-28,7.1-EARLY-RESEARCH-R2,1963,日揮ホールディングス,2276.0,1.925660546350194,2.1773288439955074,1.3813283353513173,-0.4217637073204772,0.7548351734398246,-22.25448334756618,67,True,True,True,True,False,False,False,A,False,,,,,NONE,長期調整後 / 安値切り上げ / 5日線上向き / 勢い改善 / 25日線付近,
2026-08-28,7.1-EARLY-RESEARCH-R2,9201,日本航空,3062.0,1.9986675549633623,2.803424542554977,1.2978114193246182,1.9355096442577269,0.6855468565099261,-6.418092909535456,123,True,True,True,False,True,False,False,A,False,,,,,NONE,高値持ち合い後 / 安値切り上げ / 5日線上向き / 勢い改善 / 25日線付近,
2026-08-28,7.1-EARLY-RESEARCH-R2,7751,キヤノン,4686.0,2.024820378837356,2.898550724637672,1.3001826976779374,2.6227267949122224,0.8164473574490085,-6.89449632425988,135,True,True,True,False,True,False,False,A,False,,,,,NONE,高値持ち合い後 / 安値切り上げ / 5日線上向き / 勢い改善 / 25日線付近,
2026-08-28,7.1-EARLY-RESEARCH-R2,2432,ディー・エヌ・エー,2550.0,2.1430002002803983,1.6949152542372836,1.7192713867210774,2.46148653535525,1.037960853286432,-11.611785095320624,194,True,True,True,False,True,False,False,A,False,,,,,NONE,高値持ち合い後 / 安値切り上げ / 5日線上向き / 勢い改善 / 25日線付近,
2026-08-28,7.1-EARLY-RESEARCH-R2,5706,三井金属,29000.0,2.800425381070548,7.030817494002584,1.0427210075699025,-2.36413464322508,0.4663543499125857,-49.74003466204506,65,True,True,True,True,False,False,False,A,False,,,,,NONE,長期調整後 / 安値切り上げ / 5日線上向き / 勢い改善 / 25日線付近,
2026-08-28,7.1-EARLY-RESEARCH-R2,6770,アルプスアルパイン,2239.0,2.0743104627307885,-0.1560758082497226,2.113329414793219,2.7752531511930023,0.8060854361838157,-6.533082863702777,124,True,True,True,False,True,False,False,A,False,,,,,NONE,高値持ち合い後 / 安値切り上げ / 5日線上向き / 勢い改善 / 25日線付近,
2026-08-28,7.1-EARLY-RESEARCH-R2,7186,横浜フィナンシャルグループ,1933.0,2.6826029216467484,4.826464208242953,1.47598686958601,2.467054695037274,0.9984731635326456,-3.132047105988478,23,True,True,True,False,True,False,False,A,False,,,,,NONE,高値持ち合い後 / 安値切り上げ / 5日線上向き / 勢い改善 / 25日線付近,
2026-08-28,7.1-EARLY-RESEARCH-R2,1808,長谷工コーポレーション,2880.5,0.8401890425345782,1.67666784327567,0.4210220817156607,2.986814255477377,0.7296122167626993,-18.42254318889833,133,True,True,True,True,False,False,False,A,False,,,,,NONE,長期調整後 / 安値切り上げ / 5日線上向き / 勢い改善 / 25日線付近,
2026-08-28,7.1-EARLY-RESEARCH-R2,1801,大成建設,12690.0,2.711452853095908,-2.758620689655178,3.4011080255097026,-1.9441181924955253,0.8545235443964794,-38.63636363636363,121,True,True,True,True,False,False,False,A,False,,,,,NONE,長期調整後 / 安値切り上げ / 5日線上向き / 勢い改善 / 25日線付近,
2026-08-28,7.1-EARLY-RESEARCH-R2,3086,Ｊ．フロント　リテイリング,3047.0,0.7939133311280155,1.7532142260811456,0.3556097746077291,2.03876602413835,1.8886747323688549,-15.758916228918997,41,True,True,True,False,False,False,False,A,False,,,,,NONE,安値切り上げ / 5日線上向き / 出来高1.9倍 / 勢い改善 / 25日線付近,
2026-08-28,7.1-EARLY-RESEARCH-R2,9532,大阪瓦斯,5657.0,1.909565843992067,2.500452980612433,1.2844525988389588,2.842578318159328,0.7991563302819794,-17.14997070884593,119,True,True,True,True,False,False,False,A,False,,,,,NONE,長期調整後 / 安値切り上げ / 5日線上向き / 勢い改善 / 25日線付近,
2026-08-28,7.1-EARLY-RESEARCH-R2,9008,京王電鉄,786.2,0.1018589253883428,-5.459355459355453,1.466697790227206,0.6055270337365082,0.8154750722695296,-81.43565525383707,128,True,True,True,True,False,False,False,A,False,,,,,NONE,長期調整後 / 安値切り上げ / 5日線上向き / 勢い改善 / 25日線付近,
2026-08-28,7.1-EARLY-RESEARCH-R2,8804,東京建物,3446.0,1.0260920551158126,-1.4020028612303337,1.376592770423396,1.5788046361910668,0.6608967300847566,-21.216278006401467,123,True,True,True,True,False,False,False,A,False,,,,,NONE,長期調整後 / 安値切り上げ / 5日線上向き / 勢い改善 / 25日線付近,
2026-08-28,7.1-EARLY-RESEARCH-R2,8801,三井不動産,1540.0,2.8037383177569986,-4.407200496585972,3.905538441903492,1.980001324415604,0.8665998505563334,-28.63762743280816,133,True,True,True,True,False,False,False,A,False,,,,,NONE,長期調整後 / 安値切り上げ / 5日線上向き / 勢い改善 / 25日線付近,
2026-08-28,7.1-EARLY-RESEARCH-R2,8795,Ｔ＆Ｄホールディングス,4859.0,1.334723670490101,-3.207171314741031,2.1365164991753587,-1.3913579946261525,2.330992432213166,-6.124420401854714,23,False,True,True,False,True,False,False,A,False,,,,,NONE,高値持ち合い後 / 5日線上向き / 出来高2.3倍 / 勢い改善 / 25日線付近,
2026-08-28,7.1-EARLY-RESEARCH-R2,8331,千葉銀行,2814.5,2.215362266206644,7.9179447852760765,0.235876069887625,3.028062289056943,1.4863716665264577,-2.696629213483148,8,True,True,True,False,False,False,False,B,False,,,,,NONE,安値切り上げ / 5日線上向き / 出来高1.5倍 / 勢い改善,
2026-08-28,7.1-EARLY-RESEARCH-R2,2501,サッポロビール,1932.0,0.8087659796504054,-7.115384615384612,2.5876121334965587,-2.291002882718862,0.7273352754314825,-76.65820949619427,182,True,True,True,True,False,False,False,A,False,,,,,NONE,長期調整後 / 安値切り上げ / 5日線上向き / 勢い改善 / 25日線付近,
2026-08-28,7.1-EARLY-RESEARCH-R2,5401,日本製鉄,677.0,2.6690931149529806,2.575757575757587,2.025153721013584,1.361265323966765,0.5906721867905708,-80.3768115942029,236,True,True,True,True,False,False,False,A,False,,,,,NONE,長期調整後 / 安値切り上げ / 5日線上向き / 勢い改善 / 25日線付近,
2026-08-28,7.1-EARLY-RESEARCH-R2,8031,三井物産,4979.0,1.632986323739538,1.199186991869916,1.333189575772059,2.0169816578425426,0.9933228458418334,-25.408239700374537,96,True,True,True,True,False,False,False,A,False,,,,,NONE,長期調整後 / 安値切り上げ / 5日線上向き / 勢い改善 / 25日線付近,
2026-08-28,7.1-EARLY-RESEARCH-R2,5406,神戸製鋼所,2027.5,0.1481847369720901,-2.076793045158176,0.6673829982616342,0.191735602534071,0.7471719759466042,-14.793023744484136,136,True,True,True,False,True,False,False,A,False,,,,,NONE,高値持ち合い後 / 安値切り上げ / 5日線上向き / 勢い改善 / 25日線付近,
2026-08-28,7.1-EARLY-RESEARCH-R2,7011,三菱重工業,4025.0,2.365208545269581,7.7355460385438946,0.4313220356336078,0.5696866723302163,0.8073483507962702,-22.715053763440864,122,True,True,True,True,False,False,False,A,False,,,,,NONE,長期調整後 / 安値切り上げ / 5日線上向き / 勢い改善 / 25日線付近,
2026-08-28,7.1-EARLY-RESEARCH-R2,4755,楽天グループ,792.0,1.434426229508201,-5.455413632565365,2.798279637649542,-1.4435042309606794,0.8121774833605842,-25.87739822180627,194,True,True,True,True,False,False,False,A,False,,,,,NONE,長期調整後 / 安値切り上げ / 5日線上向き / 勢い改善 / 25日線付近,
2026-08-28,7.1-EARLY-RESEARCH-R2,6178,日本郵政,2432.5,4.130993150684925,0.5580818520049657,3.991472687683684,1.7484418789476042,1.2662233525928002,-4.2134278401260055,23,True,True,True,False,True,True,True,A,False,,,,,B_EARLY_CONFIRMED,高値持ち合い後 / 安値切り上げ / 5日線上向き / 出来高1.3倍 / 勢い改善 / 25日線付近,
2026-08-28,7.1-EARLY-RESEARCH-R2,1803,清水建設,2381.0,1.9045580997218088,2.7400215749730394,1.2195527059785494,-0.443217929419637,1.606006739518259,-34.190160309563296,121,True,True,True,True,False,True,False,A,False,,,,,A_EARLY,長期調整後 / 安値切り上げ / 5日線上向き / 出来高1.6倍 / 勢い改善 / 25日線付近,
2026-08-28,7.1-EARLY-RESEARCH-R2,6701,日本電気,4908.0,5.4123711340206215,-1.8792483006797256,5.882183209190553,3.82116022473431,1.1099623013663766,-20.76202776880852,185,True,True,True,True,False,True,True,A,False,,,,,B_EARLY_CONFIRMED,長期調整後 / 安値切り上げ / 5日線上向き / 出来高1.1倍 / 勢い改善,
2026-08-28,7.1-EARLY-RESEARCH-R2,8591,オリックス,6218.0,1.684382665576445,-1.5360253365003906,2.0683889997015426,-1.8970565961528685,1.4788437752905068,-6.916167664670658,22,True,True,True,False,True,True,False,A,False,,,,,A_EARLY,高値持ち合い後 / 安値切り上げ / 5日線上向き / 出来高1.5倍 / 勢い改善 / 25日線付近,
2026-08-28,7.1-EARLY-RESEARCH-R2,6758,ソニーグループ,3928.0,3.778071334213995,3.12417957469151,2.9970264405411173,5.21240692130498,1.1714281260267796,-17.755443886097154,192,True,True,True,True,False,False,False,A,False,,,,,NONE,長期調整後 / 安値切り上げ / 5日線上向き / 出来高1.2倍 / 勢い改善,
2026-08-28,7.1-EARLY-RESEARCH-R2,9735,セコム,6437.0,0.3742398253547385,-8.914673836139809,2.6029082843896907,-2.71379689748148,0.89230781539397,-10.89424141749723,21,True,True,True,False,True,False,False,A,False,,,,,NONE,高値持ち合い後 / 安値切り上げ / 5日線上向き / 勢い改善 / 25日線付近,
2026-08-28,7.1-EARLY-RESEARCH-R2,8316,三井住友フィナンシャルグループ,6902.0,4.480775052982144,3.5403540354035368,3.59568654413126,1.7159969110876585,1.242472945462338,-4.931129476584017,23,True,True,True,False,True,True,True,A,False,,,,,B_EARLY_CONFIRMED,高値持ち合い後 / 安値切り上げ / 5日線上向き / 出来高1.2倍 / 勢い改善 / 25日線付近,
2026-08-28,7.1-EARLY-RESEARCH-R2,6752,パナソニック　ホールディングス,4414.0,2.579595630955156,23.15848214285714,-3.2100249047591287,3.135660544885277,0.8299910867021316,-11.401043757527097,10,False,True,True,False,False,False,False,E,False,,,,,NONE,5日線上向き,
2026-08-28,7.1-EARLY-RESEARCH-R2,9301,三菱倉庫,1521.0,0.6951340615690249,-5.085803432137281,1.9665849196033447,-0.8577984043385389,0.8307903447162348,-7.901907356948223,23,True,True,True,False,True,False,False,A,False,,,,,NONE,高値持ち合い後 / 安値切り上げ / 5日線上向き / 勢い改善 / 25日線付近,
2026-08-28,7.1-EARLY-RESEARCH-R2,4151,協和キリン,2663.5,3.3766737822627624,0.5094339622641497,3.2493152916967247,3.128508924768658,1.143731105027066,-8.533653846153843,123,True,True,True,False,True,True,True,A,False,,,,,B_EARLY_CONFIRMED,高値持ち合い後 / 安値切り上げ / 5日線上向き / 出来高1.1倍 / 勢い改善,
2026-08-28,7.1-EARLY-RESEARCH-R2,9064,ヤマトホールディングス,1949.5,0.9319181982914816,-8.859280037400652,3.1467382076416444,-1.474720520751216,1.412584139744243,-24.08489096573209,238,True,True,True,True,False,True,False,A,False,,,,,A_EARLY,長期調整後 / 安値切り上げ / 5日線上向き / 出来高1.4倍 / 勢い改善 / 25日線付近,
2026-08-28,7.1-EARLY-RESEARCH-R2,3092,ＺＯＺＯ,1148.0,1.3239187996469504,-3.973232956921791,2.317227038877398,0.2129962638360405,0.7238432868067673,-24.770642201834857,251,True,True,True,True,False,False,False,A,False,,,,,NONE,長期調整後 / 安値切り上げ / 5日線上向き / 勢い改善 / 25日線付近,
2026-08-28,7.1-EARLY-RESEARCH-R2,9531,東京瓦斯,6136.0,0.7553366174055887,-2.0277822129969647,1.2622821706548295,0.7513661202185773,0.7728984714762442,-22.982301995732403,119,True,True,True,True,False,False,False,A,False,,,,,NONE,長期調整後 / 安値切り上げ / 5日線上向き / 勢い改善 / 25日線付近,
2026-08-28,7.1-EARLY-RESEARCH-R2,1925,大和ハウス工業,4716.0,0.5758157389635254,-2.4006622516556275,1.1759813018774323,1.333929246742538,0.7616243821465163,-18.75968992248061,132,True,True,True,True,False,False,False,A,False,,,,,NONE,長期調整後 / 安値切り上げ / 5日線上向き / 勢い改善 / 25日線付近,
2026-08-28,7.1-EARLY-RESEARCH-R2,4502,武田薬品工業,5800.0,0.6245662734212454,1.4340678558936617,0.26604930944783,2.7399686820233526,0.7751814523638577,-3.8620918282778014,100,True,True,True,False,True,False,False,A,False,,,,,NONE,高値持ち合い後 / 安値切り上げ / 5日線上向き / 勢い改善 / 25日線付近,
2026-08-28,7.1-EARLY-RESEARCH-R2,5411,ＪＦＥホールディングス,1859.0,0.7315090761311316,-0.3217158176943679,0.8119380305547236,1.8998651567142089,0.8457891938166335,-21.1954217888936,133,True,True,True,True,False,False,False,A,False,,,,,NONE,長期調整後 / 安値切り上げ / 5日線上向き / 勢い改善 / 25日線付近,
2026-08-28,7.1-EARLY-RESEARCH-R2,3861,王子ホールディングス,881.5,1.707626629744996,-1.254620813263141,2.0212818330607814,0.8752054123581487,1.5803111892413126,-11.022509336832542,124,True,True,True,False,True,True,True,A,False,,,,,B_EARLY_CONFIRMED,高値持ち合い後 / 安値切り上げ / 5日線上向き / 出来高1.6倍 / 勢い改善 / 25日線付近,
2026-08-28,7.1-EARLY-RESEARCH-R2,8002,丸紅,4910.0,0.3474351113835983,-5.504234026173982,1.723493617927094,-2.204482261366991,0.6980673144897495,-22.408343868520863,133,True,True,True,True,False,False,False,A,False,,,,,NONE,長期調整後 / 安値切り上げ / 5日線上向き / 勢い改善 / 25日線付近,
2026-08-28,7.1-EARLY-RESEARCH-R2,9433,ＫＤＤＩ,2922.0,0.2229463213856863,-4.2281219272369714,1.2799768031949292,0.5851979345955272,1.9871681162059776,-6.37616148670298,20,True,True,True,False,True,True,True,A,False,,,,,B_EARLY_CONFIRMED,高値持ち合い後 / 安値切り上げ / 5日線上向き / 出来高2.0倍 / 勢い改善 / 25日線付近,
2026-08-28,7.1-EARLY-RESEARCH-R2,8766,東京海上ホールディングス,7693.0,4.709405199401107,-6.205803462570103,6.260856065043632,-0.5311556125615402,1.1507025389819256,-9.15210203117619,21,True,True,True,False,True,True,False,A,False,,,,,A_EARLY,高値持ち合い後 / 安値切り上げ / 5日線上向き / 出来高1.2倍 / 勢い改善 / 25日線付近,
2026-08-28,7.1-EARLY-RESEARCH-R2,5233,太平洋セメント,4202.0,0.3582517315500411,0.6708193579300525,0.1905468920675279,0.7094238328060776,0.7333149693058397,-15.418679549114334,134,True,True,True,True,False,False,False,A,False,,,,,NONE,長期調整後 / 安値切り上げ / 5日線上向き / 勢い改善 / 25日線付近,
2026-08-28,7.1-EARLY-RESEARCH-R2,4042,東ソー,2657.5,0.0564759036144613,-0.8765386049981339,0.2756105548639947,-1.618527924419333,0.7278471468210882,-13.885288399222295,51,True,True,True,False,True,False,False,A,False,,,,,NONE,高値持ち合い後 / 安値切り上げ / 5日線上向き / 勢い改善 / 25日線付近,
2026-08-28,7.1-EARLY-RESEARCH-R2,6753,シャープ,647.7,1.0452418096724037,2.33844209195766,0.4606312866829887,2.458238420653003,0.6017476299246578,-28.43093922651933,194,True,True,True,True,False,False,False,A,False,,,,,NONE,長期調整後 / 安値切り上げ / 5日線上向き / 勢い改善 / 25日線付近,
2026-08-28,7.1-EARLY-RESEARCH-R2,2503,キリンホールディングス,3053.0,0.4937458854509469,-0.4889178617992207,0.6159753509007521,1.5196355534865091,0.8058473823355963,-3.416640303701357,21,True,True,True,False,True,False,False,A,False,,,,,NONE,高値持ち合い後 / 安値切り上げ / 5日線上向き / 勢い改善 / 25日線付近,
2026-08-28,7.1-EARLY-RESEARCH-R2,9021,西日本旅客鉄道,2983.0,0.7940530495015974,-5.030245144858325,2.0516143357161787,0.7015009013510154,0.7892983916911346,-16.60609449259156,249,True,True,True,True,False,False,False,A,False,,,,,NONE,長期調整後 / 安値切り上げ / 5日線上向き / 勢い改善 / 25日線付近,
2026-08-28,7.1-EARLY-RESEARCH-R2,8604,野村ホールディングス,1642.0,6.970684039087938,11.700680272108844,4.045513971060727,5.336087553405777,1.109709389966385,-0.6053268765133124,0,True,True,True,False,False,False,False,B,False,,,,,NONE,安値切り上げ / 5日線上向き / 出来高1.1倍 / 勢い改善,
2026-08-28,7.1-EARLY-RESEARCH-R2,9202,ＡＮＡホールディングス,3068.0,0.9210526315789558,-2.6958452267681565,1.595013938270995,-0.7415267946113135,0.8166969147005445,-10.266159695817487,123,True,True,True,False,True,False,False,A,False,,,,,NONE,高値持ち合い後 / 安値切り上げ / 5日線上向き / 勢い改善 / 25日線付近,
2026-08-28,7.1-EARLY-RESEARCH-R2,6594,ニデック,2626.0,-0.0380662352493343,5.887096774193545,-1.5098404287977207,-1.2989746519529666,0.6177182258269649,-20.327669902912625,246,False,False,True,True,False,False,False,E,False,,,,,NONE,長期調整後 / 25日線付近,
2026-08-28,7.1-EARLY-RESEARCH-R2,6305,日立建機,5824.0,3.1892274982282087,4.0371561271882905,2.1799384664311363,4.18008271440633,0.8924482926332261,-19.39100346020761,123,True,True,True,True,False,False,False,B,False,,,,,NONE,長期調整後 / 安値切り上げ / 5日線上向き / 勢い改善,
2026-08-28,7.1-EARLY-RESEARCH-R2,4568,第一三共,2931.0,3.4409740603494,1.4537902388369606,3.07752650064016,5.849723006695506,1.0328099694589057,-29.84681665868837,215,True,True,True,True,False,False,False,B,False,,,,,NONE,長期調整後 / 安値切り上げ / 5日線上向き / 勢い改善,
2026-08-28,7.1-EARLY-RESEARCH-R2,8035,東京エレクトロン,56230.0,3.573402099834233,7.637825421133226,1.6639457445509265,-0.3367600141793714,0.8625490576872296,-30.802362786118632,40,True,True,True,False,False,False,False,B,False,,,,,NONE,安値切り上げ / 5日線上向き / 勢い改善 / 25日線付近,
2026-08-28,7.1-EARLY-RESEARCH-R2,1812,鹿島建設,4834.0,1.8327364651358649,-10.182088442958005,4.378258575875366,-4.681153133257077,0.7140947117772146,-39.87562189054727,133,True,True,True,True,False,False,False,B,False,,,,,NONE,長期調整後 / 安値切り上げ / 5日線上向き / 勢い改善,
2026-08-28,7.1-EARLY-RESEARCH-R2,8411,みずほフィナンシャルグループ,8486.0,4.636251541307024,8.544384753133794,2.500155353023575,1.901619186228043,1.0747482287545913,-3.775938315001704,10,True,True,True,False,False,False,False,B,False,,,,,NONE,安値切り上げ / 5日線上向き / 勢い改善 / 25日線付近,
2026-08-28,7.1-EARLY-RESEARCH-R2,4506,住友ファーマ,1485.0,5.207226354941552,15.07167764432391,1.4393069438605743,10.28920279844927,0.727005135065217,-54.83576642335765,130,True,True,True,True,False,False,False,B,False,,,,,NONE,長期調整後 / 安値切り上げ / 5日線上向き / 勢い改善,
2026-08-28,7.1-EARLY-RESEARCH-R2,8308,りそなホールディングス,2512.5,5.656013456686293,15.358126721763089,1.8164817762455208,6.85487300750216,1.3766793812578817,-1.5670910871694366,8,True,True,True,False,False,False,False,B,False,,,,,NONE,安値切り上げ / 5日線上向き / 出来高1.4倍 / 勢い改善,
2026-08-28,7.1-EARLY-RESEARCH-R2,6841,横河電機,5120.0,2.400000000000002,-8.652988403211415,4.563247100802856,-5.9280055267296845,0.6913134956417193,-18.94886813360772,123,True,True,True,True,False,False,False,B,False,,,,,NONE,長期調整後 / 安値切り上げ / 5日線上向き / 勢い改善,
2026-08-28,7.1-EARLY-RESEARCH-R2,6301,小松製作所,7538.0,6.694975230007083,6.36376463948074,5.104034070136898,5.060990567089618,0.8978062784063966,-3.8520408163265296,132,True,True,True,False,True,False,False,B,False,,,,,NONE,高値持ち合い後 / 安値切り上げ / 5日線上向き / 勢い改善,
2026-08-28,7.1-EARLY-RESEARCH-R2,8306,三菱ＵＦＪフィナンシャル・グループ,3658.0,4.275940706955539,3.7730496453900697,3.332678295608021,1.827211081294755,1.015021567029361,-4.065040650406504,23,True,True,True,False,True,False,False,A,False,,,,,NONE,高値持ち合い後 / 安値切り上げ / 5日線上向き / 勢い改善 / 25日線付近,
2026-08-28,7.1-EARLY-RESEARCH-R2,6098,リクルートホールディングス,17800.0,11.949685534591191,37.82423538521101,2.493626688288442,20.09013506766877,1.2949389969984069,-0.0561482313307104,0,True,True,True,False,False,False,False,B,False,,,,,NONE,安値切り上げ / 5日線上向き / 出来高1.3倍 / 勢い改善,
2026-08-28,7.1-EARLY-RESEARCH-R2,3099,三越伊勢丹ホールディングス,3535.0,1.7852001151742014,-1.7236586043925528,2.2161147662723395,-1.1288373758167047,1.0233295685409087,-15.67270992366412,41,True,True,True,False,False,False,False,B,False,,,,,NONE,安値切り上げ / 5日線上向き / 勢い改善 / 25日線付近,
2026-08-28,7.1-EARLY-RESEARCH-R2,8001,伊藤忠商事,2116.5,1.7548076923076916,4.595997034840615,0.6058084335975378,3.615908823874969,0.9423565109215254,-78.61905242953834,172,True,True,True,True,False,False,False,B,False,,,,,NONE,長期調整後 / 安値切り上げ / 5日線上向き / 勢い改善,
2026-08-28,7.1-EARLY-RESEARCH-R2,6988,日東電工,3471.0,1.6695957820738183,0.8425334108076665,1.4589624293719017,0.7067752941995797,0.963154281230588,-14.67551622418879,204,False,True,True,False,True,False,False,B,False,,,,,NONE,高値持ち合い後 / 5日線上向き / 勢い改善 / 25日線付近,
2026-08-28,7.1-EARLY-RESEARCH-R2,8053,住友商事,1775.5,3.891164423639548,11.526381909547734,1.0095689462526147,3.687308743488527,0.8293520617191366,-77.16398713826366,75,True,True,True,True,False,False,False,B,False,,,,,NONE,長期調整後 / 安値切り上げ / 5日線上向き / 勢い改善,
2026-08-28,7.1-EARLY-RESEARCH-R2,1332,ニッスイ,1278.0,-2.0689655172413834,-1.3508297954457738,-1.73125806837994,-0.0906845117108146,1.1690230569369262,-18.59872611464968,122,True,False,True,True,False,False,False,C,False,,,,,NONE,長期調整後 / 安値切り上げ / 出来高1.2倍 / 25日線付近,
2026-08-28,7.1-EARLY-RESEARCH-R2,4324,電通グループ,3662.0,4.063654447286158,-2.6840287005049146,4.7346616224123865,1.5980468316502128,0.8958754964009672,-5.472379969024265,21,True,True,True,False,True,False,False,A,False,,,,,NONE,高値持ち合い後 / 安値切り上げ / 5日線上向き / 勢い改善 / 25日線付近,
2026-08-28,7.1-EARLY-RESEARCH-R2,6762,ＴＤＫ,3112.0,2.3347583031897434,10.688244709229956,-0.3373028741177455,2.130564343568264,0.7744193809336216,-27.87949015063731,62,True,True,True,True,False,False,False,B,False,,,,,NONE,長期調整後 / 安値切り上げ / 5日線上向き / 25日線付近,
2026-08-28,7.1-EARLY-RESEARCH-R2,4751,サイバーエージェント,1335.5,2.297970126388349,-13.053385416666664,5.561316480555014,-3.08136665795814,0.9631004444632186,-30.91050181065701,250,True,True,True,True,False,False,False,B,False,,,,,NONE,長期調整後 / 安値切り上げ / 5日線上向き / 勢い改善,
2026-08-28,7.1-EARLY-RESEARCH-R2,6501,日立製作所,5550.0,6.812933025404155,5.613701236917224,5.40950771617485,3.595800916869507,1.3160593773717786,-8.097367113760557,134,False,True,True,False,True,False,False,B,False,,,,,NONE,高値持ち合い後 / 5日線上向き / 出来高1.3倍 / 勢い改善,
2026-08-28,7.1-EARLY-RESEARCH-R2,8697,日本取引所グループ,2293.0,2.457551385165324,5.961182994454717,0.9672556365516448,2.190887050770108,0.9195967543643964,-2.6740237691001645,21,True,True,True,False,False,False,False,B,False,,,,,NONE,安値切り上げ / 5日線上向き / 勢い改善 / 25日線付近,
2026-08-28,7.1-EARLY-RESEARCH-R2,8267,イオン,1358.5,-1.9487549621075464,-4.532677442023891,-0.8155856016015735,-1.2344781458109133,1.0293383246365642,-76.03633797847945,247,False,False,True,True,False,False,False,E,False,,,,,NONE,長期調整後 / 25日線付近,
2026-08-28,7.1-EARLY-RESEARCH-R2,6702,富士通,3904.0,7.076247942951186,0.0512557662737167,7.063434001382757,6.536261625114603,1.240342665698588,-16.366752356469583,152,True,True,True,True,False,False,False,A,False,,,,,NONE,長期調整後 / 安値切り上げ / 5日線上向き / 出来高1.2倍 / 勢い改善,
2026-08-28,7.1-EARLY-RESEARCH-R2,9147,ＮＩＰＰＯＮ　ＥＸＰＲＥＳＳホールディングス,5735.0,3.166037057024651,8.782245827010616,0.970475600271997,4.6509930439479374,1.6273499761266106,-1.0012083549110984,11,True,True,True,False,False,False,False,B,False,,,,,NONE,安値切り上げ / 5日線上向き / 出来高1.6倍 / 勢い改善,
2026-08-28,7.1-EARLY-RESEARCH-R2,7269,スズキ,2170.0,3.161397670549082,0.7661945669839687,2.9698490288030897,5.533454591434772,0.690512879300876,-12.252325111200967,183,True,True,True,False,True,False,False,B,False,,,,,NONE,高値持ち合い後 / 安値切り上げ / 5日線上向き / 勢い改善,
2026-08-28,7.1-EARLY-RESEARCH-R2,9007,小田急電鉄,1785.0,0.5633802816901401,-1.7341040462427793,0.9969062932508348,2.482546389858542,0.6364296511455586,-4.672897196261683,21,True,True,True,False,True,False,False,A,False,,,,,NONE,高値持ち合い後 / 安値切り上げ / 5日線上向き / 勢い改善 / 25日線付近,
2026-08-28,7.1-EARLY-RESEARCH-R2,4188,三菱ケミカルグループ,1183.5,3.137254901960796,4.043956043956043,2.1262658909717844,0.8246579543712107,1.8935033586341965,-6.294536817102136,11,False,True,True,False,False,False,False,B,False,,,,,NONE,5日線上向き / 出来高1.9倍 / 勢い改善 / 25日線付近,
2026-08-28,7.1-EARLY-RESEARCH-R2,1802,大林組,2990.5,1.66581676015638,-7.328788348311122,3.4980138472341604,-3.004099743117361,0.88751850024667,-32.631223248479394,123,True,True,True,True,False,False,False,B,False,,,,,NONE,長期調整後 / 安値切り上げ / 5日線上向き / 勢い改善,
2026-08-28,7.1-EARLY-RESEARCH-R2,7004,カナデビア,1186.0,-0.2523128679562614,0.936170212765952,-0.4863554211477494,-1.7463631242336852,1.6244663932367958,-21.71617161716172,75,True,True,True,True,False,False,False,B,False,,,,,NONE,長期調整後 / 安値切り上げ / 5日線上向き / 出来高1.6倍 / 25日線付近,
2026-08-28,7.1-EARLY-RESEARCH-R2,9022,東海旅客鉄道,3935.0,-0.0254065040650397,-5.725922376617154,1.4060740900892488,0.323278059923715,0.9212415773776648,-18.530020703933747,128,True,True,True,True,False,False,False,B,False,,,,,NONE,長期調整後 / 安値切り上げ / 5日線上向き / 勢い改善 / 25日線付近,
2026-08-28,7.1-EARLY-RESEARCH-R2,4183,三井化学,2145.5,0.1166588894073727,1.610229694529952,-0.2858985342251152,-0.3973891163662979,0.8182777528385655,-46.602787456446,181,True,True,True,True,False,False,False,B,False,,,,,NONE,長期調整後 / 安値切り上げ / 5日線上向き / 25日線付近,
2026-08-28,7.1-EARLY-RESEARCH-R2,4519,中外製薬,7033.0,0.3137926116103307,-0.5374063074529811,0.4481441884735759,0.9960308114721484,0.8130304701870372,-34.271028037383175,125,True,False,True,True,False,False,False,B,False,,,,,NONE,長期調整後 / 安値切り上げ / 勢い改善 / 25日線付近,
2026-08-28,7.1-EARLY-RESEARCH-R2,7261,マツダ,1216.0,0.703933747412,-0.3687013519049542,0.7961090853882385,3.350388413877514,0.7943240712728157,-12.831541218637987,129,True,True,True,False,True,False,False,B,False,,,,,NONE,高値持ち合い後 / 安値切り上げ / 5日線上向き / 勢い改善,
2026-08-28,7.1-EARLY-RESEARCH-R2,6971,京セラ,3625.0,0.4711751662971108,2.1126760563380254,-0.0569938477873954,-2.2563283971655634,0.8938419857340011,-9.803433689972628,37,True,True,True,False,True,False,False,B,False,,,,,NONE,高値持ち合い後 / 安値切り上げ / 5日線上向き / 25日線付近,
2026-08-28,7.1-EARLY-RESEARCH-R2,8802,三菱地所,3827.0,3.797125033902904,-6.22396471453075,5.353116212535591,0.8208986680155128,0.8417801838620272,-29.221379692990567,124,True,True,True,True,False,False,False,A,False,,,,,NONE,長期調整後 / 安値切り上げ / 5日線上向き / 勢い改善 / 25日線付近,
2026-08-28,7.1-EARLY-RESEARCH-R2,7974,任天堂,8993.0,4.581928131178037,10.411295273173726,1.9791043128846053,9.213632698267736,1.1859965615281671,-39.21595133491045,251,True,True,True,True,False,False,False,A,False,,,,,NONE,長期調整後 / 安値切り上げ / 5日線上向き / 出来高1.2倍 / 勢い改善,
2026-08-28,7.1-EARLY-RESEARCH-R2,9023,東京地下鉄,1474.0,-0.4054054054054012,-1.7333333333333312,0.0279279279279315,0.5813794797608907,0.608079701005251,-17.928730512249448,249,True,True,True,True,False,False,False,B,False,,,,,NONE,長期調整後 / 安値切り上げ / 5日線上向き / 勢い改善 / 25日線付近,
2026-08-28,7.1-EARLY-RESEARCH-R2,1721,コムシスホールディングス,5433.0,3.347917062963668,3.485714285714292,2.476488491535095,2.4908695783405266,0.794069301797081,-12.526163258734504,76,True,True,True,False,True,False,False,A,False,,,,,NONE,高値持ち合い後 / 安値切り上げ / 5日線上向き / 勢い改善 / 25日線付近,
2026-08-28,7.1-EARLY-RESEARCH-R2,3405,クラレ,1856.5,0.9516041326808056,-1.328727079457881,1.2837859025452758,0.2364857568624145,1.3418274548643734,-11.087164750957855,14,False,True,True,False,False,False,False,B,False,,,,,NONE,5日線上向き / 出来高1.3倍 / 勢い改善 / 25日線付近,
2026-08-28,7.1-EARLY-RESEARCH-R2,7211,三菱自動車工業,388.7,7.257174392935983,1.594354417145838,6.858585788649524,8.365951847267294,1.227982535941125,-15.131004366812228,134,True,True,True,True,False,False,False,A,False,,,,,NONE,長期調整後 / 安値切り上げ / 5日線上向き / 出来高1.2倍 / 勢い改善,
2026-08-28,7.1-EARLY-RESEARCH-R2,2502,アサヒグループホールディングス,1670.5,-0.5950609937518614,-4.488279016580899,0.5270087603933633,-0.5382426140490781,1.7766880631082125,-14.943991853360494,239,True,False,True,False,True,False,False,B,False,,,,,NONE,高値持ち合い後 / 安値切り上げ / 出来高1.8倍 / 勢い改善 / 25日線付近,
2026-08-28,7.1-EARLY-RESEARCH-R2,6526,ソシオネクスト,2005.0,0.7537688442211143,5.888566147346186,-0.7183726926154321,-1.554505906729653,0.8542679439746468,-42.56659982812948,200,True,True,True,True,False,False,False,B,False,,,,,NONE,長期調整後 / 安値切り上げ / 5日線上向き / 25日線付近,
2026-08-28,7.1-EARLY-RESEARCH-R2,6861,キーエンス,82960.0,3.829787234042548,5.052551601874122,2.5666493335740173,1.4900540725697908,0.6858090164330205,-5.64149226569609,15,True,True,True,False,False,False,False,B,False,,,,,NONE,安値切り上げ / 5日線上向き / 勢い改善 / 25日線付近,
2026-08-28,7.1-EARLY-RESEARCH-R2,2413,エムスリー,1855.0,8.606557377049185,-3.935784567581568,9.590503518944578,5.517633674630251,0.7773858981248774,-32.44719592134013,190,True,True,True,True,False,False,False,B,False,,,,,NONE,長期調整後 / 安値切り上げ / 5日線上向き / 勢い改善,
2026-08-28,7.1-EARLY-RESEARCH-R2,9602,東宝,1564.5,1.3605442176870763,-1.0749288650015787,1.629276433937471,2.8667236504701155,1.0564176600920474,-84.80330257406507,250,True,True,True,True,False,False,False,A,False,,,,,NONE,長期調整後 / 安値切り上げ / 5日線上向き / 勢い改善 / 25日線付近,
2026-08-28,7.1-EARLY-RESEARCH-R2,4452,花王,3635.0,2.2215973003374634,7.417257683215128,0.3672828795336813,4.579037009758791,0.5771429749370364,-48.12330526616241,236,True,True,True,True,False,False,False,B,False,,,,,NONE,長期調整後 / 安値切り上げ / 5日線上向き / 勢い改善,
2026-08-28,7.1-EARLY-RESEARCH-R2,9001,東武鉄道,2975.0,-1.293961512939612,-5.284941101560015,0.0272737624503915,-1.0332461760577003,2.69100129168062,-8.0655129789864,21,True,False,True,False,True,False,False,B,False,,,,,NONE,高値持ち合い後 / 安値切り上げ / 出来高2.7倍 / 勢い改善 / 25日線付近,
2026-08-28,7.1-EARLY-RESEARCH-R2,6302,住友重機械工業,5673.0,1.0329474621549428,10.865741645495408,-1.6834879492189092,0.0119880401669991,0.9001291168815199,-10.829927695693176,121,True,True,True,False,True,False,False,B,False,,,,,NONE,高値持ち合い後 / 安値切り上げ / 5日線上向き / 25日線付近,
2026-08-28,7.1-EARLY-RESEARCH-R2,8233,高島屋,2400.5,0.7343684431388997,4.711014176663042,-0.4433851010268608,3.4092083950787444,1.2310447363883588,-7.973931378186694,43,True,True,True,False,True,False,False,B,False,,,,,NONE,高値持ち合い後 / 安値切り上げ / 5日線上向き / 出来高1.2倍,
2026-08-28,7.1-EARLY-RESEARCH-R2,3101,東洋紡,1641.0,0.7366482504604033,12.013651877133103,-2.266764718822873,2.301630841354552,0.6755429444505074,-15.629820051413878,62,True,True,True,True,False,False,False,B,False,,,,,NONE,長期調整後 / 安値切り上げ / 5日線上向き / 25日線付近,
2026-08-28,7.1-EARLY-RESEARCH-R2,4704,トレンドマイクロ,6050.0,10.562865497076013,-10.27732463295269,13.132196655314186,-2.182700080840738,1.1858166115381557,-29.8794622160408,228,True,True,True,True,False,False,False,A,False,,,,,NONE,長期調整後 / 安値切り上げ / 5日線上向き / 出来高1.2倍 / 勢い改善 / 25日線付近,
2026-08-28,7.1-EARLY-RESEARCH-R2,7735,ＳＣＲＥＥＮホールディングス,13715.0,5.744024672320736,14.482470784641066,2.123406976160469,1.4723290914471665,0.6166091959734078,-42.54294093003771,124,True,True,True,True,False,False,False,A,False,,,,,NONE,長期調整後 / 安値切り上げ / 5日線上向き / 勢い改善 / 25日線付近,
2026-08-31,7.1-EARLY-RESEARCH-R2,6501,日立製作所,5438.0,3.266236232434494,3.2466299601291,2.4545787424022194,1.0615364029675334,0.954090212996112,-9.951978804437822,135,False,True,True,False,True,False,False,B,False,,,,,NONE,高値持ち合い後 / 5日線上向き / 勢い改善 / 25日線付近,
2026-08-31,7.1-EARLY-RESEARCH-R2,5714,ＤＯＷＡホールディングス,9998.0,-3.354277428709518,21.408621736490584,-8.706432862832164,7.867719090795311,1.0435853949760057,-19.24071082390953,74,True,False,True,True,False,False,False,E,False,,,,,NONE,長期調整後 / 安値切り上げ,
2026-08-31,7.1-EARLY-RESEARCH-R2,1802,大林組,2992.5,-0.1834556370913898,-5.420353982300885,1.1716328584838314,-2.570764392178315,1.3462267509549788,-32.586168055868434,124,True,True,True,True,False,False,False,A,False,,,,,NONE,長期調整後 / 安値切り上げ / 5日線上向き / 出来高1.3倍 / 勢い改善 / 25日線付近,
2026-08-31,7.1-EARLY-RESEARCH-R2,4324,電通グループ,3704.0,3.34821428571428,4.485190409026796,2.2269166834575804,2.3973814578910124,1.3902310252143864,-4.388229220443984,22,True,True,True,False,True,True,True,A,False,,,,,B_EARLY_CONFIRMED,高値持ち合い後 / 安値切り上げ / 5日線上向き / 出来高1.4倍 / 勢い改善 / 25日線付近,
2026-08-31,7.1-EARLY-RESEARCH-R2,8031,三井物産,5009.0,1.1102139685102983,1.4583755316994074,0.7456200855854467,2.595508655791967,1.330558491008758,-24.958801498127336,97,True,True,True,True,False,True,True,A,False,,,,,B_EARLY_CONFIRMED,長期調整後 / 安値切り上げ / 5日線上向き / 出来高1.3倍 / 勢い改善 / 25日線付近,
2026-08-31,7.1-EARLY-RESEARCH-R2,7911,ＴＯＰＰＡＮホールディングス,5093.0,1.8192722910835624,12.50276121051468,-1.3064180115451074,4.495802112485325,0.7841001024755946,-14.085695006747637,122,False,False,True,False,True,False,False,E,False,,,,,NONE,高値持ち合い後,
2026-08-31,7.1-EARLY-RESEARCH-R2,9021,西日本旅客鉄道,3015.0,2.099559769725712,0.466511162945693,1.9829319789892883,1.7268255157195656,1.2873910083811355,-15.71149007548225,250,True,True,True,True,False,True,True,A,False,,,,,B_EARLY_CONFIRMED,長期調整後 / 安値切り上げ / 5日線上向き / 出来高1.3倍 / 勢い改善 / 25日線付近,
2026-08-31,7.1-EARLY-RESEARCH-R2,4151,協和キリン,2628.0,1.8999612252811104,2.877275396359358,1.180642376191271,1.7382215167821569,1.3733569972587334,-9.752747252747252,124,True,True,True,False,True,True,True,A,False,,,,,B_EARLY_CONFIRMED,高値持ち合い後 / 安値切り上げ / 5日線上向き / 出来高1.4倍 / 勢い改善 / 25日線付近,
2026-08-31,7.1-EARLY-RESEARCH-R2,2432,ディー・エヌ・エー,2571.5,2.0436507936507864,4.046125834513448,1.0321193350224245,3.019061430849246,1.3476366946232363,-10.866551126516466,195,True,True,True,False,True,True,True,A,False,,,,,B_EARLY_CONFIRMED,高値持ち合い後 / 安値切り上げ / 5日線上向き / 出来高1.3倍 / 勢い改善,
2026-08-31,7.1-EARLY-RESEARCH-R2,9022,東海旅客鉄道,3976.0,1.3510068824878818,-0.3009027081243731,1.426232559518975,1.2818161439546838,1.2597819004466504,-17.68115942028986,129,True,True,True,True,False,True,True,A,False,,,,,B_EARLY_CONFIRMED,長期調整後 / 安値切り上げ / 5日線上向き / 出来高1.3倍 / 勢い改善 / 25日線付近,
2026-08-31,7.1-EARLY-RESEARCH-R2,9009,京成電鉄,1364.0,1.7530772099962677,6.604142243063693,0.1020416492303444,4.6252972309580365,1.1075395976700593,-5.995864920744309,236,True,True,True,False,True,True,True,A,False,,,,,B_EARLY_CONFIRMED,高値持ち合い後 / 安値切り上げ / 5日線上向き / 出来高1.1倍 / 勢い改善,
2026-08-31,7.1-EARLY-RESEARCH-R2,4042,東ソー,2667.5,1.0991093424294052,-1.5864231691569808,1.4957151347186504,-1.0306906889080203,0.755900223357231,-13.561244329228773,52,True,True,True,False,True,False,False,A,False,,,,,NONE,高値持ち合い後 / 安値切り上げ / 5日線上向き / 勢い改善 / 25日線付近,
2026-08-31,7.1-EARLY-RESEARCH-R2,1803,清水建設,2388.0,0.4839049021670538,0.3572179029207811,0.3946004264368585,-0.0351635103230107,1.165848020803236,-33.99668325041459,122,True,True,True,True,False,True,False,A,False,,,,,A_EARLY,長期調整後 / 安値切り上げ / 5日線上向き / 出来高1.2倍 / 勢い改善 / 25日線付近,
2026-08-31,7.1-EARLY-RESEARCH-R2,8591,オリックス,6284.0,1.207923981317438,-1.9656786271450843,1.6993436381037093,-0.6984608577478513,1.2763958727282676,-5.928143712574851,23,True,True,True,False,True,True,False,A,False,,,,,A_EARLY,高値持ち合い後 / 安値切り上げ / 5日線上向き / 出来高1.3倍 / 勢い改善 / 25日線付近,
2026-08-31,7.1-EARLY-RESEARCH-R2,6526,ソシオネクスト,1998.0,3.765255777720067,4.470588235294115,2.647608718896538,-1.13218004037845,0.7974030624136521,-42.76711543970209,201,True,True,True,True,False,False,False,A,False,,,,,NONE,長期調整後 / 安値切り上げ / 5日線上向き / 勢い改善 / 25日線付近,
2026-08-31,7.1-EARLY-RESEARCH-R2,6758,ソニーグループ,4016.0,4.311688311688311,6.047002904673882,2.7999375855198405,6.874454450618472,1.47805555476883,-15.91289782244556,193,True,True,True,True,False,False,False,A,False,,,,,NONE,長期調整後 / 安値切り上げ / 5日線上向き / 出来高1.5倍 / 勢い改善,
2026-08-31,7.1-EARLY-RESEARCH-R2,7203,トヨタ自動車,3156.0,0.9919999999999928,2.901858493641996,0.266535376589494,3.9032869785082136,1.2114954218127258,-21.1,136,True,True,True,True,False,True,True,A,False,,,,,B_EARLY_CONFIRMED,長期調整後 / 安値切り上げ / 5日線上向き / 出来高1.2倍 / 勢い改善,
2026-08-31,7.1-EARLY-RESEARCH-R2,9532,大阪瓦斯,5757.0,2.675227394328528,4.388032638259287,1.5782192347637058,4.482758620689653,2.449171355078166,-15.685413005272409,120,True,True,True,True,False,True,True,A,False,,,,,B_EARLY_CONFIRMED,長期調整後 / 安値切り上げ / 5日線上向き / 出来高2.4倍 / 勢い改善,
2026-08-31,7.1-EARLY-RESEARCH-R2,8801,三井不動産,1522.5,0.6278916060806328,-2.4038461538461564,1.228853144542172,0.8946322067594492,1.2619452993250375,-29.448563484708068,134,True,True,True,True,False,True,True,A,False,,,,,B_EARLY_CONFIRMED,長期調整後 / 安値切り上げ / 5日線上向き / 出来高1.3倍 / 勢い改善 / 25日線付近,
2026-08-31,7.1-EARLY-RESEARCH-R2,1963,日揮ホールディングス,2356.5,3.355263157894739,4.292985173710995,2.28201686446699,2.983078698038688,1.6005277102232982,-19.504696840307435,68,True,True,True,True,False,True,True,A,False,,,,,B_EARLY_CONFIRMED,長期調整後 / 安値切り上げ / 5日線上向き / 出来高1.6倍 / 勢い改善 / 25日線付近,
2026-08-31,7.1-EARLY-RESEARCH-R2,6702,富士通,3869.0,4.567567567567576,5.739273025416791,3.132749311213378,4.905533502527071,1.149397962521047,-17.1165381319623,153,True,True,True,True,False,True,True,A,False,,,,,B_EARLY_CONFIRMED,長期調整後 / 安値切り上げ / 5日線上向き / 出来高1.1倍 / 勢い改善,
2026-08-31,7.1-EARLY-RESEARCH-R2,9020,東日本旅客鉄道,3581.0,1.243992083686729,-2.584330794341672,1.8900747822721469,0.7529035743225165,1.1958701764299908,-14.96081690809784,155,True,True,True,False,True,True,True,A,False,,,,,B_EARLY_CONFIRMED,高値持ち合い後 / 安値切り上げ / 5日線上向き / 出来高1.2倍 / 勢い改善 / 25日線付近,
2026-08-31,7.1-EARLY-RESEARCH-R2,8802,三菱地所,3795.0,2.125941872981696,-2.517338813254555,2.7552765762953344,0.1837361801881654,1.2651826629583809,-29.813205104494177,125,True,True,True,True,False,True,True,A,False,,,,,B_EARLY_CONFIRMED,長期調整後 / 安値切り上げ / 5日線上向き / 出来高1.3倍 / 勢い改善 / 25日線付近,
2026-08-31,7.1-EARLY-RESEARCH-R2,8316,三井住友フィナンシャルグループ,6975.0,5.794023964811168,2.362782506604044,5.203328338160157,2.9046402247230763,1.1622859680613538,-3.9256198347107474,24,True,True,True,False,True,True,True,A,False,,,,,B_EARLY_CONFIRMED,高値持ち合い後 / 安値切り上げ / 5日線上向き / 出来高1.2倍 / 勢い改善 / 25日線付近,
2026-08-31,7.1-EARLY-RESEARCH-R2,4183,三井化学,2187.0,2.5797373358348974,3.233419872551324,1.7713823676970664,1.4981064825128287,1.2088673929332563,-45.56993529118965,182,True,True,True,True,False,True,True,A,False,,,,,B_EARLY_CONFIRMED,長期調整後 / 安値切り上げ / 5日線上向き / 出来高1.2倍 / 勢い改善 / 25日線付近,
2026-08-31,7.1-EARLY-RESEARCH-R2,8309,三井住友トラストグループ,1777.0,4.406580493537016,7.436517533252718,2.547451110223836,-23.458619412306923,1.4376504259959408,-74.59614010007147,23,True,True,True,False,False,False,False,B,False,,,,,NONE,安値切り上げ / 5日線上向き / 出来高1.4倍 / 勢い改善,
2026-08-31,7.1-EARLY-RESEARCH-R2,7735,ＳＣＲＥＥＮホールディングス,13600.0,3.4220532319391594,7.93650793650793,1.4379262478121768,1.295992849694616,0.6861687359431745,-43.02471721826561,125,True,True,True,True,False,False,False,A,False,,,,,NONE,長期調整後 / 安値切り上げ / 5日線上向き / 勢い改善 / 25日線付近,
2026-08-31,7.1-EARLY-RESEARCH-R2,9735,セコム,6491.0,0.8702408702408793,-5.681487939552454,2.290612855128993,-1.7128701477259645,1.5446992043811918,-10.146733111849391,22,True,True,True,False,True,True,False,A,False,,,,,A_EARLY,高値持ち合い後 / 安値切り上げ / 5日線上向き / 出来高1.5倍 / 勢い改善 / 25日線付近,
2026-08-31,7.1-EARLY-RESEARCH-R2,5232,住友大阪セメント,5707.0,1.259758694109303,4.61961503208066,0.1048549360891382,0.7698555637956073,0.5534490193454372,-12.429031763081175,50,True,True,True,False,True,False,False,A,False,,,,,NONE,高値持ち合い後 / 安値切り上げ / 5日線上向き / 勢い改善 / 25日線付近,
2026-08-31,7.1-EARLY-RESEARCH-R2,4751,サイバーエージェント,1355.0,1.650412603150797,-6.904843696324292,3.37662352723187,-1.5247314641201215,0.5005706253451363,-29.90170719089497,251,True,True,True,True,False,False,False,A,False,,,,,NONE,長期調整後 / 安値切り上げ / 5日線上向き / 勢い改善 / 25日線付近,
2026-08-31,7.1-EARLY-RESEARCH-R2,1721,コムシスホールディングス,5463.0,1.8836255128683368,3.7409798708697206,0.9483805451509064,2.906161937340812,0.7596122742635331,-12.04314925132829,77,True,True,True,False,True,False,False,A,False,,,,,NONE,高値持ち合い後 / 安値切り上げ / 5日線上向き / 勢い改善 / 25日線付近,
2026-08-31,7.1-EARLY-RESEARCH-R2,5214,日本電気硝子,4850.0,2.019352124526708,-8.885966560210413,4.240843764579311,-2.2027568740371484,0.8230744053384277,-42.10337829771995,83,True,True,True,True,False,False,False,A,False,,,,,NONE,長期調整後 / 安値切り上げ / 5日線上向き / 勢い改善 / 25日線付近,
2026-08-31,7.1-EARLY-RESEARCH-R2,7453,良品計画,4328.0,2.051402970997396,3.615034713909515,1.147644292520017,-0.0563453136401714,0.9373361200836025,-41.219611571370365,251,True,True,True,True,False,False,False,A,False,,,,,NONE,長期調整後 / 安値切り上げ / 5日線上向き / 勢い改善 / 25日線付近,
2026-08-31,7.1-EARLY-RESEARCH-R2,6971,京セラ,3657.0,2.293706293706288,-0.9211595773503168,2.523996188043867,-1.3594432756109387,1.050622046826057,-9.007215725304809,38,True,True,True,False,True,False,False,A,False,,,,,NONE,高値持ち合い後 / 安値切り上げ / 5日線上向き / 勢い改善 / 25日線付近,
2026-08-31,7.1-EARLY-RESEARCH-R2,9433,ＫＤＤＩ,2959.5,2.867570385818552,1.3180417665183075,2.538059944188975,1.824199719248032,1.0844037779768194,-5.1746235181031714,21,True,True,True,False,True,False,False,A,False,,,,,NONE,高値持ち合い後 / 安値切り上げ / 5日線上向き / 勢い改善 / 25日線付近,
2026-08-31,7.1-EARLY-RESEARCH-R2,9531,東京瓦斯,6186.0,1.243862520458272,-0.5306319343945987,1.3765205040569215,1.599043464550376,1.838274959294068,-22.35471319191665,120,True,True,True,True,False,True,True,A,False,,,,,B_EARLY_CONFIRMED,長期調整後 / 安値切り上げ / 5日線上向き / 出来高1.8倍 / 勢い改善 / 25日線付近,
2026-08-31,7.1-EARLY-RESEARCH-R2,5019,出光興産,1420.0,3.010518679724328,8.31426392067125,0.9319526995565152,7.140701394338156,1.726778719868715,-15.020945541591855,98,True,True,True,True,False,False,False,A,False,,,,,NONE,長期調整後 / 安値切り上げ / 5日線上向き / 出来高1.7倍 / 勢い改善,
2026-08-31,7.1-EARLY-RESEARCH-R2,5706,三井金属,29345.0,3.091515896715258,-5.185783521809373,4.387961777167601,-0.8601467587399769,0.6906197412265549,-49.1421143847487,66,True,True,True,True,False,False,False,A,False,,,,,NONE,長期調整後 / 安値切り上げ / 5日線上向き / 勢い改善 / 25日線付近,
2026-08-31,7.1-EARLY-RESEARCH-R2,2914,日本たばこ産業,6935.0,0.6531204644412147,-2.803083391730909,1.3538913123739422,-0.0115343579688009,1.087244051347391,-3.920753671377109,20,True,True,True,False,True,False,False,A,False,,,,,NONE,高値持ち合い後 / 安値切り上げ / 5日線上向き / 勢い改善 / 25日線付近,
2026-08-31,7.1-EARLY-RESEARCH-R2,6473,ジェイテクト,2150.5,3.09204218600192,-2.955776173285196,3.830986229323219,1.9677572309151348,1.9982644882573035,-5.034223890483547,20,False,True,True,False,True,False,False,A,False,,,,,NONE,高値持ち合い後 / 5日線上向き / 出来高2.0倍 / 勢い改善 / 25日線付近,
2026-08-31,7.1-EARLY-RESEARCH-R2,2502,アサヒグループホールディングス,1676.0,0.2392344497607723,0.5700570057005638,0.0967201983356313,-0.277272024085784,1.1178204248528136,-14.663951120162931,240,True,False,True,False,True,False,False,A,False,,,,,NONE,高値持ち合い後 / 安値切り上げ / 出来高1.1倍 / 勢い改善 / 25日線付近,
2026-08-31,7.1-EARLY-RESEARCH-R2,9202,ＡＮＡホールディングス,3039.0,-0.0328947368421039,-2.471116816431318,0.5848844672657255,-1.7916004188156864,1.188781895994832,-11.114360924246858,124,True,True,True,False,True,False,False,A,False,,,,,NONE,高値持ち合い後 / 安値切り上げ / 5日線上向き / 出来高1.2倍 / 勢い改善 / 25日線付近,
2026-08-31,7.1-EARLY-RESEARCH-R2,8058,三菱商事,4804.0,0.2295013561443681,0.5862646566164198,0.0829351919902632,0.6612969466352814,1.156236452375292,-20.093147039254823,74,True,True,True,True,False,True,True,A,False,,,,,B_EARLY_CONFIRMED,長期調整後 / 安値切り上げ / 5日線上向き / 出来高1.2倍 / 勢い改善 / 25日線付近,
2026-08-31,7.1-EARLY-RESEARCH-R2,7269,スズキ,2227.0,4.726075711262645,6.759348034515811,3.036238702633693,7.76362650975535,1.1699429084816162,-9.9474322684998,184,True,True,True,False,True,False,False,A,False,,,,,NONE,高値持ち合い後 / 安値切り上げ / 5日線上向き / 出来高1.2倍 / 勢い改善,
2026-08-31,7.1-EARLY-RESEARCH-R2,7202,いすゞ自動車,2287.0,2.212290502793301,-4.807492195629548,3.4141635517006885,0.093660005427032,1.3757551021790635,-21.91874359849778,134,True,True,True,True,False,True,True,A,False,,,,,B_EARLY_CONFIRMED,長期調整後 / 安値切り上げ / 5日線上向き / 出来高1.4倍 / 勢い改善 / 25日線付近,
2026-08-31,7.1-EARLY-RESEARCH-R2,9064,ヤマトホールディングス,1951.0,0.774793388429762,-5.72602077796569,2.2062985829211845,-1.212188724720753,0.6918730740519294,-24.02647975077882,239,True,True,True,True,False,False,False,A,False,,,,,NONE,長期調整後 / 安値切り上げ / 5日線上向き / 勢い改善 / 25日線付近,
2026-08-31,7.1-EARLY-RESEARCH-R2,8750,第一ライフグループ,1838.5,3.460889138998313,-4.1699244201198855,4.503370244028284,-1.2557200249210587,1.636232499986774,-6.151097498723834,24,True,True,True,False,True,True,False,A,False,,,,,A_EARLY,高値持ち合い後 / 安値切り上げ / 5日線上向き / 出来高1.6倍 / 勢い改善 / 25日線付近,
2026-08-31,7.1-EARLY-RESEARCH-R2,6988,日東電工,3512.0,3.0818902260052905,5.624060150375931,1.6758751884113077,1.6721478530733247,1.3450160643862874,-13.667649950835791,205,False,True,True,False,True,False,False,A,False,,,,,NONE,高値持ち合い後 / 5日線上向き / 出来高1.3倍 / 勢い改善 / 25日線付近,
2026-08-31,7.1-EARLY-RESEARCH-R2,3861,王子ホールディングス,883.2,0.8219178082191858,0.3864514662423435,0.7253049416585999,0.9666828237747448,1.030364594002284,-10.85091349550823,125,True,True,True,False,True,False,False,A,False,,,,,NONE,高値持ち合い後 / 安値切り上げ / 5日線上向き / 勢い改善 / 25日線付近,
2026-08-31,7.1-EARLY-RESEARCH-R2,7751,キヤノン,4675.0,1.168578229820394,5.57813911472449,-0.2259565488607284,2.2483705874633664,1.3735804561700873,-7.1130538446254725,136,True,True,True,False,True,False,False,A,False,,,,,NONE,高値持ち合い後 / 安値切り上げ / 5日線上向き / 出来高1.4倍 / 25日線付近,
2026-08-31,7.1-EARLY-RESEARCH-R2,9007,小田急電鉄,1783.0,1.163120567375886,0.9912206173888328,0.9153154130286778,2.251482445777464,0.7671323787585899,-4.77970627503338,22,True,True,True,False,True,False,False,A,False,,,,,NONE,高値持ち合い後 / 安値切り上げ / 5日線上向き / 勢い改善 / 25日線付近,
2026-08-31,7.1-EARLY-RESEARCH-R2,8795,Ｔ＆Ｄホールディングス,4880.0,3.302286198137172,-4.088050314465408,4.324298776753524,-0.7847761558167021,1.0879823775719155,-5.71870170015456,24,True,True,True,False,True,False,False,A,False,,,,,NONE,高値持ち合い後 / 安値切り上げ / 5日線上向き / 勢い改善 / 25日線付近,
2026-08-31,7.1-EARLY-RESEARCH-R2,7261,マツダ,1232.0,1.2741471434443152,4.717382065448361,0.0948016270822249,4.32367436110217,0.8547153780798641,-11.684587813620071,130,True,True,True,False,True,False,False,B,False,,,,,NONE,高値持ち合い後 / 安値切り上げ / 5日線上向き / 勢い改善,
2026-08-31,7.1-EARLY-RESEARCH-R2,7951,ヤマハ,1340.0,1.978691019786916,7.760353839967826,0.038602559794959,2.149717944808671,0.6603402497787393,-6.424581005586594,13,True,True,True,False,False,False,False,B,False,,,,,NONE,安値切り上げ / 5日線上向き / 勢い改善 / 25日線付近,
2026-08-31,7.1-EARLY-RESEARCH-R2,1925,大和ハウス工業,4680.0,-0.4255319148936176,0.0427533133817936,-0.436220243239066,0.4731685115372475,1.751299627848829,-19.37984496124032,133,True,True,True,True,False,False,False,B,False,,,,,NONE,長期調整後 / 安値切り上げ / 5日線上向き / 出来高1.8倍 / 25日線付近,
2026-08-31,7.1-EARLY-RESEARCH-R2,6367,ダイキン工業,21155.0,1.4385039558858723,-9.186520712599268,3.735134134035689,-3.684176978902032,1.315150419795278,-19.98865355521936,37,True,True,True,False,False,False,False,B,False,,,,,NONE,安値切り上げ / 5日線上向き / 出来高1.3倍 / 勢い改善,
2026-08-31,7.1-EARLY-RESEARCH-R2,9008,京王電鉄,783.0,-0.2674818494459385,-3.309459125710046,0.5598829319815729,0.2011701653895192,1.1166215595741589,-81.5112160566706,129,True,False,True,True,False,False,False,B,False,,,,,NONE,長期調整後 / 安値切り上げ / 出来高1.1倍 / 勢い改善 / 25日線付近,
2026-08-31,7.1-EARLY-RESEARCH-R2,5411,ＪＦＥホールディングス,1847.0,-0.1621621621621605,1.6231086657496618,-0.567939328599576,0.9742070217255704,5.240894429575149,-21.70411191182705,134,True,True,True,True,False,False,False,B,False,,,,,NONE,長期調整後 / 安値切り上げ / 5日線上向き / 出来高5.2倍 / 25日線付近,
2026-08-31,7.1-EARLY-RESEARCH-R2,2503,キリンホールディングス,3054.0,0.0327546675401135,3.42025059261768,-0.8223079806143063,1.3560604552061983,1.00315701813129,-3.385004745333753,22,True,True,True,False,True,False,False,B,False,,,,,NONE,高値持ち合い後 / 安値切り上げ / 5日線上向き / 25日線付近,
2026-08-31,7.1-EARLY-RESEARCH-R2,8002,丸紅,4928.0,-1.083902047370533,-5.248990578734858,0.2283455973131816,-1.4991005396761905,1.6890383251464447,-22.12389380530973,134,True,False,True,True,False,False,False,B,False,,,,,NONE,長期調整後 / 安値切り上げ / 出来高1.7倍 / 勢い改善 / 25日線付近,
2026-08-31,7.1-EARLY-RESEARCH-R2,6841,横河電機,5112.0,0.2156439913742369,-11.587685921826363,3.112565471830828,-5.60323814870074,0.8896295746997686,-19.075510527148964,124,True,True,True,True,False,False,False,B,False,,,,,NONE,長期調整後 / 安値切り上げ / 5日線上向き / 勢い改善,
2026-08-31,7.1-EARLY-RESEARCH-R2,5108,ブリヂストン,4145.0,0.1933768431230387,4.5397225725094525,-0.9415538000043244,1.825739188538522,0.7837007545036742,-44.36241610738255,180,True,True,True,True,False,False,False,B,False,,,,,NONE,長期調整後 / 安値切り上げ / 5日線上向き / 25日線付近,
2026-08-31,7.1-EARLY-RESEARCH-R2,7211,三菱自動車工業,393.4,8.614025400331315,6.873132301005147,6.895742325080028,9.111685545336544,1.224457601323968,-14.104803493449792,135,True,True,True,False,True,False,False,A,False,,,,,NONE,高値持ち合い後 / 安値切り上げ / 5日線上向き / 出来高1.2倍 / 勢い改善,
2026-08-31,7.1-EARLY-RESEARCH-R2,4568,第一三共,2848.0,-0.3498950314905547,10.925024342745871,-3.0811511171770225,2.780263879666256,1.46029360090579,-31.833413116323594,216,True,True,True,True,False,False,False,B,False,,,,,NONE,長期調整後 / 安値切り上げ / 5日線上向き / 出来高1.5倍 / 25日線付近,
2026-08-31,7.1-EARLY-RESEARCH-R2,9301,三菱倉庫,1528.5,-0.2935420743639949,-4.647535870243291,0.8683418931968279,-0.1372010976087745,0.7316752312435766,-7.447774750227065,24,True,True,True,False,True,False,False,B,False,,,,,NONE,高値持ち合い後 / 安値切り上げ / 5日線上向き / 勢い改善 / 25日線付近,
2026-08-31,7.1-EARLY-RESEARCH-R2,8766,東京海上ホールディングス,7707.0,6.142404627461784,-5.016021690904604,7.396410050187935,-0.1389011262393547,1.5042167383862424,-8.986773736419462,22,True,True,True,False,True,False,False,A,False,,,,,NONE,高値持ち合い後 / 安値切り上げ / 5日線上向き / 出来高1.5倍 / 勢い改善 / 25日線付近,
2026-08-31,7.1-EARLY-RESEARCH-R2,4704,トレンドマイクロ,5997.0,7.280858676207513,-5.425011827787419,8.637111633154369,-2.8687489067267924,0.8926371205615502,-30.493741307371348,229,True,True,True,True,False,False,False,A,False,,,,,NONE,長期調整後 / 安値切り上げ / 5日線上向き / 勢い改善 / 25日線付近,
2026-08-31,7.1-EARLY-RESEARCH-R2,9201,日本航空,3012.0,0.4334778259419858,2.34454638124364,-0.152658769368924,-0.0285443067384538,0.8997140350071431,-7.946210268948651,124,True,True,True,False,True,False,False,B,False,,,,,NONE,高値持ち合い後 / 安値切り上げ / 5日線上向き / 25日線付近,
2026-08-31,7.1-EARLY-RESEARCH-R2,6753,シャープ,663.8,5.214772547154856,7.341526520051733,3.3793909171419223,4.495938542912903,1.04537227905756,-26.65193370165746,195,True,True,True,True,False,False,False,B,False,,,,,NONE,長期調整後 / 安値切り上げ / 5日線上向き / 勢い改善,
2026-08-31,7.1-EARLY-RESEARCH-R2,4004,レゾナック・ホールディングス,15845.0,0.4437400950871639,15.446265938069214,-3.4178263894301395,2.477040486353644,0.7779397445278605,-22.68846060014637,75,True,True,True,True,False,False,False,B,False,,,,,NONE,長期調整後 / 安値切り上げ / 5日線上向き / 25日線付近,
2026-08-31,7.1-EARLY-RESEARCH-R2,8053,住友商事,1791.5,1.1575381140598529,7.275449101796405,-0.6613241613892484,4.165455327759249,1.4767848578079852,-76.95819935691318,76,True,True,True,True,False,False,False,B,False,,,,,NONE,長期調整後 / 安値切り上げ / 5日線上向き / 出来高1.5倍,
2026-08-31,7.1-EARLY-RESEARCH-R2,1812,鹿島建設,4838.0,0.1448975367418725,-10.12446591120193,2.676014014542355,-4.040684528295902,1.2401809582562204,-39.82587064676617,134,True,True,True,True,False,True,False,A,False,,,,,A_EARLY,長期調整後 / 安値切り上げ / 5日線上向き / 出来高1.2倍 / 勢い改善,
2026-08-31,7.1-EARLY-RESEARCH-R2,4502,武田薬品工業,5765.0,-0.5520096601690505,4.571013966987114,-1.694763151915829,2.035398230088492,1.7146325805817,-4.442234377589927,101,True,True,True,False,True,False,False,B,False,,,,,NONE,高値持ち合い後 / 安値切り上げ / 5日線上向き / 出来高1.7倍 / 25日線付近,
2026-08-31,7.1-EARLY-RESEARCH-R2,8804,東京建物,3445.0,0.5545826036193802,1.712429878948929,0.1264751338821479,1.5277794150585278,0.8887865833607366,-21.23914037494285,124,True,True,True,True,False,False,False,A,False,,,,,NONE,長期調整後 / 安値切り上げ / 5日線上向き / 勢い改善 / 25日線付近,
2026-08-31,7.1-EARLY-RESEARCH-R2,7270,ＳＵＢＡＲＵ,2668.0,0.4707211447938286,-1.749217455348928,0.9080255086310608,1.7264519277696566,0.8215249697723929,-26.74354750137288,171,True,False,True,True,False,False,False,B,False,,,,,NONE,長期調整後 / 安値切り上げ / 勢い改善 / 25日線付近,
2026-08-31,7.1-EARLY-RESEARCH-R2,6503,三菱電機,5585.0,0.3053160919540332,-5.531123139377536,1.6880968767984172,-2.141155032239972,1.0850261002841992,-16.46724498953036,66,False,True,True,True,False,False,False,B,False,,,,,NONE,長期調整後 / 5日線上向き / 勢い改善 / 25日線付近,
2026-08-31,7.1-EARLY-RESEARCH-R2,6301,小松製作所,7438.0,0.3237118964121821,6.3482985416071,-1.263362738989593,3.2092269437413945,1.3077964502667778,-5.127551020408161,133,True,True,True,False,True,False,False,B,False,,,,,NONE,高値持ち合い後 / 安値切り上げ / 5日線上向き / 出来高1.3倍,
2026-08-31,7.1-EARLY-RESEARCH-R2,8725,ＭＳ＆ＡＤインシュアランスグループホールディングス,5107.0,3.653338745687029,3.7164906580016144,2.7242160811866256,3.584380603130044,1.2434987219547111,-0.7578701904391805,10,True,True,True,False,False,False,False,B,False,,,,,NONE,安値切り上げ / 5日線上向き / 出来高1.2倍 / 勢い改善,
2026-08-31,7.1-EARLY-RESEARCH-R2,8253,クレディセゾン,4671.0,-0.3413697461062459,2.6367831245879936,-1.0005655272532443,0.121749419118089,1.1984518884292006,-5.445344129554652,132,True,True,True,False,True,False,False,B,False,,,,,NONE,高値持ち合い後 / 安値切り上げ / 5日線上向き / 出来高1.2倍 / 25日線付近,
2026-08-31,7.1-EARLY-RESEARCH-R2,6902,デンソー,1935.0,-0.2834321051275457,-1.6518424396442133,0.1295285047835076,-1.2875974370485266,1.3406770479587096,-18.457648546144124,201,True,False,True,True,False,False,False,B,False,,,,,NONE,長期調整後 / 安値切り上げ / 出来高1.3倍 / 勢い改善 / 25日線付近,
2026-08-31,7.1-EARLY-RESEARCH-R2,8001,伊藤忠商事,2108.0,-0.4486422668240841,4.667328699106266,-1.6154744416006506,2.896527486259326,1.19446613330089,-78.70491968885747,173,True,True,True,True,False,False,False,B,False,,,,,NONE,長期調整後 / 安値切り上げ / 5日線上向き / 出来高1.2倍 / 25日線付近,
2026-08-31,7.1-EARLY-RESEARCH-R2,5401,日本製鉄,669.8,0.5554721513286287,3.109605911330049,-0.2219293265038835,-0.0334316382696653,0.9941774321549984,-80.5855072463768,237,True,True,True,True,False,False,False,B,False,,,,,NONE,長期調整後 / 安値切り上げ / 5日線上向き / 25日線付近,
2026-08-31,7.1-EARLY-RESEARCH-R2,6770,アルプスアルパイン,2257.0,2.2886924994334867,1.9421860885275424,1.8031459773016008,3.42868141033279,0.9346606138333028,-5.781673972030887,125,True,True,True,False,True,False,False,B,False,,,,,NONE,高値持ち合い後 / 安値切り上げ / 5日線上向き / 勢い改善,
2026-08-31,7.1-EARLY-RESEARCH-R2,8035,東京エレクトロン,56440.0,2.339075249320044,1.6936936936936986,1.9156518258966195,0.4785370438943781,0.921569961678702,-30.543933054393303,41,True,True,True,False,False,False,False,B,False,,,,,NONE,安値切り上げ / 5日線上向き / 勢い改善 / 25日線付近,
2026-08-31,7.1-EARLY-RESEARCH-R2,8601,大和証券グループ本社,1843.5,3.1905961376994085,2.019922523519635,2.6856155068195,2.0628487908583626,1.6154276550516349,-2.2793532997614663,30,True,True,False,False,False,False,False,B,False,,,,,NONE,安値切り上げ / 5日線上向き / 出来高1.6倍 / 勢い改善 / 25日線付近,
2026-08-31,7.1-EARLY-RESEARCH-R2,5802,住友電気工業,2221.0,3.2303044387636426,1.694139194139188,2.8067696402288456,-0.2443362497978829,0.8990729113743375,-85.04377104377105,61,False,True,True,True,False,False,False,B,False,,,,,NONE,長期調整後 / 5日線上向き / 勢い改善 / 25日線付近,
2026-08-31,7.1-EARLY-RESEARCH-R2,5233,太平洋セメント,4240.0,0.7604562737642651,4.074619538537072,-0.2581986108700029,1.504371391088677,0.917820886725538,-14.653784219001608,135,True,True,True,False,True,False,False,B,False,,,,,NONE,高値持ち合い後 / 安値切り上げ / 5日線上向き / 25日線付近,
2026-08-31,7.1-EARLY-RESEARCH-R2,4901,富士フイルムホールディングス,3390.0,3.32215787869552,-10.127253446447504,5.853971240307396,-1.8176762937476163,0.9333911771559892,-13.254861821903784,16,True,True,True,False,False,False,False,B,False,,,,,NONE,安値切り上げ / 5日線上向き / 勢い改善 / 25日線付近,
2026-08-31,7.1-EARLY-RESEARCH-R2,4005,住友化学,572.2,3.3224990971469914,9.764051409936725,0.8814862446628102,8.061762528516848,0.9140867697861038,-8.44799999999999,73,True,True,True,False,True,False,False,B,False,,,,,NONE,高値持ち合い後 / 安値切り上げ / 5日線上向き / 勢い改善,
2026-08-31,7.1-EARLY-RESEARCH-R2,6861,キーエンス,83660.0,3.4116192830655034,3.09303758471966,2.6383598868855884,1.7568441998842,0.9822165848010964,-4.8453139217470405,16,True,True,True,False,False,False,False,B,False,,,,,NONE,安値切り上げ / 5日線上向き / 勢い改善 / 25日線付近,
2026-08-31,7.1-EARLY-RESEARCH-R2,1801,大成建設,12570.0,-1.1792452830188704,-3.788748564867972,-0.2320581418018774,-2.538496131003143,1.3232708199690577,-39.21663442940039,122,True,True,True,True,False,False,False,B,False,,,,,NONE,長期調整後 / 安値切り上げ / 5日線上向き / 出来高1.3倍 / 25日線付近,
2026-08-31,7.1-EARLY-RESEARCH-R2,7186,横浜フィナンシャルグループ,1950.5,4.193376068376065,6.06307775965198,2.677606628463069,3.396910550142596,1.218465924372008,-2.2550739163117006,24,True,True,True,False,False,False,False,B,False,,,,,NONE,安値切り上げ / 5日線上向き / 出来高1.2倍 / 勢い改善,
2026-08-31,7.1-EARLY-RESEARCH-R2,8306,三菱ＵＦＪフィナンシャル・グループ,3680.0,5.716748060902033,3.0523662839540666,4.9536564899135165,2.52409873516466,1.0812638376898238,-3.4880671387359063,24,True,True,True,False,True,False,False,A,False,,,,,NONE,高値持ち合い後 / 安値切り上げ / 5日線上向き / 勢い改善 / 25日線付近,
2026-08-31,7.1-EARLY-RESEARCH-R2,9602,東宝,1579.0,0.8301404853128913,3.745072273324568,-0.1061275830182506,3.459572795177568,1.2740272216412898,-84.66245750364254,251,True,True,True,True,False,False,False,B,False,,,,,NONE,長期調整後 / 安値切り上げ / 5日線上向き / 出来高1.3倍,
2026-08-31,7.1-EARLY-RESEARCH-R2,9432,ＮＴＴ,172.5,3.603603603603611,13.188976377952756,0.3063595091154223,7.431119525683805,1.3765441530245068,-0.289017341040465,0,True,True,True,False,False,False,False,B,False,,,,,NONE,安値切り上げ / 5日線上向き / 出来高1.4倍 / 勢い改善,
2026-08-31,7.1-EARLY-RESEARCH-R2,3407,旭化成,1644.0,0.6427915518824712,-4.557329462989845,1.7821239176299324,-2.604327116756322,1.171683254977133,-13.746065057712489,38,False,False,True,False,True,False,False,B,False,,,,,NONE,高値持ち合い後 / 出来高1.2倍 / 勢い改善 / 25日線付近,
2026-08-31,7.1-EARLY-RESEARCH-R2,2802,味の素,5402.0,0.5959031657355673,8.80161127895267,-1.6044996540026002,2.3493747631678774,0.8568996960486323,-14.794952681388008,38,True,True,True,False,True,False,False,B,False,,,,,NONE,高値持ち合い後 / 安値切り上げ / 5日線上向き / 25日線付近,
2026-08-31,7.1-EARLY-RESEARCH-R2,8331,千葉銀行,2820.0,3.296703296703307,7.346783403121426,1.4600074459229506,3.131994324083154,1.400793634235595,-2.506482281763178,9,True,True,True,False,False,False,False,B,False,,,,,NONE,安値切り上げ / 5日線上向き / 出来高1.4倍 / 勢い改善,
2026-08-31,7.1-EARLY-RESEARCH-R2,8697,日本取引所グループ,2250.0,0.5137368773732387,2.622576966932733,-0.1419073643599444,0.2245028864656717,2.181819347126997,-4.499151103565369,22,True,True,True,False,True,False,False,A,False,,,,,NONE,高値持ち合い後 / 安値切り上げ / 5日線上向き / 出来高2.2倍 / 25日線付近,
2026-08-31,7.1-EARLY-RESEARCH-R2,4506,住友ファーマ,1554.0,9.590973201692533,24.51923076923077,3.4611655093848386,14.4970675783207,1.564873642598841,-52.737226277372265,131,True,True,True,True,False,False,False,A,False,,,,,NONE,長期調整後 / 安値切り上げ / 5日線上向き / 出来高1.6倍 / 勢い改善,
2026-08-31,7.1-EARLY-RESEARCH-R2,3099,三越伊勢丹ホールディングス,3514.0,1.2388360702967338,-2.0351268469473105,1.7476177820335614,-1.5840652446674983,0.6459254468898714,-16.17366412213741,42,True,True,True,False,False,False,False,B,False,,,,,NONE,安値切り上げ / 5日線上向き / 勢い改善 / 25日線付近,
2026-08-31,7.1-EARLY-RESEARCH-R2,5332,ＴＯＴＯ,6405.0,1.1688516821987127,-8.63052781740371,3.32648363654964,-2.204184836380952,0.9063396134769328,-32.578947368421055,47,True,True,True,False,False,False,False,B,False,,,,,NONE,安値切り上げ / 5日線上向き / 勢い改善 / 25日線付近,
2026-08-31,7.1-EARLY-RESEARCH-R2,9434,ソフトバンク,237.1,0.8936170212765937,6.132497761862132,-0.6395074191889394,2.094421192235485,1.114656776248244,-4.356595401371521,251,True,True,True,False,True,False,False,A,False,,,,,NONE,高値持ち合い後 / 安値切り上げ / 5日線上向き / 出来高1.1倍 / 25日線付近,
2026-08-31,7.1-EARLY-RESEARCH-R2,3659,ネクソン,3170.0,2.093397745571668,26.749300279888043,-4.593927324400343,14.797673626954634,1.5522651663676803,-28.50699142986017,147,True,True,True,True,False,False,False,B,False,,,,,NONE,長期調整後 / 安値切り上げ / 5日線上向き / 出来高1.6倍,
2026-08-31,7.1-EARLY-RESEARCH-R2,6762,ＴＤＫ,3078.0,1.183431952662728,2.327127659574457,0.6016500377691136,0.9392134743027912,0.8778308016787746,-28.667439165701047,63,True,True,True,True,False,False,False,A,False,,,,,NONE,長期調整後 / 安値切り上げ / 5日線上向き / 勢い改善 / 25日線付近,
2026-08-31,7.1-EARLY-RESEARCH-R2,4755,楽天グループ,776.0,0.6746237675142819,-6.909788867562384,2.4020709844048778,-3.388378717555429,0.7750701409367269,-27.374824520355634,195,True,True,True,True,False,False,False,B,False,,,,,NONE,長期調整後 / 安値切り上げ / 5日線上向き / 勢い改善,
2026-08-31,7.1-EARLY-RESEARCH-R2,6701,日本電気,4908.0,4.270235818992996,3.544303797468351,3.384159869625908,3.245458293715231,0.959781826900024,-20.76202776880852,186,True,True,True,True,False,False,False,B,False,,,,,NONE,長期調整後 / 安値切り上げ / 5日線上向き / 勢い改善,
2026-08-31,7.1-EARLY-RESEARCH-R2,3092,ＺＯＺＯ,1149.5,0.9661835748792312,0.568678915135612,0.8240138460953284,0.2564192017862066,1.096437143335058,-24.27536231884058,251,True,True,True,True,False,False,False,A,False,,,,,NONE,長期調整後 / 安値切り上げ / 5日線上向き / 勢い改善 / 25日線付近,
2026-08-31,7.1-EARLY-RESEARCH-R2,4063,信越化学工業,6023.0,-0.4627334324904919,3.8448275862069,-1.423940329042217,-0.9094678099725528,0.9690850516858122,-24.04791929382093,63,False,False,True,True,False,False,False,E,False,,,,,NONE,長期調整後 / 25日線付近,
2026-08-31,7.1-EARLY-RESEARCH-R2,7004,カナデビア,1186.0,-0.5867560771165126,-0.1683501683501731,-0.5446685350289693,-1.6942409071317277,0.9524457802305976,-21.71617161716172,76,True,False,True,True,False,False,False,D,False,,,,,NONE,長期調整後 / 安値切り上げ / 25日線付近,
2026-08-31,7.1-EARLY-RESEARCH-R2,5301,東海カーボン,1811.0,9.691096305269545,17.78861788617887,5.243941833724826,7.49050332383665,1.2510164114662663,-6.793618116314981,16,False,True,True,False,False,False,False,C,False,,,,,NONE,5日線上向き / 出来高1.3倍 / 勢い改善,
2026-08-31,7.1-EARLY-RESEARCH-R2,9001,東武鉄道,3009.0,-0.660283922086502,-2.81007751937985,0.0422354577584604,0.1017984390905946,1.3016748610944555,-7.014833127317677,22,True,False,True,False,True,False,False,B,False,,,,,NONE,高値持ち合い後 / 安値切り上げ / 出来高1.3倍 / 勢い改善 / 25日線付近,
2026-08-31,7.1-EARLY-RESEARCH-R2,7011,三菱重工業,3889.0,-1.668773704171933,3.320935175345374,-2.4990074980082766,-2.774027740277407,1.160400386347019,-25.32642089093702,123,False,True,True,True,False,False,False,C,False,,,,,NONE,長期調整後 / 5日線上向き / 出来高1.2倍 / 25日線付近,
2026-08-31,7.1-EARLY-RESEARCH-R2,8233,高島屋,2343.5,-1.657574485942093,2.988354207866406,-2.404663037908694,0.7670940722203756,1.1139333986462945,-10.159095265478246,44,True,False,True,False,True,False,False,C,False,,,,,NONE,高値持ち合い後 / 安値切り上げ / 出来高1.1倍 / 25日線付近,
2026-08-31,7.1-EARLY-RESEARCH-R2,4503,アステラス製薬,2371.5,-1.4543943486390989,7.6975476839237,-3.378781269620024,2.4662766481450937,2.3915168544960625,-12.716231137283774,97,True,False,True,False,True,False,False,C,False,,,,,NONE,高値持ち合い後 / 安値切り上げ / 出来高2.4倍 / 25日線付近,
2026-08-31,7.1-EARLY-RESEARCH-R2,4519,中外製薬,6913.0,-1.0591097752969847,-0.2740911713791094,-0.9905869824522072,-0.4395465124317432,1.2032040109531137,-35.39252336448598,126,True,False,True,True,False,False,False,C,False,,,,,NONE,長期調整後 / 安値切り上げ / 出来高1.2倍 / 25日線付近,
2026-08-31,7.1-EARLY-RESEARCH-R2,7974,任天堂,9044.0,2.854543386784947,17.77575205104831,-1.589394625977131,8.736948921046682,0.8019637806678215,-38.18181818181819,198,True,True,True,True,False,False,False,C,False,,,,,NONE,長期調整後 / 安値切り上げ / 5日線上向き,
2026-08-31,7.1-EARLY-RESEARCH-R2,3382,セブン＆アイ・ホールディングス,2026.0,-0.929095354523224,-3.9355144618302473,0.0547832609343379,-2.140731867537393,1.110084488829476,-16.17707902358295,133,False,False,True,True,False,False,False,C,False,,,,,NONE,長期調整後 / 出来高1.1倍 / 勢い改善 / 25日線付近,
2026-08-31,7.1-EARLY-RESEARCH-R2,9502,中部電力,2873.5,-0.8111839834311407,3.103695730175815,-1.5871079159750945,2.103542621611054,1.5174574451564111,-12.55325623858795,35,True,False,True,False,True,False,False,C,False,,,,,NONE,高値持ち合い後 / 安値切り上げ / 出来高1.5倍 / 25日線付近,
2026-08-31,7.1-EARLY-RESEARCH-R2,6471,日本精工,1109.5,-0.4486316733961382,-3.689236111111116,0.4736773543816408,-2.619060157635112,1.8769975979195204,-21.56238953693885,122,False,False,True,True,False,False,False,C,False,,,,,NONE,長期調整後 / 出来高1.9倍 / 勢い改善 / 25日線付近,
2026-08-31,7.1-EARLY-RESEARCH-R2,4507,塩野義製薬,2910.5,-0.3765189115180534,0.0687639676809404,-0.3937099034382885,1.0162361777302786,1.189722945024004,-22.551889302820648,97,True,False,True,True,False,False,False,C,False,,,,,NONE,長期調整後 / 安値切り上げ / 出来高1.2倍 / 25日線付近,
2026-08-31,7.1-EARLY-RESEARCH-R2,3401,帝人,1758.0,-0.2270147559591429,7.39156994502137,-2.0749072422144854,2.3032785931262456,1.0047052476998233,-3.618421052631582,13,True,False,True,False,False,False,False,E,False,,,,,NONE,安値切り上げ / 25日線付近,
2026-08-31,7.1-EARLY-RESEARCH-R2,5201,ＡＧＣ,5737.0,-0.3474031613687645,-5.625925316663927,1.0590781677972172,-2.3057012465090843,0.9520152076652776,-31.00420926037281,61,True,False,True,True,False,False,False,C,False,,,,,NONE,長期調整後 / 安値切り上げ / 勢い改善 / 25日線付近,
2026-08-31,7.1-EARLY-RESEARCH-R2,5020,ＥＮＥＯＳホールディングス,1339.0,-0.1118985453189114,0.866290018832383,-0.3284710500270071,2.35438006421036,1.2736558357413603,-13.752012882447662,123,True,False,True,False,True,False,False,C,False,,,,,NONE,高値持ち合い後 / 安値切り上げ / 出来高1.3倍 / 25日線付近,
2026-08-31,7.1-EARLY-RESEARCH-R2,6954,ファナック,6055.0,0.0495703899537236,-15.136650315346875,3.833732968790443,-4.52357975868355,0.7393929670522001,-31.813063063063066,75,False,True,True,True,False,False,False,C,False,,,,,NONE,長期調整後 / 5日線上向き / 勢い改善,
2026-08-31,7.1-EARLY-RESEARCH-R2,9984,ソフトバンクグループ,5200.0,4.522613065326642,-1.1406844106463865,4.807784167988238,-2.668383696205568,0.8657050790483108,-81.22404766203286,203,False,True,True,True,False,False,False,B,False,,,,,NONE,長期調整後 / 5日線上向き / 勢い改善 / 25日線付近,
2026-08-31,7.1-EARLY-RESEARCH-R2,6594,ニデック,2581.0,0.0387596899224851,-0.3859513701273687,0.1352475324543273,-3.036996964505756,1.703593050781634,-21.69296116504854,247,False,False,True,True,False,False,False,C,False,,,,,NONE,長期調整後 / 出来高1.7倍 / 勢い改善,
2026-08-31,7.1-EARLY-RESEARCH-R2,6178,日本郵政,2486.5,6.147278548559232,4.387069689336687,5.05051112622506,4.005454378142348,3.5461613070200566,-2.087025004922227,24,True,True,True,False,False,False,False,B,False,,,,,NONE,安値切り上げ / 5日線上向き / 出来高3.5倍 / 勢い改善,
2026-08-31,7.1-EARLY-RESEARCH-R2,1928,積水ハウス,3446.0,-0.9200690051753836,-1.2041284403669694,-0.6190368950836411,-0.4713602439982534,1.415297481181239,-10.07306889352818,125,True,False,True,False,True,False,False,C,False,,,,,NONE,高値持ち合い後 / 安値切り上げ / 出来高1.4倍 / 25日線付近,
2026-08-31,7.1-EARLY-RESEARCH-R2,8604,野村ホールディングス,1635.5,6.270305393112419,7.598684210526319,4.370634340480839,4.823616879454451,1.1189898117672126,-0.9987893462469756,1,True,True,True,False,False,False,False,B,False,,,,,NONE,安値切り上げ / 5日線上向き / 出来高1.1倍 / 勢い改善,
2026-08-31,7.1-EARLY-RESEARCH-R2,4543,テルモ,2516.0,-3.0629936428433813,8.261617900172125,-5.128398117886412,1.5679245587689294,1.1388299722811388,-10.142857142857142,251,True,False,True,False,True,False,False,C,False,,,,,NONE,高値持ち合い後 / 安値切り上げ / 出来高1.1倍 / 25日線付近,
2026-08-31,7.1-EARLY-RESEARCH-R2,6113,アマダ,2587.5,0.4464285714285809,-7.1582346609257215,2.235987236660012,-4.467417389699091,1.078639733274139,-19.742555831265506,74,False,False,True,True,False,False,False,D,False,,,,,NONE,長期調整後 / 勢い改善,
2026-08-31,7.1-EARLY-RESEARCH-R2,3103,ユニチカ,1671.0,23.13927781871776,101.32530120481928,-2.192047482487059,33.82131530896626,1.3590031040221755,-61.84931506849315,88,True,True,True,True,False,False,False,B,False,,,,,NONE,長期調整後 / 安値切り上げ / 5日線上向き / 出来高1.4倍,
2026-08-31,7.1-EARLY-RESEARCH-R2,8830,住友不動産,3326.0,-1.8010038382049065,-7.688037746322507,0.1210055983757203,-4.080196569266437,1.5610114483645317,-59.4390243902439,168,True,False,True,True,False,False,False,C,False,,,,,NONE,長期調整後 / 安値切り上げ / 出来高1.6倍 / 勢い改善,
2026-08-31,7.1-EARLY-RESEARCH-R2,6976,太陽誘電,9184.0,0.3825554705432221,-10.180929095354518,2.927787744381852,-7.137021428051416,0.8223336566706899,-61.83669229170996,41,False,False,True,False,False,False,False,E,False,,,,,NONE,勢い改善,
2026-08-31,7.1-EARLY-RESEARCH-R2,5406,神戸製鋼所,2020.0,-0.1976284584980225,-2.744342802118438,0.4884572420315869,-0.2488839726622616,0.720881576223975,-15.108216011767173,137,True,False,True,True,False,False,False,C,False,,,,,NONE,長期調整後 / 安値切り上げ / 勢い改善 / 25日線付近,
2026-08-31,7.1-EARLY-RESEARCH-R2,9503,関西電力,2810.5,8.849728892331532,15.160827699241963,5.059521967521041,13.676810820430685,2.897958528342177,-0.5484784147204547,124,True,True,False,False,False,False,False,C,False,,,,,NONE,安値切り上げ / 5日線上向き / 出来高2.9倍 / 勢い改善,
2026-08-31,7.1-EARLY-RESEARCH-R2,9107,川崎汽船,3330.0,-3.8961038961038974,16.842105263157904,-8.106630211893373,9.332317713805406,0.8116882847083206,-7.268170426065168,4,True,False,True,False,False,False,False,E,False,,,,,NONE,安値切り上げ,
2026-08-31,7.1-EARLY-RESEARCH-R2,3086,Ｊ．フロント　リテイリング,2952.5,-3.3867801047120394,-0.9726647660573516,-3.1436139131977017,-1.1457384689559036,2.147087316929902,-18.37157865634504,42,True,False,True,False,False,False,False,D,False,,,,,NONE,安値切り上げ / 出来高2.1倍 / 25日線付近,
2026-08-31,7.1-EARLY-RESEARCH-R2,4452,花王,3641.0,2.074572469862624,11.41370869033047,-0.7788547027199941,4.250177520214393,0.9896556356634276,-48.03767660910518,237,True,True,True,True,False,False,False,C,False,,,,,NONE,長期調整後 / 安値切り上げ / 5日線上向き,
2026-08-31,7.1-EARLY-RESEARCH-R2,5713,住友金属鉱山,11115.0,-3.1372549019607843,35.79718998167378,-12.08655239737923,16.230675277740602,0.7236541724139588,-16.428571428571427,123,True,True,True,True,False,False,False,D,False,,,,,NONE,長期調整後 / 安値切り上げ / 5日線上向き,
2026-08-31,7.1-EARLY-RESEARCH-R2,9501,東京電力ホールディングス,538.1,0.391791044776113,3.480769230769232,-0.4784012629161949,2.2342972223277746,0.822535064823516,-42.71875665318288,193,True,False,True,True,False,False,False,C,False,,,,,NONE,長期調整後 / 安値切り上げ / 25日線付近,
2026-08-31,7.1-EARLY-RESEARCH-R2,6981,村田製作所,7191.0,1.75463421536719,-3.033980582524276,2.513129360998259,-2.4017502809461466,0.8195806471355904,-44.23419930205505,48,False,True,True,False,False,False,False,C,False,,,,,NONE,5日線上向き / 勢い改善 / 25日線付近,
2026-08-31,7.1-EARLY-RESEARCH-R2,4021,日産化学,8219.0,1.8589664146734464,9.542849526855935,-0.5267459670405374,4.889839506677007,0.76407943414394,-5.60468588492018,39,True,True,True,False,True,False,False,C,False,,,,,NONE,高値持ち合い後 / 安値切り上げ / 5日線上向き,
2026-08-31,7.1-EARLY-RESEARCH-R2,3405,クラレ,1848.5,1.2044894607172285,0.4619565217391264,1.089000330282447,-0.2579210912544205,0.6993203834859628,-11.470306513409966,15,False,True,True,False,False,False,False,C,False,,,,,NONE,5日線上向き / 勢い改善 / 25日線付近,
2026-08-31,7.1-EARLY-RESEARCH-R2,2501,サッポロビール,1888.0,-1.5127803860198186,-6.139696743723588,0.0221437999110785,-4.307190138774852,0.9640744460163758,-77.18980306874471,183,True,False,True,True,False,False,False,D,False,,,,,NONE,長期調整後 / 安値切り上げ / 勢い改善,
2026-08-31,7.1-EARLY-RESEARCH-R2,1605,ＩＮＰＥＸ,3957.0,1.748521470815123,9.09842845326716,-0.5260856425016671,6.468277457891625,1.1873574753430978,-20.141271442986884,104,True,False,True,True,False,False,False,C,False,,,,,NONE,長期調整後 / 安値切り上げ / 出来高1.2倍,
2026-08-31,7.1-EARLY-RESEARCH-R2,8308,りそなホールディングス,2530.0,6.7060312104597175,15.446041524070274,2.844520829442149,7.298867636456174,0.8652468834936372,-0.8814887365328095,9,True,True,True,False,False,False,False,C,False,,,,,NONE,安値切り上げ / 5日線上向き / 勢い改善,
2026-08-31,7.1-EARLY-RESEARCH-R2,4631,ＤＩＣ,5039.0,-2.003111629716059,13.901446654611217,-5.478473293368863,1.5477006166619622,0.9252785221661476,-14.244383934649418,12,False,False,True,False,False,False,False,E,False,,,,,NONE,25日線付近,
2026-08-31,7.1-EARLY-RESEARCH-R2,3101,東洋紡,1674.0,2.510716472749541,10.131578947368425,-0.0221782640925649,4.19778906483419,0.6569066434597083,-13.933161953727502,63,True,True,True,False,True,False,False,C,False,,,,,NONE,高値持ち合い後 / 安値切り上げ / 5日線上向き,
2026-08-31,7.1-EARLY-RESEARCH-R2,6098,リクルートホールディングス,18215.0,10.293672419013022,45.13944223107569,-0.9911881387559004,20.88050648368129,1.4067328174611615,0.0,0,True,True,True,False,False,False,False,C,False,,,,,NONE,安値切り上げ / 5日線上向き / 出来高1.4倍,
2026-08-31,7.1-EARLY-RESEARCH-R2,6305,日立建機,5735.0,-4.496253122397997,6.321839080459779,-6.076712892512941,2.3076758407603704,0.7977752261505464,-20.62283737024222,124,True,False,True,True,False,False,False,D,False,,,,,NONE,長期調整後 / 安値切り上げ / 25日線付近,
2026-08-31,7.1-EARLY-RESEARCH-R2,4578,大塚ホールディングス,12250.0,0.3276003276003303,10.360360360360366,-2.262489762489761,2.0425163268026125,1.0980115077739483,-4.25947635795233,14,True,True,True,False,False,False,False,C,False,,,,,NONE,安値切り上げ / 5日線上向き / 25日線付近,
2026-08-31,7.1-EARLY-RESEARCH-R2,8354,ふくおかフィナンシャルグループ,7881.0,4.578025477707004,7.078804347826084,2.808324390750483,3.928746630656677,0.6466767152005753,-0.4924242424242386,9,True,True,True,False,False,False,False,C,False,,,,,NONE,安値切り上げ / 5日線上向き / 勢い改善,
2026-08-31,7.1-EARLY-RESEARCH-R2,6724,セイコーエプソン,3229.0,4.6677471636952905,9.457627118644062,2.303340384034275,4.606034689421468,0.8165503992030763,-2.447129909365564,13,True,True,True,False,False,False,False,C,False,,,,,NONE,安値切り上げ / 5日線上向き / 勢い改善,
2026-08-31,7.1-EARLY-RESEARCH-R2,2413,エムスリー,1834.0,6.658912474556566,2.946954813359537,5.922173771216682,4.289873532890542,0.599747908978733,-33.21194464675892,191,False,True,True,True,False,False,False,C,False,,,,,NONE,長期調整後 / 5日線上向き / 勢い改善,
2026-08-31,7.1-EARLY-RESEARCH-R2,1808,長谷工コーポレーション,2898.0,0.6250000000000089,4.244604316546763,-0.4361510791366818,3.4084096942707864,1.0753451012457311,-17.926932880203907,134,True,True,True,True,False,False,False,C,False,,,,,NONE,長期調整後 / 安値切り上げ / 5日線上向き,
2026-08-31,7.1-EARLY-RESEARCH-R2,6472,ＮＴＮ,374.8,0.0533902829684906,-4.143222506393862,1.089195909566956,-1.59940350545561,0.9624600283913262,-23.039014373716626,76,False,False,True,True,False,False,False,C,False,,,,,NONE,長期調整後 / 勢い改善 / 25日線付近,
2026-08-31,7.1-EARLY-RESEARCH-R2,7752,リコー,1697.5,2.2898463392588164,7.470718581829683,0.4221666938013957,4.333128457283353,0.6568369531966962,-0.7309941520467822,2,True,True,True,False,False,False,False,C,False,,,,,NONE,安値切り上げ / 5日線上向き / 勢い改善,
2026-08-31,7.1-EARLY-RESEARCH-R2,8628,松井証券,1199.0,8.506787330316733,14.299332697807433,4.931954155864875,8.932659810299072,1.567604978342064,-1.4790468364831555,1,True,True,False,False,False,False,False,C,False,,,,,NONE,安値切り上げ / 5日線上向き / 出来高1.6倍 / 勢い改善,
2026-08-31,7.1-EARLY-RESEARCH-R2,7762,シチズン時計,2826.0,8.859784283513106,32.48945147679325,0.7374214143147935,13.16855948357334,0.6049776954391439,-3.219178082191776,10,True,True,True,False,False,False,False,C,False,,,,,NONE,安値切り上げ / 5日線上向き / 勢い改善,
2026-08-31,7.1-EARLY-RESEARCH-R2,9766,コナミグループ,22105.0,-0.2481949458483789,7.097868217054271,-2.0226620001119464,3.299219589700453,1.1028938906752412,-17.038844060799395,201,True,True,True,True,False,False,False,C,False,,,,,NONE,長期調整後 / 安値切り上げ / 5日線上向き / 出来高1.1倍,
2026-08-31,7.1-EARLY-RESEARCH-R2,8252,丸井グループ,2918.5,-2.4565508021390348,-1.6512215669755692,-2.0437454103951422,-1.4885573482751655,1.191014262837302,-13.320463320463316,234,True,False,True,False,True,False,False,C,False,,,,,NONE,高値持ち合い後 / 安値切り上げ / 出来高1.2倍 / 25日線付近,
2026-08-31,7.1-EARLY-RESEARCH-R2,9023,東京地下鉄,1471.0,-0.5072708826513339,0.9262435677529934,-0.7388317745895823,0.2781337768930747,0.927548530815742,-18.095768374164813,250,True,False,True,True,False,False,False,D,False,,,,,NONE,長期調整後 / 安値切り上げ / 25日線付近,
2026-08-31,7.1-EARLY-RESEARCH-R2,7741,ＨＯＹＡ,24600.0,-1.184976902992574,-0.3039513677811523,-1.1089890610472857,-2.523299308945659,1.8454220429136723,-19.07894736842105,92,False,False,True,True,False,False,False,D,False,,,,,NONE,長期調整後 / 出来高1.8倍 / 25日線付近,
2026-08-31,7.1-EARLY-RESEARCH-R2,2002,日清製粉グループ本社,2047.5,-0.4134241245136172,1.7391304347825989,-0.8482067332092669,0.7746977989526282,1.0755612491337128,-6.868319308619508,96,True,False,True,False,True,False,False,D,False,,,,,NONE,高値持ち合い後 / 安値切り上げ / 25日線付近,
2026-08-31,7.1-EARLY-RESEARCH-R2,7731,ニコン,1929.5,-2.575107296137336,1.0738606600314338,-2.843572461145194,-2.372013479189228,0.7174743967554635,-19.267782426778247,74,True,False,True,True,False,False,False,D,False,,,,,NONE,長期調整後 / 安値切り上げ / 25日線付近,
2026-08-31,7.1-EARLY-RESEARCH-R2,7013,ＩＨＩ,2682.0,0.6945748075840141,-5.145888594164461,1.9810469561251287,-3.838569267064884,0.7253702608257474,-85.15361195682259,226,False,True,False,True,False,False,False,D,False,,,,,NONE,長期調整後 / 5日線上向き / 勢い改善,
2026-08-31,7.1-EARLY-RESEARCH-R2,9147,ＮＩＰＰＯＮ　ＥＸＰＲＥＳＳホールディングス,5773.0,1.050236303168206,9.378552482000767,-1.2944018173319858,5.129549907854591,0.702015372082315,-0.3452442603141703,12,True,True,True,False,False,False,False,D,False,,,,,NONE,安値切り上げ / 5日線上向き,
2026-08-31,7.1-EARLY-RESEARCH-R2,4208,ＵＢＥ,3570.0,1.3053348467650494,12.158341187558896,-1.7342504501246747,3.852732752301047,0.7605760576057605,-3.851333153783998,12,True,True,True,False,False,False,False,D,False,,,,,NONE,安値切り上げ / 5日線上向き,
2026-08-31,7.1-EARLY-RESEARCH-R2,7733,オリンパス,2105.5,-2.5231481481481466,15.686813186813197,-6.444851444851446,4.7314438066435205,1.1156986291213773,-4.750056548292236,7,True,False,True,False,False,False,False,E,False,,,,,NONE,安値切り上げ / 出来高1.1倍,
2026-08-31,7.1-EARLY-RESEARCH-R2,8015,豊田通商,7478.0,1.5618633709086005,11.24665278191015,-1.249799824568937,4.556996006756076,1.050164188958158,-2.3377301815332374,1,True,True,True,False,False,False,False,D,False,,,,,NONE,安値切り上げ / 5日線上向き,
2026-08-31,7.1-EARLY-RESEARCH-R2,9005,東急,1660.5,-1.3368983957219305,-4.951345163136811,-0.0990621049377278,-1.6477918877937814,0.9191288090634536,-17.429139731476873,123,True,False,True,True,False,False,False,D,False,,,,,NONE,長期調整後 / 安値切り上げ / 25日線付近,
2026-08-31,7.1-EARLY-RESEARCH-R2,2269,明治ホールディングス,4491.0,2.7688787185354613,18.527315914489307,-1.8629502600868653,8.6483191081693,0.5878360897914191,-1.4266900790166792,3,True,True,True,False,False,False,False,D,False,,,,,NONE,安値切り上げ / 5日線上向き,
2026-08-31,7.1-EARLY-RESEARCH-R2,9843,ニトリホールディングス,3048.0,-0.6842619745845546,20.070908016545207,-5.701988978720856,6.34066693182056,0.8157785683361511,-79.27940176750509,231,True,True,True,True,False,False,False,D,False,,,,,NONE,長期調整後 / 安値切り上げ / 5日線上向き,
2026-08-31,7.1-EARLY-RESEARCH-R2,4689,ＬＩＮＥヤフー,556.0,4.17837736556117,24.440465532676804,-1.931739017608031,12.065142903212813,1.142525691510022,-1.4184397163120588,3,True,True,True,False,False,False,False,C,False,,,,,NONE,安値切り上げ / 5日線上向き / 出来高1.1倍,
2026-08-31,7.1-EARLY-RESEARCH-R2,6752,パナソニック　ホールディングス,4498.0,3.449862005519777,4.995331465919706,2.201029139039851,4.497723259920083,0.9834114467287544,-9.714973906061818,11,False,True,True,False,False,False,False,D,False,,,,,NONE,5日線上向き / 勢い改善,
2026-08-31,7.1-EARLY-RESEARCH-R2,6361,荏原製作所,4681.0,-5.625000000000002,-15.779057214825476,-1.680235696293633,-11.973552575163794,1.1028418115596532,-32.06095791001451,49,False,False,True,False,False,False,False,E,False,,,,,NONE,出来高1.1倍,
2026-08-31,7.1-EARLY-RESEARCH-R2,4043,トクヤマ,4032.0,0.6490264603095319,6.329113924050622,-0.9332520207031236,-0.6191584177938969,0.7607118533653134,-30.097087378640776,60,False,False,True,True,False,False,False,D,False,,,,,NONE,長期調整後 / 25日線付近,
2026-08-31,7.1-EARLY-RESEARCH-R2,6326,クボタ,2932.5,5.466642690163637,6.811145510835903,3.763856312454661,7.0396110437867865,2.0590099892054896,-10.266217870257034,133,True,True,False,False,True,False,False,B,False,,,,,NONE,高値持ち合い後 / 安値切り上げ / 5日線上向き / 出来高2.1倍 / 勢い改善,
2026-08-31,7.1-EARLY-RESEARCH-R2,5711,三菱マテリアル,5660.0,-1.9404019404019368,34.98688290007155,-10.687122665419825,13.169217972711422,1.3621010009405403,-7.802573709073135,1,True,True,True,False,False,False,False,D,False,,,,,NONE,安値切り上げ / 5日線上向き / 出来高1.4倍,
2026-08-31,7.1-EARLY-RESEARCH-R2,6504,富士電機,13850.0,-1.5286171347316024,-3.045152257612882,-0.7673290703283819,-1.0558802097472395,0.8861993771311393,-22.19101123595506,67,True,False,True,True,False,False,False,D,False,,,,,NONE,長期調整後 / 安値切り上げ / 25日線付近,
2026-08-31,7.1-EARLY-RESEARCH-R2,7201,日産自動車,328.5,-1.646706586826352,-2.290303390838788,-1.0741307391166548,-1.1709066403523538,1.4853737875346054,-29.506437768240342,131,False,False,True,True,False,False,False,D,False,,,,,NONE,長期調整後 / 出来高1.5倍 / 25日線付近,
2026-08-31,7.1-EARLY-RESEARCH-R2,4911,資生堂,3726.0,1.5812431842966213,18.135700697526943,-2.952681990085116,6.466876971608837,0.7049412576060949,-2.486260141324259,2,True,True,True,False,False,False,False,D,False,,,,,NONE,安値切り上げ / 5日線上向き,
2026-08-31,7.1-EARLY-RESEARCH-R2,6103,オークマ,4800.0,-2.0408163265306145,-2.932254802831147,-1.3077526258228278,-5.863894881349285,1.1954382191197062,-15.936952714535902,14,False,False,True,False,False,False,False,E,False,,,,,NONE,出来高1.2倍,
2026-08-31,7.1-EARLY-RESEARCH-R2,7832,バンダイナムコホールディングス,5720.0,3.211836881992069,24.105011933174225,-2.814416101301487,10.796885290357562,0.8571108626152733,-1.0209378785256962,0,True,True,True,False,False,False,False,D,False,,,,,NONE,安値切り上げ / 5日線上向き,
2026-08-31,7.1-EARLY-RESEARCH-R2,2282,日本ハム,6303.0,-1.376936316695354,0.8480000000000043,-1.5889363166953552,0.2257982444981543,0.7559499554790903,-15.053908355795151,100,True,False,True,True,False,False,False,D,False,,,,,NONE,長期調整後 / 安値切り上げ / 25日線付近,
2026-08-31,7.1-EARLY-RESEARCH-R2,4523,エーザイ,4740.0,-2.025630425795788,-1.822700911350461,-1.5699551979581727,-1.7192903883954114,1.6366830967300543,-11.385305664610213,236,True,False,True,False,True,False,False,C,False,,,,,NONE,高値持ち合い後 / 安値切り上げ / 出来高1.6倍 / 25日線付近,
2026-08-31,7.1-EARLY-RESEARCH-R2,5803,フジクラ,5504.0,9.728867623604476,31.927133269415144,1.7470843062506898,8.76352627793191,0.7422198440179829,-81.53639718215364,122,False,True,True,True,False,False,False,C,False,,,,,NONE,長期調整後 / 5日線上向き / 勢い改善,
2026-08-31,7.1-EARLY-RESEARCH-R2,8411,みずほフィナンシャルグループ,8623.0,6.351751356684754,5.583445573650048,4.9558899632722415,3.561168705143114,1.375151286763502,-2.2224742034244294,11,True,True,True,False,False,False,False,B,False,,,,,NONE,安値切り上げ / 5日線上向き / 出来高1.4倍 / 勢い改善,
2026-08-31,7.1-EARLY-RESEARCH-R2,6645,オムロン,6661.0,5.612811162200737,22.67034990791896,-0.0547763147790032,6.280116156619986,0.77991872770088,-8.060731538992405,9,True,True,True,False,False,False,False,D,False,,,,,NONE,安値切り上げ / 5日線上向き,
2026-08-31,7.1-EARLY-RESEARCH-R2,5333,ＮＧＫ,5323.0,-1.5353311135775094,-4.844476224526273,-0.324212057445941,-5.100301653747142,1.0192035855886916,-32.56903977704586,45,False,False,True,False,False,False,False,E,False,,,,,NONE,,
2026-08-31,7.1-EARLY-RESEARCH-R2,4061,デンカ,3365.0,-1.319648093841641,-1.895043731778423,-0.8458871608970353,-3.0605777762413355,0.8532925781729342,-28.28218243819267,49,False,False,True,False,False,False,False,E,False,,,,,NONE,,
2026-08-31,7.1-EARLY-RESEARCH-R2,1332,ニッスイ,1275.5,-1.2388695315524556,1.0697305863708315,-1.5063021781451635,-0.3110638696970702,1.093956260802112,-18.75796178343949,123,False,False,True,True,False,False,False,E,False,,,,,NONE,長期調整後 / 25日線付近,
2026-08-31,7.1-EARLY-RESEARCH-R2,5101,横浜ゴム,7429.0,-3.856606703766019,-3.1294823314643394,-3.074236120899934,-1.716683688859022,0.904282832981142,-10.396815824387897,13,True,False,True,False,False,False,False,E,False,,,,,NONE,安値切り上げ / 25日線付近,
2026-08-31,7.1-EARLY-RESEARCH-R2,6857,アドバンテスト,33690.0,-2.347826086956517,3.661538461538472,-3.263210702341135,1.4080945873542472,1.1128713248105688,-13.013168086754456,11,False,False,True,False,False,False,False,E,False,,,,,NONE,出来高1.1倍 / 25日線付近,
2026-08-31,7.1-EARLY-RESEARCH-R2,2871,ニチレイ,2155.5,-0.6453099792578909,-2.1783526208304926,-0.1007218240502677,-1.4565503620803222,0.8022763143921222,-9.012241452089487,22,False,False,True,False,True,False,False,E,False,,,,,NONE,高値持ち合い後 / 25日線付近,
2026-08-31,7.1-EARLY-RESEARCH-R2,8267,イオン,1356.5,-0.8406432748538029,-0.5498533724340171,-0.7031799317452986,-1.430045488235554,0.9851972409517168,-76.0716175692362,248,False,False,True,True,False,False,False,E,False,,,,,NONE,長期調整後 / 25日線付近,
2026-08-31,7.1-EARLY-RESEARCH-R2,6506,安川電機,4780.0,-3.4343434343434343,-1.7875487980275273,-2.9874562348365523,-5.65814300488684,0.888784536234229,-39.60833859759949,48,False,False,True,False,False,False,False,E,False,,,,,NONE,,
2026-08-31,7.1-EARLY-RESEARCH-R2,6723,ルネサスエレクトロニクス,3392.0,-1.0501750291715295,-1.452643811737364,-0.6870140762371885,-5.49742012414608,0.791254591039032,-35.80620741862226,47,False,False,True,False,False,False,False,E,False,,,,,NONE,,
2026-08-31,7.1-EARLY-RESEARCH-R2,7012,川崎重工業,2581.0,-0.3474903474903423,-6.587043069127763,1.2992704197915983,-5.182104729506332,0.9794525856026164,-86.2931492299522,122,False,True,False,True,False,False,False,E,False,,,,,NONE,長期調整後 / 5日線上向き / 勢い改善,
2026-08-31,7.1-EARLY-RESEARCH-R2,9104,商船三井,7006.0,-3.697594501718216,18.866644044791304,-8.414255512916041,7.997286965100514,1.0219042028099012,-6.698628312691435,4,True,False,True,False,False,False,False,E,False,,,,,NONE,安値切り上げ,
2026-08-31,7.1-EARLY-RESEARCH-R2,3436,ＳＵＭＣＯ,3400.0,-1.449275362318836,1.2809055704497974,-1.7695017549312853,-2.976897087024022,0.664961211259189,-42.75130493349049,33,False,False,True,False,False,False,False,E,False,,,,,NONE,25日線付近,
2026-08-31,7.1-EARLY-RESEARCH-R2,6920,レーザーテック,33640.0,-3.3611031312841155,-11.263518860458976,-0.5452234161693714,-11.102184920139946,0.8385960083523197,-42.57425742574258,49,False,False,True,False,False,False,False,E,False,,,,,NONE,,
2026-08-31,7.1-EARLY-RESEARCH-R2,3402,東レ,1287.5,-0.5407493240633499,11.183074265975822,-3.3365178905573054,1.8527308398202715,0.7229630524435554,-7.706093189964158,14,False,False,True,False,False,False,False,E,False,,,,,NONE,25日線付近,
2026-08-31,7.1-EARLY-RESEARCH-R2,2801,キッコーマン,1835.0,-0.5420054200542035,11.380880121396064,-3.3872254504032195,4.677695379349678,1.2215739040768592,-1.7402945113788482,6,True,False,True,False,False,False,False,E,False,,,,,NONE,安値切り上げ / 出来高1.2倍,
2026-08-31,7.1-EARLY-RESEARCH-R2,7532,パン・パシフィック・インターナショナルホールディングス,807.0,-0.4563957074133484,-10.55198403901575,2.181600302340589,-8.142219065440981,0.9484810888928372,-85.83464981569247,251,False,False,False,True,False,False,False,E,False,,,,,NONE,長期調整後 / 勢い改善,
2026-08-31,7.1-EARLY-RESEARCH-R2,5801,古河電気工業,4020.0,10.896551724137924,27.82193958664547,3.9410668274765577,7.56486000513743,0.6467906039095805,-93.55872456337126,66,True,True,True,True,False,False,False,B,False,,,,,NONE,長期調整後 / 安値切り上げ / 5日線上向き / 勢い改善,
2026-08-31,7.1-EARLY-RESEARCH-R2,6302,住友重機械工業,5761.0,-2.1569293478260865,9.984726995036276,-4.653111096585155,1.217206749453581,1.1048313396335268,-9.446714869537889,122,True,False,True,False,True,False,False,C,False,,,,,NONE,高値持ち合い後 / 安値切り上げ / 出来高1.1倍 / 25日線付近,
2026-08-31,7.1-EARLY-RESEARCH-R2,7267,本田技研工業,1710.0,-2.117916428162569,5.198400492156252,-3.417516551201633,2.551185635637432,1.080853410632828,-2.9787234042553234,6,False,False,True,False,False,False,False,E,False,,,,,NONE,25日線付近,
2026-08-31,7.1-EARLY-RESEARCH-R2,9101,日本郵船,7040.0,-2.222222222222225,15.220949263502458,-6.02745953809784,8.948645570247105,1.1300994464579452,-4.929101958136394,4,True,False,True,False,False,False,False,E,False,,,,,NONE,安値切り上げ / 出来高1.1倍,
2026-08-31,7.1-EARLY-RESEARCH-R2,3289,東急不動産ホールディングス,1329.0,-1.737523105360439,-0.561167227833892,-1.597231298401966,-0.1292533365396142,1.0297921769266334,-16.833541927409257,134,True,False,True,True,False,False,False,D,False,,,,,NONE,長期調整後 / 安値切り上げ / 25日線付近,
2026-08-31,7.1-EARLY-RESEARCH-R2,4188,三菱ケミカルグループ,1206.0,6.115266168059841,1.5151515151515138,5.736478289271963,2.6819923371647514,1.4127600394042996,-4.513064133016631,12,False,True,True,False,False,False,False,B,False,,,,,NONE,5日線上向き / 出来高1.4倍 / 勢い改善 / 25日線付近,
2026-08-31,7.1-EARLY-RESEARCH-R2,285A,キオクシアホールディングス,49990.0,-1.8456705281759245,7.505376344086012,-3.722014614197428,-0.6328962956484441,0.9516346595260828,-55.64330079858031,48,False,False,True,False,False,False,False,E,False,,,,,NONE,25日線付近,
2026-08-31,7.1-EARLY-RESEARCH-R2,7912,大日本印刷,3101.0,-1.8981335020563093,6.144104056135546,-3.434159516090196,-0.5267176062256684,1.1590292823175137,-7.818073721759811,11,False,False,True,False,False,False,False,E,False,,,,,NONE,出来高1.2倍 / 25日線付近,
2026-08-31,7.1-EARLY-RESEARCH-R2,9983,ファーストリテイリング,72450.0,-0.5354200988467839,-7.34109221128022,1.299852953973271,-5.086673094659178,1.600448723941292,-18.31097079715864,36,False,False,False,False,False,False,False,E,False,,,,,NONE,出来高1.6倍 / 勢い改善,
2026-09-01,7.1-EARLY-RESEARCH-R2,6113,アマダ,2579.0,-0.2706883217324041,-5.772743880160758,1.1724976483077854,-4.276562418807661,0.6051867309425899,-20.006203473945405,75,False,True,True,True,False,False,False,D,False,,,,,NONE,長期調整後 / 5日線上向き / 勢い改善,
2026-09-01,7.1-EARLY-RESEARCH-R2,6302,住友重機械工業,5779.0,-1.2474367737525638,9.305844524304897,-3.573897904828788,1.277225154746131,0.6658566725858541,-9.163784973278844,123,True,False,True,False,True,False,False,D,False,,,,,NONE,高値持ち合い後 / 安値切り上げ / 25日線付近,
2026-09-01,7.1-EARLY-RESEARCH-R2,2282,日本ハム,6373.0,-0.5306695801467143,0.7111251580278033,-0.7084508696536651,1.3466235814971306,0.5248346589520649,-14.110512129380048,101,True,False,True,False,True,False,False,D,False,,,,,NONE,高値持ち合い後 / 安値切り上げ / 25日線付近,
2026-09-01,7.1-EARLY-RESEARCH-R2,6841,横河電機,5100.0,-0.932400932400934,-10.589060308555398,1.7148641447379154,-5.179081389814377,0.6154369665771117,-19.265474117460823,125,True,False,True,True,False,False,False,D,False,,,,,NONE,長期調整後 / 安値切り上げ / 勢い改善,
2026-09-01,7.1-EARLY-RESEARCH-R2,4543,テルモ,2544.5,-2.0026959368380504,10.080034609560885,-4.522704589228271,2.230632628626994,0.5800840152889722,-9.108769423111273,251,True,False,True,False,True,False,False,D,False,,,,,NONE,高値持ち合い後 / 安値切り上げ / 25日線付近,
2026-09-01,7.1-EARLY-RESEARCH-R2,9023,東京地下鉄,1470.5,-1.009761023224498,0.0,-1.009761023224498,0.211258007359949,1.00537378409632,-18.12360801781737,251,True,False,True,True,False,False,False,D,False,,,,,NONE,長期調整後 / 安値切り上げ / 25日線付近,
2026-09-01,7.1-EARLY-RESEARCH-R2,9766,コナミグループ,21985.0,-0.9238395673726862,7.296242069302106,-2.7479000846982125,2.2596189625660346,0.7728725682964069,-17.489209983111277,202,True,False,True,True,False,False,False,D,False,,,,,NONE,長期調整後 / 安値切り上げ / 25日線付近,
2026-09-01,7.1-EARLY-RESEARCH-R2,9001,東武鉄道,3003.0,-1.3144922773578704,-0.4310344827586188,-1.2067336566682156,0.0313118325416583,0.9383726215988052,-7.200247218788625,23,True,False,True,False,True,False,False,D,False,,,,,NONE,高値持ち合い後 / 安値切り上げ / 25日線付近,
2026-09-01,7.1-EARLY-RESEARCH-R2,4502,武田薬品工業,5845.0,0.5504902804059908,8.080621301775137,-1.4696650450377935,3.3956950596493174,0.9216027278683004,-3.116194264876515,102,True,False,True,False,True,False,False,D,False,,,,,NONE,高値持ち合い後 / 安値切り上げ,
2026-09-01,7.1-EARLY-RESEARCH-R2,8697,日本取引所グループ,2216.5,-2.0331491712707206,1.97837589141936,-2.5277431441255604,-1.140904874045523,1.036971518971906,-5.921052631578949,23,True,False,True,False,True,False,False,D,False,,,,,NONE,高値持ち合い後 / 安値切り上げ / 25日線付近,
2026-09-01,7.1-EARLY-RESEARCH-R2,2002,日清製粉グループ本社,2062.0,-0.1936108422071591,4.06257885440322,-1.2092555558079645,1.5133463958331372,0.8685210276028799,-6.208778712758701,97,True,False,True,False,True,False,False,D,False,,,,,NONE,高値持ち合い後 / 安値切り上げ / 25日線付近,
2026-09-01,7.1-EARLY-RESEARCH-R2,1928,積水ハウス,3470.0,0.2890173410404539,2.967359050445096,-0.4528224215708198,0.4178772760421001,1.0156917478870156,-9.44676409185804,126,True,False,True,False,True,False,False,C,False,,,,,NONE,高値持ち合い後 / 安値切り上げ / 25日線付近,
2026-09-01,7.1-EARLY-RESEARCH-R2,4452,花王,3614.0,0.0,12.65586034912718,-3.163965087281795,3.0874903016749444,0.5216211741974061,-48.42300556586271,238,True,True,True,True,False,False,False,D,False,,,,,NONE,長期調整後 / 安値切り上げ / 5日線上向き,
2026-09-01,7.1-EARLY-RESEARCH-R2,6976,太陽誘電,9283.0,0.1402373247033406,-6.374180534543616,1.7337824583392447,-5.2693237109362245,0.8170424936763406,-61.42530646166632,42,False,True,True,False,False,False,False,D,False,,,,,NONE,5日線上向き / 勢い改善,
2026-09-01,7.1-EARLY-RESEARCH-R2,9434,ソフトバンク,241.1,0.7521938988717114,7.394209354120274,-1.096358439658357,3.588430405417009,0.8042467569577667,-1.8322475570032528,251,True,True,True,False,False,False,False,D,False,,,,,NONE,安値切り上げ / 5日線上向き,
2026-09-01,7.1-EARLY-RESEARCH-R2,8233,高島屋,2320.5,-5.130825838103026,4.857659286037053,-6.345240659612289,-0.2175820017544127,0.9380010196998644,-11.040828062104657,45,True,False,True,False,True,False,False,D,False,,,,,NONE,高値持ち合い後 / 安値切り上げ / 25日線付近,
2026-09-01,7.1-EARLY-RESEARCH-R2,2503,キリンホールディングス,3061.0,-0.745784695201035,5.170932829410746,-2.038517902553721,1.463110651472066,0.6505687295160979,-3.163555836760523,23,True,False,True,False,True,False,False,D,False,,,,,NONE,高値持ち合い後 / 安値切り上げ / 25日線付近,
2026-09-01,7.1-EARLY-RESEARCH-R2,6504,富士電機,13670.0,-2.4268379728765166,-3.2554847841472,-1.612966776839717,-2.53258420557283,0.6302998965873836,-23.20224719101124,68,True,False,True,True,False,False,False,D,False,,,,,NONE,長期調整後 / 安値切り上げ / 25日線付近,
2026-09-01,7.1-EARLY-RESEARCH-R2,7741,ＨＯＹＡ,24890.0,-0.420084016803357,-1.4647664291369766,-0.0538924095191128,-1.3999698931205784,1.1733116698142072,-18.125000000000004,93,False,False,True,True,False,False,False,D,False,,,,,NONE,長期調整後 / 出来高1.2倍 / 25日線付近,
2026-09-01,7.1-EARLY-RESEARCH-R2,7267,本田技研工業,1733.0,2.1816037735848948,10.59349074664966,-0.4667689130775199,3.557898007720528,0.7916570254672816,-1.6737588652482316,7,False,False,True,False,False,False,False,E,False,,,,,NONE,,
2026-09-01,7.1-EARLY-RESEARCH-R2,7004,カナデビア,1201.0,-0.2491694352159457,2.387041773231036,-0.8459298785237046,-0.3815527538155172,1.0194447507574684,-20.72607260726073,77,True,False,True,True,False,False,False,D,False,,,,,NONE,長期調整後 / 安値切り上げ / 25日線付近,
2026-09-01,7.1-EARLY-RESEARCH-R2,8035,東京エレクトロン,54980.0,-0.7760332070023468,-0.0181851245681041,-0.7714869258603207,-1.572547727826079,0.944972719119892,-32.34063499876938,42,True,True,True,False,False,False,False,D,False,,,,,NONE,安値切り上げ / 5日線上向き / 25日線付近,
2026-09-01,7.1-EARLY-RESEARCH-R2,3103,ユニチカ,1494.0,-3.175631885936492,78.28162291169451,-22.74603761386012,17.261082506592995,0.8752014058438911,-65.89041095890411,89,True,True,True,True,False,False,False,D,False,,,,,NONE,長期調整後 / 安値切り上げ / 5日線上向き,
2026-09-01,7.1-EARLY-RESEARCH-R2,9008,京王電鉄,786.4,-0.1650374508061491,-0.3926535782140639,-0.0668740562526332,0.744050669235663,0.9490328808867488,-81.43093270365998,130,True,False,True,True,False,False,False,D,False,,,,,NONE,長期調整後 / 安値切り上げ / 25日線付近,
2026-09-01,7.1-EARLY-RESEARCH-R2,7186,横浜フィナンシャルグループ,1956.0,2.542595019659233,7.738914899476734,0.6078662947900493,3.746764543641534,0.9700695839743344,-1.9794537709847184,25,True,True,True,False,False,False,False,C,False,,,,,NONE,安値切り上げ / 5日線上向き / 勢い改善,
2026-09-01,7.1-EARLY-RESEARCH-R2,8628,松井証券,1212.0,8.407871198568873,17.44186046511629,4.047406082289801,9.726950097776488,1.5141289357082075,-0.8183306055646433,0,True,True,False,False,False,False,False,C,False,,,,,NONE,安値切り上げ / 5日線上向き / 出来高1.5倍 / 勢い改善,
2026-09-01,7.1-EARLY-RESEARCH-R2,9007,小田急電鉄,1809.0,1.146211909421302,4.748118123914313,-0.0408176215572764,3.679504814305368,1.0009588643226877,-3.391188251001332,23,True,True,True,False,True,False,False,C,False,,,,,NONE,高値持ち合い後 / 安値切り上げ / 5日線上向き,
2026-09-01,7.1-EARLY-RESEARCH-R2,3659,ネクソン,3205.0,2.922286448298017,32.629836540451066,-5.2351726868147495,14.800487140912663,0.926141561435776,-27.71763644564728,148,True,True,True,True,False,False,False,C,False,,,,,NONE,長期調整後 / 安値切り上げ / 5日線上向き,
2026-09-01,7.1-EARLY-RESEARCH-R2,2432,ディー・エヌ・エー,2606.5,3.2277227722772306,3.720652606446473,2.2975596206656124,4.162503896352998,1.0721134164996875,-9.653379549393415,196,True,True,False,False,True,False,False,C,False,,,,,NONE,高値持ち合い後 / 安値切り上げ / 5日線上向き / 勢い改善,
2026-09-01,7.1-EARLY-RESEARCH-R2,6752,パナソニック　ホールディングス,4459.0,3.4330781721178427,4.157907031067509,2.3936014143509654,3.0429919673146566,0.8235405380500415,-10.497792051384993,12,True,True,True,False,False,False,False,C,False,,,,,NONE,安値切り上げ / 5日線上向き / 勢い改善,
2026-09-01,7.1-EARLY-RESEARCH-R2,5020,ＥＮＥＯＳホールディングス,1389.0,3.540812523294812,7.341576506955172,1.7054183965560188,5.964205611754481,1.0272914093268266,-10.53140096618358,124,True,True,False,False,True,False,False,C,False,,,,,NONE,高値持ち合い後 / 安値切り上げ / 5日線上向き / 勢い改善,
2026-09-01,7.1-EARLY-RESEARCH-R2,8354,ふくおかフィナンシャルグループ,7941.0,3.8174924826774648,7.89402173913043,1.8439870478948568,4.643807816988632,0.7009577084135352,-0.2637528259231358,0,True,True,True,False,False,False,False,C,False,,,,,NONE,安値切り上げ / 5日線上向き / 勢い改善,
2026-09-01,7.1-EARLY-RESEARCH-R2,7752,リコー,1745.5,4.084675014907568,11.320153061224492,1.2546367496014454,6.986123369618524,0.6229948781448753,-0.1144492131616603,0,True,True,True,False,False,False,False,C,False,,,,,NONE,安値切り上げ / 5日線上向き / 勢い改善,
2026-09-01,7.1-EARLY-RESEARCH-R2,8309,三井住友トラストグループ,1809.5,4.354094579008083,11.251152782047336,1.5413063834962497,-14.596273291925478,1.0598766203370191,-74.13152251608291,24,True,True,True,False,False,False,False,C,False,,,,,NONE,安値切り上げ / 5日線上向き / 勢い改善,
2026-09-01,7.1-EARLY-RESEARCH-R2,8604,野村ホールディングス,1640.5,4.39070951320395,8.967120557954168,2.148929373715408,5.049819420609092,0.7962251415223994,-0.6961259079903193,2,True,True,True,False,False,False,False,C,False,,,,,NONE,安値切り上げ / 5日線上向き / 勢い改善,
2026-09-01,7.1-EARLY-RESEARCH-R2,3401,帝人,1825.0,5.035971223021574,12.793572311495671,1.837578145147656,5.9764935426925625,1.0235009345221682,0.0,0,True,True,True,False,False,False,False,C,False,,,,,NONE,安値切り上げ / 5日線上向き / 勢い改善,
2026-09-01,7.1-EARLY-RESEARCH-R2,9005,東急,1662.5,-0.9237187127532742,-2.692420251682759,-0.2506136498325845,-1.2262794538778763,0.7508971042309939,-17.329686723023375,124,True,False,True,True,False,False,False,D,False,,,,,NONE,長期調整後 / 安値切り上げ / 25日線付近,
2026-09-01,7.1-EARLY-RESEARCH-R2,5711,三菱マテリアル,5926.0,5.294953802416491,42.76078053481089,-5.395241331286232,16.896540840802942,1.1039074221540208,-3.4696204593582025,2,True,True,True,False,False,False,False,C,False,,,,,NONE,安値切り上げ / 5日線上向き / 出来高1.1倍,
2026-09-01,7.1-EARLY-RESEARCH-R2,8411,みずほフィナンシャルグループ,8697.0,5.957602339181278,7.449962935507792,4.09511160530433,4.416793130606833,0.9655649451965848,-1.3833768000907187,12,True,True,True,False,False,False,False,C,False,,,,,NONE,安値切り上げ / 5日線上向き / 勢い改善,
2026-09-01,7.1-EARLY-RESEARCH-R2,6724,セイコーエプソン,3317.0,6.416426050689772,12.212449255751023,3.363313736752016,7.154163732337504,0.9579140939195956,-0.4501800720288162,0,True,True,True,False,False,False,False,C,False,,,,,NONE,安値切り上げ / 5日線上向き / 勢い改善,
2026-09-01,7.1-EARLY-RESEARCH-R2,4506,住友ファーマ,1590.0,10.263522884882104,25.147579693034228,3.976627961623546,16.158443038529533,0.967663546012826,-51.642335766423365,132,True,True,False,True,False,False,False,C,False,,,,,NONE,長期調整後 / 安値切り上げ / 5日線上向き / 勢い改善,
2026-09-01,7.1-EARLY-RESEARCH-R2,9503,関西電力,2955.0,14.02662550646343,20.34208918753817,8.941103209578888,18.513824607560814,1.8626943446573,-0.0507356671740288,0,True,True,False,False,False,False,False,C,False,,,,,NONE,安値切り上げ / 5日線上向き / 出来高1.9倍 / 勢い改善,
2026-09-01,7.1-EARLY-RESEARCH-R2,6861,キーエンス,82280.0,0.0364741641337484,2.071703262622493,-0.4814516515218747,-0.3149987884662031,0.6261390148347052,-6.414922656960876,17,True,True,True,False,False,False,False,C,False,,,,,NONE,安値切り上げ / 5日線上向き / 25日線付近,
2026-09-01,7.1-EARLY-RESEARCH-R2,4005,住友化学,620.1,11.70960187353629,20.97151775263364,6.46672243537788,16.447205342186912,1.7587787067721985,-0.7839999999999958,74,True,True,False,False,False,False,False,C,False,,,,,NONE,安値切り上げ / 5日線上向き / 出来高1.8倍 / 勢い改善,
2026-09-01,7.1-EARLY-RESEARCH-R2,3086,Ｊ．フロント　リテイリング,2933.0,-5.29544720697449,1.734304543877907,-5.729023342943967,-1.6233984034346285,1.6452756176450347,-18.910699474702795,43,True,False,True,False,False,False,False,D,False,,,,,NONE,安値切り上げ / 出来高1.6倍 / 25日線付近,
2026-09-01,7.1-EARLY-RESEARCH-R2,8308,りそなホールディングス,2535.0,4.925496688741715,12.84219897618517,1.7149469446954226,7.253465111949775,0.9747349110580752,-0.7244957900920279,0,True,True,True,False,False,False,False,C,False,,,,,NONE,安値切り上げ / 5日線上向き / 勢い改善,
2026-09-01,7.1-EARLY-RESEARCH-R2,3289,東急不動産ホールディングス,1355.5,0.968342644320308,4.712244109694863,-0.2097183831034077,1.9080985174270149,1.0618316664269638,-15.175219023779729,135,True,False,True,True,False,False,False,C,False,,,,,NONE,長期調整後 / 安値切り上げ / 25日線付近,
2026-09-01,7.1-EARLY-RESEARCH-R2,6305,日立建機,5934.0,-0.0336927223719696,13.157894736842104,-3.323166406582496,5.666156202143946,0.6207339128405577,-17.86851211072664,125,True,False,False,True,False,False,False,E,False,,,,,NONE,長期調整後 / 安値切り上げ,
2026-09-01,7.1-EARLY-RESEARCH-R2,6988,日東電工,3580.0,5.8858325939071365,6.897581367572414,4.161437252014033,3.486153668266168,0.8723990876512135,-11.996066863323495,206,False,True,True,False,True,False,False,C,False,,,,,NONE,高値持ち合い後 / 5日線上向き / 勢い改善,
2026-09-01,7.1-EARLY-RESEARCH-R2,7974,任天堂,9103.0,2.696299638989164,19.949927526683364,-2.291182242681677,8.573268767443508,0.7042919789723929,-37.77853725222147,199,True,True,True,True,False,False,False,C,False,,,,,NONE,長期調整後 / 安値切り上げ / 5日線上向き,
2026-09-01,7.1-EARLY-RESEARCH-R2,9147,ＮＩＰＰＯＮ　ＥＸＰＲＥＳＳホールディングス,5866.0,2.6781025730789443,13.26510909441978,-0.638174700526001,6.570064457993308,0.9032126113086436,0.0,0,True,True,True,False,False,False,False,D,False,,,,,NONE,安値切り上げ / 5日線上向き,
2026-09-01,7.1-EARLY-RESEARCH-R2,8015,豊田通商,7707.0,2.979690005344726,15.56455240665766,-0.9114480963196891,7.070813721513081,0.8908610858423377,-0.861847182917419,0,True,True,True,False,False,False,False,D,False,,,,,NONE,安値切り上げ / 5日線上向き,
2026-09-01,7.1-EARLY-RESEARCH-R2,6367,ダイキン工業,20940.0,0.5280844935189544,-10.109465550547323,3.0554508811557857,-4.105072264659015,0.6657141023432407,-20.801815431164904,38,True,True,True,False,False,False,False,C,False,,,,,NONE,安値切り上げ / 5日線上向き / 勢い改善,
2026-09-01,7.1-EARLY-RESEARCH-R2,1332,ニッスイ,1282.5,-1.041666666666663,2.723267921505812,-1.722483647043116,0.2673796791443861,0.7946707660773764,-18.312101910828027,124,False,False,True,True,False,False,False,E,False,,,,,NONE,長期調整後 / 25日線付近,
2026-09-01,7.1-EARLY-RESEARCH-R2,5333,ＮＧＫ,5360.0,-0.887573964497046,-3.109182935647148,-0.1102782305852589,-3.9591754823542935,1.0080256133555354,-32.10032936407398,46,False,False,True,False,False,False,False,E,False,,,,,NONE,,
2026-09-01,7.1-EARLY-RESEARCH-R2,6361,荏原製作所,4570.0,-7.321030216994528,-17.731773177317734,-2.888086922665095,-13.362958019898086,0.8199073390482612,-33.671988388969524,50,False,False,True,False,False,False,False,E,False,,,,,NONE,,
2026-09-01,7.1-EARLY-RESEARCH-R2,2871,ニチレイ,2157.5,-0.7589696412143465,-1.0774873911050031,-0.4895977934380957,-1.2965267357171628,0.6185767717346132,-8.927817644575775,23,False,False,True,False,True,False,False,E,False,,,,,NONE,高値持ち合い後 / 25日線付近,
2026-09-01,7.1-EARLY-RESEARCH-R2,7733,オリンパス,2129.5,-1.6851338873499544,17.069818581638252,-5.952588532759517,5.263418058150693,1.003538933233186,-3.664329337254013,8,False,False,True,False,False,False,False,E,False,,,,,NONE,,
2026-09-01,7.1-EARLY-RESEARCH-R2,9101,日本郵船,7092.0,-0.6861784063856624,17.378351539225424,-5.030766291192018,9.067421259842522,0.6187297731807541,-4.226873733963544,5,True,False,True,False,False,False,False,E,False,,,,,NONE,安値切り上げ,
2026-09-01,7.1-EARLY-RESEARCH-R2,7731,ニコン,1956.0,-0.7358538442019835,4.767005891805032,-1.9276053171532408,-0.5430471657819291,0.8917333333333334,-18.15899581589958,75,False,False,True,True,False,False,False,E,False,,,,,NONE,長期調整後 / 25日線付近,
2026-09-01,7.1-EARLY-RESEARCH-R2,7011,三菱重工業,3856.0,-2.2807906741003525,1.5003948407475542,-2.6558893842872413,-3.5652835020607454,0.9063767770478104,-25.96006144393241,124,False,False,True,True,False,False,False,E,False,,,,,NONE,長期調整後,
2026-09-01,7.1-EARLY-RESEARCH-R2,7912,大日本印刷,3100.0,-0.8317338451695466,6.547516755456262,-2.468613034033612,-0.470677377306028,0.7978417614994078,-7.84780023781213,12,False,False,True,False,False,False,False,E,False,,,,,NONE,25日線付近,
2026-09-01,7.1-EARLY-RESEARCH-R2,3099,三越伊勢丹ホールディングス,3516.0,0.1424095699231076,1.0635240011497515,-0.1234714303643302,-1.337942800700398,0.6159670992168677,-16.12595419847328,43,True,True,True,False,False,False,False,C,False,,,,,NONE,安値切り上げ / 5日線上向き / 25日線付近,
2026-09-01,7.1-EARLY-RESEARCH-R2,4503,アステラス製薬,2414.5,-0.0207039337474124,10.960477941176473,-2.76082341904153,3.956772582450707,0.8950516466118291,-11.133603238866396,98,True,False,True,False,True,False,False,E,False,,,,,NONE,高値持ち合い後 / 安値切り上げ,
2026-09-01,7.1-EARLY-RESEARCH-R2,4004,レゾナック・ホールディングス,16020.0,-0.988875154511748,13.940256045519206,-4.473939165891549,3.062274832732892,0.6574793577312469,-21.83459380336668,76,True,False,True,True,False,False,False,E,False,,,,,NONE,長期調整後 / 安値切り上げ,
2026-09-01,7.1-EARLY-RESEARCH-R2,2801,キッコーマン,1827.0,-0.1912045889101321,12.777777777777777,-3.3856490333545763,3.770262748350017,0.5909123467654462,-2.168674698795181,7,True,False,True,False,False,False,False,E,False,,,,,NONE,安値切り上げ,
2026-09-01,7.1-EARLY-RESEARCH-R2,5101,横浜ゴム,7436.0,-0.4151600374983299,1.4184397163120588,-0.7697699665763447,-1.5709467508881914,0.5482352465806009,-10.31238692558195,14,True,False,True,False,False,False,False,E,False,,,,,NONE,安値切り上げ / 25日線付近,
2026-09-01,7.1-EARLY-RESEARCH-R2,285A,キオクシアホールディングス,51000.0,-0.5072181037846235,3.742880390561432,-1.4429382014249814,1.661669962365253,0.7344203067248244,-54.74711623779947,49,False,False,True,False,False,False,False,E,False,,,,,NONE,25日線付近,
2026-09-01,7.1-EARLY-RESEARCH-R2,4063,信越化学工業,5968.0,-0.6161532056619512,2.104362703165097,-1.1422438814532254,-1.6991810461262746,0.851028597893386,-24.74148802017655,64,False,False,True,True,False,False,False,E,False,,,,,NONE,長期調整後 / 25日線付近,
2026-09-01,7.1-EARLY-RESEARCH-R2,6301,小松製作所,7507.0,0.9005376344086047,11.050295857988155,-1.8620363300884344,3.81747375175634,0.941669193450576,-4.247448979591839,134,True,True,True,False,True,False,False,C,False,,,,,NONE,高値持ち合い後 / 安値切り上げ / 5日線上向き,
2026-09-01,7.1-EARLY-RESEARCH-R2,6503,三菱電機,5521.0,-1.6565728535803403,-0.2709537572254339,-1.588834414273982,-3.162096932618641,1.000086549315616,-17.42446903978463,67,True,False,True,True,False,False,False,E,False,,,,,NONE,長期調整後 / 安値切り上げ,
2026-09-01,7.1-EARLY-RESEARCH-R2,8331,千葉銀行,2855.0,2.0919005900232435,9.19869956014534,-0.2077743000130913,4.335686824832985,1.020538547743483,-1.2964563526361328,10,True,True,True,False,False,False,False,D,False,,,,,NONE,安値切り上げ / 5日線上向き,
2026-09-01,7.1-EARLY-RESEARCH-R2,8267,イオン,1360.0,-2.543891078466498,-0.4392386530014613,-2.4340814152161325,-1.1239876114172764,0.7915467071919683,-76.00987828541189,249,False,False,True,True,False,False,False,E,False,,,,,NONE,長期調整後 / 25日線付近,
2026-09-01,7.1-EARLY-RESEARCH-R2,4021,日産化学,8325.0,1.7104459376908965,12.000538140723794,-1.289688597490052,5.933820947029278,0.5750708844453987,-4.387274606638336,40,True,True,True,False,True,False,False,C,False,,,,,NONE,高値持ち合い後 / 安値切り上げ / 5日線上向き,
2026-09-01,7.1-EARLY-RESEARCH-R2,4523,エーザイ,4756.0,-2.1600493725570824,2.147766323024048,-2.6969909533130942,-1.3899946921443695,0.8874707613063074,-11.086184333520288,237,False,False,True,False,True,False,False,E,False,,,,,NONE,高値持ち合い後 / 25日線付近,
2026-09-01,7.1-EARLY-RESEARCH-R2,9107,川崎汽船,3383.0,-1.1107863197895362,17.95676429567643,-5.5999773937086434,10.300350822280468,0.5255415471866705,-5.792258423837371,5,True,False,True,False,False,False,False,E,False,,,,,NONE,安値切り上げ,
2026-09-01,7.1-EARLY-RESEARCH-R2,9104,商船三井,7047.0,-2.314943166065986,21.479055335287025,-7.684706999887741,7.874353243731424,0.7939539063441791,-6.152616859768278,5,True,False,True,False,False,False,False,E,False,,,,,NONE,安値切り上げ,
2026-09-01,7.1-EARLY-RESEARCH-R2,6954,ファナック,5989.0,-0.959153299156612,-2.044488060189731,-0.4480312841091793,-5.087764895309698,0.5834552264604675,-32.556306306306304,76,False,False,True,True,False,False,False,E,False,,,,,NONE,長期調整後,
2026-09-01,7.1-EARLY-RESEARCH-R2,2914,日本たばこ産業,7050.0,0.9161179501860904,0.815100815100811,0.7123427464108878,1.3431926124406246,1.016512430755987,-2.327514546965914,21,True,True,True,False,False,False,False,B,False,,,,,NONE,安値切り上げ / 5日線上向き / 勢い改善 / 25日線付近,
2026-09-01,7.1-EARLY-RESEARCH-R2,5713,住友金属鉱山,11345.0,0.8444444444444477,42.50722271071474,-9.782361233234235,16.8951333707013,0.5150349280335329,-14.699248120300757,124,True,False,True,False,True,False,False,D,False,,,,,NONE,高値持ち合い後 / 安値切り上げ,
2026-09-01,7.1-EARLY-RESEARCH-R2,6594,ニデック,2571.0,-1.3430544896392949,-4.317082247860071,-0.263783927674277,-3.432992788461542,0.7840423420884561,-21.996359223300978,248,False,False,True,True,False,False,False,E,False,,,,,NONE,長期調整後,
2026-09-01,7.1-EARLY-RESEARCH-R2,7762,シチズン時計,2843.0,5.101663585951943,25.96366858661941,-1.3892535607029082,12.735145766583123,0.8099194048357099,-2.636986301369859,11,True,True,True,False,False,False,False,D,False,,,,,NONE,安値切り上げ / 5日線上向き,
2026-09-01,7.1-EARLY-RESEARCH-R2,6098,リクルートホールディングス,17495.0,5.359831376091528,41.25958821154623,-4.955065676795029,14.586062352632956,0.7312649505516085,-3.952786165248423,1,True,True,True,False,False,False,False,D,False,,,,,NONE,安値切り上げ / 5日線上向き,
2026-09-01,7.1-EARLY-RESEARCH-R2,5714,ＤＯＷＡホールディングス,10200.0,1.0401188707280795,25.01532050496385,-5.213711255512882,9.21378920453817,0.9185452359483016,-17.60904684975767,75,True,False,True,True,False,False,False,D,False,,,,,NONE,長期調整後 / 安値切り上げ,
2026-09-01,7.1-EARLY-RESEARCH-R2,6506,安川電機,4700.0,-5.356423681031009,-4.761904761904767,-4.165947490554817,-6.827372928395836,0.8715194903518144,-40.61907770056854,49,False,False,True,False,False,False,False,E,False,,,,,NONE,,
2026-09-01,7.1-EARLY-RESEARCH-R2,6920,レーザーテック,33080.0,-5.350500715307582,-19.139574676118308,-0.5656070462780054,-11.60280049168938,0.768498430371862,-43.53021509047457,50,False,False,True,False,False,False,False,E,False,,,,,NONE,,
2026-09-01,7.1-EARLY-RESEARCH-R2,7532,パン・パシフィック・インターナショナルホールディングス,776.6,-4.594594594594592,-13.383894713361588,-1.248620916254195,-11.127488453210898,2.267919041873276,-85.98953635215587,238,False,False,True,True,False,False,False,E,False,,,,,NONE,長期調整後 / 出来高2.3倍,
2026-09-01,7.1-EARLY-RESEARCH-R2,9983,ファーストリテイリング,71260.0,-1.7509995863780548,-10.477386934673373,0.8683471472902884,-6.345776754406707,0.792192513368984,-19.65272296764009,37,False,False,False,False,False,False,False,E,False,,,,,NONE,勢い改善,
2026-09-01,7.1-EARLY-RESEARCH-R2,2501,サッポロビール,1861.5,-3.723816912335143,-6.174395161290325,-2.180218122012562,-5.272960429897411,0.8004206160701811,-77.50996737948532,184,False,False,True,True,False,False,False,E,False,,,,,NONE,長期調整後,
2026-09-01,7.1-EARLY-RESEARCH-R2,2269,明治ホールディングス,4544.0,3.015189299478571,22.117710292932014,-2.514238273754432,9.136324334710345,0.5979311566575009,-0.5253940455341555,0,True,True,True,False,False,False,False,D,False,,,,,NONE,安値切り上げ / 5日線上向き,
2026-09-01,7.1-EARLY-RESEARCH-R2,7832,バンダイナムコホールディングス,5780.0,3.658536585365857,27.509375689388914,-3.218807336981372,10.790793246745276,0.9074564055053508,-1.1965811965811923,0,True,True,True,False,False,False,False,D,False,,,,,NONE,安値切り上げ / 5日線上向き,
2026-09-01,7.1-EARLY-RESEARCH-R2,5332,ＴＯＴＯ,6240.0,-3.360693820659744,1.1181332036946934,-3.640227121583417,-4.012404550796511,1.3885663335130427,-34.31578947368421,48,True,False,True,False,False,False,False,E,False,,,,,NONE,安値切り上げ / 出来高1.4倍,
2026-09-01,7.1-EARLY-RESEARCH-R2,4519,中外製薬,6934.0,-0.2302158273381316,3.6937341109615662,-1.1536493550785232,-0.1865564218017645,0.6919027218279089,-35.19626168224299,127,True,False,True,True,False,False,False,D,False,,,,,NONE,長期調整後 / 安値切り上げ / 25日線付近,
2026-09-01,7.1-EARLY-RESEARCH-R2,8252,丸井グループ,2935.5,-2.862342819324948,1.6799445791479073,-3.2823289641119247,-0.839762731559679,1.058349959042962,-12.81556281556282,235,False,False,True,False,True,False,False,E,False,,,,,NONE,高値持ち合い後 / 25日線付近,
2026-09-01,7.1-EARLY-RESEARCH-R2,6723,ルネサスエレクトロニクス,3314.0,-2.586713697824805,-15.134443021766964,1.1968970576169355,-7.099045760868339,0.7895610200237699,-37.28236184708555,48,False,False,True,False,False,False,False,E,False,,,,,NONE,勢い改善,
2026-09-01,7.1-EARLY-RESEARCH-R2,3436,ＳＵＭＣＯ,3317.0,-6.3787750493931705,-4.049754122071159,-5.36633651887538,-4.862154813395591,0.9278570676612576,-44.14884660717292,34,False,False,True,False,False,False,False,E,False,,,,,NONE,,
2026-09-01,7.1-EARLY-RESEARCH-R2,5803,フジクラ,5298.0,0.1133786848072526,23.496503496503497,-5.7607471893186215,3.893760883548003,0.6541222609716271,-82.22744045622275,123,True,True,True,True,False,False,False,C,False,,,,,NONE,長期調整後 / 安値切り上げ / 5日線上向き,
2026-09-01,7.1-EARLY-RESEARCH-R2,6645,オムロン,6553.0,1.189005558987022,22.25746268656717,-4.37536011265477,3.957788664111472,0.5077058693504273,-9.551414768806076,10,True,True,True,False,False,False,False,D,False,,,,,NONE,安値切り上げ / 5日線上向き,
2026-09-01,7.1-EARLY-RESEARCH-R2,8601,大和証券グループ本社,1860.5,2.591673559415497,2.676600441501109,1.92252344904022,3.0291283641599387,0.7687174785585461,-1.3782136231115794,31,True,True,False,False,False,False,False,D,False,,,,,NONE,安値切り上げ / 5日線上向き / 勢い改善,
2026-09-01,7.1-EARLY-RESEARCH-R2,4208,ＵＢＥ,3620.0,2.5495750708215192,14.95712924738013,-1.1897072410235134,4.948221678475751,0.6968034602806203,-2.50471316994344,13,True,True,True,False,False,False,False,D,False,,,,,NONE,安値切り上げ / 5日線上向き,
2026-09-01,7.1-EARLY-RESEARCH-R2,7012,川崎重工業,2523.0,-3.370356185369594,-6.831610044313141,-1.6624536742913087,-7.02387971698113,1.3429023212523588,-86.60116834838024,123,False,False,True,True,False,False,False,E,False,,,,,NONE,長期調整後 / 出来高1.3倍,
2026-09-01,7.1-EARLY-RESEARCH-R2,9843,ニトリホールディングス,3030.0,-1.3992840872111945,14.707552526973313,-5.076172218954522,4.959782736713758,0.4755265491393591,-79.40176750509858,232,True,False,True,True,False,False,False,E,False,,,,,NONE,長期調整後 / 安値切り上げ,
2026-09-01,7.1-EARLY-RESEARCH-R2,2802,味の素,5336.0,-2.9288702928870314,8.986928104575153,-5.175602319030819,0.894741220871742,0.636286420673991,-15.835962145110404,39,True,False,True,False,False,False,False,E,False,,,,,NONE,安値切り上げ / 25日線付近,
2026-09-01,7.1-EARLY-RESEARCH-R2,4631,ＤＩＣ,5295.0,3.925417075564286,21.16704805491992,-1.3663449381656925,6.058663760986427,1.592708703661808,-9.887678692988434,13,False,True,True,False,False,False,False,D,False,,,,,NONE,5日線上向き / 出来高1.6倍,
2026-09-01,7.1-EARLY-RESEARCH-R2,4689,ＬＩＮＥヤフー,560.6,3.7571719415139926,25.55431131019037,-2.6314058860336003,11.914971771714232,1.0184435537124876,-1.2158590308369963,0,True,True,True,False,False,False,False,D,False,,,,,NONE,安値切り上げ / 5日線上向き,
2026-09-01,7.1-EARLY-RESEARCH-R2,6103,オークマ,4770.0,-2.752293577981646,-2.453987730061346,-2.138796645466309,-6.268422086853997,0.8669956867949569,-16.462346760070055,15,False,False,True,False,False,False,False,E,False,,,,,NONE,,
2026-09-01,7.1-EARLY-RESEARCH-R2,4061,デンカ,3375.0,-1.055408970976257,-1.6894844159627165,-0.633037866985578,-2.4938462782984616,0.9026953151255798,-28.06905370843989,50,False,False,True,False,False,False,False,E,False,,,,,NONE,25日線付近,
2026-09-01,7.1-EARLY-RESEARCH-R2,6857,アドバンテスト,33380.0,-3.1059506531204595,6.20426344257079,-4.657016513763157,-0.1262633818240432,0.777411750997133,-13.813581203201652,12,False,False,True,False,False,False,False,E,False,,,,,NONE,25日線付近,
2026-09-01,7.1-EARLY-RESEARCH-R2,8830,住友不動産,3393.0,-0.2645502645502673,-3.084832904884316,0.5066579616708117,-1.7080151566066792,1.090156978482026,-58.62195121951219,169,True,False,True,True,False,False,False,C,False,,,,,NONE,長期調整後 / 安値切り上げ / 勢い改善 / 25日線付近,
2026-09-01,7.1-EARLY-RESEARCH-R2,5411,ＪＦＥホールディングス,1936.0,5.561613958560518,7.9152731326644465,3.582795675394407,5.535143857047853,1.2855576712249726,-17.931326833403983,135,True,True,True,True,False,False,False,A,False,,,,,NONE,長期調整後 / 安値切り上げ / 5日線上向き / 出来高1.3倍 / 勢い改善,
2026-09-01,7.1-EARLY-RESEARCH-R2,4042,東ソー,2726.0,3.4535104364326275,0.8136094674556116,3.250108069568725,1.3171979067554629,0.758154616668807,-11.665586519766691,53,True,True,True,False,True,False,False,A,False,,,,,NONE,高値持ち合い後 / 安値切り上げ / 5日線上向き / 勢い改善 / 25日線付近,
2026-09-01,7.1-EARLY-RESEARCH-R2,1605,ＩＮＰＥＸ,4112.0,6.0340381640020535,16.851378232452397,1.8211936058889544,10.093708165997327,1.1268145233294695,-17.01311806256307,105,True,True,True,True,False,False,False,A,False,,,,,NONE,長期調整後 / 安値切り上げ / 5日線上向き / 出来高1.1倍 / 勢い改善,
2026-09-01,7.1-EARLY-RESEARCH-R2,6473,ジェイテクト,2186.0,6.504263093788065,3.137532436895496,5.719879984564191,3.492027421126398,1.1112032183347555,-3.4665489070434985,21,True,True,True,False,True,False,False,A,False,,,,,NONE,高値持ち合い後 / 安値切り上げ / 5日線上向き / 出来高1.1倍 / 勢い改善,
2026-09-01,7.1-EARLY-RESEARCH-R2,3101,東洋紡,1773.0,7.454545454545447,13.146139119336308,4.16801067471137,9.919404835709855,1.5087092705188712,-8.843187660668384,64,True,True,True,False,True,False,False,A,False,,,,,NONE,高値持ち合い後 / 安値切り上げ / 5日線上向き / 出来高1.5倍 / 勢い改善,
2026-09-01,7.1-EARLY-RESEARCH-R2,5019,出光興産,1482.5,7.5444323540079905,17.008681925809,3.2922618725557404,11.290443660385874,1.5171819100536947,-11.280670257330938,99,True,True,True,False,True,False,False,A,False,,,,,NONE,高値持ち合い後 / 安値切り上げ / 5日線上向き / 出来高1.5倍 / 勢い改善,
2026-09-01,7.1-EARLY-RESEARCH-R2,4704,トレンドマイクロ,6045.0,8.840475333093266,-4.108502538071068,9.867600967611033,-1.8082230943160749,0.6955649840777637,-29.937413073713493,230,True,True,True,True,False,False,False,A,False,,,,,NONE,長期調整後 / 安値切り上げ / 5日線上向き / 勢い改善 / 25日線付近,
2026-09-01,7.1-EARLY-RESEARCH-R2,9735,セコム,6496.0,0.8695652173912993,-4.890190336749633,2.092112801578708,-1.3910899806304,0.8775153071144849,-10.077519379844958,23,True,True,True,False,True,False,False,A,False,,,,,NONE,高値持ち合い後 / 安値切り上げ / 5日線上向き / 勢い改善 / 25日線付近,
2026-09-01,7.1-EARLY-RESEARCH-R2,4183,三井化学,2320.0,9.27932171455488,10.951697752271649,6.541397276486967,7.443221814678957,1.8763330108689469,-42.25983076157293,183,True,True,True,True,False,False,False,A,False,,,,,NONE,長期調整後 / 安値切り上げ / 5日線上向き / 出来高1.9倍 / 勢い改善,
2026-09-01,7.1-EARLY-RESEARCH-R2,9201,日本航空,3025.0,0.0661594442606716,1.5271018627286417,-0.3156160214214887,0.2817835239516064,0.78997214197542,-7.548899755501226,125,True,True,True,False,True,False,False,B,False,,,,,NONE,高値持ち合い後 / 安値切り上げ / 5日線上向き / 25日線付近,
2026-09-01,7.1-EARLY-RESEARCH-R2,1812,鹿島建設,5016.0,3.743536711478801,-4.548049476688865,4.880549080651017,-0.0031896909189477,1.046786134760498,-37.61194029850746,135,True,True,True,True,False,False,False,A,False,,,,,NONE,長期調整後 / 安値切り上げ / 5日線上向き / 勢い改善 / 25日線付近,
2026-09-01,7.1-EARLY-RESEARCH-R2,8253,クレディセゾン,4739.0,0.084477296726515,5.47518361896282,-1.28431860801419,1.493163828256172,1.240617048346056,-4.068825910931173,133,True,False,True,False,True,False,False,B,False,,,,,NONE,高値持ち合い後 / 安値切り上げ / 出来高1.2倍 / 25日線付近,
2026-09-01,7.1-EARLY-RESEARCH-R2,5802,住友電気工業,2209.0,0.4319163446237839,7.1030303030303,-1.343841231133791,-0.5223813383770093,0.6108537822124415,-85.12457912457913,62,True,True,True,True,False,False,False,B,False,,,,,NONE,長期調整後 / 安値切り上げ / 5日線上向き / 25日線付近,
2026-09-01,7.1-EARLY-RESEARCH-R2,3861,王子ホールディングス,891.6,2.577082374597328,1.745977404998289,2.140588023347756,1.88410169212625,0.7529661010833972,-10.003028161905725,126,True,True,True,False,True,False,False,A,False,,,,,NONE,高値持ち合い後 / 安値切り上げ / 5日線上向き / 勢い改善 / 25日線付近,
2026-09-01,7.1-EARLY-RESEARCH-R2,4568,第一三共,2850.5,0.7421805972786633,10.91439688715954,-1.9864186245112208,2.828922686213975,0.8073331208624177,-31.77357587362373,217,True,True,True,True,False,False,False,B,False,,,,,NONE,長期調整後 / 安値切り上げ / 5日線上向き / 25日線付近,
2026-09-01,7.1-EARLY-RESEARCH-R2,5201,ＡＧＣ,5855.0,2.449693788276464,-3.430644895266366,3.307355012093055,-0.0204911034459187,0.8476993470093822,-29.58508719182201,62,True,True,True,True,False,False,False,A,False,,,,,NONE,長期調整後 / 安値切り上げ / 5日線上向き / 勢い改善 / 25日線付近,
2026-09-01,7.1-EARLY-RESEARCH-R2,1801,大成建設,12995.0,1.4837953924248248,0.6584043377227067,1.3191943079941482,1.0199163544209355,1.1590266325396057,-37.161508704061895,123,True,True,True,True,False,True,True,A,False,,,,,B_EARLY_CONFIRMED,長期調整後 / 安値切り上げ / 5日線上向き / 出来高1.2倍 / 勢い改善 / 25日線付近,
2026-09-01,7.1-EARLY-RESEARCH-R2,5232,住友大阪セメント,5738.0,2.081480163671934,6.219918548685666,0.5265005265005174,1.2929056129474148,0.4049290377954204,-11.953352769679304,51,True,True,True,False,True,False,False,A,False,,,,,NONE,高値持ち合い後 / 安値切り上げ / 5日線上向き / 勢い改善 / 25日線付近,
2026-09-01,7.1-EARLY-RESEARCH-R2,9301,三菱倉庫,1538.0,0.8194034742707412,4.271186440677965,-0.2483931358987501,0.7441178011842853,0.6880952380952381,-6.872540115046933,25,True,True,True,False,True,False,False,B,False,,,,,NONE,高値持ち合い後 / 安値切り上げ / 5日線上向き / 25日線付近,
2026-09-01,7.1-EARLY-RESEARCH-R2,1808,長谷工コーポレーション,2963.0,3.3484478549005825,9.558143834350163,0.9589118963130416,5.559038960298679,1.5339688267904414,-16.086094590767487,135,True,True,True,True,False,False,False,A,False,,,,,NONE,長期調整後 / 安値切り上げ / 5日線上向き / 出来高1.5倍 / 勢い改善,
2026-09-01,7.1-EARLY-RESEARCH-R2,4751,サイバーエージェント,1330.5,-0.9676218831410456,-9.149880505291907,1.3198482431819314,-2.9044734729621213,0.7029649310650222,-27.69021739130435,251,True,True,True,True,False,False,False,B,False,,,,,NONE,長期調整後 / 安値切り上げ / 5日線上向き / 勢い改善 / 25日線付近,
2026-09-01,7.1-EARLY-RESEARCH-R2,8795,Ｔ＆Ｄホールディングス,4950.0,3.838892385147896,-0.3823706983296482,3.934485059730308,0.8236990687556345,0.9351392118660048,-4.36630602782071,25,True,True,True,False,True,False,False,A,False,,,,,NONE,高値持ち合い後 / 安値切り上げ / 5日線上向き / 勢い改善 / 25日線付近,
2026-09-01,7.1-EARLY-RESEARCH-R2,9984,ソフトバンクグループ,5262.0,3.4401415372518285,-2.429074726497316,4.047410218876157,-1.456983407618262,0.7308907669003302,-81.00018053800325,204,True,True,True,True,False,False,False,A,False,,,,,NONE,長期調整後 / 安値切り上げ / 5日線上向き / 勢い改善 / 25日線付近,
2026-09-01,7.1-EARLY-RESEARCH-R2,8766,東京海上ホールディングス,7806.0,5.372570194384441,-1.001902346227013,5.623045780941194,1.373463684248799,0.9245642559426284,-7.817666509211152,23,True,True,True,False,True,False,False,A,False,,,,,NONE,高値持ち合い後 / 安値切り上げ / 5日線上向き / 勢い改善 / 25日線付近,
2026-09-01,7.1-EARLY-RESEARCH-R2,4188,三菱ケミカルグループ,1266.5,11.487676056338024,11.53676794363716,8.603484070428735,7.6809277649299235,1.27872488313728,0.0,0,True,True,True,False,False,False,False,B,False,,,,,NONE,安値切り上げ / 5日線上向き / 出来高1.3倍 / 勢い改善,
2026-09-01,7.1-EARLY-RESEARCH-R2,9022,東海旅客鉄道,4003.0,0.9838546922300796,2.588416196822152,0.3367506430245415,1.9903793236990763,1.0434720252061107,-17.122153209109737,130,True,True,True,True,False,False,False,A,False,,,,,NONE,長期調整後 / 安値切り上げ / 5日線上向き / 勢い改善 / 25日線付近,
2026-09-01,7.1-EARLY-RESEARCH-R2,7201,日産自動車,338.9,4.663372452130932,4.276923076923067,3.594141682900165,1.8843647033358168,1.2827412408342456,-27.274678111587992,132,False,True,True,True,False,False,False,A,False,,,,,NONE,長期調整後 / 5日線上向き / 出来高1.3倍 / 勢い改善 / 25日線付近,
2026-09-01,7.1-EARLY-RESEARCH-R2,7202,いすゞ自動車,2320.0,4.835065521915949,0.8476418169963029,4.623155067666874,1.698184336726194,1.144508265749704,-20.79207920792079,135,True,True,True,True,False,True,True,A,False,,,,,B_EARLY_CONFIRMED,長期調整後 / 安値切り上げ / 5日線上向き / 出来高1.1倍 / 勢い改善 / 25日線付近,
2026-09-01,7.1-EARLY-RESEARCH-R2,5406,神戸製鋼所,2064.0,1.925925925925931,-0.434153400868309,2.0344642761430083,1.884668924188726,1.2283424034765995,-13.259088043706658,138,True,True,True,False,True,True,True,A,False,,,,,B_EARLY_CONFIRMED,高値持ち合い後 / 安値切り上げ / 5日線上向き / 出来高1.2倍 / 勢い改善 / 25日線付近,
2026-09-01,7.1-EARLY-RESEARCH-R2,6902,デンソー,1981.0,3.0965391621129434,2.74896265560165,2.409298498212531,1.2139543438719924,1.217263559568397,-16.519174041297934,202,True,True,True,True,False,True,True,A,False,,,,,B_EARLY_CONFIRMED,長期調整後 / 安値切り上げ / 5日線上向き / 出来高1.2倍 / 勢い改善 / 25日線付近,
2026-09-01,7.1-EARLY-RESEARCH-R2,8058,三菱商事,4956.0,4.0083945435466894,3.530394819302285,3.1257958387211184,3.75146541617819,1.237160772121514,-17.564870259481037,75,True,True,True,True,False,True,True,A,False,,,,,B_EARLY_CONFIRMED,長期調整後 / 安値切り上げ / 5日線上向き / 出来高1.2倍 / 勢い改善,
2026-09-01,7.1-EARLY-RESEARCH-R2,8750,第一ライフグループ,1868.5,3.690344062153162,-1.0590415673815246,3.9551044539985423,0.5510531357291182,1.1881928316963737,-4.619703930576824,25,True,True,True,False,True,True,True,A,False,,,,,B_EARLY_CONFIRMED,高値持ち合い後 / 安値切り上げ / 5日線上向き / 出来高1.2倍 / 勢い改善 / 25日線付近,
2026-09-01,7.1-EARLY-RESEARCH-R2,8002,丸紅,5122.0,3.328626185192652,-0.1948558067030426,3.377340136868412,2.6477590643462445,1.127138270584305,-19.058154235145388,135,True,True,True,True,False,True,True,A,False,,,,,B_EARLY_CONFIRMED,長期調整後 / 安値切り上げ / 5日線上向き / 出来高1.1倍 / 勢い改善 / 25日線付近,
2026-09-01,7.1-EARLY-RESEARCH-R2,7453,良品計画,4350.0,1.422242947073915,3.1539008774009947,0.6337677277236664,0.417366895048854,0.9674343250039816,-39.7005822012753,251,True,True,True,True,False,False,False,A,False,,,,,NONE,長期調整後 / 安値切り上げ / 5日線上向き / 勢い改善 / 25日線付近,
2026-09-01,7.1-EARLY-RESEARCH-R2,5401,日本製鉄,700.3,4.180303481106806,8.23802163833076,2.120798071524116,4.124539074580702,1.5868551343191049,-79.70144927536232,238,True,True,True,True,False,True,True,A,False,,,,,B_EARLY_CONFIRMED,長期調整後 / 安値切り上げ / 5日線上向き / 出来高1.6倍 / 勢い改善,
2026-09-01,7.1-EARLY-RESEARCH-R2,6762,ＴＤＫ,3079.0,0.9839291571006824,-0.4204398447606672,1.0890391182908492,0.8833435996906891,0.674655165231432,-28.64426419466976,64,True,True,True,True,False,False,False,A,False,,,,,NONE,長期調整後 / 安値切り上げ / 5日線上向き / 勢い改善 / 25日線付近,
2026-09-01,7.1-EARLY-RESEARCH-R2,5706,三井金属,28825.0,1.7472643840451774,-6.685011330527679,3.418517216677097,-2.2993960018167448,0.5809103245756491,-50.04332755632582,67,True,True,True,True,False,False,False,A,False,,,,,NONE,長期調整後 / 安値切り上げ / 5日線上向き / 勢い改善 / 25日線付近,
2026-09-01,7.1-EARLY-RESEARCH-R2,8591,オリックス,6361.0,1.3059404363752192,0.2047889098928834,1.2547432089019983,0.7169412196867508,0.8716555730829902,-4.7754491017964025,24,True,True,True,False,True,False,False,A,False,,,,,NONE,高値持ち合い後 / 安値切り上げ / 5日線上向き / 勢い改善 / 25日線付近,
2026-09-01,7.1-EARLY-RESEARCH-R2,2502,アサヒグループホールディングス,1693.0,0.2962085308056972,2.1417797888386048,-0.239236416403954,0.6887035957702459,0.5755041528572001,-13.79837067209776,241,True,True,True,False,True,False,False,B,False,,,,,NONE,高値持ち合い後 / 安値切り上げ / 5日線上向き / 25日線付近,
2026-09-01,7.1-EARLY-RESEARCH-R2,9021,西日本旅客鉄道,3031.0,1.5070328198258487,2.6066350710900466,0.855374052053337,2.32743428559854,0.764097034315319,-15.264187866927593,251,True,True,True,True,False,False,False,A,False,,,,,NONE,長期調整後 / 安値切り上げ / 5日線上向き / 勢い改善 / 25日線付近,
2026-09-01,7.1-EARLY-RESEARCH-R2,4324,電通グループ,3726.0,2.334523482559736,5.94256468581178,0.8488823111067911,2.817974105102805,0.7994350626422997,-3.820340733092409,23,True,True,True,False,True,False,False,A,False,,,,,NONE,高値持ち合い後 / 安値切り上げ / 5日線上向き / 勢い改善 / 25日線付近,
2026-09-01,7.1-EARLY-RESEARCH-R2,1925,大和ハウス工業,4744.0,0.7432575918453921,3.490401396160569,-0.1293427571947503,1.8436622500064503,0.8642889805829137,-18.27734711455642,134,True,True,True,True,False,False,False,B,False,,,,,NONE,長期調整後 / 安値切り上げ / 5日線上向き / 25日線付近,
2026-09-01,7.1-EARLY-RESEARCH-R2,5108,ブリヂストン,4166.0,0.7740686985969969,6.438426162493616,-0.835537842026407,2.032819005633102,0.5841503576765011,-44.08053691275168,181,True,True,True,True,False,False,False,B,False,,,,,NONE,長期調整後 / 安値切り上げ / 5日線上向き / 25日線付近,
2026-09-01,7.1-EARLY-RESEARCH-R2,1802,大林組,3065.0,1.7934241115908245,-1.5735388567758468,2.1868088257847864,0.1365647114171864,1.1033265023706718,-30.952917323721564,125,True,True,True,True,False,True,True,A,False,,,,,B_EARLY_CONFIRMED,長期調整後 / 安値切り上げ / 5日線上向き / 出来高1.1倍 / 勢い改善 / 25日線付近,
2026-09-01,7.1-EARLY-RESEARCH-R2,8804,東京建物,3472.0,1.6095990635059954,5.7247259439707765,0.1784175775133012,2.381429801488544,1.2121532644048971,-20.62185642432556,125,True,True,True,True,False,True,True,A,False,,,,,B_EARLY_CONFIRMED,長期調整後 / 安値切り上げ / 5日線上向き / 出来高1.2倍 / 勢い改善 / 25日線付近,
2026-09-01,7.1-EARLY-RESEARCH-R2,9432,ＮＴＴ,175.6,3.78250591016549,15.147540983606556,-0.0043793357361487,8.784537232065425,1.0631560700123504,0.0,0,True,True,False,False,False,False,False,E,False,,,,,NONE,安値切り上げ / 5日線上向き,
2026-09-01,7.1-EARLY-RESEARCH-R2,6971,京セラ,3648.0,1.277068295391448,2.934537246049662,0.5434339838790325,-1.4448274744156442,0.8530775010113854,-9.231152027867628,39,True,True,True,False,True,False,False,A,False,,,,,NONE,高値持ち合い後 / 安値切り上げ / 5日線上向き / 勢い改善 / 25日線付近,
2026-09-01,7.1-EARLY-RESEARCH-R2,3092,ＺＯＺＯ,1171.5,2.002612102742707,2.808249232119353,1.3005497947128686,2.1520378088976555,1.4632286260152805,-22.15946843853821,251,True,True,True,True,False,True,True,A,False,,,,,B_EARLY_CONFIRMED,長期調整後 / 安値切り上げ / 5日線上向き / 出来高1.5倍 / 勢い改善 / 25日線付近,
2026-09-01,7.1-EARLY-RESEARCH-R2,1963,日揮ホールディングス,2379.0,5.312084993359889,5.288780703695517,3.98988981743601,3.951829971685261,1.2452431826509032,-18.73612297181896,69,True,True,True,True,False,True,True,A,False,,,,,B_EARLY_CONFIRMED,長期調整後 / 安値切り上げ / 5日線上向き / 出来高1.2倍 / 勢い改善,
2026-09-01,7.1-EARLY-RESEARCH-R2,4507,塩野義製薬,2950.0,1.339745791824121,1.7767810936691442,0.8955505184068346,2.308353910606775,0.9026685877469356,-21.500798296966472,98,True,True,True,True,False,False,False,A,False,,,,,NONE,長期調整後 / 安値切り上げ / 5日線上向き / 勢い改善 / 25日線付近,
2026-09-01,7.1-EARLY-RESEARCH-R2,9064,ヤマトホールディングス,1967.5,0.949204720369412,-3.601175894169528,1.849498693911794,-0.1745360081991331,0.6294639755119058,-23.38395638629284,240,True,True,True,True,False,False,False,A,False,,,,,NONE,長期調整後 / 安値切り上げ / 5日線上向き / 勢い改善 / 25日線付近,
2026-09-01,7.1-EARLY-RESEARCH-R2,6526,ソシオネクスト,1996.0,1.7329255861366022,-1.6021690904609365,2.1334678587518363,-0.4399397452140352,0.5193235342579388,-42.824405614437126,202,True,True,True,True,False,False,False,A,False,,,,,NONE,長期調整後 / 安値切り上げ / 5日線上向き / 勢い改善 / 25日線付近,
2026-09-01,7.1-EARLY-RESEARCH-R2,4043,トクヤマ,4132.0,2.7094208302262057,6.549767921609084,1.0719788498239349,2.273177299908924,1.1288279101387473,-28.363384188626902,61,False,True,True,True,False,False,False,A,False,,,,,NONE,長期調整後 / 5日線上向き / 出来高1.1倍 / 勢い改善 / 25日線付近,
2026-09-01,7.1-EARLY-RESEARCH-R2,8001,伊藤忠商事,2148.5,1.4400377714825383,7.667251315459778,-0.4767750573824059,4.538686855908369,1.1287027084604286,-78.29578745327811,174,True,True,True,True,False,False,False,B,False,,,,,NONE,長期調整後 / 安値切り上げ / 5日線上向き / 出来高1.1倍,
2026-09-01,7.1-EARLY-RESEARCH-R2,6770,アルプスアルパイン,2331.5,6.925017197890382,11.688622754491009,4.00286150926763,6.6550168799919485,1.5780881805239877,-2.6716760592778166,126,True,True,True,False,False,False,False,B,False,,,,,NONE,安値切り上げ / 5日線上向き / 出来高1.6倍 / 勢い改善,
2026-09-01,7.1-EARLY-RESEARCH-R2,6178,日本郵政,2554.0,7.401177460050468,9.355598372939422,5.062277866815612,6.770789786123976,1.3097548544417017,0.0,0,True,True,True,False,False,False,False,B,False,,,,,NONE,安値切り上げ / 5日線上向き / 出来高1.3倍 / 勢い改善,
2026-09-01,7.1-EARLY-RESEARCH-R2,6701,日本電気,5005.0,7.634408602150544,5.746883583350937,6.19768770631281,4.792174400978211,0.9954778864912136,-19.195996125282534,187,True,True,True,True,False,False,False,B,False,,,,,NONE,長期調整後 / 安値切り上げ / 5日線上向き / 勢い改善,
2026-09-01,7.1-EARLY-RESEARCH-R2,6753,シャープ,673.3,8.125903324233153,8.056491734874015,6.1117803905146495,5.5620359221352444,0.7931669198924679,-25.602209944751387,196,True,True,True,True,False,False,False,B,False,,,,,NONE,長期調整後 / 安値切り上げ / 5日線上向き / 勢い改善,
2026-09-01,7.1-EARLY-RESEARCH-R2,7211,三菱自動車工業,399.9,9.41176470588234,11.67271711812341,6.493585426351489,10.485484102688767,1.2903307002457538,-12.685589519650664,136,True,True,False,False,True,False,False,B,False,,,,,NONE,高値持ち合い後 / 安値切り上げ / 5日線上向き / 出来高1.3倍 / 勢い改善,
2026-09-01,7.1-EARLY-RESEARCH-R2,6758,ソニーグループ,4046.0,5.5845511482254695,12.733351908609649,2.4012131710730578,7.134535132501529,0.9426801150938628,-15.284757118927972,194,True,True,True,True,False,False,False,B,False,,,,,NONE,長期調整後 / 安値切り上げ / 5日線上向き / 勢い改善,
2026-09-01,7.1-EARLY-RESEARCH-R2,7261,マツダ,1272.0,5.735660847880308,11.38353765323994,2.889776434570324,7.321847420732008,1.0331761606225265,-8.817204301075265,131,True,True,True,False,True,False,False,B,False,,,,,NONE,高値持ち合い後 / 安値切り上げ / 5日線上向き / 勢い改善,
2026-09-01,7.1-EARLY-RESEARCH-R2,9501,東京電力ホールディングス,572.3,10.525299343375828,8.781600456187032,8.329899229329069,8.441085964619743,1.547121822700985,-39.078134979774326,194,True,True,False,True,False,False,False,B,False,,,,,NONE,長期調整後 / 安値切り上げ / 5日線上向き / 出来高1.5倍 / 勢い改善,
2026-09-01,7.1-EARLY-RESEARCH-R2,5801,古河電気工業,3858.0,-3.5499999999999976,20.5625,-8.690624999999995,2.592194696478156,0.6112925811745243,-93.81829834962345,67,True,True,True,True,False,False,False,C,False,,,,,NONE,長期調整後 / 安値切り上げ / 5日線上向き / 25日線付近,
2026-09-01,7.1-EARLY-RESEARCH-R2,4755,楽天グループ,756.4,-1.6256990505917557,-10.144927536231885,0.9105328334662156,-5.552947287456689,1.1610274501727855,-29.20917173607862,196,True,False,True,True,False,False,False,C,False,,,,,NONE,長期調整後 / 安値切り上げ / 出来高1.2倍 / 勢い改善,
2026-09-01,7.1-EARLY-RESEARCH-R2,7735,ＳＣＲＥＥＮホールディングス,13480.0,1.315295001878991,9.149797570850192,-0.9721543908335571,1.129833300823746,0.5217168582715174,-43.527440301633845,126,True,True,True,True,False,False,False,B,False,,,,,NONE,長期調整後 / 安値切り上げ / 5日線上向き / 25日線付近,
2026-09-01,7.1-EARLY-RESEARCH-R2,8725,ＭＳ＆ＡＤインシュアランスグループホールディングス,5187.0,2.267350157728698,7.6141078838174225,0.3638231867743424,5.072316979297487,1.1997376596654272,-0.7082695252679905,0,True,True,True,False,False,False,False,B,False,,,,,NONE,安値切り上げ / 5日線上向き / 出来高1.2倍 / 勢い改善,
2026-09-01,7.1-EARLY-RESEARCH-R2,9202,ＡＮＡホールディングス,3037.0,-0.4262295081967182,-2.940236497283477,0.308829616124151,-1.8003802527257862,0.8674771842491544,-11.172857560690264,125,True,False,True,False,True,False,False,C,False,,,,,NONE,高値持ち合い後 / 安値切り上げ / 勢い改善 / 25日線付近,
2026-09-01,7.1-EARLY-RESEARCH-R2,7911,ＴＯＰＰＡＮホールディングス,4942.0,-0.0808734330772331,9.8466325850189,-2.542531579331958,1.1908662036430373,0.7852825144625974,-16.632928475033737,123,True,True,True,True,False,False,False,C,False,,,,,NONE,長期調整後 / 安値切り上げ / 5日線上向き / 25日線付近,
2026-09-01,7.1-EARLY-RESEARCH-R2,7203,トヨタ自動車,3243.0,5.223880597014929,9.431415555930478,2.86602670803231,6.378791159046626,1.0529678189196674,-18.925000000000004,137,True,True,True,True,False,False,False,B,False,,,,,NONE,長期調整後 / 安値切り上げ / 5日線上向き / 勢い改善,
2026-09-01,7.1-EARLY-RESEARCH-R2,8031,三井物産,5198.0,5.031319458476458,6.647517439474759,3.369440098607768,6.272489368662093,1.239260389851469,-22.12734082397003,98,True,True,False,True,False,False,False,B,False,,,,,NONE,長期調整後 / 安値切り上げ / 5日線上向き / 出来高1.2倍 / 勢い改善,
2026-09-01,7.1-EARLY-RESEARCH-R2,8306,三菱ＵＦＪフィナンシャル・グループ,3700.0,4.845565315953526,3.7286234931314777,3.9134094426706567,3.195144807889694,1.192282682454071,-2.963545764489905,25,True,True,True,False,False,False,False,B,False,,,,,NONE,安値切り上げ / 5日線上向き / 出来高1.2倍 / 勢い改善,
2026-09-01,7.1-EARLY-RESEARCH-R2,8316,三井住友フィナンシャルグループ,7009.0,5.668626564148949,5.972180223767776,4.175581508207005,3.531504065040658,1.016861492443265,-3.457300275482089,25,True,True,True,False,True,False,False,B,False,,,,,NONE,高値持ち合い後 / 安値切り上げ / 5日線上向き / 勢い改善,
2026-09-01,7.1-EARLY-RESEARCH-R2,5301,東海カーボン,1907.0,15.821439416945026,24.032520325203244,9.813309335644217,12.43573416348287,1.7478943438645989,-1.85280494081318,17,True,True,True,False,False,False,False,B,False,,,,,NONE,安値切り上げ / 5日線上向き / 出来高1.7倍 / 勢い改善,
2026-09-01,7.1-EARLY-RESEARCH-R2,4151,協和キリン,2687.0,4.715510522213573,6.817730073544026,3.011078003827566,3.980434496583008,1.0644578074755748,-7.726648351648347,125,True,True,True,False,True,False,False,B,False,,,,,NONE,高値持ち合い後 / 安値切り上げ / 5日線上向き / 勢い改善,
2026-09-01,7.1-EARLY-RESEARCH-R2,3402,東レ,1316.5,3.620621802439983,16.555998229305004,-0.5183777548862682,3.694076874606189,0.6965682550213481,-5.627240143369172,15,False,True,True,False,False,False,False,E,False,,,,,NONE,5日線上向き,
2026-09-01,7.1-EARLY-RESEARCH-R2,7269,スズキ,2255.0,6.418121755545059,15.90850681058853,2.440995052897926,8.697747956193114,0.9157587912068548,-8.815204205418524,185,True,True,True,False,True,False,False,B,False,,,,,NONE,高値持ち合い後 / 安値切り上げ / 5日線上向き / 勢い改善,
2026-09-01,7.1-EARLY-RESEARCH-R2,3405,クラレ,1905.0,6.484069312465057,5.7745696835091564,5.040426891587768,2.741942442939127,0.8304978282011297,-8.764367816091955,16,True,True,True,False,False,False,False,B,False,,,,,NONE,安値切り上げ / 5日線上向き / 勢い改善 / 25日線付近,
2026-09-01,7.1-EARLY-RESEARCH-R2,4901,富士フイルムホールディングス,3458.0,6.432748538011701,-8.470089994706198,8.550271036688251,0.5864147255253194,0.552933761021255,-11.514841351074722,17,True,True,True,False,False,False,False,B,False,,,,,NONE,安値切り上げ / 5日線上向き / 勢い改善 / 25日線付近,
2026-09-01,7.1-EARLY-RESEARCH-R2,6326,クボタ,3004.0,7.190008920606594,10.563121089436889,4.549228648247372,9.45527418473311,1.218206356504071,-8.078335373317014,134,True,True,False,False,True,False,False,B,False,,,,,NONE,高値持ち合い後 / 安値切り上げ / 5日線上向き / 出来高1.2倍 / 勢い改善,
2026-09-01,7.1-EARLY-RESEARCH-R2,6702,富士通,3947.0,5.874463519313311,12.771428571428569,2.6816063764561693,6.4834299157197295,0.9094241099001192,-15.44558697514996,154,True,True,True,True,False,False,False,B,False,,,,,NONE,長期調整後 / 安値切り上げ / 5日線上向き / 勢い改善,
2026-09-01,7.1-EARLY-RESEARCH-R2,9020,東日本旅客鉄道,3607.0,-0.496551724137928,5.406195207481002,-1.8481005260081784,1.654886311114101,0.7718275000041471,-14.343386369033484,156,True,True,True,False,True,False,False,C,False,,,,,NONE,高値持ち合い後 / 安値切り上げ / 5日線上向き / 25日線付近,
2026-09-01,7.1-EARLY-RESEARCH-R2,4911,資生堂,3620.0,-1.7639077340569909,15.470494417862836,-5.6315313385227,3.034098024705401,0.8551688985530449,-5.260403035854488,3,True,False,True,False,False,False,False,E,False,,,,,NONE,安値切り上げ,
2026-09-01,7.1-EARLY-RESEARCH-R2,7013,ＩＨＩ,2736.0,1.4836795252225476,-1.2630819198845231,1.7994500051936786,-1.7615419416457834,0.8602953969120424,-84.85469139219487,227,False,True,True,True,False,False,False,B,False,,,,,NONE,長期調整後 / 5日線上向き / 勢い改善 / 25日線付近,
2026-09-01,7.1-EARLY-RESEARCH-R2,3382,セブン＆アイ・ホールディングス,2034.0,0.0491883915396007,-1.762859212750545,0.489903194727237,-1.5631805642936758,0.8738756107368503,-15.84609019445594,134,False,False,True,True,False,False,False,C,False,,,,,NONE,長期調整後 / 勢い改善 / 25日線付近,
2026-09-01,7.1-EARLY-RESEARCH-R2,7951,ヤマハ,1353.0,2.9288702928870203,9.955302722470538,0.4400446122693857,2.8349927795090046,0.5894353792849815,-5.516759776536317,14,True,True,True,False,False,False,False,B,False,,,,,NONE,安値切り上げ / 5日線上向き / 勢い改善 / 25日線付近,
2026-09-01,7.1-EARLY-RESEARCH-R2,7751,キヤノン,4750.0,3.0592319375135624,6.981981981981988,1.3137364420180653,3.8887187787060906,1.0703405310940526,-5.622888933041925,137,True,True,True,False,True,False,False,B,False,,,,,NONE,高値持ち合い後 / 安値切り上げ / 5日線上向き / 勢い改善,
2026-09-01,7.1-EARLY-RESEARCH-R2,5233,太平洋セメント,4318.0,3.104106972301812,9.067946451124032,0.8371203595208043,3.26289710060359,0.8316983002540325,-13.083735909822868,136,True,True,True,False,True,False,False,B,False,,,,,NONE,高値持ち合い後 / 安値切り上げ / 5日線上向き / 勢い改善,
2026-09-01,7.1-EARLY-RESEARCH-R2,6471,日本精工,1138.5,2.7527075812274315,0.7968127490039834,2.553504393976436,-0.0509182849316891,1.00240070757697,-19.512195121951216,123,False,True,True,True,False,False,False,B,False,,,,,NONE,長期調整後 / 5日線上向き / 勢い改善 / 25日線付近,
2026-09-01,7.1-EARLY-RESEARCH-R2,3407,旭化成,1688.5,3.367003367003374,2.48861911987861,2.7448485870337214,0.4700702130191692,0.8270041743528685,-11.41133263378804,39,False,True,True,False,True,False,False,B,False,,,,,NONE,高値持ち合い後 / 5日線上向き / 勢い改善 / 25日線付近,
2026-09-01,7.1-EARLY-RESEARCH-R2,1721,コムシスホールディングス,5550.0,3.641456582633064,6.730769230769229,1.9587642749407552,4.385311576048934,0.7405445248076657,-10.642408629850264,78,True,True,True,False,True,False,False,B,False,,,,,NONE,高値持ち合い後 / 安値切り上げ / 5日線上向き / 勢い改善,
2026-09-01,7.1-EARLY-RESEARCH-R2,9531,東京瓦斯,6369.0,4.512635379061369,3.041579032519004,3.7522406209316186,4.538710016282366,0.954185463659148,-20.057738169951044,121,True,True,True,True,False,False,False,B,False,,,,,NONE,長期調整後 / 安値切り上げ / 5日線上向き / 勢い改善,
2026-09-01,7.1-EARLY-RESEARCH-R2,8053,住友商事,1849.5,4.5505935556811705,11.382113821138208,1.7050651003966188,6.945841862401547,1.0934022746858338,-76.21221864951768,77,True,True,True,True,False,False,False,B,False,,,,,NONE,長期調整後 / 安値切り上げ / 5日線上向き / 勢い改善,
2026-09-01,7.1-EARLY-RESEARCH-R2,6472,ＮＴＮ,384.8,3.191204076159848,-1.1813045711350667,3.486530218943615,0.9825327510917026,0.888482173736063,-20.98562628336755,77,False,True,True,True,False,False,False,B,False,,,,,NONE,長期調整後 / 5日線上向き / 勢い改善 / 25日線付近,
2026-09-01,7.1-EARLY-RESEARCH-R2,4578,大塚ホールディングス,12390.0,2.481389578163773,7.739130434782604,0.5466069694681219,2.843767119876484,0.7607004587758285,-3.165298944900352,15,True,True,True,False,False,False,False,B,False,,,,,NONE,安値切り上げ / 5日線上向き / 勢い改善 / 25日線付近,
2026-09-01,7.1-EARLY-RESEARCH-R2,9602,東宝,1588.0,1.146496815286624,4.404996712689013,0.0452476371143706,3.762365886488661,0.9613501370859884,-84.16749750747756,217,True,True,True,True,False,False,False,B,False,,,,,NONE,長期調整後 / 安値切り上げ / 5日線上向き / 勢い改善,
2026-09-01,7.1-EARLY-RESEARCH-R2,6981,村田製作所,7290.0,2.244039270687237,1.8014243820695386,1.7936831751698523,-0.6200003271769505,0.7681759585386148,-43.46645986816596,49,True,True,True,False,False,False,False,B,False,,,,,NONE,安値切り上げ / 5日線上向き / 勢い改善 / 25日線付近,
2026-09-01,7.1-EARLY-RESEARCH-R2,8802,三菱地所,3841.0,3.5309973045822174,3.810810810810805,2.578294601879516,1.674007877684125,0.7476485012626725,-28.962456075457744,126,True,True,True,True,False,False,False,A,False,,,,,NONE,長期調整後 / 安値切り上げ / 5日線上向き / 勢い改善 / 25日線付近,
2026-09-01,7.1-EARLY-RESEARCH-R2,9433,ＫＤＤＩ,3007.0,3.351091252792582,3.582500861178084,2.455466037498061,3.381649155619116,0.6849264143103938,-3.6526754245434168,22,True,True,True,False,True,False,False,B,False,,,,,NONE,高値持ち合い後 / 安値切り上げ / 5日線上向き / 勢い改善,
2026-09-01,7.1-EARLY-RESEARCH-R2,9009,京成電鉄,1357.0,1.1931394481730084,7.2303437376531,-0.6144464862402665,3.874829682022063,1.2085452169299846,-6.478290833907652,237,True,True,True,False,True,False,False,B,False,,,,,NONE,高値持ち合い後 / 安値切り上げ / 5日線上向き / 出来高1.2倍,
2026-09-01,7.1-EARLY-RESEARCH-R2,5214,日本電気硝子,4860.0,1.9295302013422777,10.60537096040055,-0.72181253875786,-1.407079215151652,1.0823121784388838,-41.984003819983286,84,True,True,True,True,False,False,False,B,False,,,,,NONE,長期調整後 / 安値切り上げ / 5日線上向き / 25日線付近,
2026-09-01,7.1-EARLY-RESEARCH-R2,1803,清水建設,2454.0,2.914657160830369,5.006418485237485,1.6630525395209983,2.8473718179760743,0.9139564036492792,-32.172470978441126,123,True,True,True,True,False,False,False,A,False,,,,,NONE,長期調整後 / 安値切り上げ / 5日線上向き / 勢い改善 / 25日線付近,
2026-09-01,7.1-EARLY-RESEARCH-R2,9502,中部電力,2999.0,3.040714653839549,11.09464715688091,0.2670528646193215,6.571999175568388,1.0070473943323313,-8.734023128423619,36,True,True,True,False,True,False,False,B,False,,,,,NONE,高値持ち合い後 / 安値切り上げ / 5日線上向き / 勢い改善,
2026-09-01,7.1-EARLY-RESEARCH-R2,7270,ＳＵＢＡＲＵ,2735.5,4.688097971680061,4.4881588999236,3.5660582466991606,4.185709932967696,0.7144892041057564,-24.89017023613399,172,True,True,True,True,False,False,False,B,False,,,,,NONE,長期調整後 / 安値切り上げ / 5日線上向き / 勢い改善,
2026-09-01,7.1-EARLY-RESEARCH-R2,9532,大阪瓦斯,5879.0,4.645781416874328,8.448625714812774,2.533624988171135,6.456566300403455,1.1346274853422875,-13.898652606912709,121,True,True,False,False,True,False,False,B,False,,,,,NONE,高値持ち合い後 / 安値切り上げ / 5日線上向き / 出来高1.1倍 / 勢い改善,
2026-09-01,7.1-EARLY-RESEARCH-R2,6501,日立製作所,5541.0,4.54716981132075,4.527447651386529,3.415307898474118,2.580716824644536,0.8049983378340839,-8.246398410332834,136,True,True,True,False,True,False,False,A,False,,,,,NONE,高値持ち合い後 / 安値切り上げ / 5日線上向き / 勢い改善 / 25日線付近,
2026-09-01,7.1-EARLY-RESEARCH-R2,8801,三井不動産,1555.0,2.7419887677568644,4.467584816929793,1.6250925635244162,3.1385970497718407,1.041813581224513,-27.94253938832252,135,True,True,True,True,False,False,False,B,False,,,,,NONE,長期調整後 / 安値切り上げ / 5日線上向き / 勢い改善,
2026-09-01,7.1-EARLY-RESEARCH-R2,2413,エムスリー,1830.0,4.571428571428582,2.98255486775465,3.825789854489919,4.239054899235595,0.5250386057798367,-33.35761107064822,192,True,True,True,True,False,False,False,B,False,,,,,NONE,長期調整後 / 安値切り上げ / 5日線上向き / 勢い改善,
2026-09-02,7.1-EARLY-RESEARCH-R2,1963,日揮ホールディングス,2352.0,3.772336201191262,2.595419847328251,3.123481239359199,2.6679703869255444,1.54006090517694,-19.65841161400512,70,True,True,True,True,False,True,True,A,False,,,,,B_EARLY_CONFIRMED,長期調整後 / 安値切り上げ / 5日線上向き / 出来高1.5倍 / 勢い改善 / 25日線付近,
2026-09-02,7.1-EARLY-RESEARCH-R2,5020,ＥＮＥＯＳホールディングス,1345.0,2.437166793602441,4.955130706203659,1.1983841170515264,2.454333551699439,1.5282304312725503,-13.36553945249598,125,True,True,False,False,True,True,True,A,False,,,,,B_EARLY_CONFIRMED,高値持ち合い後 / 安値切り上げ / 5日線上向き / 出来高1.5倍 / 勢い改善 / 25日線付近,
2026-09-02,7.1-EARLY-RESEARCH-R2,8306,三菱ＵＦＪフィナンシャル・グループ,3684.0,2.933780385582563,6.167146974063398,1.3919936420667134,2.722537614740284,1.2306587056328295,-3.3831628638867017,26,True,True,True,False,True,True,True,A,False,,,,,B_EARLY_CONFIRMED,高値持ち合い後 / 安値切り上げ / 5日線上向き / 出来高1.2倍 / 勢い改善 / 25日線付近,
2026-09-02,7.1-EARLY-RESEARCH-R2,8058,三菱商事,4860.0,3.009749894022895,2.574926129168431,2.366018361730787,1.6702369795153382,1.343552850934179,-19.16167664670658,76,True,True,True,True,False,True,True,A,False,,,,,B_EARLY_CONFIRMED,長期調整後 / 安値切り上げ / 5日線上向き / 出来高1.3倍 / 勢い改善 / 25日線付近,
2026-09-02,7.1-EARLY-RESEARCH-R2,4183,三井化学,2244.0,5.649717514124286,6.984505363528015,3.9035911732422814,3.702608277723352,1.729896691330448,-44.15131906421104,184,True,True,False,True,False,True,True,B,False,,,,,B_EARLY_CONFIRMED,長期調整後 / 安値切り上げ / 5日線上向き / 出来高1.7倍 / 勢い改善,
2026-09-02,7.1-EARLY-RESEARCH-R2,2432,ディー・エヌ・エー,2608.5,2.414605418138982,5.351373182552499,1.0767621225008572,4.010494752623695,1.1547528166237426,-9.5840554592721,197,True,True,True,False,True,True,True,A,False,,,,,B_EARLY_CONFIRMED,高値持ち合い後 / 安値切り上げ / 5日線上向き / 出来高1.2倍 / 勢い改善,
2026-09-02,7.1-EARLY-RESEARCH-R2,6473,ジェイテクト,2145.0,4.2274052478134205,2.0942408376963373,3.703845038389336,1.391593715139261,1.9269468286278952,-5.2771031132700426,22,True,True,True,False,True,True,True,A,False,,,,,B_EARLY_CONFIRMED,高値持ち合い後 / 安値切り上げ / 5日線上向き / 出来高1.9倍 / 勢い改善 / 25日線付近,
2026-09-02,7.1-EARLY-RESEARCH-R2,8031,三井物産,5119.0,4.5974662852472425,6.313603322949124,3.0190654545099616,4.461713017002844,1.2920932857949228,-23.31086142322097,99,True,True,False,True,False,True,True,B,False,,,,,B_EARLY_CONFIRMED,長期調整後 / 安値切り上げ / 5日線上向き / 出来高1.3倍 / 勢い改善,
2026-09-02,7.1-EARLY-RESEARCH-R2,6472,ＮＴＮ,373.4,0.2147074610842514,-6.719960029977523,1.894697468578632,-2.071859428271716,0.9327099854888872,-23.32648870636551,78,False,True,True,True,False,False,False,B,False,,,,,NONE,長期調整後 / 5日線上向き / 勢い改善 / 25日線付近,
2026-09-02,7.1-EARLY-RESEARCH-R2,8316,三井住友フィナンシャルグループ,6971.0,3.5502079619726734,6.999232540291644,1.8003998268997623,2.9476917624124965,1.151737161839321,-3.980716253443528,26,True,True,True,False,True,True,True,A,False,,,,,B_EARLY_CONFIRMED,高値持ち合い後 / 安値切り上げ / 5日線上向き / 出来高1.2倍 / 勢い改善 / 25日線付近,
2026-09-02,7.1-EARLY-RESEARCH-R2,7270,ＳＵＢＡＲＵ,2666.0,1.542563321272139,3.173374613003088,0.749219668021367,1.560357175509708,0.8989411999168904,-26.798462383305875,173,True,True,True,True,False,False,False,A,False,,,,,NONE,長期調整後 / 安値切り上げ / 5日線上向き / 勢い改善 / 25日線付近,
2026-09-02,7.1-EARLY-RESEARCH-R2,1925,大和ハウス工業,4750.0,0.6995972016111907,4.53345070422535,-0.4337654744451469,1.9856060736185728,1.2574909950767843,-18.173987941429804,135,True,True,True,True,False,False,False,A,False,,,,,NONE,長期調整後 / 安値切り上げ / 5日線上向き / 出来高1.3倍 / 25日線付近,
2026-09-02,7.1-EARLY-RESEARCH-R2,8601,大和証券グループ本社,1818.5,0.2480705622932788,3.001982441234774,-0.5024250480154147,0.7423411445349304,1.1629285854920823,-3.6045587065995255,32,True,True,True,False,True,False,False,A,False,,,,,NONE,高値持ち合い後 / 安値切り上げ / 5日線上向き / 出来高1.2倍 / 25日線付近,
2026-09-02,7.1-EARLY-RESEARCH-R2,8795,Ｔ＆Ｄホールディングス,4872.0,0.4329004329004293,-1.9521030388408127,0.9209261926106328,-0.6355085291934182,0.8519026075203214,-5.873261205564139,26,True,True,True,False,True,False,False,A,False,,,,,NONE,高値持ち合い後 / 安値切り上げ / 5日線上向き / 勢い改善 / 25日線付近,
2026-09-02,7.1-EARLY-RESEARCH-R2,6501,日立製作所,5335.0,0.5276050499340545,-1.4227642276422814,0.8832961068446249,-1.557367974314494,1.061513955080311,-11.65755919854281,137,True,True,True,False,True,False,False,A,False,,,,,NONE,高値持ち合い後 / 安値切り上げ / 5日線上向き / 勢い改善 / 25日線付近,
2026-09-02,7.1-EARLY-RESEARCH-R2,5411,ＪＦＥホールディングス,1853.5,0.5970149253731405,3.000833564879124,-0.1531934658466405,0.9091898954703748,1.1182910879023211,-21.42857142857143,136,True,True,True,True,False,False,False,A,False,,,,,NONE,長期調整後 / 安値切り上げ / 5日線上向き / 出来高1.1倍 / 25日線付近,
2026-09-02,7.1-EARLY-RESEARCH-R2,4324,電通グループ,3654.0,0.995024875621886,4.969836253950022,-0.2474341878656194,0.7955510929172904,1.2941458865379394,-5.678884873515743,24,True,True,True,False,True,False,False,A,False,,,,,NONE,高値持ち合い後 / 安値切り上げ / 5日線上向き / 出来高1.3倍 / 25日線付近,
2026-09-02,7.1-EARLY-RESEARCH-R2,4042,東ソー,2682.0,1.0550113036925437,1.0550113036925437,0.7912584777694076,-0.2246990372167023,0.9804643965699864,-13.091380427738176,54,True,True,True,False,True,False,False,A,False,,,,,NONE,高値持ち合い後 / 安値切り上げ / 5日線上向き / 勢い改善 / 25日線付近,
2026-09-02,7.1-EARLY-RESEARCH-R2,1802,大林組,3006.0,1.1099899091826515,-3.71556694426649,2.0388816452492744,-1.4471466883487327,0.9354204462695668,-32.28204550574454,126,True,True,True,True,False,False,False,A,False,,,,,NONE,長期調整後 / 安値切り上げ / 5日線上向き / 勢い改善 / 25日線付近,
2026-09-02,7.1-EARLY-RESEARCH-R2,5401,日本製鉄,691.5,2.1418020679468297,7.043343653250767,0.3809661546341381,2.58730676794352,1.1426144839929022,-79.95652173913044,239,True,True,True,True,False,True,True,A,False,,,,,B_EARLY_CONFIRMED,長期調整後 / 安値切り上げ / 5日線上向き / 出来高1.1倍 / 勢い改善 / 25日線付近,
2026-09-02,7.1-EARLY-RESEARCH-R2,9735,セコム,6474.0,0.715619166148107,-3.025763930497305,1.4720601487724334,-1.4557875317369071,1.2678721614802355,-10.382059800664456,24,True,True,True,False,True,True,False,A,False,,,,,A_EARLY,高値持ち合い後 / 安値切り上げ / 5日線上向き / 出来高1.3倍 / 勢い改善 / 25日線付近,
2026-09-02,7.1-EARLY-RESEARCH-R2,9022,東海旅客鉄道,3942.0,0.1015744032503818,3.1937172774869182,-0.6968549161213478,0.5879110784493768,1.1275257779627317,-18.38509316770186,131,True,True,True,True,False,False,False,A,False,,,,,NONE,長期調整後 / 安値切り上げ / 5日線上向き / 出来高1.1倍 / 25日線付近,
2026-09-02,7.1-EARLY-RESEARCH-R2,8766,東京海上ホールディングス,7775.0,1.913750163848471,0.8561421714878614,1.6997146209765055,1.2122032627429835,1.1005565595250966,-8.183750590458194,24,True,True,True,False,True,True,True,A,False,,,,,B_EARLY_CONFIRMED,高値持ち合い後 / 安値切り上げ / 5日線上向き / 出来高1.1倍 / 勢い改善 / 25日線付近,
2026-09-02,7.1-EARLY-RESEARCH-R2,5233,太平洋セメント,4120.0,-1.9980970504281603,3.0000000000000027,-2.7480970504281608,-1.3863357843137305,1.142281447014468,-17.069243156199676,137,False,True,True,True,False,False,False,C,False,,,,,NONE,長期調整後 / 5日線上向き / 出来高1.1倍 / 25日線付近,
2026-09-02,7.1-EARLY-RESEARCH-R2,6988,日東電工,3468.0,2.2405660377358583,2.786010669828088,1.5440633702788364,0.2231033326782761,1.0154673572824482,-14.749262536873154,207,True,True,True,False,True,False,False,A,False,,,,,NONE,高値持ち合い後 / 安値切り上げ / 5日線上向き / 勢い改善 / 25日線付近,
2026-09-02,7.1-EARLY-RESEARCH-R2,2413,エムスリー,1782.5,1.7118402282453538,0.7346708109635447,1.5281725255044676,1.8536507319748985,0.640777878255198,-35.087399854333576,193,True,True,True,True,False,False,False,A,False,,,,,NONE,長期調整後 / 安値切り上げ / 5日線上向き / 勢い改善 / 25日線付近,
2026-09-02,7.1-EARLY-RESEARCH-R2,1803,清水建設,2396.0,0.1044495508669252,-0.0834028356964111,0.125300259791028,0.5522821507109033,0.8921943553255183,-33.77556661138751,124,True,True,True,True,False,False,False,A,False,,,,,NONE,長期調整後 / 安値切り上げ / 5日線上向き / 勢い改善 / 25日線付近,
2026-09-02,7.1-EARLY-RESEARCH-R2,9531,東京瓦斯,6248.0,2.44302344646663,3.477972838688314,1.5735302367945514,2.5439028393238194,1.0391222321517228,-21.576503075185137,122,True,True,True,True,False,False,False,A,False,,,,,NONE,長期調整後 / 安値切り上げ / 5日線上向き / 勢い改善 / 25日線付近,
2026-09-02,7.1-EARLY-RESEARCH-R2,6770,アルプスアルパイン,2256.0,2.80246069719754,10.452876376988971,0.1892416029502963,3.108803553963013,1.5961005855521149,-5.823418910457113,127,True,True,True,False,True,False,False,A,False,,,,,NONE,高値持ち合い後 / 安値切り上げ / 5日線上向き / 出来高1.6倍 / 勢い改善,
2026-09-02,7.1-EARLY-RESEARCH-R2,9433,ＫＤＤＩ,2986.0,3.054357204486635,3.915086131894907,2.0755856715129086,2.6695457233629982,0.7752381046231468,-4.325536686959309,23,True,True,True,False,True,False,False,A,False,,,,,NONE,高値持ち合い後 / 安値切り上げ / 5日線上向き / 勢い改善 / 25日線付近,
2026-09-02,7.1-EARLY-RESEARCH-R2,8002,丸紅,5090.0,3.729366211534546,3.099048004861249,2.954604210319234,2.1555011439810423,0.9647113901873388,-19.563843236409607,136,True,True,True,True,False,False,False,A,False,,,,,NONE,長期調整後 / 安値切り上げ / 5日線上向き / 勢い改善 / 25日線付近,
2026-09-02,7.1-EARLY-RESEARCH-R2,9501,東京電力ホールディングス,564.1,4.792866431357989,7.899770466717682,2.817923814678569,6.560226079203302,1.4391400059931967,-39.95103257398339,195,True,True,True,True,False,False,False,A,False,,,,,NONE,長期調整後 / 安値切り上げ / 5日線上向き / 出来高1.4倍 / 勢い改善,
2026-09-02,7.1-EARLY-RESEARCH-R2,1605,ＩＮＰＥＸ,4051.0,5.577273911910341,16.008018327605967,1.5752693300088492,7.900063924994671,1.4446470029137255,-18.244197780020176,106,True,True,True,True,False,False,False,A,False,,,,,NONE,長期調整後 / 安値切り上げ / 5日線上向き / 出来高1.4倍 / 勢い改善,
2026-09-02,7.1-EARLY-RESEARCH-R2,5019,出光興産,1462.0,7.697974217311243,17.006802721088434,3.446273537039134,9.243069565867156,1.5657924472197442,-12.507480550568516,100,True,True,True,False,True,False,False,A,False,,,,,NONE,高値持ち合い後 / 安値切り上げ / 5日線上向き / 出来高1.6倍 / 勢い改善,
2026-09-02,7.1-EARLY-RESEARCH-R2,9021,西日本旅客鉄道,2993.5,0.251172136637634,3.2241379310344875,-0.5548623461209878,1.245315691924742,0.8914336684243365,-15.150226757369612,139,True,True,True,True,False,False,False,B,False,,,,,NONE,長期調整後 / 安値切り上げ / 5日線上向き / 25日線付近,
2026-09-02,7.1-EARLY-RESEARCH-R2,4506,住友ファーマ,1633.5,12.345254470426404,32.804878048780495,4.1440349582312805,18.158934074041923,2.157597776289509,-50.31934306569343,133,True,True,True,True,False,False,False,A,False,,,,,NONE,長期調整後 / 安値切り上げ / 5日線上向き / 出来高2.2倍 / 勢い改善,
2026-09-02,7.1-EARLY-RESEARCH-R2,7453,良品計画,4250.0,-1.0937863625785416,0.902184235517578,-1.319332421457936,-1.841227608251805,1.2521663276452355,-40.55944055944056,251,True,True,True,True,False,False,False,B,False,,,,,NONE,長期調整後 / 安値切り上げ / 5日線上向き / 出来高1.3倍 / 25日線付近,
2026-09-02,7.1-EARLY-RESEARCH-R2,9009,京成電鉄,1337.5,0.0373971578160103,6.829073482428116,-1.669871212791019,2.286631997552768,1.3684523790476129,-7.822191592005511,238,True,True,True,False,True,False,False,A,False,,,,,NONE,高値持ち合い後 / 安値切り上げ / 5日線上向き / 出来高1.4倍 / 25日線付近,
2026-09-02,7.1-EARLY-RESEARCH-R2,3092,ＺＯＺＯ,1130.5,-1.0070052539404517,-0.7026789635485309,-0.831335513053319,-1.249126484975538,1.3925570711042898,-23.717948717948723,251,True,True,True,True,False,False,False,B,False,,,,,NONE,長期調整後 / 安値切り上げ / 5日線上向き / 出来高1.4倍 / 25日線付近,
2026-09-02,7.1-EARLY-RESEARCH-R2,3861,王子ホールディングス,873.0,-0.7954545454545436,0.0458400183360074,-0.8069145500385455,-0.1957215632116593,1.2252860550681277,-11.880488543454126,127,True,True,True,False,True,False,False,B,False,,,,,NONE,高値持ち合い後 / 安値切り上げ / 5日線上向き / 出来高1.2倍 / 25日線付近,
2026-09-02,7.1-EARLY-RESEARCH-R2,8591,オリックス,6286.0,-0.6166007905138327,-0.6637168141592875,-0.4506715869740108,-0.3986588836283666,1.2651257483582936,-5.898203592814366,25,True,True,True,False,True,False,False,B,False,,,,,NONE,高値持ち合い後 / 安値切り上げ / 5日線上向き / 出来高1.3倍 / 25日線付近,
2026-09-02,7.1-EARLY-RESEARCH-R2,5406,神戸製鋼所,2031.5,-0.0492004920049193,-0.9266032674957292,0.1824503248690129,0.2338708085811935,1.071163027314706,-14.624921201933184,139,True,True,True,False,True,False,False,B,False,,,,,NONE,高値持ち合い後 / 安値切り上げ / 5日線上向き / 勢い改善 / 25日線付近,
2026-09-02,7.1-EARLY-RESEARCH-R2,7186,横浜フィナンシャルグループ,1923.5,0.0780437044745063,5.599780400768606,-1.321901395717645,2.0272850717134805,0.8843944357403979,-3.608118266098725,26,True,True,True,False,True,False,False,B,False,,,,,NONE,高値持ち合い後 / 安値切り上げ / 5日線上向き / 25日線付近,
2026-09-02,7.1-EARLY-RESEARCH-R2,7261,マツダ,1217.5,1.1632737847943495,9.635299414678066,-1.2455510688751668,2.602349530599524,1.6004040495456997,-12.724014336917566,132,True,True,True,False,True,False,False,A,False,,,,,NONE,高値持ち合い後 / 安値切り上げ / 5日線上向き / 出来高1.6倍 / 25日線付近,
2026-09-02,7.1-EARLY-RESEARCH-R2,6902,デンソー,1922.0,0.1563314226159518,1.6662258661729767,-0.2602250439272924,-1.4833874952587034,1.1373290865382906,-19.0054782975137,203,False,True,True,True,False,False,False,B,False,,,,,NONE,長期調整後 / 5日線上向き / 出来高1.1倍 / 25日線付近,
2026-09-02,7.1-EARLY-RESEARCH-R2,1812,鹿島建設,4881.0,1.0768275005176964,-8.079096045197742,3.096601511817132,-2.223557692307687,0.7599424759285289,-39.2910447761194,136,True,True,True,True,False,False,False,A,False,,,,,NONE,長期調整後 / 安値切り上げ / 5日線上向き / 勢い改善 / 25日線付近,
2026-09-02,7.1-EARLY-RESEARCH-R2,2871,ニチレイ,2153.5,1.127025123268366,-0.0696055684454743,1.1444265153797346,-1.2500229277866537,0.7210866510538642,-9.09666525960321,24,True,True,True,False,True,False,False,A,False,,,,,NONE,高値持ち合い後 / 安値切り上げ / 5日線上向き / 勢い改善 / 25日線付近,
2026-09-02,7.1-EARLY-RESEARCH-R2,7269,スズキ,2122.0,-1.4398513701811444,11.449579831932777,-4.302246328164339,2.201030679574223,1.3921720013059276,-14.193287505054586,186,True,True,True,False,True,False,False,B,False,,,,,NONE,高値持ち合い後 / 安値切り上げ / 5日線上向き / 出来高1.4倍 / 25日線付近,
2026-09-02,7.1-EARLY-RESEARCH-R2,7203,トヨタ自動車,3133.0,2.0521172638436447,7.349665924276172,0.2147007827746017,2.6022256135501687,1.0711893354826445,-21.675,138,True,True,True,True,False,False,False,A,False,,,,,NONE,長期調整後 / 安値切り上げ / 5日線上向き / 勢い改善 / 25日線付近,
2026-09-02,7.1-EARLY-RESEARCH-R2,9502,中部電力,2888.0,-1.5510482358956912,7.181295231026175,-3.346372043652235,2.595437202924389,1.444805358396512,-12.111990261716375,37,True,True,True,False,True,False,False,B,False,,,,,NONE,高値持ち合い後 / 安値切り上げ / 5日線上向き / 出来高1.4倍 / 25日線付近,
2026-09-02,7.1-EARLY-RESEARCH-R2,7202,いすゞ自動車,2214.5,-1.005811354492625,-0.0902323482968592,-0.9832532674184102,-2.5565431664173133,1.4429877260490651,-24.39399112325026,136,True,True,True,True,False,False,False,B,False,,,,,NONE,長期調整後 / 安値切り上げ / 5日線上向き / 出来高1.4倍 / 25日線付近,
2026-09-02,7.1-EARLY-RESEARCH-R2,285A,キオクシアホールディングス,51000.0,2.0000000000000018,-2.092532155884041,2.5231330389710123,1.1415108558554987,0.6702207221401474,-54.74711623779947,50,False,True,True,False,False,False,False,C,False,,,,,NONE,5日線上向き / 勢い改善 / 25日線付近,
2026-09-02,7.1-EARLY-RESEARCH-R2,6724,セイコーエプソン,3216.0,2.5510204081632626,8.209959623149388,0.4985305023759157,3.5448662223509952,0.8533795993348262,-3.481392557022811,1,True,True,True,False,False,False,False,C,False,,,,,NONE,安値切り上げ / 5日線上向き / 勢い改善,
2026-09-02,7.1-EARLY-RESEARCH-R2,6702,富士通,3801.0,2.287405812701837,10.622817229336444,-0.368298494632274,2.4329510175922886,0.9885077789270263,-18.573264781491005,155,True,True,True,True,False,False,False,B,False,,,,,NONE,長期調整後 / 安値切り上げ / 5日線上向き / 25日線付近,
2026-09-02,7.1-EARLY-RESEARCH-R2,8411,みずほフィナンシャルグループ,8669.0,4.269906182343042,6.61665231828803,2.6157431027710345,3.851701351785208,1.193560972462122,-1.7008731148656309,13,True,True,True,False,False,False,False,B,False,,,,,NONE,安値切り上げ / 5日線上向き / 出来高1.2倍 / 勢い改善,
2026-09-02,7.1-EARLY-RESEARCH-R2,9532,大阪瓦斯,5841.0,4.303571428571429,8.669767441860454,2.136129568106316,5.5353193703655545,1.603487619631484,-14.455184534270648,122,True,True,False,False,True,False,False,B,False,,,,,NONE,高値持ち合い後 / 安値切り上げ / 5日線上向き / 出来高1.6倍 / 勢い改善,
2026-09-02,7.1-EARLY-RESEARCH-R2,7751,キヤノン,4679.0,0.8622547962922944,6.02764559256741,-0.6446566018495581,2.1562188880932087,0.938889482852956,-7.033578382674355,138,True,True,True,False,True,False,False,B,False,,,,,NONE,高値持ち合い後 / 安値切り上げ / 5日線上向き / 25日線付近,
2026-09-02,7.1-EARLY-RESEARCH-R2,8233,高島屋,2258.5,-9.678064387122577,0.9385474860335252,-9.912701258630957,-2.784951790633605,1.1847068097750288,-13.417672992141071,46,False,False,True,False,True,False,False,D,False,,,,,NONE,高値持ち合い後 / 出来高1.2倍 / 25日線付近,
2026-09-02,7.1-EARLY-RESEARCH-R2,6178,日本郵政,2517.0,4.853155592584879,8.141783029001083,2.8177098353346084,5.130818324589836,1.4579755676332158,-1.737263322272109,0,True,True,True,False,False,False,False,B,False,,,,,NONE,安値切り上げ / 5日線上向き / 出来高1.5倍 / 勢い改善,
2026-09-02,7.1-EARLY-RESEARCH-R2,8604,野村ホールディングス,1608.5,0.3118178983473552,6.17161716171617,-1.2310863920816872,2.901851401665878,1.4633293603496225,-2.6331719128329323,3,True,True,True,False,False,False,False,B,False,,,,,NONE,安値切り上げ / 5日線上向き / 出来高1.5倍 / 25日線付近,
2026-09-02,7.1-EARLY-RESEARCH-R2,8253,クレディセゾン,4614.0,-4.014978156854587,2.102235007745068,-4.540536908790855,-1.2389016841185985,1.382908714863213,-6.599190283400813,134,True,False,True,False,True,False,False,C,False,,,,,NONE,高値持ち合い後 / 安値切り上げ / 出来高1.4倍 / 25日線付近,
2026-09-02,7.1-EARLY-RESEARCH-R2,2801,キッコーマン,1832.5,-0.0272776868521562,16.23850301300349,-4.086903440103029,3.704500181093806,0.9180446207856416,-1.8741633199464536,8,False,False,True,False,False,False,False,E,False,,,,,NONE,,
2026-09-02,7.1-EARLY-RESEARCH-R2,3405,クラレ,1866.0,4.7725996631106105,2.5556471558120464,4.133687874157599,0.6027539060394105,0.6885644886349918,-10.632183908045976,17,True,True,True,False,False,False,False,B,False,,,,,NONE,安値切り上げ / 5日線上向き / 勢い改善 / 25日線付近,
2026-09-02,7.1-EARLY-RESEARCH-R2,8804,東京建物,3385.0,-1.167883211678833,4.314329738058542,-2.246465646193468,-0.0590493061706554,0.9805493886477352,-22.61088248742569,126,True,True,True,True,False,False,False,C,False,,,,,NONE,長期調整後 / 安値切り上げ / 5日線上向き / 25日線付近,
2026-09-02,7.1-EARLY-RESEARCH-R2,1801,大成建設,12605.0,-1.638704642996491,-3.0757400999615547,-0.8697696180061026,-1.753702260327361,1.1749387366958048,-39.04738878143134,124,True,False,True,True,False,False,False,C,False,,,,,NONE,長期調整後 / 安値切り上げ / 出来高1.2倍 / 25日線付近,
2026-09-02,7.1-EARLY-RESEARCH-R2,6753,シャープ,636.2,-0.7333437353721273,2.9949813825481675,-1.4820890810091691,-0.4169901575296175,0.8914549399235692,-29.70165745856353,197,True,True,True,True,False,False,False,C,False,,,,,NONE,長期調整後 / 安値切り上げ / 5日線上向き / 25日線付近,
2026-09-02,7.1-EARLY-RESEARCH-R2,3407,旭化成,1649.0,1.4457090126114958,4.400126622348854,0.3456773570242821,-1.486367003608391,1.009847093535066,-13.483735571878274,40,False,True,True,False,True,False,False,B,False,,,,,NONE,高値持ち合い後 / 5日線上向き / 勢い改善 / 25日線付近,
2026-09-02,7.1-EARLY-RESEARCH-R2,4507,塩野義製薬,2982.0,1.9835841313269544,7.45945945945945,0.1187192664620917,3.3042104606771927,1.3432066003369747,-20.64928153273018,99,False,True,True,True,False,False,False,B,False,,,,,NONE,長期調整後 / 5日線上向き / 出来高1.3倍 / 勢い改善,
2026-09-02,7.1-EARLY-RESEARCH-R2,5713,住友金属鉱山,10035.0,-13.304535637149028,24.534623976172742,-19.43819163119221,2.2714765004912207,0.9621834907033222,-24.54887218045113,125,True,False,True,True,False,False,False,D,False,,,,,NONE,長期調整後 / 安値切り上げ / 25日線付近,
2026-09-02,7.1-EARLY-RESEARCH-R2,6471,日本精工,1099.0,-0.8122743682310474,-4.889658156642152,0.4101401709294905,-3.532179347635267,1.6489402221737726,-22.304701307882645,124,False,True,True,True,False,False,False,C,False,,,,,NONE,長期調整後 / 5日線上向き / 出来高1.6倍 / 勢い改善,
2026-09-02,7.1-EARLY-RESEARCH-R2,9007,小田急電鉄,1795.0,1.212292077812238,6.024808033077367,-0.2939099304571035,2.9054301962942564,0.919715027191431,-4.1388518024032095,24,True,True,True,False,True,False,False,B,False,,,,,NONE,高値持ち合い後 / 安値切り上げ / 5日線上向き / 25日線付近,
2026-09-02,7.1-EARLY-RESEARCH-R2,3382,セブン＆アイ・ホールディングス,2046.5,1.1116600790513909,0.7135826771653475,0.933264409760054,-0.6524461877530419,0.8295789430518565,-15.328920148944968,135,False,True,True,True,False,False,False,B,False,,,,,NONE,長期調整後 / 5日線上向き / 勢い改善 / 25日線付近,
2026-09-02,7.1-EARLY-RESEARCH-R2,6326,クボタ,2951.5,5.655987112940752,14.24424230694794,2.0949265362037672,7.222000217967817,1.3737565821909012,-9.684822521419834,135,True,True,False,False,True,False,False,B,False,,,,,NONE,高値持ち合い後 / 安値切り上げ / 5日線上向き / 出来高1.4倍 / 勢い改善,
2026-09-02,7.1-EARLY-RESEARCH-R2,9301,三菱倉庫,1513.0,-0.6892024942566466,2.3680649526387043,-1.281218732416323,-0.5795692000367891,0.9159695110615356,-8.386315470784133,26,True,True,True,False,True,False,False,C,False,,,,,NONE,高値持ち合い後 / 安値切り上げ / 5日線上向き / 25日線付近,
2026-09-02,7.1-EARLY-RESEARCH-R2,9602,東宝,1561.0,-0.6997455470737934,5.153250252610309,-1.9880581102263704,1.9262161279790968,1.1117495097436194,-84.43668993020937,218,False,True,True,True,False,False,False,C,False,,,,,NONE,長期調整後 / 5日線上向き / 出来高1.1倍 / 25日線付近,
2026-09-02,7.1-EARLY-RESEARCH-R2,5108,ブリヂストン,4098.0,-0.7026896050399856,5.56414219474497,-2.093725153726228,0.1515225573097467,0.8411662260533999,-44.99328859060403,182,True,True,True,True,False,False,False,C,False,,,,,NONE,長期調整後 / 安値切り上げ / 5日線上向き / 25日線付近,
2026-09-02,7.1-EARLY-RESEARCH-R2,6701,日本電気,4775.0,2.2265039606080173,3.849499782514143,1.2641290149794815,-0.2615132678297049,1.0286842485673604,-22.909267032612203,188,True,True,True,True,False,False,False,A,False,,,,,NONE,長期調整後 / 安値切り上げ / 5日線上向き / 勢い改善 / 25日線付近,
2026-09-02,7.1-EARLY-RESEARCH-R2,4704,トレンドマイクロ,5778.0,3.752917938588607,-10.640272193009592,6.412985986841004,-5.6572966194681,1.014864313265058,-33.031988873435324,231,True,True,True,True,False,False,False,B,False,,,,,NONE,長期調整後 / 安値切り上げ / 5日線上向き / 勢い改善,
2026-09-02,7.1-EARLY-RESEARCH-R2,5301,東海カーボン,1812.0,10.286062081558134,16.865527249274436,6.069680269239525,6.222081530723522,1.1065874442715598,-6.742151312403499,18,True,True,True,False,False,False,False,B,False,,,,,NONE,安値切り上げ / 5日線上向き / 出来高1.1倍 / 勢い改善,
2026-09-02,7.1-EARLY-RESEARCH-R2,3401,帝人,1766.5,2.021368755414388,7.812023191943851,0.068362957428425,2.376122862938268,0.8842918694275339,-3.2054794520547936,1,False,True,True,False,False,False,False,C,False,,,,,NONE,5日線上向き / 勢い改善 / 25日線付近,
2026-09-02,7.1-EARLY-RESEARCH-R2,1808,長谷工コーポレーション,2902.5,1.5748031496062964,9.280873493975903,-0.7454152238876799,3.316081357187084,1.09789113707609,-17.799490229396774,136,True,True,True,True,False,False,False,C,False,,,,,NONE,長期調整後 / 安値切り上げ / 5日線上向き,
2026-09-02,7.1-EARLY-RESEARCH-R2,3659,ネクソン,3127.0,0.1922460749759658,31.71861836562764,-7.737408516430944,10.990430757872604,0.7491953042029592,-29.476770410464592,149,True,True,True,True,False,False,False,C,False,,,,,NONE,長期調整後 / 安値切り上げ / 5日線上向き,
2026-09-02,7.1-EARLY-RESEARCH-R2,2914,日本たばこ産業,7003.0,0.2864098524989256,2.698342865522796,-0.3881758638817734,0.4625033712249315,0.8913088107429233,-2.978664449986146,22,True,True,True,False,False,False,False,C,False,,,,,NONE,安値切り上げ / 5日線上向き / 25日線付近,
2026-09-02,7.1-EARLY-RESEARCH-R2,2002,日清製粉グループ本社,2064.5,0.3646086533787063,6.91351631279129,-1.3637704248191165,1.7205530208220354,1.056025881839611,-6.095064816920626,98,False,True,True,False,True,False,False,C,False,,,,,NONE,高値持ち合い後 / 5日線上向き / 25日線付近,
2026-09-02,7.1-EARLY-RESEARCH-R2,3402,東レ,1268.5,0.4752475247524756,10.641081552551237,-2.185022863385333,-0.4582764411381501,0.8215875717631684,-9.068100358422935,16,True,True,True,False,False,False,False,C,False,,,,,NONE,安値切り上げ / 5日線上向き / 25日線付近,
2026-09-02,7.1-EARLY-RESEARCH-R2,8001,伊藤忠商事,2157.0,0.8886810102899823,8.939393939393936,-1.3461674745585015,4.629503870855078,1.3959238959885043,-78.20992019395898,175,True,True,False,True,False,False,False,C,False,,,,,NONE,長期調整後 / 安値切り上げ / 5日線上向き / 出来高1.4倍,
2026-09-02,7.1-EARLY-RESEARCH-R2,3101,東洋紡,1673.0,0.9656004828002328,5.685407454200875,-0.4557513807499858,3.37370242214532,0.8449505161221667,-13.984575835475576,65,True,True,True,False,True,False,False,C,False,,,,,NONE,高値持ち合い後 / 安値切り上げ / 5日線上向き,
2026-09-02,7.1-EARLY-RESEARCH-R2,7951,ヤマハ,1319.5,1.072386058981234,6.026516673362803,-0.4342431093594667,0.071289892003401,0.7656373374615412,-7.856145251396651,15,True,True,True,False,False,False,False,C,False,,,,,NONE,安値切り上げ / 5日線上向き / 25日線付近,
2026-09-02,7.1-EARLY-RESEARCH-R2,6758,ソニーグループ,3920.0,1.0830324909747224,10.765753037581227,-1.6084057684205844,3.515294912962652,1.064425714586943,-17.92294807370184,195,True,True,True,True,False,False,False,C,False,,,,,NONE,長期調整後 / 安値切り上げ / 5日線上向き,
2026-09-02,7.1-EARLY-RESEARCH-R2,4578,大塚ホールディングス,12190.0,-0.2862985685071595,1.4565126924677596,-0.6504267416240994,0.9139375476009182,1.1561533494205214,-4.728409534974598,16,True,True,True,False,False,False,False,C,False,,,,,NONE,安値切り上げ / 5日線上向き / 出来高1.2倍 / 25日線付近,
2026-09-02,7.1-EARLY-RESEARCH-R2,8802,三菱地所,3773.0,-0.2643404705260366,1.972972972972964,-0.7575837137692776,0.1677870166831407,0.8932349985555947,-30.220085074902904,127,True,True,True,True,False,False,False,C,False,,,,,NONE,長期調整後 / 安値切り上げ / 5日線上向き / 25日線付近,
2026-09-02,7.1-EARLY-RESEARCH-R2,4901,富士フイルムホールディングス,3346.0,1.3939393939393918,-10.630341880341875,4.051524864024861,-2.206062873376436,0.7431691430435988,-14.380757420675538,18,True,True,True,False,False,False,False,B,False,,,,,NONE,安値切り上げ / 5日線上向き / 勢い改善 / 25日線付近,
2026-09-02,7.1-EARLY-RESEARCH-R2,8725,ＭＳ＆ＡＤインシュアランスグループホールディングス,5135.0,1.003147128245474,8.2876423450021,-1.068763458005051,3.938110775558457,1.061026281836376,-1.7036753445635489,1,True,True,False,False,False,False,False,E,False,,,,,NONE,安値切り上げ / 5日線上向き,
2026-09-02,7.1-EARLY-RESEARCH-R2,1721,コムシスホールディングス,5416.0,-0.1290798451041852,3.2012195121951192,-0.929384723152965,1.7532521211119256,0.9808112145237274,-12.79987119626469,79,True,True,True,False,True,False,False,C,False,,,,,NONE,高値持ち合い後 / 安値切り上げ / 5日線上向き / 25日線付近,
2026-09-02,7.1-EARLY-RESEARCH-R2,8308,りそなホールディングス,2517.5,2.923139820114473,14.875655943417756,-0.7957741657399655,6.059840078191492,1.1594632052944744,-1.4098296455844928,1,True,True,True,False,False,False,False,C,False,,,,,NONE,安値切り上げ / 5日線上向き / 出来高1.2倍,
2026-09-02,7.1-EARLY-RESEARCH-R2,8628,松井証券,1183.0,4.968944099378891,14.410058027079309,1.3664295926090642,6.803654617023569,1.79901544729248,-3.1914893617021267,1,True,True,False,False,False,False,False,C,False,,,,,NONE,安値切り上げ / 5日線上向き / 出来高1.8倍 / 勢い改善,
2026-09-02,7.1-EARLY-RESEARCH-R2,9503,関西電力,2903.0,11.290013417672997,21.59162303664921,5.892107658510692,15.533091893182638,1.6588539223863643,-1.8095721292068376,1,True,True,False,False,False,False,False,C,False,,,,,NONE,安値切り上げ / 5日線上向き / 出来高1.7倍 / 勢い改善,
2026-09-02,7.1-EARLY-RESEARCH-R2,4005,住友化学,617.3,11.305445366029554,28.01742015761095,4.301090326626817,15.164472702307364,1.485723789061181,-1.891290527654177,0,True,True,False,False,False,False,False,C,False,,,,,NONE,安値切り上げ / 5日線上向き / 出来高1.5倍 / 勢い改善,
2026-09-02,7.1-EARLY-RESEARCH-R2,4188,三菱ケミカルグループ,1267.5,11.96996466431095,13.422818791946312,8.614259966324372,7.391591683188459,1.8050149221960048,-2.7990797546012303,0,True,True,False,False,False,False,False,C,False,,,,,NONE,安値切り上げ / 5日線上向き / 出来高1.8倍 / 勢い改善,
2026-09-02,7.1-EARLY-RESEARCH-R2,8801,三井不動産,1515.0,-0.3289473684210509,2.7815468113975506,-1.0243340712704383,0.700583598101634,0.9916409705431006,-29.796107506950875,136,True,True,True,True,False,False,False,C,False,,,,,NONE,長期調整後 / 安値切り上げ / 5日線上向き / 25日線付近,
2026-09-02,7.1-EARLY-RESEARCH-R2,7735,ＳＣＲＥＥＮホールディングス,13145.0,-0.4920514761544314,0.5738332058148332,-0.6355097776081398,-1.0776478379314058,0.5888655893050725,-44.93087557603687,127,True,True,True,True,False,False,False,C,False,,,,,NONE,長期調整後 / 安値切り上げ / 5日線上向き / 25日線付近,
2026-09-02,7.1-EARLY-RESEARCH-R2,6301,小松製作所,7400.0,-0.5376344086021501,7.060185185185186,-2.302680704898447,1.9710732868859715,1.0117381982047462,-5.612244897959185,135,True,True,True,False,True,False,False,C,False,,,,,NONE,高値持ち合い後 / 安値切り上げ / 5日線上向き / 25日線付近,
2026-09-02,7.1-EARLY-RESEARCH-R2,7201,日産自動車,317.6,-0.2825745682888514,-1.4276846679081243,0.0743465986881797,-4.291224686595941,1.6113918036853203,-31.845493562231752,133,False,True,True,True,False,False,False,C,False,,,,,NONE,長期調整後 / 5日線上向き / 出来高1.6倍 / 勢い改善,
2026-09-02,7.1-EARLY-RESEARCH-R2,4568,第一三共,2883.0,-0.586206896551722,15.32,-4.4162068965517225,4.011082970755675,1.139552696210116,-30.99569171852561,218,True,True,True,True,False,False,False,C,False,,,,,NONE,長期調整後 / 安値切り上げ / 5日線上向き / 出来高1.1倍,
2026-09-02,7.1-EARLY-RESEARCH-R2,7211,三菱自動車工業,374.2,-0.1334400854016593,7.528735632183903,-2.015623993447635,3.359886862079997,1.1832656634823402,-18.29694323144105,137,True,True,True,True,False,False,False,C,False,,,,,NONE,長期調整後 / 安値切り上げ / 5日線上向き / 出来高1.2倍,
2026-09-02,7.1-EARLY-RESEARCH-R2,8309,三井住友トラストグループ,1775.0,1.3996001142530634,8.828939301042315,-0.8076347110075153,-7.503908285565397,1.9477782361561573,-74.62473195139385,25,True,True,True,False,False,False,False,C,False,,,,,NONE,安値切り上げ / 5日線上向き / 出来高1.9倍,
2026-09-02,7.1-EARLY-RESEARCH-R2,8750,第一ライフグループ,1846.0,1.1784050424773929,-1.8607123870281737,1.6435831392344364,-0.5387931034482762,1.1402317366865646,-5.768249106687085,26,True,True,True,False,True,True,False,A,False,,,,,A_EARLY,高値持ち合い後 / 安値切り上げ / 5日線上向き / 出来高1.1倍 / 勢い改善 / 25日線付近,
2026-09-02,7.1-EARLY-RESEARCH-R2,8053,住友商事,1788.0,1.4755959137343844,7.548872180451127,-0.4116221313783974,2.921876079298192,1.403559404569001,-77.0032154340836,78,True,True,True,True,False,False,False,A,False,,,,,NONE,長期調整後 / 安値切り上げ / 5日線上向き / 出来高1.4倍 / 25日線付近,
2026-09-02,7.1-EARLY-RESEARCH-R2,6594,ニデック,2480.0,-4.24710424710425,-8.756438557763058,-2.0579946076634856,-6.7332571153499,1.3414018170487716,-24.75728155339806,249,False,False,True,True,False,False,False,E,False,,,,,NONE,長期調整後 / 出来高1.3倍,
2026-09-02,7.1-EARLY-RESEARCH-R2,4021,日産化学,7968.0,-2.448579823702257,5.1187335092348185,-3.7282632010109618,1.108539407966869,0.6901254364799856,-8.487423911795112,41,True,False,True,False,True,False,False,D,False,,,,,NONE,高値持ち合い後 / 安値切り上げ / 25日線付近,
2026-09-02,7.1-EARLY-RESEARCH-R2,7911,ＴＯＰＰＡＮホールディングス,4924.0,-2.41775663892192,9.107024152448483,-4.694512677034041,0.384085330549877,0.87168297393327,-16.936572199730094,124,True,False,True,True,False,False,False,D,False,,,,,NONE,長期調整後 / 安値切り上げ / 25日線付近,
2026-09-02,7.1-EARLY-RESEARCH-R2,9766,コナミグループ,21720.0,-2.3381294964028743,8.302169035153328,-4.413671755191206,0.7309019404147854,1.101817509435604,-18.48376806155001,203,False,False,True,True,False,False,False,D,False,,,,,NONE,長期調整後 / 出来高1.1倍 / 25日線付近,
2026-09-02,7.1-EARLY-RESEARCH-R2,9064,ヤマトホールディングス,1915.0,-2.121134679274217,-0.0261028452101297,-2.1146089679716846,-2.434302367050812,1.0416658592638812,-25.42834890965732,241,True,False,True,True,False,False,False,D,False,,,,,NONE,長期調整後 / 安値切り上げ / 25日線付近,
2026-09-02,7.1-EARLY-RESEARCH-R2,4043,トクヤマ,3947.0,-1.8403382243223128,0.7658922644881327,-2.031811290444346,-1.9515297250568888,1.015133045010909,-31.570735090152567,62,False,True,True,True,False,False,False,D,False,,,,,NONE,長期調整後 / 5日線上向き / 25日線付近,
2026-09-02,7.1-EARLY-RESEARCH-R2,5201,ＡＧＣ,5653.0,-1.4985189057327042,1.2175470008952471,-1.802905655956516,-3.129069847145116,1.8194843448852684,-32.01443174984967,63,False,True,True,True,False,False,False,D,False,,,,,NONE,長期調整後 / 5日線上向き / 出来高1.8倍,
2026-09-02,7.1-EARLY-RESEARCH-R2,1928,積水ハウス,3411.0,-1.4446691707598935,1.7905102954342,-1.8922967446184435,-1.0076268530234578,1.1063216012673942,-10.98643006263048,127,False,False,True,False,True,False,False,D,False,,,,,NONE,高値持ち合い後 / 出来高1.1倍 / 25日線付近,
2026-09-02,7.1-EARLY-RESEARCH-R2,7013,ＩＨＩ,2600.0,-1.4404852160727843,-9.706546275395034,0.9861513527759742,-6.410182572136147,0.9185776207382462,-85.6075283697758,228,False,True,True,True,False,False,False,D,False,,,,,NONE,長期調整後 / 5日線上向き / 勢い改善,
2026-09-02,7.1-EARLY-RESEARCH-R2,9001,東武鉄道,2976.5,-1.2769485903814215,1.121114319687444,-1.5572271703032825,-0.6468883933935965,1.1267992661499544,-8.019159456118663,24,False,False,True,False,True,False,False,D,False,,,,,NONE,高値持ち合い後 / 出来高1.1倍 / 25日線付近,
2026-09-02,7.1-EARLY-RESEARCH-R2,7267,本田技研工業,1692.0,1.0450880859958156,7.428571428571429,-0.8120547711470416,0.9149141746090494,0.9668629540677188,-4.000000000000004,8,False,True,True,False,False,False,False,D,False,,,,,NONE,5日線上向き / 25日線付近,
2026-09-02,7.1-EARLY-RESEARCH-R2,2502,アサヒグループホールディングス,1660.0,-1.1316259678380014,1.9342953638317395,-1.6151998087959365,-1.1316259678380014,1.1202055288155808,-15.478615071283098,242,False,False,True,True,False,False,False,D,False,,,,,NONE,長期調整後 / 出来高1.1倍 / 25日線付近,
2026-09-02,7.1-EARLY-RESEARCH-R2,7974,任天堂,8821.0,-0.8430755395683498,16.710770044985445,-5.020768050814711,4.629757030275128,0.9084266396668262,-39.70608339029391,200,True,True,True,True,False,False,False,D,False,,,,,NONE,長期調整後 / 安値切り上げ / 5日線上向き,
2026-09-02,7.1-EARLY-RESEARCH-R2,8331,千葉銀行,2800.0,-0.7795889440113446,6.403192095762877,-2.380386967952064,2.17933933758594,0.9768460916521092,-3.197925669835777,11,True,True,True,False,False,False,False,D,False,,,,,NONE,安値切り上げ / 5日線上向き / 25日線付近,
2026-09-02,7.1-EARLY-RESEARCH-R2,1332,ニッスイ,1289.0,-0.6168080185042446,5.353494074376797,-1.955181537098444,0.8244293916117806,1.144923108943264,-17.89808917197452,125,False,False,True,True,False,False,False,D,False,,,,,NONE,長期調整後 / 出来高1.1倍 / 25日線付近,
2026-09-02,7.1-EARLY-RESEARCH-R2,4208,ＵＢＥ,3522.0,-0.5646527385657851,11.916110581506189,-3.5436803839423323,1.7425065286219563,0.9973153236293468,-5.144088338270936,14,True,True,True,False,False,False,False,D,False,,,,,NONE,安値切り上げ / 5日線上向き / 25日線付近,
2026-09-02,7.1-EARLY-RESEARCH-R2,9008,京王電鉄,786.5,-0.4808300645324448,2.3821921374642008,-1.076378098898495,0.9213160190935544,1.0175342481892862,-81.42857142857143,131,True,False,True,True,False,False,False,D,False,,,,,NONE,長期調整後 / 安値切り上げ / 25日線付近,
2026-09-02,7.1-EARLY-RESEARCH-R2,4452,花王,3583.0,-0.2783189535207397,11.41169154228856,-3.13124183909288,1.8974598154868128,0.7188006085292241,-48.865420293991725,239,True,False,True,True,False,False,False,D,False,,,,,NONE,長期調整後 / 安値切り上げ / 25日線付近,
2026-09-02,7.1-EARLY-RESEARCH-R2,7762,シチズン時計,2728.0,0.1468428781204123,15.691263782866828,-3.7759730675962944,7.175409372348107,1.0341690354181623,-6.57534246575342,12,True,True,True,False,False,False,False,D,False,,,,,NONE,安値切り上げ / 5日線上向き,
2026-09-02,7.1-EARLY-RESEARCH-R2,9023,東京地下鉄,1484.5,0.6099627245001793,3.5216178521617847,-0.2704417385402669,1.1598113773271246,1.2094534887954116,-15.987549518958687,230,True,False,True,True,False,False,False,B,False,,,,,NONE,長期調整後 / 安値切り上げ / 出来高1.2倍 / 25日線付近,
2026-09-02,7.1-EARLY-RESEARCH-R2,8015,豊田通商,7538.0,0.0398142003981361,10.787771898883005,-2.657128774322614,4.1022184903659165,1.0737381871527365,-3.0357602263956784,1,True,True,True,False,False,False,False,D,False,,,,,NONE,安値切り上げ / 5日線上向き,
2026-09-02,7.1-EARLY-RESEARCH-R2,9843,ニトリホールディングス,3021.0,-0.2970297029702973,15.305343511450388,-4.123365580832894,4.070496479309904,0.912967649221602,-79.4629503738953,233,False,False,True,True,False,False,False,E,False,,,,,NONE,長期調整後,
2026-09-02,7.1-EARLY-RESEARCH-R2,7752,リコー,1697.0,0.4142011834319614,11.939313984168876,-2.5706273126102577,3.750168127850517,0.6022358456545258,-2.889842632331907,1,True,True,True,False,False,False,False,D,False,,,,,NONE,安値切り上げ / 5日線上向き,
2026-09-02,7.1-EARLY-RESEARCH-R2,9020,東日本旅客鉄道,3545.0,-1.0881696428571397,4.019953051643199,-2.0931579057679395,0.2284473496714678,0.871187507267591,-15.815720731417716,157,True,False,True,True,False,False,False,D,False,,,,,NONE,長期調整後 / 安値切り上げ / 25日線付近,
2026-09-02,7.1-EARLY-RESEARCH-R2,9147,ＮＩＰＰＯＮ　ＥＸＰＲＥＳＳホールディングス,5590.0,-2.511335891175448,8.62806062961523,-4.668351048579256,1.3915491322769702,0.9762052859113194,-4.705080122741223,1,True,True,True,False,False,False,False,D,False,,,,,NONE,安値切り上げ / 5日線上向き / 25日線付近,
2026-09-02,7.1-EARLY-RESEARCH-R2,6752,パナソニック　ホールディングス,4296.0,-1.104972375690605,1.440377804014159,-1.465066826694145,-1.3547646383467282,1.0162397351860106,-13.769570453633085,13,True,True,True,False,False,False,False,D,False,,,,,NONE,安値切り上げ / 5日線上向き / 25日線付近,
2026-09-02,7.1-EARLY-RESEARCH-R2,5714,ＤＯＷＡホールディングス,9389.0,-10.15311004784689,14.541905575210446,-13.788586441649503,-0.0264069135003208,0.8705963806170776,-24.1599353796446,76,False,False,True,True,False,False,False,E,False,,,,,NONE,長期調整後 / 25日線付近,
2026-09-02,7.1-EARLY-RESEARCH-R2,5802,住友電気工業,2155.5,-2.5322179516165444,-0.2775850104094424,-2.462821699014184,-2.875655606221728,0.8625009469943248,-85.48484848484848,63,True,False,True,True,False,False,False,D,False,,,,,NONE,長期調整後 / 安値切り上げ / 25日線付近,
2026-09-02,7.1-EARLY-RESEARCH-R2,9107,川崎汽船,3346.0,1.2099213551119092,16.870415647921753,-3.007682556868529,8.344396593595182,0.7795613195847064,-6.822612085769986,6,True,True,True,False,False,False,False,D,False,,,,,NONE,安値切り上げ / 5日線上向き,
2026-09-02,7.1-EARLY-RESEARCH-R2,9101,日本郵船,7097.0,1.909821941412981,17.90995181923907,-2.567666013396786,8.425967232349652,0.948545348595097,-4.1593517893315335,6,True,True,True,False,False,False,False,D,False,,,,,NONE,安値切り上げ / 5日線上向き,
2026-09-02,7.1-EARLY-RESEARCH-R2,9432,ＮＴＴ,175.2,3.301886792452824,16.489361702127646,-0.8204536330790875,8.03344597094442,0.994601913486483,-0.3412969283276612,0,True,True,True,False,False,False,False,D,False,,,,,NONE,安値切り上げ / 5日線上向き,
2026-09-02,7.1-EARLY-RESEARCH-R2,6361,荏原製作所,4360.0,-12.079048195200649,-24.658717815794017,-5.914368741252145,-16.84530938885116,1.016623961261976,-36.71988388969522,51,False,False,True,False,False,False,False,E,False,,,,,NONE,,
2026-09-02,7.1-EARLY-RESEARCH-R2,8697,日本取引所グループ,2145.5,-6.248634476731485,-2.2105742935278005,-5.695990903349536,-4.144290654347582,1.466731175676708,-8.934634974533108,24,False,False,True,False,True,False,False,E,False,,,,,NONE,高値持ち合い後 / 出来高1.5倍,
2026-09-02,7.1-EARLY-RESEARCH-R2,3086,Ｊ．フロント　リテイリング,2791.5,-10.814696485623,-2.971845672575601,-10.071735067479098,-6.043634258480135,3.6215352563270846,-22.8227813104783,44,False,False,True,False,False,False,False,E,False,,,,,NONE,出来高3.6倍,
2026-09-02,7.1-EARLY-RESEARCH-R2,5711,三菱マテリアル,5345.0,-10.363910783162831,28.98166023166022,-17.60932584107789,4.356212953056304,1.6322220786698758,-12.93370255741978,3,True,False,True,False,False,False,False,E,False,,,,,NONE,安値切り上げ / 出来高1.6倍,
2026-09-02,7.1-EARLY-RESEARCH-R2,6506,安川電機,4475.0,-9.577692463123864,-12.819014221702709,-6.372938907698188,-11.089653418528322,1.2789358321348046,-43.46178142766899,50,False,False,True,False,False,False,False,E,False,,,,,NONE,出来高1.3倍,
2026-09-02,7.1-EARLY-RESEARCH-R2,2269,明治ホールディングス,4520.0,0.9153828979682864,23.80169816488633,-5.0350416432532965,7.849125753989461,0.6904629556102597,-1.0507880910682998,1,True,True,True,False,False,False,False,D,False,,,,,NONE,安値切り上げ / 5日線上向き,
2026-09-02,7.1-EARLY-RESEARCH-R2,8354,ふくおかフィナンシャルグループ,7828.0,1.0455660255582755,6.013001083423619,-0.4576842452976293,3.003794876653343,0.8388307018915117,-1.6829942225571437,1,True,True,True,False,False,False,False,D,False,,,,,NONE,安値切り上げ / 5日線上向き,
2026-09-02,7.1-EARLY-RESEARCH-R2,6103,オークマ,4540.0,-7.441386340468914,-11.673151750972766,-4.523098402725722,-10.591200913781565,1.2982220731298222,-20.490367775831874,16,False,False,True,False,False,False,False,E,False,,,,,NONE,出来高1.3倍,
2026-09-02,7.1-EARLY-RESEARCH-R2,5801,古河電気工業,3752.0,-3.918053777208708,5.215928210880549,-5.222035829928845,-1.0099517713730966,0.5230844589579932,-93.98814292581316,68,True,False,True,True,False,False,False,D,False,,,,,NONE,長期調整後 / 安値切り上げ / 25日線付近,
2026-09-02,7.1-EARLY-RESEARCH-R2,6504,富士電機,13005.0,-6.874328678839959,-7.7332387371408355,-4.941018994554749,-7.428498213345103,0.9241435562805872,-26.93820224719101,69,False,False,True,True,False,False,False,E,False,,,,,NONE,長期調整後,
2026-09-02,7.1-EARLY-RESEARCH-R2,3099,三越伊勢丹ホールディングス,3308.0,-7.8294789634995805,-6.606437041219648,-6.177869703194668,-6.8336975869139005,1.158043028331913,-21.087786259541986,44,False,False,True,False,False,False,False,E,False,,,,,NONE,出来高1.2倍,
2026-09-02,7.1-EARLY-RESEARCH-R2,4911,資生堂,3483.0,-7.1200000000000045,6.221408966148223,-8.67535224153706,-1.124169647419515,1.0865276699677149,-8.845851871237898,4,False,False,True,False,False,False,False,E,False,,,,,NONE,25日線付近,
2026-09-02,7.1-EARLY-RESEARCH-R2,4151,協和キリン,2390.0,-7.11232024873688,-2.528548123980423,-6.480183217741775,-7.130367204196619,4.2986232846067525,-17.92582417582418,126,False,False,False,True,False,False,False,E,False,,,,,NONE,長期調整後 / 出来高4.3倍,
2026-09-02,7.1-EARLY-RESEARCH-R2,7532,パン・パシフィック・インターナショナルホールディングス,769.0,-6.6974035428294165,-13.50804184006299,-3.320393082813669,-11.369179064224488,1.6362017413155496,-86.12664622045824,239,False,False,True,True,False,False,False,E,False,,,,,NONE,長期調整後 / 出来高1.6倍,
2026-09-02,7.1-EARLY-RESEARCH-R2,6920,レーザーテック,32350.0,-6.556903523974578,-26.64399092970521,0.1040942084517269,-13.08062678675064,0.6568801680203269,-44.776374189143056,51,False,False,True,False,False,False,False,E,False,,,,,NONE,勢い改善,
2026-09-02,7.1-EARLY-RESEARCH-R2,5101,横浜ゴム,7040.0,-6.320691949434465,-4.230716909264043,-5.263012722118455,-6.561902739435121,0.8820575830251763,-15.088650343746234,15,False,False,True,False,False,False,False,E,False,,,,,NONE,,
2026-09-02,7.1-EARLY-RESEARCH-R2,9434,ソフトバンク,241.3,0.7515657620041694,9.482758620689658,-1.6191238931682452,3.4876140808344003,1.0103318449921896,-1.4297385620914982,251,True,True,True,False,False,False,False,D,False,,,,,NONE,安値切り上げ / 5日線上向き,
2026-09-02,7.1-EARLY-RESEARCH-R2,5706,三井金属,26340.0,-9.25064599483204,-17.429467084639494,-4.893279223672168,-10.51955728582784,1.0429047924294608,-54.35008665511265,68,False,False,True,True,False,False,False,E,False,,,,,NONE,長期調整後,
2026-09-02,7.1-EARLY-RESEARCH-R2,5332,ＴＯＴＯ,5896.0,-8.54661082674112,-6.3383637807784,-6.962019881546519,-8.719346049046317,2.0195065384177338,-37.93684210526316,49,False,False,True,False,False,False,False,E,False,,,,,NONE,出来高2.0倍,
2026-09-02,7.1-EARLY-RESEARCH-R2,6857,アドバンテスト,32540.0,-8.851540616246501,4.96774193548386,-10.093476100117464,-3.4518772586742075,0.9333846651369788,-15.982442550994058,13,False,False,True,False,False,False,False,E,False,,,,,NONE,,
2026-09-02,7.1-EARLY-RESEARCH-R2,6098,リクルートホールディングス,16355.0,-4.663363450888958,31.73580346355216,-12.597314316776998,6.0745602656566255,1.3826287531486583,-10.211364260225086,2,True,True,True,False,False,False,False,D,False,,,,,NONE,安値切り上げ / 5日線上向き / 出来高1.4倍,
2026-09-02,7.1-EARLY-RESEARCH-R2,3436,ＳＵＭＣＯ,3122.0,-8.311306901615268,-11.932299012693935,-5.328232148441783,-10.436628607493258,1.0164208329868225,-47.43222764775214,35,False,False,True,False,False,False,False,E,False,,,,,NONE,,
2026-09-02,7.1-EARLY-RESEARCH-R2,6645,オムロン,6235.0,-3.4082106893880693,12.585771036475268,-6.554653448506887,-1.7540874081357294,0.6438501286403044,-13.94064872325742,11,False,False,True,False,False,False,False,E,False,,,,,NONE,25日線付近,
2026-09-02,7.1-EARLY-RESEARCH-R2,9201,日本航空,2927.0,-3.81202760433782,-1.0647287476761913,-3.545845417418772,-2.887818343485815,1.3584752742553858,-10.544009779951102,126,False,False,True,False,True,False,False,D,False,,,,,NONE,高値持ち合い後 / 出来高1.4倍 / 25日線付近,
2026-09-02,7.1-EARLY-RESEARCH-R2,6976,太陽誘電,8858.0,-2.22958057395144,-13.916423712342072,1.2495253541340787,-9.080458354374777,0.820416987503397,-63.19135674215666,43,False,False,True,False,False,False,False,E,False,,,,,NONE,勢い改善,
2026-09-02,7.1-EARLY-RESEARCH-R2,6954,ファナック,5725.0,-4.947700481487627,-7.467270082430899,-3.080882960879902,-8.897347599982176,1.1101545050441224,-35.52927927927928,77,False,False,True,True,False,False,False,E,False,,,,,NONE,長期調整後 / 出来高1.1倍,
2026-09-02,7.1-EARLY-RESEARCH-R2,4061,デンカ,3232.0,-4.88522660388464,-8.700564971751412,-2.7100853609467874,-6.441415884117041,0.8322645324252727,-31.116794543904515,51,False,False,True,False,False,False,False,E,False,,,,,NONE,,
2026-09-02,7.1-EARLY-RESEARCH-R2,6762,ＴＤＫ,2884.0,-4.84988452655889,-5.504587155963304,-3.4737377375680643,-5.451922761695571,1.4832958551221758,-33.163383545770564,65,False,False,True,True,False,False,False,E,False,,,,,NONE,長期調整後 / 出来高1.5倍,
2026-09-02,7.1-EARLY-RESEARCH-R2,6723,ルネサスエレクトロニクス,3211.0,-4.774614472123373,-17.306206541334024,-0.4480628367898669,-9.732373777128078,1.3188971474198028,-39.23164269492808,49,False,False,True,False,False,False,False,E,False,,,,,NONE,出来高1.3倍,
2026-09-02,7.1-EARLY-RESEARCH-R2,9984,ソフトバンクグループ,4924.0,-4.629091613403058,-5.814843152257076,-3.175380825338789,-7.668536797575831,0.966311284203188,-82.22061743997111,205,True,False,True,True,False,False,False,E,False,,,,,NONE,長期調整後 / 安値切り上げ,
2026-09-02,7.1-EARLY-RESEARCH-R2,6113,アマダ,2453.5,-4.533073929961084,-13.39569361101306,-1.184150527207819,-8.588609622879117,1.1526446191963804,-23.898883374689827,76,False,False,True,True,False,False,False,E,False,,,,,NONE,長期調整後 / 出来高1.2倍,
2026-09-02,7.1-EARLY-RESEARCH-R2,6861,キーエンス,78020.0,-4.269938650306749,-5.886610373944512,-2.7982860568206207,-5.798886297010009,1.3191726234128842,-11.260236578707916,18,False,False,True,False,False,False,False,E,False,,,,,NONE,出来高1.3倍,
2026-09-02,7.1-EARLY-RESEARCH-R2,7912,大日本印刷,3039.0,-3.000319182891797,4.558747634612081,-4.140006091544818,-2.4742466544719344,1.2457290357640187,-9.661117717003563,13,False,False,True,False,False,False,False,E,False,,,,,NONE,出来高1.2倍 / 25日線付近,
2026-09-02,7.1-EARLY-RESEARCH-R2,6503,三菱電機,5276.0,-6.104289019398468,-6.602938573198792,-4.45355437609877,-7.431450848837462,1.3815393949422243,-21.08884235716423,68,False,False,True,True,False,False,False,E,False,,,,,NONE,長期調整後 / 出来高1.4倍,
2026-09-02,7.1-EARLY-RESEARCH-R2,5232,住友大阪セメント,5432.0,-4.265068734578781,-1.2004365223717728,-3.964959603985838,-4.016736993136982,0.9258157802982137,-16.648764769065515,52,True,False,True,False,False,False,False,E,False,,,,,NONE,安値切り上げ,
2026-09-02,7.1-EARLY-RESEARCH-R2,6981,村田製作所,6920.0,-3.6882393876130792,-2.931687473698974,-2.955317519188336,-5.5439684636972135,0.8681398561899153,-46.33578906552928,50,False,False,True,False,False,False,False,E,False,,,,,NONE,,
2026-09-02,7.1-EARLY-RESEARCH-R2,2501,サッポロビール,1856.5,-3.683527885862514,-3.882992492881177,-2.71277976264222,-5.041277505549702,0.9220696752720664,-77.57037574000242,185,False,False,True,True,False,False,False,E,False,,,,,NONE,長期調整後,
2026-09-02,7.1-EARLY-RESEARCH-R2,7004,カナデビア,1147.0,-3.6134453781512574,-4.416666666666669,-2.509278711484592,-4.721557682083988,1.2255093842065143,-24.290429042904293,78,False,False,True,True,False,False,False,E,False,,,,,NONE,長期調整後 / 出来高1.2倍,
2026-09-02,7.1-EARLY-RESEARCH-R2,4004,レゾナック・ホールディングス,15430.0,-3.5323538605814275,5.07320394960844,-4.800654847983537,-1.510219192422102,0.6035049200294881,-24.71334471822396,77,False,False,True,True,False,False,False,E,False,,,,,NONE,長期調整後 / 25日線付近,
2026-09-02,7.1-EARLY-RESEARCH-R2,2802,味の素,5225.0,-3.526587887740029,5.491621239652744,-4.899493197653215,-1.4552559711513813,0.8767165732258423,-17.586750788643535,40,False,False,True,False,False,False,False,E,False,,,,,NONE,25日線付近,
2026-09-02,7.1-EARLY-RESEARCH-R2,9202,ＡＮＡホールディングス,2943.0,-4.354891127721805,-5.06451612903226,-3.08876209546374,-4.596732365145229,1.8033505068800928,-13.922199473530272,126,False,False,True,False,True,False,False,E,False,,,,,NONE,高値持ち合い後 / 出来高1.8倍,
2026-09-02,7.1-EARLY-RESEARCH-R2,6841,横河電機,4854.0,-6.021297192642782,-17.6450627757041,-1.610031498716757,-9.21197339577894,1.290844004289409,-23.159727718853883,126,False,False,True,True,False,False,False,E,False,,,,,NONE,長期調整後 / 出来高1.3倍,
2026-09-02,7.1-EARLY-RESEARCH-R2,6302,住友重機械工業,5499.0,-5.839041095890407,-3.863636363636369,-4.873132004981314,-3.796361091672496,1.0690462569226142,-13.564916692863882,124,False,False,True,False,True,False,False,E,False,,,,,NONE,高値持ち合い後,
2026-09-02,7.1-EARLY-RESEARCH-R2,9104,商船三井,7038.0,-0.5089058524173073,16.176956091119177,-4.553144875197102,6.966988874703617,1.0685150091966922,-6.2724730323611695,6,True,False,True,False,False,False,False,E,False,,,,,NONE,安値切り上げ,
2026-09-02,7.1-EARLY-RESEARCH-R2,4755,楽天グループ,726.7,-5.953151287692505,-12.614237614237611,-2.799591884133102,-8.781663444882371,1.1426564485678528,-31.98876930276088,197,False,False,True,True,False,False,False,E,False,,,,,NONE,長期調整後 / 出来高1.1倍,
2026-09-02,7.1-EARLY-RESEARCH-R2,4689,ＬＩＮＥヤフー,534.4,-4.074672410698266,16.098196828155544,-8.099221617737152,5.978756653419293,1.2857462970246236,-5.832599118942738,1,True,False,True,False,False,False,False,E,False,,,,,NONE,安値切り上げ / 出来高1.3倍,
2026-09-02,7.1-EARLY-RESEARCH-R2,4543,テルモ,2469.0,-4.0046656298600265,6.284976323719338,-5.575909710789861,-1.0888637838617377,0.9720059699084344,-11.378320172290024,251,False,False,True,False,True,False,False,E,False,,,,,NONE,高値持ち合い後 / 25日線付近,
2026-09-02,7.1-EARLY-RESEARCH-R2,4751,サイバーエージェント,1271.0,-5.1492537313432845,-12.91538198013018,-1.920408236310739,-6.579837121100751,0.6322017167101401,-30.848748639825896,235,False,False,True,True,False,False,False,E,False,,,,,NONE,長期調整後,
2026-09-02,7.1-EARLY-RESEARCH-R2,5333,ＮＧＫ,5144.0,-4.9519586104952,-8.1920399785829,-2.9039486158494747,-7.568461151441097,1.1067728481516002,-34.836584747909804,47,False,False,True,False,False,False,False,E,False,,,,,NONE,出来高1.1倍,
2026-09-02,7.1-EARLY-RESEARCH-R2,7011,三菱重工業,3724.0,-5.000000000000004,-8.970911757516497,-2.7572720606208803,-6.790945406125171,1.053981638090599,-28.494623655913976,125,False,False,True,True,False,False,False,E,False,,,,,NONE,長期調整後,
2026-09-02,7.1-EARLY-RESEARCH-R2,7012,川崎重工業,2428.5,-5.6893203883495165,-14.263018534863193,-2.1235657546337183,-10.18063733467468,1.3659392629875995,-87.10302708443972,124,False,False,True,True,False,False,False,E,False,,,,,NONE,長期調整後 / 出来高1.4倍,
2026-09-02,7.1-EARLY-RESEARCH-R2,5214,日本電気硝子,4621.0,-2.304439746300213,-0.302049622437972,-2.22892734069072,-5.671546733512423,1.9070190344169684,-44.83705383788946,85,False,False,True,True,False,False,False,E,False,,,,,NONE,長期調整後 / 出来高1.9倍,
2026-09-02,7.1-EARLY-RESEARCH-R2,8035,東京エレクトロン,53110.0,-4.306306306306307,-6.331569664903003,-2.723413890080556,-4.728590392135756,1.0713271406108211,-34.6418902288949,43,False,False,True,False,False,False,False,E,False,,,,,NONE,,
2026-09-02,7.1-EARLY-RESEARCH-R2,4631,ＤＩＣ,4954.0,-2.1915103652517254,11.65201712869055,-5.104514647424363,-1.2226537887911393,0.9139495904620348,-15.690946221919678,14,False,True,True,False,False,False,False,E,False,,,,,NONE,5日線上向き / 25日線付近,
2026-09-02,7.1-EARLY-RESEARCH-R2,7741,ＨＯＹＡ,24420.0,-2.1830562787903074,-5.805207328833173,-0.731754446582014,-3.374378778766096,1.3972051662079188,-19.671052631578945,94,False,False,True,True,False,False,False,E,False,,,,,NONE,長期調整後 / 出来高1.4倍,
2026-09-02,7.1-EARLY-RESEARCH-R2,4523,エーザイ,4732.0,-2.089799296503203,2.357776335712747,-2.67924338043139,-1.8395744998630947,0.956501706842028,-11.534866330155168,238,False,False,True,False,True,False,False,E,False,,,,,NONE,高値持ち合い後 / 25日線付近,
2026-09-02,7.1-EARLY-RESEARCH-R2,3289,東急不動産ホールディングス,1319.0,-2.042331971778688,2.64591439688715,-2.703810571000476,-0.6687351266680852,1.097605950379857,-17.45932415519399,136,False,False,True,True,False,False,False,E,False,,,,,NONE,長期調整後 / 25日線付近,
2026-09-02,7.1-EARLY-RESEARCH-R2,4063,信越化学工業,5870.0,-1.625607507960447,-1.9542341740437563,-1.137048964449508,-3.312096035631218,1.4383057575961251,-25.97730138713745,65,False,False,True,True,False,False,False,E,False,,,,,NONE,長期調整後 / 出来高1.4倍,
2026-09-02,7.1-EARLY-RESEARCH-R2,8830,住友不動産,3300.0,-2.884049440847558,-5.2540913006029255,-1.5705266156968267,-3.922299343177893,0.9614752292334028,-59.7560975609756,170,False,False,True,True,False,False,False,E,False,,,,,NONE,長期調整後,
2026-09-02,7.1-EARLY-RESEARCH-R2,4503,アステラス製薬,2389.5,-1.280727122495351,10.19137652755362,-3.828571254383756,2.604730251970921,0.9963872322751032,-12.053735737946267,99,False,False,True,False,True,False,False,E,False,,,,,NONE,高値持ち合い後 / 25日線付近,
2026-09-02,7.1-EARLY-RESEARCH-R2,8267,イオン,1358.5,-1.8779342723004744,1.836581709145424,-2.3370796995868304,-1.056081573197376,0.969908210467288,-76.03633797847945,250,False,False,True,True,False,False,False,E,False,,,,,NONE,長期調整後 / 25日線付近,
2026-09-02,7.1-EARLY-RESEARCH-R2,5803,フジクラ,5090.0,-4.052780395852973,9.982713915298191,-6.548458874677521,-0.9750745118790928,0.6286408778982749,-82.92519288829251,124,True,False,True,True,False,False,False,D,False,,,,,NONE,長期調整後 / 安値切り上げ / 25日線付近,
2026-09-02,7.1-EARLY-RESEARCH-R2,8252,丸井グループ,2898.0,-2.8169014084507005,2.204196790689484,-3.367950606123072,-1.950169844771344,1.0171801333727473,-13.929313929313924,236,False,False,True,False,True,False,False,E,False,,,,,NONE,高値持ち合い後 / 25日線付近,
2026-09-02,7.1-EARLY-RESEARCH-R2,4519,中外製薬,6832.0,-3.105942419514962,2.2754491017964007,-3.6748046949640623,-1.5601676013071497,1.014460790673136,-36.149532710280376,128,False,False,True,True,False,False,False,E,False,,,,,NONE,長期調整後 / 25日線付近,
2026-09-02,7.1-EARLY-RESEARCH-R2,3103,ユニチカ,1437.0,-1.2371134020618513,64.04109589041096,-17.24738737466459,10.664448757046486,0.8498791435506664,-67.19178082191782,90,True,False,True,True,False,False,False,E,False,,,,,NONE,長期調整後 / 安値切り上げ,
2026-09-02,7.1-EARLY-RESEARCH-R2,7733,オリンパス,2085.5,-2.226910454758557,14.966923925027563,-5.9686414360154485,2.5138126978509368,0.8301491838156678,-5.654829224157432,9,False,False,True,False,False,False,False,E,False,,,,,NONE,25日線付近,
2026-09-02,7.1-EARLY-RESEARCH-R2,6367,ダイキン工業,20770.0,-1.0245413390516989,-12.602566799915838,2.1261003609272606,-4.362400655695442,0.7451818066118374,-21.444780635400907,39,False,False,True,False,False,False,False,E,False,,,,,NONE,勢い改善,
2026-09-02,7.1-EARLY-RESEARCH-R2,7731,ニコン,1892.0,-3.469387755102038,0.0528820729772672,-3.482608273346355,-3.671873408956683,0.9451639733840304,-20.836820083682007,76,False,False,True,True,False,False,False,E,False,,,,,NONE,長期調整後,
2026-09-02,7.1-EARLY-RESEARCH-R2,6971,京セラ,3521.0,-2.868965517241384,-5.880780539962583,-1.3987703822507385,-4.777101069871592,1.1479885328454764,-12.391142075143067,40,True,False,True,False,True,False,False,D,False,,,,,NONE,高値持ち合い後 / 安値切り上げ / 出来高1.1倍,
2026-09-02,7.1-EARLY-RESEARCH-R2,9005,東急,1648.0,-0.6031363088057851,-1.7878426698450522,-0.156175641344522,-1.729278473464524,0.8057118459932111,-18.05072103431129,125,False,False,True,True,False,False,False,E,False,,,,,NONE,長期調整後 / 25日線付近,
2026-09-02,7.1-EARLY-RESEARCH-R2,7832,バンダイナムコホールディングス,5641.0,-0.3004595263343956,26.423128641864626,-6.906241686800551,7.206659318104069,0.8827152679792644,-3.5726495726495777,1,True,True,True,False,False,False,False,E,False,,,,,NONE,安値切り上げ / 5日線上向き,
2026-09-02,7.1-EARLY-RESEARCH-R2,9983,ファーストリテイリング,70400.0,-2.3849140321686058,-10.546378653113086,0.2516806311096657,-7.009182843194228,1.0669857999978534,-20.622392603450223,38,False,False,False,False,False,False,False,E,False,,,,,NONE,勢い改善,
2026-09-02,7.1-EARLY-RESEARCH-R2,2503,キリンホールディングス,2974.5,-3.3939590776226103,4.149159663865554,-4.431248993588999,-1.3733786042070095,1.0456982514799649,-5.900031635558367,24,False,False,True,False,True,False,False,E,False,,,,,NONE,高値持ち合い後 / 25日線付近,
2026-09-02,7.1-EARLY-RESEARCH-R2,6526,ソシオネクスト,1937.5,-3.3183632734530955,-6.468742457156651,-1.7011776591639327,-2.948366026167615,0.6162110176747241,-44.50014322543684,203,True,False,True,True,False,False,False,D,False,,,,,NONE,長期調整後 / 安値切り上げ / 25日線付近,
2026-09-02,7.1-EARLY-RESEARCH-R2,4502,武田薬品工業,5824.0,-0.6143344709897636,10.17782822550133,-3.158791527365096,2.9659278955631363,0.9735789559719574,-3.464279794463787,103,False,False,True,False,True,False,False,E,False,,,,,NONE,高値持ち合い後 / 25日線付近,
2026-09-02,7.1-EARLY-RESEARCH-R2,2282,日本ハム,6326.0,-0.6283380458686816,9.14423740510697,-2.914397397145424,0.6946434142583335,0.814889794727291,-14.743935309973043,102,False,False,True,False,True,False,False,E,False,,,,,NONE,高値持ち合い後 / 25日線付近,
2026-09-02,7.1-EARLY-RESEARCH-R2,6305,日立建機,5814.0,-0.4963203833647123,9.59472196041471,-2.8950008734683896,3.2528006478607097,0.610434381038415,-19.529411764705884,126,True,False,True,True,False,False,False,E,False,,,,,NONE,長期調整後 / 安値切り上げ,
2026-09-03,7.1-EARLY-RESEARCH-R2,7532,パン・パシフィック・インターナショナルホールディングス,760.0,-6.496062992125983,-13.978494623655912,-3.0014393362120053,-11.572382658878832,1.0729846651024606,-86.28901316976366,240,False,False,True,True,False,False,False,E,False,,,,,NONE,長期調整後,
2026-09-03,7.1-EARLY-RESEARCH-R2,1332,ニッスイ,1284.0,-0.8494208494208455,5.809641532756493,-2.3018312326099686,0.611189468735307,1.4474241237353955,-18.21656050955413,126,False,False,True,True,False,False,False,D,False,,,,,NONE,長期調整後 / 出来高1.4倍 / 25日線付近,
2026-09-03,7.1-EARLY-RESEARCH-R2,3436,ＳＵＭＣＯ,3150.0,-8.270238788584738,-16.134185303514382,-4.236692462706142,-9.841836822311144,0.8798103811020267,-46.960767806027945,36,False,False,True,False,False,False,False,E,False,,,,,NONE,,
2026-09-03,7.1-EARLY-RESEARCH-R2,6762,ＴＤＫ,2832.5,-7.946051348716288,-10.079365079365076,-5.426210078875018,-7.245494079429959,1.1793845056525427,-34.35689455388181,66,False,False,True,True,False,False,False,E,False,,,,,NONE,長期調整後 / 出来高1.2倍,
2026-09-03,7.1-EARLY-RESEARCH-R2,6506,安川電機,4500.0,-7.843538808109773,-16.387959866220736,-3.746548841554589,-10.50119331742243,0.8430307052415089,-43.145925457991154,51,False,False,True,False,False,False,False,E,False,,,,,NONE,,
2026-09-03,7.1-EARLY-RESEARCH-R2,4911,資生堂,3424.0,-7.434441741011089,4.741511165494039,-8.619819532384598,-2.7361148986455808,1.0339606029864676,-10.389950274797178,5,False,False,True,False,False,False,False,E,False,,,,,NONE,25日線付近,
2026-09-03,7.1-EARLY-RESEARCH-R2,4151,協和キリン,2430.0,-7.181054239877771,-0.9981666327154248,-6.9315125816989145,-5.173692138391772,1.870385504877497,-16.5521978021978,127,False,False,False,True,False,False,False,E,False,,,,,NONE,長期調整後 / 出来高1.9倍,
2026-09-03,7.1-EARLY-RESEARCH-R2,5332,ＴＯＴＯ,5909.0,-8.75540457072267,-11.062612883804936,-5.989751349771436,-8.06375325176435,1.3118344614678612,-37.8,50,False,False,True,False,False,False,False,E,False,,,,,NONE,出来高1.3倍,
2026-09-03,7.1-EARLY-RESEARCH-R2,5802,住友電気工業,2103.0,-6.740576496674056,-11.321948134092342,-3.91008946315097,-5.29416003170371,0.7058392996218483,-85.83838383838383,64,False,False,True,True,False,False,False,E,False,,,,,NONE,長期調整後,
2026-09-03,7.1-EARLY-RESEARCH-R2,6857,アドバンテスト,32280.0,-6.732158335741111,-4.270462633451954,-5.664542677378122,-5.021390783426405,1.0468041900433471,-16.653756777691708,14,False,False,True,False,False,False,False,E,False,,,,,NONE,,
2026-09-03,7.1-EARLY-RESEARCH-R2,5101,横浜ゴム,7028.0,-5.6390977443609,-6.876904730356436,-3.919871561771792,-6.413124533929904,0.7753225337084101,-15.23338559884212,16,False,False,True,False,False,False,False,E,False,,,,,NONE,,
2026-09-03,7.1-EARLY-RESEARCH-R2,3103,ユニチカ,1457.0,-8.307111390811828,44.400396432111,-19.40721049883958,9.852825864044878,0.628017093049088,-66.7351598173516,91,True,False,True,True,False,False,False,E,False,,,,,NONE,長期調整後 / 安値切り上げ,
2026-09-03,7.1-EARLY-RESEARCH-R2,6103,オークマ,4585.0,-5.755395683453235,-13.162878787878784,-2.464675986483539,-9.576775923953784,0.8370899208420508,-19.70227670753065,17,False,False,True,False,False,False,False,E,False,,,,,NONE,,
2026-09-03,7.1-EARLY-RESEARCH-R2,4004,レゾナック・ホールディングス,15450.0,-5.73520439292251,-4.482225656877903,-4.614647978703035,-2.1829969357003542,0.626038234324368,-24.61575994144913,78,False,False,True,True,False,False,False,E,False,,,,,NONE,長期調整後 / 25日線付近,
2026-09-03,7.1-EARLY-RESEARCH-R2,6981,村田製作所,6901.0,-5.582158982076891,-11.853365691659212,-2.618817559162088,-6.146640264600922,0.690456408517205,-46.48313299728577,51,False,False,True,False,False,False,False,E,False,,,,,NONE,,
2026-09-03,7.1-EARLY-RESEARCH-R2,4755,楽天グループ,734.9,-5.576255942438646,-12.511904761904768,-2.448279751962454,-7.261117560950991,0.7546078895305537,-31.22133832475433,198,False,False,True,True,False,False,False,E,False,,,,,NONE,長期調整後,
2026-09-03,7.1-EARLY-RESEARCH-R2,5333,ＮＧＫ,5121.0,-5.149101685497315,-13.613360323886637,-1.7457616045256557,-7.942705524516258,1.9542354605161807,-35.127945274892326,48,False,False,True,False,False,False,False,E,False,,,,,NONE,出来高2.0倍,
2026-09-03,7.1-EARLY-RESEARCH-R2,6594,ニデック,2470.0,-5.109489051094895,-11.31059245960503,-2.281840936193638,-6.973591045360728,0.624485171250954,-25.06067961165048,250,False,False,True,True,False,False,False,E,False,,,,,NONE,長期調整後,
2026-09-03,7.1-EARLY-RESEARCH-R2,6645,オムロン,6194.0,-5.101884479852914,4.434328106558749,-6.210466506492601,-3.024799599198391,0.6305367962458982,-14.506556245686683,12,False,False,True,False,False,False,False,E,False,,,,,NONE,,
2026-09-03,7.1-EARLY-RESEARCH-R2,6861,キーエンス,77980.0,-5.076080340839928,-10.757610437170973,-2.3866777315471848,-5.864912890640084,1.0418940164616666,-11.305732484076437,19,False,False,True,False,False,False,False,E,False,,,,,NONE,,
2026-09-03,7.1-EARLY-RESEARCH-R2,6361,荏原製作所,4390.0,-8.94005393071977,-27.064296394749952,-2.1739798320322823,-15.964777947932618,1.052904390863793,-36.2844702467344,52,False,False,True,False,False,False,False,E,False,,,,,NONE,,
2026-09-03,7.1-EARLY-RESEARCH-R2,5232,住友大阪セメント,5408.0,-6.257583636678799,-6.241331484049928,-4.6972507656663165,-4.422576631602759,0.7343472986843333,-17.01703237686052,53,False,False,True,False,False,False,False,E,False,,,,,NONE,,
2026-09-03,7.1-EARLY-RESEARCH-R2,8697,日本取引所グループ,2144.0,-6.150142263077263,-6.457242582897038,-4.535831617353003,-3.960724236478797,1.083082051621635,-8.998302207130726,25,False,False,True,False,True,False,False,E,False,,,,,NONE,高値持ち合い後,
2026-09-03,7.1-EARLY-RESEARCH-R2,6526,ソシオネクスト,1932.0,-6.190823015294978,-7.559808612440189,-4.30087086218493,-3.0470914127423865,0.7488646826395473,-44.65769120595818,204,True,False,True,True,False,False,False,E,False,,,,,NONE,長期調整後 / 安値切り上げ,
2026-09-03,7.1-EARLY-RESEARCH-R2,6753,シャープ,641.5,-0.248794899704563,3.2014157014157,-1.049148825058488,0.3755280863714461,0.6849139539936601,-29.11602209944752,198,True,False,True,True,False,False,False,D,False,,,,,NONE,長期調整後 / 安値切り上げ / 25日線付近,
2026-09-03,7.1-EARLY-RESEARCH-R2,2501,サッポロビール,1856.5,-3.130707018001566,-2.826485213294949,-2.4240857146778287,-4.442042413012148,0.8031062436524028,-77.57037574000242,186,False,False,True,True,False,False,False,E,False,,,,,NONE,長期調整後,
2026-09-03,7.1-EARLY-RESEARCH-R2,2914,日本たばこ産業,6948.0,-0.7570347093272423,1.802197802197792,-1.20758415987669,-0.4219312527230512,0.8295598736098325,-3.740648379052369,23,True,False,True,False,True,False,False,D,False,,,,,NONE,高値持ち合い後 / 安値切り上げ / 25日線付近,
2026-09-03,7.1-EARLY-RESEARCH-R2,7012,川崎重工業,2450.5,-6.700932800304593,-16.19357045143639,-2.652540187445496,-9.065607837316314,0.7777158575752341,-86.9861922464153,125,False,False,True,True,False,False,False,E,False,,,,,NONE,長期調整後,
2026-09-03,7.1-EARLY-RESEARCH-R2,8801,三井不動産,1515.0,-0.2304906157392205,2.2612217347283137,-0.795796049421299,1.0013466846224617,0.9991431906188336,-29.796107506950875,137,True,False,True,True,False,False,False,D,False,,,,,NONE,長期調整後 / 安値切り上げ / 25日線付近,
2026-09-03,7.1-EARLY-RESEARCH-R2,3402,東レ,1274.5,-0.156678417547984,7.236011779554063,-1.9656813624365,-0.3362527369408785,0.6889460060916949,-8.637992831541219,17,True,True,True,False,False,False,False,D,False,,,,,NONE,安値切り上げ / 5日線上向き / 25日線付近,
2026-09-03,7.1-EARLY-RESEARCH-R2,9008,京王電鉄,783.1,-0.0382946132243988,3.9421290151314015,-1.0238268670072492,0.7835142829197173,0.9127894028600736,-81.50885478158204,132,True,False,True,True,False,False,False,D,False,,,,,NONE,長期調整後 / 安値切り上げ / 25日線付近,
2026-09-03,7.1-EARLY-RESEARCH-R2,7741,ＨＯＹＡ,24460.0,-0.0204373594931528,-5.559845559845556,1.369524030468236,-3.3224508509679507,1.4599662873999155,-19.539473684210527,95,False,False,True,True,False,False,False,D,False,,,,,NONE,長期調整後 / 出来高1.5倍 / 勢い改善,
2026-09-03,7.1-EARLY-RESEARCH-R2,7752,リコー,1698.5,0.473232771369414,10.759700032605156,-2.216692236781875,3.702392145848865,0.7528373463757211,-2.8040057224606563,2,True,True,True,False,False,False,False,D,False,,,,,NONE,安値切り上げ / 5日線上向き,
2026-09-03,7.1-EARLY-RESEARCH-R2,2269,明治ホールディングス,4541.0,1.884675790890733,25.78947368421052,-4.562692630161896,7.765985722964763,0.8988376753507014,-1.453993055555558,0,True,True,True,False,False,False,False,D,False,,,,,NONE,安値切り上げ / 5日線上向き,
2026-09-03,7.1-EARLY-RESEARCH-R2,8331,千葉銀行,2844.0,2.063520545487174,8.301599390708292,-0.0118793021898988,3.5454485877187247,0.99929116024965,-1.6767502160760617,12,True,True,True,False,False,False,False,D,False,,,,,NONE,安値切り上げ / 5日線上向き,
2026-09-03,7.1-EARLY-RESEARCH-R2,9432,ＮＴＴ,173.2,2.972651605231857,14.701986754966878,-0.7028450835098621,6.461447678992904,0.8543282743114109,-1.5909090909090984,0,True,True,True,False,False,False,False,D,False,,,,,NONE,安値切り上げ / 5日線上向き,
2026-09-03,7.1-EARLY-RESEARCH-R2,8725,ＭＳ＆ＡＤインシュアランスグループホールディングス,5211.0,3.1472684085510627,9.039548022598876,0.8873814029013438,5.33912284106346,1.0577862612766151,-0.8184240578606783,0,True,True,False,False,False,False,False,D,False,,,,,NONE,安値切り上げ / 5日線上向き / 勢い改善,
2026-09-03,7.1-EARLY-RESEARCH-R2,9107,川崎汽船,3419.0,3.984184914841848,25.95321421993,-2.5041186401406508,9.905299499173848,0.6875910726267065,-4.7897521581732105,7,True,True,True,False,False,False,False,D,False,,,,,NONE,安値切り上げ / 5日線上向き,
2026-09-03,7.1-EARLY-RESEARCH-R2,4188,三菱ケミカルグループ,1283.0,9.564474807856538,11.130359462970985,6.781884942113791,8.237160018897228,1.0709519888702763,-1.685823754789273,0,True,True,False,False,False,False,False,D,False,,,,,NONE,安値切り上げ / 5日線上向き / 勢い改善,
2026-09-03,7.1-EARLY-RESEARCH-R2,5714,ＤＯＷＡホールディングス,9450.0,-9.00337024554646,10.410094637223978,-11.605893904852454,-0.0338509710997358,0.548844302245612,-23.667205169628435,77,False,False,True,True,False,False,False,E,False,,,,,NONE,長期調整後 / 25日線付近,
2026-09-03,7.1-EARLY-RESEARCH-R2,3086,Ｊ．フロント　リテイリング,2733.5,-12.918126791971964,-6.370953930467548,-11.325388309355075,-7.473225286702689,2.126651555065449,-24.426320154824445,45,False,False,False,False,False,False,False,E,False,,,,,NONE,出来高2.1倍,
2026-09-03,7.1-EARLY-RESEARCH-R2,5801,古河電気工業,3613.0,-11.640988016629985,-7.808114314876247,-9.68895943791092,-5.515311592876381,0.4741007577666233,-94.21086364364685,69,True,False,True,True,False,False,False,E,False,,,,,NONE,長期調整後 / 安値切り上げ,
2026-09-03,7.1-EARLY-RESEARCH-R2,5706,三井金属,25505.0,-11.594454072790295,-27.9112492933861,-4.616641749443771,-13.33732016771888,0.8638419288495566,-55.79722703639515,69,False,False,True,True,False,False,False,E,False,,,,,NONE,長期調整後,
2026-09-03,7.1-EARLY-RESEARCH-R2,5713,住友金属鉱山,10160.0,-10.87719298245614,18.6500058390751,-15.539694442224915,2.358270064638845,0.6353386749945732,-23.60902255639098,126,False,False,True,True,False,False,False,E,False,,,,,NONE,長期調整後 / 25日線付近,
2026-09-03,7.1-EARLY-RESEARCH-R2,3099,三越伊勢丹ホールディングス,3211.0,-10.081209745169415,-11.6400660429279,-7.1711932344374425,-9.137728075338435,1.1660381623698894,-23.40171755725191,45,False,False,True,False,False,False,False,E,False,,,,,NONE,出来高1.2倍,
2026-09-03,7.1-EARLY-RESEARCH-R2,5803,フジクラ,4951.0,-9.98181818181818,-2.4048886260595315,-9.380596025303298,-4.56381945194072,0.5933561566177769,-83.39147936933915,125,False,False,True,True,False,False,False,E,False,,,,,NONE,長期調整後,
2026-09-03,7.1-EARLY-RESEARCH-R2,6504,富士電機,12835.0,-9.803232607167956,-14.433333333333332,-6.194899273834624,-8.843624380335513,0.8876530893808503,-27.89325842696629,70,False,False,True,True,False,False,False,E,False,,,,,NONE,長期調整後,
2026-09-03,7.1-EARLY-RESEARCH-R2,8233,高島屋,2237.0,-9.212662337662335,-0.3563474387527798,-9.123575477974144,-3.47690263119288,1.1967793384362715,-14.24190147594403,47,False,False,False,False,True,False,False,E,False,,,,,NONE,高値持ち合い後 / 出来高1.2倍,
2026-09-03,7.1-EARLY-RESEARCH-R2,6841,横河電機,4672.0,-9.193391642371228,-11.882308562806488,-6.222814501669607,-12.031632460930142,1.5977442836415352,-26.04084217191705,127,False,False,True,True,False,False,False,E,False,,,,,NONE,長期調整後 / 出来高1.6倍,
2026-09-03,7.1-EARLY-RESEARCH-R2,9531,東京瓦斯,6323.0,4.013818062181285,6.501600134748187,2.388418028494238,3.752346447183608,0.9122157720107248,-20.635119869461526,123,True,True,True,True,False,False,False,B,False,,,,,NONE,長期調整後 / 安値切り上げ / 5日線上向き / 勢い改善,
2026-09-03,7.1-EARLY-RESEARCH-R2,5711,三菱マテリアル,5397.0,-9.202557200538353,23.16293929712461,-14.993292024819503,4.18918918918918,0.8361699395935955,-12.0866590649943,4,False,False,True,False,False,False,False,E,False,,,,,NONE,,
2026-09-03,7.1-EARLY-RESEARCH-R2,9101,日本郵船,7288.0,5.135603000577027,25.698516729906864,-1.2890261818996889,10.568987280318476,1.0219462701732205,-1.580013504388922,7,True,True,True,False,False,False,False,D,False,,,,,NONE,安値切り上げ / 5日線上向き,
2026-09-03,7.1-EARLY-RESEARCH-R2,6367,ダイキン工業,20820.0,-0.0959692898272579,-6.4900067370312176,1.5265323944305464,-3.5941508228299446,0.66611171659787,-21.25567322239032,40,False,False,True,False,False,False,False,E,False,,,,,NONE,勢い改善,
2026-09-03,7.1-EARLY-RESEARCH-R2,6113,アマダ,2475.5,-4.605009633911372,-16.042055282346958,-0.5944958133246327,-7.558851646053655,0.963303380949553,-23.216501240694782,77,False,False,True,True,False,False,False,E,False,,,,,NONE,長期調整後,
2026-09-03,7.1-EARLY-RESEARCH-R2,8252,丸井グループ,2894.5,-1.997629930590828,1.1886033910155636,-2.2947807783447183,-1.8021318894565708,0.9076725066323448,-14.033264033264036,237,False,False,True,False,True,False,False,E,False,,,,,NONE,高値持ち合い後 / 25日線付近,
2026-09-03,7.1-EARLY-RESEARCH-R2,4043,トクヤマ,3929.0,-2.4093392945852,-2.891744933267426,-1.6864030612683434,-2.416126051839418,0.712721132324946,-31.882801664355064,63,False,False,True,True,False,False,False,E,False,,,,,NONE,長期調整後 / 25日線付近,
2026-09-03,7.1-EARLY-RESEARCH-R2,1928,積水ハウス,3402.0,-1.676300578034684,1.4311270125223707,-2.0340823311652767,-0.8683489713852799,1.030111695390166,-11.221294363256783,128,False,False,True,False,True,False,False,E,False,,,,,NONE,高値持ち合い後 / 25日線付近,
2026-09-03,7.1-EARLY-RESEARCH-R2,285A,キオクシアホールディングス,51670.0,-1.5809523809523829,-4.843462246777164,-0.3700868192580919,1.4012088860978045,0.6009244646270285,-54.15261756876664,51,False,True,True,False,False,False,False,E,False,,,,,NONE,5日線上向き / 25日線付近,
2026-09-03,7.1-EARLY-RESEARCH-R2,9001,東武鉄道,2969.5,-1.4437437769664774,2.3965517241379297,-2.04288170800096,-0.5772179700944791,1.0983541654883773,-8.23547589616811,25,False,False,True,False,True,False,False,E,False,,,,,NONE,高値持ち合い後 / 25日線付近,
2026-09-03,7.1-EARLY-RESEARCH-R2,5201,ＡＧＣ,5688.0,-1.181375955524666,-1.3356461405030329,-0.8474644203989079,-2.28013029315961,0.9137912923719748,-31.593505712567648,64,False,False,True,True,False,False,False,E,False,,,,,NONE,長期調整後 / 25日線付近,
2026-09-03,7.1-EARLY-RESEARCH-R2,9005,東急,1635.5,-1.1185006045949186,-1.948441247002397,-0.6313902928443194,-1.9813491873232003,1.0414464300696369,-18.67230233714569,126,False,False,True,True,False,False,False,E,False,,,,,NONE,長期調整後 / 25日線付近,
2026-09-03,7.1-EARLY-RESEARCH-R2,4568,第一三共,2854.5,-1.108609042092501,10.425531914893616,-3.7149920208159046,3.030456156561545,0.9380261615689632,-31.67783628530397,219,True,False,True,True,False,False,False,E,False,,,,,NONE,長期調整後 / 安値切り上げ,
2026-09-03,7.1-EARLY-RESEARCH-R2,2502,アサヒグループホールディングス,1649.5,-0.8713942307692291,1.6954377311960478,-1.295253663568241,-1.4588510800994103,0.7860199263752906,-16.0132382892057,243,False,False,True,True,False,False,False,E,False,,,,,NONE,長期調整後 / 25日線付近,
2026-09-03,7.1-EARLY-RESEARCH-R2,9064,ヤマトホールディングス,1937.0,-0.793854033290653,3.031914893617027,-1.5518327566949095,-0.8222993661229028,0.8373133856275303,-24.571651090342684,242,False,False,True,True,False,False,False,E,False,,,,,NONE,長期調整後 / 25日線付近,
2026-09-03,7.1-EARLY-RESEARCH-R2,7912,大日本印刷,3043.0,-1.901998710509345,2.4751641690520243,-2.520789752772351,-2.411021814006886,0.8367413312297164,-9.542211652794297,14,False,False,True,False,False,False,False,E,False,,,,,NONE,25日線付近,
2026-09-03,7.1-EARLY-RESEARCH-R2,6301,小松製作所,7513.0,-0.6348366618172174,4.97415118066229,-1.8783744569827896,3.3868730459289287,0.9387392948074994,-4.170918367346943,136,True,False,True,False,True,False,False,E,False,,,,,NONE,高値持ち合い後 / 安値切り上げ,
2026-09-03,7.1-EARLY-RESEARCH-R2,4519,中外製薬,6878.0,-0.9932344897077838,2.840909090909083,-1.7034617624350543,-0.7881557386507976,0.998404406461061,-35.719626168224295,129,False,False,True,True,False,False,False,E,False,,,,,NONE,長期調整後 / 25日線付近,
2026-09-03,7.1-EARLY-RESEARCH-R2,4063,信越化学工業,5859.0,-2.235941932254293,-4.932662664286869,-1.0027762661825756,-3.6006212733471155,0.8509551087437249,-26.116015132408577,66,False,False,True,True,False,False,False,E,False,,,,,NONE,長期調整後,
2026-09-03,7.1-EARLY-RESEARCH-R2,5233,太平洋セメント,4140.0,-2.5653094845846103,1.222493887530551,-2.8709329564672483,-0.8278716798896246,0.6092301852574309,-16.666666666666664,138,False,False,True,True,False,False,False,E,False,,,,,NONE,長期調整後 / 25日線付近,
2026-09-03,7.1-EARLY-RESEARCH-R2,4208,ＵＢＥ,3533.0,-0.7584269662921361,9.75458216837528,-3.1970725083859564,1.651513407756933,0.6858936838184431,-4.847831941826019,15,True,False,True,False,False,False,False,E,False,,,,,NONE,安値切り上げ / 25日線付近,
2026-09-03,7.1-EARLY-RESEARCH-R2,6976,太陽誘電,8857.0,-0.4831460674157295,-20.6717420510524,4.68478944534737,-9.035449163787543,1.046463303946347,-63.195512154581344,44,True,False,True,False,False,False,False,E,False,,,,,NONE,安値切り上げ / 勢い改善,
2026-09-03,7.1-EARLY-RESEARCH-R2,4523,エーザイ,4811.0,-0.1867219917012441,6.438053097345131,-1.796235266037527,0.0474138648122623,0.981196948533362,-10.057954757898669,239,False,False,True,False,True,False,False,E,False,,,,,NONE,高値持ち合い後 / 25日線付近,
2026-09-03,7.1-EARLY-RESEARCH-R2,7832,バンダイナムコホールディングス,5605.0,-0.1247327156094102,27.18402541411391,-6.920739069137888,5.832194134573987,0.8049488739921534,-4.188034188034184,2,True,False,True,False,False,False,False,E,False,,,,,NONE,安値切り上げ,
2026-09-03,7.1-EARLY-RESEARCH-R2,3861,王子ホールディングス,871.3,-0.6046087154916835,2.2292619969494387,-1.1619242147290432,-0.2751503941838429,0.9980510025697554,-12.05208438477845,128,True,False,True,False,True,False,False,D,False,,,,,NONE,高値持ち合い後 / 安値切り上げ / 25日線付近,
2026-09-03,7.1-EARLY-RESEARCH-R2,4503,アステラス製薬,2417.0,1.0874111250522844,11.94997684113015,-1.900083085230253,3.569439088143289,0.769659243967221,-11.04158998895841,100,False,False,True,False,True,False,False,E,False,,,,,NONE,高値持ち合い後,
2026-09-03,7.1-EARLY-RESEARCH-R2,8628,松井証券,1196.0,1.3559322033898311,14.122137404580148,-2.1746021477552056,7.623641206536602,1.0120760334618333,-2.127659574468088,2,True,True,False,False,False,False,False,E,False,,,,,NONE,安値切り上げ / 5日線上向き,
2026-09-03,7.1-EARLY-RESEARCH-R2,1801,大成建設,12775.0,-0.8152173913043459,-1.6929588303193577,-0.3919776837245065,-0.3479047708196847,0.884368620589093,-38.225338491295936,125,True,False,True,True,False,False,False,D,False,,,,,NONE,長期調整後 / 安値切り上げ / 25日線付近,
2026-09-03,7.1-EARLY-RESEARCH-R2,9983,ファーストリテイリング,68000.0,-4.948280682135864,-11.53896188369975,-2.0635402112109262,-9.58697201450862,1.5115825681948072,-23.328447401059872,39,False,False,False,False,False,False,False,E,False,,,,,NONE,出来高1.5倍,
2026-09-03,7.1-EARLY-RESEARCH-R2,4452,花王,3551.0,-1.878972091738052,11.386449184441648,-4.725584387848464,0.8359931394041231,0.501158975135731,-49.32210646496361,240,False,False,True,True,False,False,False,E,False,,,,,NONE,長期調整後 / 25日線付近,
2026-09-03,7.1-EARLY-RESEARCH-R2,4631,ＤＩＣ,4931.0,-1.87064676616916,5.430831729741281,-3.2283546986044795,-2.127744035568257,0.6718060288994806,-16.082368958475158,15,False,False,True,False,False,False,False,E,False,,,,,NONE,25日線付近,
2026-09-03,7.1-EARLY-RESEARCH-R2,7733,オリンパス,2068.0,-3.43217371001634,14.443829551743214,-7.043131097952143,1.2445044992117849,0.8500096139631461,-6.446505315539475,10,False,False,True,False,False,False,False,E,False,,,,,NONE,25日線付近,
2026-09-03,7.1-EARLY-RESEARCH-R2,8035,東京エレクトロン,53300.0,-4.8214285714285765,-8.966695132365498,-2.579754788337202,-4.613622534807971,0.9741119280974322,-34.40807285257199,44,False,False,True,False,False,False,False,E,False,,,,,NONE,,
2026-09-03,7.1-EARLY-RESEARCH-R2,6503,三菱電機,5310.0,-4.547905806219665,-9.19972640218878,-2.2479742056724703,-6.925056265643947,1.0222106622325848,-20.58031708046665,69,False,False,True,True,False,False,False,E,False,,,,,NONE,長期調整後,
2026-09-03,7.1-EARLY-RESEARCH-R2,6954,ファナック,5761.0,-4.34999169848912,-10.820433436532506,-1.6448833393559936,-7.912992883677217,0.9489252341939955,-35.12387387387388,78,False,False,True,True,False,False,False,E,False,,,,,NONE,長期調整後,
2026-09-03,7.1-EARLY-RESEARCH-R2,7762,シチズン時計,2603.0,-4.266274365575584,5.598377281947253,-5.665868686062398,1.3408291026878905,0.8798337919702743,-10.85616438356164,13,True,False,True,False,False,False,False,E,False,,,,,NONE,安値切り上げ / 25日線付近,
2026-09-03,7.1-EARLY-RESEARCH-R2,4061,デンカ,3262.0,-4.227833235466827,-15.732368896925864,-0.2947410112353612,-5.580641426421218,0.7573080398510478,-30.477408354646208,52,False,False,True,False,False,False,False,E,False,,,,,NONE,,
2026-09-03,7.1-EARLY-RESEARCH-R2,4751,サイバーエージェント,1273.0,-4.105461393596988,-12.867898699520875,-0.8884867187167691,-5.591812518540495,0.5475543960816095,-30.73993471164309,236,False,False,True,True,False,False,False,E,False,,,,,NONE,長期調整後,
2026-09-03,7.1-EARLY-RESEARCH-R2,6752,パナソニック　ホールディングス,4197.0,-4.068571428571433,-7.0637732506643065,-2.3026281159053563,-4.234929037557622,0.8729416586534672,-15.756724207145725,14,True,False,True,False,False,False,False,E,False,,,,,NONE,安値切り上げ,
2026-09-03,7.1-EARLY-RESEARCH-R2,6971,京セラ,3506.0,-3.918881885448066,-9.311950336264871,-1.5908943013818484,-5.072887560378625,0.9869978564456476,-12.76436924608112,41,False,False,True,False,True,False,False,E,False,,,,,NONE,高値持ち合い後,
2026-09-03,7.1-EARLY-RESEARCH-R2,8830,住友不動産,3256.0,-3.867729554177735,-7.315684600056926,-2.038808404163503,-4.663746457098695,1.2317363856078565,-60.29268292682927,171,False,False,True,True,False,False,False,E,False,,,,,NONE,長期調整後 / 出来高1.2倍,
2026-09-03,7.1-EARLY-RESEARCH-R2,4543,テルモ,2467.5,-3.61328125,7.84527972027973,-5.574601180069933,-1.2834156138231243,0.6793964215462763,-10.142024763292056,251,False,False,True,False,True,False,False,E,False,,,,,NONE,高値持ち合い後 / 25日線付近,
2026-09-03,7.1-EARLY-RESEARCH-R2,5214,日本電気硝子,4644.0,-3.290295710120783,-5.801217038539552,-1.839991450485895,-4.801731772114525,1.5038564268779449,-44.562492539095146,86,False,False,True,True,False,False,False,E,False,,,,,NONE,長期調整後 / 出来高1.5倍,
2026-09-03,7.1-EARLY-RESEARCH-R2,4021,日産化学,7994.0,-0.7326462188004479,3.2416376081622067,-1.5430556208409996,1.119729605286457,0.729674169233202,-8.188813598254274,42,True,False,True,False,True,False,False,D,False,,,,,NONE,高値持ち合い後 / 安値切り上げ / 25日線付近,
2026-09-03,7.1-EARLY-RESEARCH-R2,4502,武田薬品工業,5908.0,1.7042520227233515,12.127538432340112,-1.3276325853616768,4.405974538231527,0.860145111477768,-2.071937676114699,104,False,True,True,False,False,False,False,E,False,,,,,NONE,5日線上向き,
2026-09-03,7.1-EARLY-RESEARCH-R2,7011,三菱重工業,3795.0,-4.767879548306153,-5.125000000000002,-3.4866295483061527,-5.066141007424607,0.7985532714373662,-27.13133640552995,126,False,False,True,True,False,False,False,E,False,,,,,NONE,長期調整後,
2026-09-03,7.1-EARLY-RESEARCH-R2,7731,ニコン,1898.0,-3.014818599897806,-3.9473684210526327,-2.027976494634648,-3.245210688906341,0.7993207376883706,-20.58577405857741,77,False,False,True,True,False,False,False,E,False,,,,,NONE,長期調整後,
2026-09-03,7.1-EARLY-RESEARCH-R2,7013,ＩＨＩ,2639.5,-2.959558823529407,-1.9320081738807395,-2.476556780059222,-4.83006785747766,0.7558998274860951,-85.38887351231664,229,False,False,True,True,False,False,False,E,False,,,,,NONE,長期調整後,
2026-09-03,7.1-EARLY-RESEARCH-R2,4689,ＬＩＮＥヤフー,533.9,-2.927272727272734,15.78833224896985,-6.874355789515196,5.367236098392736,0.9588155978720506,-5.920704845814983,2,True,False,True,False,False,False,False,E,False,,,,,NONE,安値切り上げ,
2026-09-03,7.1-EARLY-RESEARCH-R2,9147,ＮＩＰＰＯＮ　ＥＸＰＲＥＳＳホールディングス,5574.0,-2.807323452484745,8.002325130788602,-4.807904735181895,0.953388295637314,0.693667883492753,-4.97783839072622,2,True,False,True,False,False,False,False,E,False,,,,,NONE,安値切り上げ / 25日線付近,
2026-09-03,7.1-EARLY-RESEARCH-R2,6920,レーザーテック,33690.0,-2.658191274198207,-27.82776349614395,4.29874959983778,-9.417951861650652,1.766513195239082,-42.48890406282008,52,False,False,True,False,False,False,False,E,False,,,,,NONE,出来高1.8倍 / 勢い改善,
2026-09-03,7.1-EARLY-RESEARCH-R2,9202,ＡＮＡホールディングス,2977.0,-2.648790058862005,-5.522056490003169,-1.2682759363612128,-3.188251209740356,1.368749888065334,-12.927756653992397,127,False,False,True,False,True,False,False,E,False,,,,,NONE,高値持ち合い後 / 出来高1.4倍,
2026-09-03,7.1-EARLY-RESEARCH-R2,6723,ルネサスエレクトロニクス,3291.0,-2.63313609467456,-13.690007867820608,0.7893658722805923,-7.609122862180095,1.087031325554314,-37.71763815291445,50,False,False,True,False,False,False,False,E,False,,,,,NONE,勢い改善,
2026-09-03,7.1-EARLY-RESEARCH-R2,2503,キリンホールディングス,2945.5,-3.3945555919973724,4.081272084805643,-4.414873613198783,-2.0914632930242427,0.9612427463437082,-6.817462828218924,25,False,False,True,False,True,False,False,E,False,,,,,NONE,高値持ち合い後 / 25日線付近,
2026-09-03,7.1-EARLY-RESEARCH-R2,2802,味の素,5180.0,-4.796912332291859,-2.868929308081758,-4.07968000527142,-2.548782047905352,0.7201552192471866,-18.29652996845425,41,False,False,True,False,False,False,False,E,False,,,,,NONE,25日線付近,
2026-09-03,7.1-EARLY-RESEARCH-R2,9766,コナミグループ,21610.0,-0.5751092707614425,7.0331847449232265,-2.3334054569922493,0.4247488219493833,0.7064037225792156,-18.89660349033589,204,False,False,True,True,False,False,False,E,False,,,,,NONE,長期調整後 / 25日線付近,
2026-09-03,7.1-EARLY-RESEARCH-R2,7453,良品計画,4165.0,-3.0719106353269687,-2.230046948356812,-2.514398898237766,-3.582606441098579,1.497443333587728,-40.963855421686745,251,False,False,True,True,False,False,False,E,False,,,,,NONE,長期調整後 / 出来高1.5倍,
2026-09-03,7.1-EARLY-RESEARCH-R2,6098,リクルートホールディングス,16435.0,-3.1526222746022348,29.2059748427673,-10.45411598529406,5.679085379184401,0.9181067365418422,-9.772165797419706,3,True,False,True,False,False,False,False,E,False,,,,,NONE,安値切り上げ,
2026-09-03,7.1-EARLY-RESEARCH-R2,7004,カナデビア,1161.0,-2.2727272727272707,-5.839416058394164,-0.8128732581287297,-3.5297636853125924,0.8503455134253003,-23.36633663366337,79,False,False,True,True,False,False,False,E,False,,,,,NONE,長期調整後,
2026-09-03,7.1-EARLY-RESEARCH-R2,7186,横浜フィナンシャルグループ,1951.0,2.039748953974896,5.175202156334224,0.7459484148913398,3.4003943100633816,0.9237387288797376,-2.230017539463791,27,True,True,True,False,False,False,False,C,False,,,,,NONE,安値切り上げ / 5日線上向き / 勢い改善,
2026-09-03,7.1-EARLY-RESEARCH-R2,8802,三菱地所,3703.0,-1.3848202396804288,-2.1405919661733663,-0.8496722481370872,-1.2743947957769008,1.0482874921338257,-31.51470316256705,128,True,False,True,True,False,False,False,D,False,,,,,NONE,長期調整後 / 安値切り上げ / 25日線付近,
2026-09-03,7.1-EARLY-RESEARCH-R2,7203,トヨタ自動車,3117.0,1.2999675008124711,6.9480185280494045,-0.4370371311998799,2.2215225989256293,0.9321030935745916,-22.075,139,True,True,True,True,False,False,False,B,False,,,,,NONE,長期調整後 / 安値切り上げ / 5日線上向き / 25日線付近,
2026-09-03,7.1-EARLY-RESEARCH-R2,3407,旭化成,1654.0,0.3032140691328067,1.1620795107033732,0.0126941914569633,-0.7691292401099115,0.8233737802379087,-13.221406086044071,41,False,True,True,False,True,False,False,B,False,,,,,NONE,高値持ち合い後 / 5日線上向き / 勢い改善 / 25日線付近,
2026-09-03,7.1-EARLY-RESEARCH-R2,9021,西日本旅客鉄道,3009.0,0.517788541840658,3.973738769868685,-0.475646150626513,2.059505881395252,0.9902698149181236,-14.710884353741491,140,True,True,True,False,True,False,False,B,False,,,,,NONE,高値持ち合い後 / 安値切り上げ / 5日線上向き / 25日線付近,
2026-09-03,7.1-EARLY-RESEARCH-R2,6758,ソニーグループ,3895.0,0.6459948320413522,9.256661991584858,-1.6681706658548623,2.7617720931214285,0.8839883930680524,-18.4463986599665,196,True,True,True,True,False,False,False,B,False,,,,,NONE,長期調整後 / 安値切り上げ / 5日線上向き / 25日線付近,
2026-09-03,7.1-EARLY-RESEARCH-R2,4704,トレンドマイクロ,5752.0,0.71791279985991,-11.056131127261482,3.4819455816752805,-5.435175747213372,0.6747728426337908,-33.333333333333336,232,True,True,True,True,False,False,False,B,False,,,,,NONE,長期調整後 / 安値切り上げ / 5日線上向き / 勢い改善,
2026-09-03,7.1-EARLY-RESEARCH-R2,9007,小田急電鉄,1791.5,0.84435688150859,7.856712823600231,-1.119821324391468,2.8545510914122385,0.9494851075982328,-4.325767690253668,25,True,True,True,False,True,False,False,B,False,,,,,NONE,高値持ち合い後 / 安値切り上げ / 5日線上向き / 25日線付近,
2026-09-03,7.1-EARLY-RESEARCH-R2,4901,富士フイルムホールディングス,3324.0,0.8495145631068013,-13.16614420062696,4.141050613263541,-2.2295429142890844,0.4929820562564175,-14.94370522006141,19,True,True,True,False,False,False,False,B,False,,,,,NONE,安値切り上げ / 5日線上向き / 勢い改善 / 25日線付近,
2026-09-03,7.1-EARLY-RESEARCH-R2,1605,ＩＮＰＥＸ,3889.0,0.8558091286307024,14.584560989982332,-2.7903311188648807,3.2847141809992264,1.38608167872466,-21.51362260343088,107,True,True,True,True,False,False,False,B,False,,,,,NONE,長期調整後 / 安値切り上げ / 5日線上向き / 出来高1.4倍,
2026-09-03,7.1-EARLY-RESEARCH-R2,7202,いすゞ自動車,2232.5,0.8811568007230042,-0.022391401701749,0.8867546511484414,-1.3512558106651085,1.0419504064632872,-23.779446910208257,137,True,False,True,True,False,False,False,B,False,,,,,NONE,長期調整後 / 安値切り上げ / 勢い改善 / 25日線付近,
2026-09-03,7.1-EARLY-RESEARCH-R2,9023,東京地下鉄,1492.0,0.9472259810554772,3.8997214484679743,-0.0277043810615162,1.7429966449360237,1.1602332872602232,-15.563101301641202,231,False,True,True,True,False,False,False,B,False,,,,,NONE,長期調整後 / 5日線上向き / 出来高1.2倍 / 25日線付近,
2026-09-03,7.1-EARLY-RESEARCH-R2,1925,大和ハウス工業,4766.0,1.060220525869382,5.606027033015737,-0.3412862323845522,2.454963669977217,1.0000927189159834,-17.898363479758828,136,True,True,True,True,False,False,False,B,False,,,,,NONE,長期調整後 / 安値切り上げ / 5日線上向き / 25日線付近,
2026-09-03,7.1-EARLY-RESEARCH-R2,6702,富士通,3795.0,1.1191047162270262,8.957795004306623,-1.1203440348496296,2.325305492941032,0.7424794898927874,-18.70179948586118,156,True,True,True,True,False,False,False,B,False,,,,,NONE,長期調整後 / 安値切り上げ / 5日線上向き / 25日線付近,
2026-09-03,7.1-EARLY-RESEARCH-R2,8604,野村ホールディングス,1632.0,1.2721067328575808,4.716073147256972,0.0930884460433378,4.246512340947417,1.2770317356105234,-1.95253829978973,0,True,True,True,False,False,False,False,B,False,,,,,NONE,安値切り上げ / 5日線上向き / 出来高1.3倍 / 勢い改善,
2026-09-03,7.1-EARLY-RESEARCH-R2,7211,三菱自動車工業,379.7,1.469802244788876,11.381636843649169,-1.3756069661234165,5.01947161127585,1.3072861870517365,-17.096069868995635,138,True,True,True,True,False,False,False,B,False,,,,,NONE,長期調整後 / 安値切り上げ / 5日線上向き / 出来高1.3倍,
2026-09-03,7.1-EARLY-RESEARCH-R2,6902,デンソー,1937.0,1.7599159443131065,0.9379885356956664,1.5254188103891897,-0.1597855780629764,0.8873834455528239,-18.37336704593342,204,False,True,True,True,False,False,False,B,False,,,,,NONE,長期調整後 / 5日線上向き / 勢い改善 / 25日線付近,
2026-09-03,7.1-EARLY-RESEARCH-R2,8601,大和証券グループ本社,1856.0,1.810202962150309,2.4848150193263363,1.188999207318725,2.779931332373464,1.0695334681959066,-1.6167505963424311,33,True,True,True,False,False,False,False,B,False,,,,,NONE,安値切り上げ / 5日線上向き / 勢い改善 / 25日線付近,
2026-09-03,7.1-EARLY-RESEARCH-R2,6472,ＮＴＮ,380.6,1.873661670235549,-1.8059855521155848,2.3251580582644453,-0.353971179624668,1.0795869826986344,-21.848049281314164,79,False,True,True,True,False,False,False,B,False,,,,,NONE,長期調整後 / 5日線上向き / 勢い改善 / 25日線付近,
2026-09-03,7.1-EARLY-RESEARCH-R2,3382,セブン＆アイ・ホールディングス,2060.0,2.334823646299067,3.5175879396984966,1.4554266613744429,0.3849714926173142,0.8056425019336068,-14.770376499793135,136,False,True,True,False,True,False,False,B,False,,,,,NONE,高値持ち合い後 / 5日線上向き / 勢い改善 / 25日線付近,
2026-09-03,7.1-EARLY-RESEARCH-R2,8267,イオン,1390.5,2.6957163958641006,4.943396226415087,1.459867339260329,1.4193604854708886,0.9844887590602096,-75.47186452637149,251,False,True,True,True,False,False,False,B,False,,,,,NONE,長期調整後 / 5日線上向き / 勢い改善 / 25日線付近,
2026-09-03,7.1-EARLY-RESEARCH-R2,9502,中部電力,2978.5,2.83100293457621,10.0498799187142,0.3185329548976598,5.566660995803563,1.135473492212623,-9.357881923311018,38,False,True,True,False,True,False,False,B,False,,,,,NONE,高値持ち合い後 / 5日線上向き / 出来高1.1倍 / 勢い改善,
2026-09-03,7.1-EARLY-RESEARCH-R2,1721,コムシスホールディングス,5440.0,0.1472754050073632,3.461392164321042,-0.7180726360728973,2.063789868667909,0.7742570083608515,-12.413459990339714,80,True,True,True,False,True,False,False,B,False,,,,,NONE,高値持ち合い後 / 安値切り上げ / 5日線上向き / 25日線付近,
2026-09-03,7.1-EARLY-RESEARCH-R2,4507,塩野義製薬,2992.0,2.835538752362954,8.484408992023207,0.7144365043571521,3.7627882781342095,1.1574570624377991,-20.38318254390633,100,False,True,True,True,False,False,False,B,False,,,,,NONE,長期調整後 / 5日線上向き / 出来高1.2倍 / 勢い改善,
2026-09-03,7.1-EARLY-RESEARCH-R2,5019,出光興産,1489.5,8.722627737226274,20.024174053182907,3.716584223930547,10.740201034913463,1.1832042072432272,-10.86175942549371,101,True,True,True,False,True,False,False,A,False,,,,,NONE,高値持ち合い後 / 安値切り上げ / 5日線上向き / 出来高1.2倍 / 勢い改善,
2026-09-03,7.1-EARLY-RESEARCH-R2,1802,大林組,3049.0,1.871032408954232,-2.898089171974527,2.595554701947864,0.2439521564450153,0.6527467308004026,-31.313358864609143,127,True,True,True,True,False,False,False,A,False,,,,,NONE,長期調整後 / 安値切り上げ / 5日線上向き / 勢い改善 / 25日線付近,
2026-09-03,7.1-EARLY-RESEARCH-R2,7951,ヤマハ,1326.5,0.2645502645502562,0.8745247148288948,0.0459190858430325,0.4863341615659822,0.7036928072526778,-7.367318435754189,16,True,True,True,False,False,False,False,B,False,,,,,NONE,安値切り上げ / 5日線上向き / 勢い改善 / 25日線付近,
2026-09-03,7.1-EARLY-RESEARCH-R2,1812,鹿島建設,4922.0,1.989225031081632,-6.283320639756285,3.560055191020703,-1.025537904685303,0.9180469079945976,-38.78109452736318,137,True,True,True,True,False,False,False,A,False,,,,,NONE,長期調整後 / 安値切り上げ / 5日線上向き / 勢い改善 / 25日線付近,
2026-09-03,7.1-EARLY-RESEARCH-R2,6770,アルプスアルパイン,2278.5,3.029617906398374,5.583873957367924,1.633649417056393,4.034445286602684,1.5317252377968902,-4.8841577958672495,128,True,True,True,False,True,True,True,A,False,,,,,B_EARLY_CONFIRMED,高値持ち合い後 / 安値切り上げ / 5日線上向き / 出来高1.5倍 / 勢い改善,
2026-09-03,7.1-EARLY-RESEARCH-R2,9020,東日本旅客鉄道,3555.0,-1.35960044395117,5.520926090828149,-2.7398319666582074,0.9449927876151508,1.0453658075113736,-15.578247447162196,158,True,False,True,True,False,False,False,D,False,,,,,NONE,長期調整後 / 安値切り上げ / 25日線付近,
2026-09-03,7.1-EARLY-RESEARCH-R2,5401,日本製鉄,704.6,5.007451564828624,4.85119047619047,3.794653945781007,4.3338683788122,1.6429831233905796,-79.5768115942029,240,True,True,True,True,False,True,True,A,False,,,,,B_EARLY_CONFIRMED,長期調整後 / 安値切り上げ / 5日線上向き / 出来高1.6倍 / 勢い改善,
2026-09-03,7.1-EARLY-RESEARCH-R2,6988,日東電工,3471.0,1.4615609470914892,1.491228070175432,1.0887539295476312,0.4003285934119471,1.0944795827339286,-14.67551622418879,208,True,True,True,False,True,False,False,A,False,,,,,NONE,高値持ち合い後 / 安値切り上げ / 5日線上向き / 勢い改善 / 25日線付近,
2026-09-03,7.1-EARLY-RESEARCH-R2,7261,マツダ,1205.5,0.6680584551148172,5.146096816397727,-0.6184657489846146,1.6356125115926323,1.1183237462976356,-13.584229390681005,133,True,True,True,False,True,False,False,A,False,,,,,NONE,高値持ち合い後 / 安値切り上げ / 5日線上向き / 出来高1.1倍 / 25日線付近,
2026-09-03,7.1-EARLY-RESEARCH-R2,8766,東京海上ホールディングス,7958.0,4.312491807576357,2.7899767501937456,3.614997620027921,3.829614011648541,1.2754905176719964,-6.022673594709493,25,True,True,True,False,True,True,True,A,False,,,,,B_EARLY_CONFIRMED,高値持ち合い後 / 安値切り上げ / 5日線上向き / 出来高1.3倍 / 勢い改善,
2026-09-03,7.1-EARLY-RESEARCH-R2,5020,ＥＮＥＯＳホールディングス,1372.0,3.0803906836964767,6.93686671862821,1.3461740040394243,4.315562178765853,1.3856137689546917,-11.626409017713367,126,True,True,False,False,True,True,True,B,False,,,,,B_EARLY_CONFIRMED,高値持ち合い後 / 安値切り上げ / 5日線上向き / 出来高1.4倍 / 勢い改善,
2026-09-03,7.1-EARLY-RESEARCH-R2,9104,商船三井,7190.0,2.670284163929737,20.435510887772203,-2.438593558013314,8.461505970662596,0.8138408033528037,-4.248235450792381,7,False,True,True,False,False,False,False,E,False,,,,,NONE,5日線上向き,
2026-09-03,7.1-EARLY-RESEARCH-R2,1963,日揮ホールディングス,2374.0,3.53249018752726,2.01976794155565,3.027548202138348,3.3602981513570773,1.1776893035590346,-18.906917164816395,71,True,True,True,True,False,True,True,A,False,,,,,B_EARLY_CONFIRMED,長期調整後 / 安値切り上げ / 5日線上向き / 出来高1.2倍 / 勢い改善,
2026-09-03,7.1-EARLY-RESEARCH-R2,9735,セコム,6457.0,0.6861063464836947,-2.5211352657004804,1.3163901629088148,-1.2848109780707606,0.7516675319734146,-10.617386489479507,25,True,True,True,False,True,False,False,A,False,,,,,NONE,高値持ち合い後 / 安値切り上げ / 5日線上向き / 勢い改善 / 25日線付近,
2026-09-03,7.1-EARLY-RESEARCH-R2,9301,三菱倉庫,1535.5,0.9533201840894234,2.812186139939743,0.2502736491044877,1.1075407590802389,0.849461855767863,-7.023917650620648,27,True,True,True,False,True,False,False,A,False,,,,,NONE,高値持ち合い後 / 安値切り上げ / 5日線上向き / 勢い改善 / 25日線付近,
2026-09-03,7.1-EARLY-RESEARCH-R2,4042,東ソー,2692.5,1.0887929416181663,1.527149321266963,0.7070056113014256,0.1972313188449037,0.9505135847476416,-12.75113415424498,55,True,True,True,False,True,False,False,A,False,,,,,NONE,高値持ち合い後 / 安値切り上げ / 5日線上向き / 勢い改善 / 25日線付近,
2026-09-03,7.1-EARLY-RESEARCH-R2,8591,オリックス,6351.0,0.0945626477541372,-2.9937375897357565,0.8429970451880764,0.7238286156539875,1.690335646718862,-4.925149700598808,26,True,False,True,False,True,False,False,A,False,,,,,NONE,高値持ち合い後 / 安値切り上げ / 出来高1.7倍 / 勢い改善 / 25日線付近,
2026-09-03,7.1-EARLY-RESEARCH-R2,3405,クラレ,1887.5,3.254923413566746,2.973267866884899,2.511606446845521,1.7695775012400938,0.6380178724351314,-9.602490421455933,18,True,True,True,False,False,False,False,B,False,,,,,NONE,安値切り上げ / 5日線上向き / 勢い改善 / 25日線付近,
2026-09-03,7.1-EARLY-RESEARCH-R2,5406,神戸製鋼所,2050.0,1.3847675568743778,3.9553752535496978,0.3959237434869533,1.1905937172981496,1.484574241254463,-13.847446942635012,140,True,True,True,False,True,True,True,A,False,,,,,B_EARLY_CONFIRMED,高値持ち合い後 / 安値切り上げ / 5日線上向き / 出来高1.5倍 / 勢い改善 / 25日線付近,
2026-09-03,7.1-EARLY-RESEARCH-R2,2432,ディー・エヌ・エー,2584.5,2.234968354430378,4.99695307739183,0.9857300850824202,2.9878223724058683,0.7602233071570534,-10.415944540727908,198,True,True,True,False,True,False,False,A,False,,,,,NONE,高値持ち合い後 / 安値切り上げ / 5日線上向き / 勢い改善 / 25日線付近,
2026-09-03,7.1-EARLY-RESEARCH-R2,2002,日清製粉グループ本社,2082.0,2.410231185440237,8.437500000000009,0.3008561854402347,2.768125098720575,1.16556150867328,-5.299067546054125,99,False,True,True,False,True,False,False,A,False,,,,,NONE,高値持ち合い後 / 5日線上向き / 出来高1.2倍 / 勢い改善 / 25日線付近,
2026-09-03,7.1-EARLY-RESEARCH-R2,5411,ＪＦＥホールディングス,1888.5,2.691680261011409,2.7196083763938006,2.011778166912958,2.767680285583673,0.7431873238725961,-19.94489190334887,137,True,True,True,True,False,False,False,A,False,,,,,NONE,長期調整後 / 安値切り上げ / 5日線上向き / 勢い改善 / 25日線付近,
2026-09-03,7.1-EARLY-RESEARCH-R2,7270,ＳＵＢＡＲＵ,2655.0,2.7079303675048294,7.251060391840025,0.8951652695448231,1.4404156955641234,0.8351486053849342,-27.1004942339374,174,True,True,True,True,False,False,False,A,False,,,,,NONE,長期調整後 / 安値切り上げ / 5日線上向き / 勢い改善 / 25日線付近,
2026-09-03,7.1-EARLY-RESEARCH-R2,9433,ＫＤＤＩ,2981.5,3.506335705606656,4.37598459653421,2.4123395564731034,2.6934867220059777,0.7925543728773456,-4.469721243191282,24,True,True,True,False,True,False,False,A,False,,,,,NONE,高値持ち合い後 / 安値切り上げ / 5日線上向き / 勢い改善 / 25日線付近,
2026-09-03,7.1-EARLY-RESEARCH-R2,8750,第一ライフグループ,1883.5,3.688411780897338,-1.567807682257638,4.080363701461748,1.5966341226603342,0.8165515350495031,-3.854007146503313,27,True,True,True,False,True,False,False,A,False,,,,,NONE,高値持ち合い後 / 安値切り上げ / 5日線上向き / 勢い改善 / 25日線付近,
2026-09-03,7.1-EARLY-RESEARCH-R2,8053,住友商事,1842.0,5.257142857142849,7.061900610287708,3.491667704570922,5.440307734578931,1.5441141615846432,-76.30868167202573,79,True,True,True,True,False,False,False,A,False,,,,,NONE,長期調整後 / 安値切り上げ / 5日線上向き / 出来高1.5倍 / 勢い改善,
2026-09-03,7.1-EARLY-RESEARCH-R2,9501,東京電力ホールディングス,569.5,7.554296506137859,8.269961977186302,5.486806011841283,7.290073172018308,1.2911542929288296,-39.37619757291888,196,True,True,True,True,False,False,False,A,False,,,,,NONE,長期調整後 / 安値切り上げ / 5日線上向き / 出来高1.3倍 / 勢い改善,
2026-09-03,7.1-EARLY-RESEARCH-R2,4506,住友ファーマ,1673.5,16.134628730048583,31.409501374165693,8.28225338650716,19.6416826331894,1.8537069809201847,-49.102798053527984,134,True,True,True,True,False,False,False,A,False,,,,,NONE,長期調整後 / 安値切り上げ / 5日線上向き / 出来高1.9倍 / 勢い改善,
2026-09-03,7.1-EARLY-RESEARCH-R2,8795,Ｔ＆Ｄホールディングス,4908.0,1.2376237623762387,-2.4642289348171698,1.8536809960805312,0.2393653957698527,0.6919249279963857,-5.177743431221016,27,True,True,True,False,True,False,False,A,False,,,,,NONE,高値持ち合い後 / 安値切り上げ / 5日線上向き / 勢い改善 / 25日線付近,
2026-09-03,7.1-EARLY-RESEARCH-R2,7267,本田技研工業,1718.0,3.3383458646616626,5.012224938875298,2.085289629942838,2.3935536165546223,0.863968988244998,-2.524822695035456,9,True,True,True,False,False,False,False,B,False,,,,,NONE,安値切り上げ / 5日線上向き / 勢い改善 / 25日線付近,
2026-09-03,7.1-EARLY-RESEARCH-R2,7201,日産自動車,316.9,1.570512820512815,-3.882317258113444,2.541092135041176,-4.024373992997954,1.0398124378908138,-31.99570815450644,134,True,True,True,True,False,False,False,B,False,,,,,NONE,長期調整後 / 安値切り上げ / 5日線上向き / 勢い改善,
2026-09-03,7.1-EARLY-RESEARCH-R2,8804,東京建物,3392.0,-1.021301429821997,3.730886850152904,-1.9540231423602228,0.3087332473769466,1.1513533623564889,-22.45084590763603,127,False,False,True,True,False,False,False,D,False,,,,,NONE,長期調整後 / 出来高1.2倍 / 25日線付近,
2026-09-03,7.1-EARLY-RESEARCH-R2,6724,セイコーエプソン,3220.0,2.613129381771828,6.025683240039514,1.1067085717619496,3.351542890890302,0.8033795929236747,-3.361344537815125,2,True,True,True,False,False,False,False,C,False,,,,,NONE,安値切り上げ / 5日線上向き / 勢い改善,
2026-09-03,7.1-EARLY-RESEARCH-R2,9532,大阪瓦斯,5885.0,4.752580989676036,10.828625235404887,2.0454246808248144,6.123994662242582,1.0920151059451393,-13.810779144698303,123,True,True,False,False,True,False,False,C,False,,,,,NONE,高値持ち合い後 / 安値切り上げ / 5日線上向き / 勢い改善,
2026-09-03,7.1-EARLY-RESEARCH-R2,6178,日本郵政,2552.0,5.237113402061855,8.27322868052609,3.1688062319303323,6.468193044523063,1.0039718416517915,-0.9893307468477164,0,True,True,True,False,False,False,False,C,False,,,,,NONE,安値切り上げ / 5日線上向き / 勢い改善,
2026-09-03,7.1-EARLY-RESEARCH-R2,5301,東海カーボン,1827.5,9.398383717449876,12.669543773119596,6.230997774169977,6.429444994467426,0.7298143045142218,-5.9444158517756085,19,True,True,True,False,False,False,False,C,False,,,,,NONE,安値切り上げ / 5日線上向き / 勢い改善,
2026-09-03,7.1-EARLY-RESEARCH-R2,4005,住友化学,626.7,12.271587244715151,28.054760931753187,5.257897011776857,16.016883261135195,1.452798358375344,-1.894176581089524,0,True,True,False,False,False,False,False,C,False,,,,,NONE,安値切り上げ / 5日線上向き / 出来高1.5倍 / 勢い改善,
2026-09-03,7.1-EARLY-RESEARCH-R2,9503,関西電力,3026.0,16.16122840690979,29.233397394832373,8.852879058201696,19.362244294200725,1.8593531150645768,-0.8843760235833553,0,True,True,False,False,False,False,False,C,False,,,,,NONE,安値切り上げ / 5日線上向き / 出来高1.9倍 / 勢い改善,
2026-09-03,7.1-EARLY-RESEARCH-R2,7735,ＳＣＲＥＥＮホールディングス,12955.0,-4.285186553380127,-5.3688823959094245,-2.942965954402771,-2.865668956002765,0.8128233602782298,-45.726853791369926,128,True,False,True,True,False,False,False,D,False,,,,,NONE,長期調整後 / 安値切り上げ / 25日線付近,
2026-09-03,7.1-EARLY-RESEARCH-R2,9984,ソフトバンクグループ,5001.0,-3.826923076923072,-16.062437059415913,0.188686187930906,-6.407204455623427,0.9940964750325476,-81.94258891496659,206,True,False,True,True,False,False,False,D,False,,,,,NONE,長期調整後 / 安値切り上げ / 勢い改善,
2026-09-03,7.1-EARLY-RESEARCH-R2,2282,日本ハム,6118.0,-3.379658875552749,4.402730375426622,-4.480341469409405,-2.27274179429674,1.536287827717085,-17.54716981132075,103,False,False,True,True,False,False,False,D,False,,,,,NONE,長期調整後 / 出来高1.5倍 / 25日線付近,
2026-09-03,7.1-EARLY-RESEARCH-R2,8015,豊田通商,7673.0,1.629139072847674,5.936766533204474,0.1449474395465555,5.328904019327907,0.9461443398593212,-1.2992024697710325,2,True,True,True,False,False,False,False,C,False,,,,,NONE,安値切り上げ / 5日線上向き / 勢い改善,
2026-09-03,7.1-EARLY-RESEARCH-R2,9201,日本航空,2957.0,-3.01738274844211,-2.570016474464576,-2.3748786298259663,-1.7738506510762695,1.1965456359049036,-9.627139364303185,127,False,False,True,False,True,False,False,D,False,,,,,NONE,高値持ち合い後 / 出来高1.2倍 / 25日線付近,
2026-09-03,7.1-EARLY-RESEARCH-R2,6305,日立建機,6030.0,3.626052586355044,10.016420361247944,1.1219474960430578,6.772530243363439,0.8653417197516227,-16.53979238754325,127,True,True,True,True,False,False,False,B,False,,,,,NONE,長期調整後 / 安値切り上げ / 5日線上向き / 勢い改善,
2026-09-03,7.1-EARLY-RESEARCH-R2,3401,帝人,1778.0,2.774566473988438,9.012875536480692,0.5213475898682649,2.8066564129843874,0.6994756338095925,-2.5753424657534274,2,False,True,True,False,False,False,False,C,False,,,,,NONE,5日線上向き / 勢い改善 / 25日線付近,
2026-09-03,7.1-EARLY-RESEARCH-R2,6501,日立製作所,5352.0,-1.4908890115958084,-2.264426588750912,-0.9247823644080804,-1.5307624374447992,0.7209838269845237,-11.376055638350724,138,True,False,True,False,True,False,False,D,False,,,,,NONE,高値持ち合い後 / 安値切り上げ / 25日線付近,
2026-09-03,7.1-EARLY-RESEARCH-R2,1803,清水建設,2386.5,-1.302729528535984,0.7387083157450292,-1.4874066074722414,0.1620051707349912,1.0746383533345556,-34.03814262023217,125,True,False,True,True,False,False,False,D,False,,,,,NONE,長期調整後 / 安値切り上げ / 25日線付近,
2026-09-03,7.1-EARLY-RESEARCH-R2,9022,東海旅客鉄道,3905.0,-1.2642225031605614,1.958224543080944,-1.7537786389307974,-0.0112663361874765,1.0796562935438925,-19.151138716356108,132,True,False,True,True,False,False,False,D,False,,,,,NONE,長期調整後 / 安値切り上げ / 25日線付近,
2026-09-03,7.1-EARLY-RESEARCH-R2,3289,東急不動産ホールディングス,1322.0,-1.195814648729443,2.879377431906605,-1.915659006706094,-0.2023130114442772,1.404998167377008,-17.271589486858574,137,False,False,True,True,False,False,False,D,False,,,,,NONE,長期調整後 / 出来高1.4倍 / 25日線付近,
2026-09-03,7.1-EARLY-RESEARCH-R2,7269,スズキ,2108.5,-1.1949390815370164,9.47559709241952,-3.5638383546418964,1.6232733441936986,1.0974955453018993,-14.73918317832592,187,True,False,True,False,True,False,False,D,False,,,,,NONE,高値持ち合い後 / 安値切り上げ / 25日線付近,
2026-09-03,7.1-EARLY-RESEARCH-R2,8253,クレディセゾン,4664.0,-1.1235955056179805,1.6564952048822912,-1.537719306838553,-0.1695234507440246,1.5283928598419008,-5.587044534412955,135,False,False,True,False,True,False,False,D,False,,,,,NONE,高値持ち合い後 / 出来高1.5倍 / 25日線付近,
2026-09-03,7.1-EARLY-RESEARCH-R2,8309,三井住友トラストグループ,1787.0,1.4764338444065883,7.585791691751953,-0.4200140785313999,4.089002795899344,1.2501086830103332,-74.45318084345962,26,True,True,True,False,False,False,False,C,False,,,,,NONE,安値切り上げ / 5日線上向き / 出来高1.3倍,
2026-09-03,7.1-EARLY-RESEARCH-R2,7974,任天堂,8855.0,1.4550870760769996,19.2110931610124,-3.3476862141760986,4.601769075204598,0.6093013382437236,-39.47368421052632,201,True,True,True,True,False,False,False,C,False,,,,,NONE,長期調整後 / 安値切り上げ / 5日線上向き,
2026-09-03,7.1-EARLY-RESEARCH-R2,9009,京成電鉄,1357.0,1.2308839985080144,8.127490039840634,-0.800988511452144,3.69385478275488,1.6674130513337635,-6.478290833907652,239,False,True,True,False,True,False,False,C,False,,,,,NONE,高値持ち合い後 / 5日線上向き / 出来高1.7倍,
2026-09-03,7.1-EARLY-RESEARCH-R2,5108,ブリヂストン,4067.0,-1.6682785299806602,3.750000000000009,-2.6057785299806624,-0.5545666164589846,0.8459711170356474,-45.40939597315437,183,True,False,True,True,False,False,False,D,False,,,,,NONE,長期調整後 / 安値切り上げ / 25日線付近,
2026-09-03,7.1-EARLY-RESEARCH-R2,3101,東洋紡,1655.0,-0.1809408926417344,-2.1289178001182685,0.3512885573878327,1.778510282396928,0.7100413365483982,-14.910025706940877,66,True,True,True,False,True,False,False,B,False,,,,,NONE,高値持ち合い後 / 安値切り上げ / 5日線上向き / 勢い改善 / 25日線付近,
2026-09-03,7.1-EARLY-RESEARCH-R2,8411,みずほフィナンシャルグループ,8731.0,4.688249400479627,3.081463990554889,3.917883402840905,4.285113661337947,1.447577738963307,-1.83269619968518,0,True,True,True,False,False,False,False,B,False,,,,,NONE,安値切り上げ / 5日線上向き / 出来高1.4倍 / 勢い改善,
2026-09-03,7.1-EARLY-RESEARCH-R2,8001,伊藤忠商事,2212.0,5.083135391923999,11.801870103613844,2.1326678660205376,6.946700703952957,1.451406559045045,-77.65430851601171,176,True,True,False,True,False,False,False,B,False,,,,,NONE,長期調整後 / 安値切り上げ / 5日線上向き / 出来高1.5倍 / 勢い改善,
2026-09-03,7.1-EARLY-RESEARCH-R2,4324,電通グループ,3700.0,4.667609618104662,6.843777071902979,2.956665350128917,2.260792659333366,0.5687389058417599,-4.491481672689723,25,False,True,True,False,True,False,False,B,False,,,,,NONE,高値持ち合い後 / 5日線上向き / 勢い改善 / 25日線付近,
2026-09-03,7.1-EARLY-RESEARCH-R2,8354,ふくおかフィナンシャルグループ,7933.0,2.7856957761078105,5.702864756828774,1.359979586900617,4.124555701977739,0.888752149697859,-1.0971200598429154,0,True,True,True,False,False,False,False,C,False,,,,,NONE,安値切り上げ / 5日線上向き / 勢い改善,
2026-09-03,7.1-EARLY-RESEARCH-R2,3659,ネクソン,3120.0,0.9055627425614388,33.70473537604457,-7.520621101449703,9.91566086791098,0.6445847567697361,-29.63464140730717,150,True,True,True,True,False,False,False,C,False,,,,,NONE,長期調整後 / 安値切り上げ / 5日線上向き,
2026-09-03,7.1-EARLY-RESEARCH-R2,8002,丸紅,5201.0,5.969845150774256,6.972439325380497,4.226735319429132,4.386605759427109,1.1411276677452349,-17.809734513274332,137,False,True,True,True,False,False,False,B,False,,,,,NONE,長期調整後 / 5日線上向き / 出来高1.1倍 / 勢い改善,
2026-09-03,7.1-EARLY-RESEARCH-R2,8031,三井物産,5253.0,6.616602394966509,11.765957446808509,3.675113033264382,6.903878089283966,1.6672867426552525,-21.30337078651685,100,True,True,False,True,False,False,False,B,False,,,,,NONE,長期調整後 / 安値切り上げ / 5日線上向き / 出来高1.7倍 / 勢い改善,
2026-09-03,7.1-EARLY-RESEARCH-R2,6326,クボタ,3028.0,6.657273687918286,15.462345090562437,2.791687415277677,9.66564292750769,1.437331943000679,-7.34394124847001,136,True,True,False,False,True,False,False,B,False,,,,,NONE,高値持ち合い後 / 安値切り上げ / 5日線上向き / 出来高1.4倍 / 勢い改善,
2026-09-03,7.1-EARLY-RESEARCH-R2,8058,三菱商事,5059.0,6.797551192738016,9.006679594914878,4.5458812940092965,5.621158471405652,1.9675552644857908,-15.851630073186962,77,True,True,False,True,False,False,False,B,False,,,,,NONE,長期調整後 / 安値切り上げ / 5日線上向き / 出来高2.0倍 / 勢い改善,
2026-09-03,7.1-EARLY-RESEARCH-R2,9843,ニトリホールディングス,3275.0,6.886422976501305,25.0,0.6364229765013052,11.981125624016965,1.7258579097797953,-77.73623385452073,234,False,True,True,True,False,False,False,B,False,,,,,NONE,長期調整後 / 5日線上向き / 出来高1.7倍 / 勢い改善,
2026-09-03,7.1-EARLY-RESEARCH-R2,3092,ＺＯＺＯ,1133.0,-0.8748906386701671,0.935412026726068,-1.108743645351684,-0.7133217659533564,0.7837748639913984,-22.741220593249235,233,True,False,True,True,False,False,False,D,False,,,,,NONE,長期調整後 / 安値切り上げ / 25日線付近,
2026-09-03,7.1-EARLY-RESEARCH-R2,2413,エムスリー,1758.0,-1.1526567332021398,1.3256484149855918,-1.4840688369485378,0.9752903470379382,0.6502297789556224,-35.979606700655495,194,True,True,True,True,False,False,False,C,False,,,,,NONE,長期調整後 / 安値切り上げ / 5日線上向き / 25日線付近,
2026-09-03,7.1-EARLY-RESEARCH-R2,6302,住友重機械工業,5779.0,-0.6190885640584676,-3.635150908787732,0.2896991631384654,0.6506851700907701,1.3221773724281978,-9.163784973278844,125,False,False,True,False,True,False,False,C,False,,,,,NONE,高値持ち合い後 / 出来高1.3倍 / 勢い改善 / 25日線付近,
2026-09-03,7.1-EARLY-RESEARCH-R2,7751,キヤノン,4660.0,-0.6184687566645364,4.507737160798375,-1.7454030468641302,1.719185198767148,0.8309599223479527,-7.411086826942181,139,True,True,True,False,True,False,False,C,False,,,,,NONE,高値持ち合い後 / 安値切り上げ / 5日線上向き / 25日線付近,
2026-09-03,7.1-EARLY-RESEARCH-R2,6473,ジェイテクト,2213.0,7.40111623392381,2.6675945256321,6.734217602515785,4.349384183028704,1.372432979025802,-2.2742327224552827,23,True,True,True,False,False,False,False,B,False,,,,,NONE,安値切り上げ / 5日線上向き / 出来高1.4倍 / 勢い改善,
2026-09-03,7.1-EARLY-RESEARCH-R2,2801,キッコーマン,1824.5,1.7568321249302743,14.460476787954835,-1.8582870720584344,3.0732726964578294,0.9934420813328754,-2.3025435073627865,9,False,True,True,False,False,False,False,E,False,,,,,NONE,5日線上向き,
2026-09-03,7.1-EARLY-RESEARCH-R2,9434,ソフトバンク,237.6,0.0421052631578877,2.9462738301559765,-0.6944631943811064,1.8710662161930405,0.8457504562241877,-2.302631578947368,251,True,True,True,False,False,False,False,C,False,,,,,NONE,安値切り上げ / 5日線上向き / 25日線付近,
2026-09-03,7.1-EARLY-RESEARCH-R2,9602,東宝,1560.0,0.19267822736031,9.281961471103315,-2.1278121404155192,1.9634500248372435,0.7684012554314301,-84.44666001994018,219,True,False,True,True,False,False,False,C,False,,,,,NONE,長期調整後 / 安値切り上げ / 25日線付近,
2026-09-03,7.1-EARLY-RESEARCH-R2,1808,長谷工コーポレーション,2906.5,0.3625690607734766,9.287460048881368,-1.9592959514468653,3.452571631962975,0.9589081703434496,-17.68620787312376,137,True,True,True,True,False,False,False,C,False,,,,,NONE,長期調整後 / 安値切り上げ / 5日線上向き,
2026-09-03,7.1-EARLY-RESEARCH-R2,8306,三菱ＵＦＪフィナンシャル・グループ,3754.0,4.046563192904662,6.015249929398481,2.5427507105550418,4.549606755341662,1.4922493233770573,-1.5473380540257042,27,True,True,True,False,False,False,False,B,False,,,,,NONE,安値切り上げ / 5日線上向き / 出来高1.5倍 / 勢い改善,
2026-09-03,7.1-EARLY-RESEARCH-R2,2871,ニチレイ,2140.0,-0.326036329762458,0.5639097744360999,-0.467013773371483,-1.4823681060675775,0.798934853542362,-9.666525960320817,25,True,True,True,False,True,False,False,C,False,,,,,NONE,高値持ち合い後 / 安値切り上げ / 5日線上向き / 25日線付近,
2026-09-03,7.1-EARLY-RESEARCH-R2,4578,大塚ホールディングス,12240.0,0.4926108374384341,3.684879288437104,-0.4286089846708418,1.0818399537534162,1.0437670186624162,-4.337631887456039,17,True,True,True,False,False,False,False,C,False,,,,,NONE,安値切り上げ / 5日線上向き / 25日線付近,
2026-09-03,7.1-EARLY-RESEARCH-R2,7911,ＴＯＰＰＡＮホールディングス,5046.0,0.8998200359928044,7.338864071474149,-0.934895981875733,2.23349595604323,0.9068124616653624,-14.878542510121465,125,True,False,True,False,True,False,False,C,False,,,,,NONE,高値持ち合い後 / 安値切り上げ / 25日線付近,
2026-09-03,7.1-EARLY-RESEARCH-R2,4183,三井化学,2307.5,8.05431983142122,7.852301939705542,6.091244346494834,6.301135107245526,1.6660117695475165,-42.57093081134893,185,True,True,False,True,False,False,False,B,False,,,,,NONE,長期調整後 / 安値切り上げ / 5日線上向き / 出来高1.7倍 / 勢い改善,
2026-09-03,7.1-EARLY-RESEARCH-R2,6471,日本精工,1110.0,0.225733634311509,-6.91823899371069,1.9552933827391816,-2.5939836428095053,1.1095763035264146,-21.52704135737009,125,False,False,True,True,False,False,False,B,False,,,,,NONE,長期調整後 / 出来高1.1倍 / 勢い改善 / 25日線付近,
2026-09-03,7.1-EARLY-RESEARCH-R2,8308,りそなホールディングス,2550.0,4.443989350808919,11.695137976346912,1.5202048567221906,6.880595513529819,1.403242644862707,-1.9607843137254943,0,True,True,True,False,False,False,False,B,False,,,,,NONE,安値切り上げ / 5日線上向き / 出来高1.4倍 / 勢い改善,
2026-09-03,7.1-EARLY-RESEARCH-R2,8316,三井住友フィナンシャルグループ,7089.0,4.342066529290545,6.345634563456337,2.7556578884264606,4.55875585552632,1.439612206577586,-2.3553719008264418,27,True,True,True,False,False,False,False,B,False,,,,,NONE,安値切り上げ / 5日線上向き / 出来高1.4倍 / 勢い改善,
2026-09-03,7.1-EARLY-RESEARCH-R2,6701,日本電気,4729.0,-0.1267159450897614,2.1161736126106723,-0.6557593482424295,-1.317986043871655,0.8704026263645908,-23.651921214078143,189,True,True,True,True,False,False,False,C,False,,,,,NONE,長期調整後 / 安値切り上げ / 5日線上向き / 25日線付近,
2026-09-04,7.1-EARLY-RESEARCH-R2,1963,日揮ホールディングス,2344.0,2.987697715289972,1.647875108412844,2.575728938186761,1.8475068216973425,1.1483002179250972,-19.931682322801024,72,True,True,True,True,False,True,True,A,False,,,,,B_EARLY_CONFIRMED,長期調整後 / 安値切り上げ / 5日線上向き / 出来高1.1倍 / 勢い改善 / 25日線付近,
2026-09-04,7.1-EARLY-RESEARCH-R2,8591,オリックス,6242.0,0.3859761981344523,-4.160908951328112,1.4262034359664804,-0.9589936595984948,1.082541494460235,-6.556886227544911,27,True,True,True,False,True,False,False,A,False,,,,,NONE,高値持ち合い後 / 安値切り上げ / 5日線上向き / 勢い改善 / 25日線付近,
2026-09-04,7.1-EARLY-RESEARCH-R2,8058,三菱商事,4902.0,2.4237358963643985,3.243470935130577,1.6128681625817542,2.236608297391318,1.7315444128345343,-18.46307385229541,78,True,True,False,True,False,True,True,A,False,,,,,B_EARLY_CONFIRMED,長期調整後 / 安値切り上げ / 5日線上向き / 出来高1.7倍 / 勢い改善 / 25日線付近,
2026-09-04,7.1-EARLY-RESEARCH-R2,8053,住友商事,1820.0,2.506336243311736,4.089219330855021,1.4840314105979802,3.639925288141765,1.5058417661906336,-76.59163987138264,80,True,True,True,True,False,True,True,A,False,,,,,B_EARLY_CONFIRMED,長期調整後 / 安値切り上げ / 5日線上向き / 出来高1.5倍 / 勢い改善,
2026-09-04,7.1-EARLY-RESEARCH-R2,8267,イオン,1409.0,3.717335296282665,4.525222551928776,2.5860296583004705,2.810694063393848,1.519602891944392,-74.78976561102165,251,True,True,True,True,False,True,True,A,False,,,,,B_EARLY_CONFIRMED,長期調整後 / 安値切り上げ / 5日線上向き / 出来高1.5倍 / 勢い改善 / 25日線付近,
2026-09-04,7.1-EARLY-RESEARCH-R2,9602,東宝,1601.0,2.3330137424097064,9.245991129307397,0.0215159600828576,4.589936893267299,1.7472943131381595,-84.03788634097707,220,True,True,True,True,False,True,True,A,False,,,,,B_EARLY_CONFIRMED,長期調整後 / 安値切り上げ / 5日線上向き / 出来高1.7倍 / 勢い改善,
2026-09-04,7.1-EARLY-RESEARCH-R2,4183,三井化学,2224.0,3.658820787695172,2.772643253234741,2.9656599743864867,2.242531789887936,1.1569673410322616,-44.64907914385267,186,True,True,False,True,False,True,True,A,False,,,,,B_EARLY_CONFIRMED,長期調整後 / 安値切り上げ / 5日線上向き / 出来高1.2倍 / 勢い改善 / 25日線付近,
2026-09-04,7.1-EARLY-RESEARCH-R2,8766,東京海上ホールディングス,7976.0,3.6786689197972233,2.0340283996417963,3.1701618198867743,4.187349126895379,1.1324377697813648,-5.810108644307988,26,True,True,True,False,True,True,True,A,False,,,,,B_EARLY_CONFIRMED,高値持ち合い後 / 安値切り上げ / 5日線上向き / 出来高1.1倍 / 勢い改善,
2026-09-04,7.1-EARLY-RESEARCH-R2,1802,大林組,3011.0,0.6855040963049674,-4.805564337654122,1.886895180718498,-0.7233905055820444,0.9181736835805924,-32.16940752421716,128,True,True,True,True,False,False,False,A,False,,,,,NONE,長期調整後 / 安値切り上げ / 5日線上向き / 勢い改善 / 25日線付近,
2026-09-04,7.1-EARLY-RESEARCH-R2,3382,セブン＆アイ・ホールディングス,2060.5,2.9477891581314086,0.4387033877650603,2.838113311190144,0.7480930960297227,1.1486645790510093,-14.74968969797269,137,True,True,True,False,True,True,True,A,False,,,,,B_EARLY_CONFIRMED,高値持ち合い後 / 安値切り上げ / 5日線上向き / 出来高1.1倍 / 勢い改善 / 25日線付近,
2026-09-04,7.1-EARLY-RESEARCH-R2,7211,三菱自動車工業,369.2,-5.0167224080267525,6.983483048391759,-6.762593170124692,2.266935537483117,1.3021434815261688,-19.38864628820961,139,True,False,True,True,False,False,False,C,False,,,,,NONE,長期調整後 / 安値切り上げ / 出来高1.3倍 / 25日線付近,
2026-09-04,7.1-EARLY-RESEARCH-R2,8750,第一ライフグループ,1877.5,1.87194791101466,-2.264445601249354,2.4380593113269984,1.317806031040214,1.1482403169044328,-4.160285860132717,28,True,True,True,False,True,True,True,A,False,,,,,B_EARLY_CONFIRMED,高値持ち合い後 / 安値切り上げ / 5日線上向き / 出来高1.1倍 / 勢い改善 / 25日線付近,
2026-09-04,7.1-EARLY-RESEARCH-R2,9021,西日本旅客鉄道,3020.0,1.2403620516258762,3.177314656645036,0.4460333874646172,2.601038240969755,0.9224563401670464,-14.399092970521544,141,True,True,True,False,True,False,False,A,False,,,,,NONE,高値持ち合い後 / 安値切り上げ / 5日線上向き / 勢い改善 / 25日線付近,
2026-09-04,7.1-EARLY-RESEARCH-R2,9301,三菱倉庫,1540.0,1.2491781722550943,2.6666666666666616,0.5825115055884289,1.571053568837466,0.9503241800152556,-6.751438086587946,28,True,True,True,False,True,False,False,A,False,,,,,NONE,高値持ち合い後 / 安値切り上げ / 5日線上向き / 勢い改善 / 25日線付近,
2026-09-04,7.1-EARLY-RESEARCH-R2,9023,東京地下鉄,1496.0,1.49253731343284,3.065794006200484,0.7260888118827191,2.026898000381916,1.1059834883664907,-15.336728919071874,232,False,True,True,True,False,False,False,A,False,,,,,NONE,長期調整後 / 5日線上向き / 出来高1.1倍 / 勢い改善 / 25日線付近,
2026-09-04,7.1-EARLY-RESEARCH-R2,8795,Ｔ＆Ｄホールディングス,4952.0,1.9139740687384328,-0.201531640467556,1.964356978855322,1.194222610941709,0.891132190409886,-4.327666151468312,28,True,True,True,False,True,False,False,A,False,,,,,NONE,高値持ち合い後 / 安値切り上げ / 5日線上向き / 勢い改善 / 25日線付近,
2026-09-04,7.1-EARLY-RESEARCH-R2,9433,ＫＤＤＩ,2981.0,2.0191649555099334,2.757669769045168,1.3297475132486414,2.775383554559552,0.8298875775190669,-4.485741749439287,25,True,True,True,False,True,False,False,A,False,,,,,NONE,高値持ち合い後 / 安値切り上げ / 5日線上向き / 勢い改善 / 25日線付近,
2026-09-04,7.1-EARLY-RESEARCH-R2,1812,鹿島建設,4938.0,2.151427389325611,-3.836416747809157,3.1105315762779,-0.3479145308804332,0.6856973934502082,-38.582089552238806,138,True,True,True,True,False,False,False,A,False,,,,,NONE,長期調整後 / 安値切り上げ / 5日線上向き / 勢い改善 / 25日線付近,
2026-09-04,7.1-EARLY-RESEARCH-R2,6302,住友重機械工業,5830.0,2.767495152476651,-1.203185900694792,3.068291627650349,1.0370596309287716,1.1630440804417277,-8.362150267211565,126,False,True,True,False,True,False,False,A,False,,,,,NONE,高値持ち合い後 / 5日線上向き / 出来高1.2倍 / 勢い改善 / 25日線付近,
2026-09-04,7.1-EARLY-RESEARCH-R2,6326,クボタ,3006.0,6.3506102954183685,11.997019374068564,3.351355451901228,8.533961092416353,1.2619887974626092,-8.017135862913094,137,True,True,True,False,True,False,False,A,False,,,,,NONE,高値持ち合い後 / 安値切り上げ / 5日線上向き / 出来高1.3倍 / 勢い改善,
2026-09-04,7.1-EARLY-RESEARCH-R2,5301,東海カーボン,1819.5,8.206958073148973,3.5571997723392146,7.31765813006417,5.248848885906665,0.7398922984870502,-6.356150283067419,20,True,True,True,False,True,False,False,B,False,,,,,NONE,高値持ち合い後 / 安値切り上げ / 5日線上向き / 勢い改善,
2026-09-04,7.1-EARLY-RESEARCH-R2,5401,日本製鉄,691.9,2.200886262924673,1.2289685442574916,1.8936441268603,2.2600974271660856,1.1150469468021094,-79.94492753623189,241,True,True,True,True,False,True,True,A,False,,,,,B_EARLY_CONFIRMED,長期調整後 / 安値切り上げ / 5日線上向き / 出来高1.1倍 / 勢い改善 / 25日線付近,
2026-09-04,7.1-EARLY-RESEARCH-R2,6902,デンソー,1916.5,0.0522056904202594,-0.4415584415584428,0.1625953008098701,-0.6407930072685364,0.9990321532165884,-19.23725242309313,205,True,True,True,True,False,False,False,A,False,,,,,NONE,長期調整後 / 安値切り上げ / 5日線上向き / 勢い改善 / 25日線付近,
2026-09-04,7.1-EARLY-RESEARCH-R2,6471,日本精工,1112.0,1.044979554747849,-5.240732850447383,2.355162767359695,-2.356784096097775,1.111862470667791,-21.385648639095088,126,False,True,True,True,False,False,False,A,False,,,,,NONE,長期調整後 / 5日線上向き / 出来高1.1倍 / 勢い改善 / 25日線付近,
2026-09-04,7.1-EARLY-RESEARCH-R2,4704,トレンドマイクロ,6100.0,0.8264462809917328,-9.226190476190476,3.132993900039352,0.7119176869939681,1.064408694209986,-29.29995363931386,233,True,True,True,True,False,False,False,A,False,,,,,NONE,長期調整後 / 安値切り上げ / 5日線上向き / 勢い改善 / 25日線付近,
2026-09-04,7.1-EARLY-RESEARCH-R2,8411,みずほフィナンシャルグループ,8774.0,3.393825123733208,3.235674785268849,2.584906427415995,4.322226555440367,1.155431619786615,-1.3492241960872509,1,True,True,True,False,False,False,False,B,False,,,,,NONE,安値切り上げ / 5日線上向き / 出来高1.2倍 / 勢い改善,
2026-09-04,7.1-EARLY-RESEARCH-R2,4506,住友ファーマ,1653.0,11.313131313131318,28.7884690299961,4.116014055632293,16.963616036681152,1.2520639232581336,-49.72627737226277,135,True,True,True,True,False,False,False,A,False,,,,,NONE,長期調整後 / 安値切り上げ / 5日線上向き / 出来高1.3倍 / 勢い改善,
2026-09-04,7.1-EARLY-RESEARCH-R2,1803,清水建設,2370.5,-0.4409911801763977,-2.065688907250573,0.0754310466362456,-0.5979637363927703,1.2064378920049024,-34.48037589828634,126,True,False,True,True,False,False,False,B,False,,,,,NONE,長期調整後 / 安値切り上げ / 出来高1.2倍 / 勢い改善 / 25日線付近,
2026-09-04,7.1-EARLY-RESEARCH-R2,1925,大和ハウス工業,4697.0,-0.4028837998303669,2.3757628596338343,-0.9968245147388256,1.0890151515151605,1.1319383783581631,-19.086993970714904,137,True,True,True,True,False,False,False,B,False,,,,,NONE,長期調整後 / 安値切り上げ / 5日線上向き / 出来高1.1倍 / 25日線付近,
2026-09-04,7.1-EARLY-RESEARCH-R2,7202,いすゞ自動車,2222.5,-0.2244668911335567,-2.521929824561409,0.4060155650067953,-1.379138969994409,1.0231891539946294,-24.120860361898256,138,True,True,True,True,False,False,False,B,False,,,,,NONE,長期調整後 / 安値切り上げ / 5日線上向き / 勢い改善 / 25日線付近,
2026-09-04,7.1-EARLY-RESEARCH-R2,4042,東ソー,2655.5,-0.0752587017873951,-2.029145914038,0.4320277767221048,-1.1421423731842184,1.0168774032283263,-13.950097213221005,56,True,True,True,False,True,False,False,B,False,,,,,NONE,高値持ち合い後 / 安値切り上げ / 5日線上向き / 勢い改善 / 25日線付近,
2026-09-04,7.1-EARLY-RESEARCH-R2,5406,神戸製鋼所,2029.5,0.0986436498150444,0.6446813786263217,-0.0625266948415359,0.2598506105995435,1.1374782743370446,-14.70897247320866,141,False,True,True,False,True,False,False,B,False,,,,,NONE,高値持ち合い後 / 5日線上向き / 出来高1.1倍 / 25日線付近,
2026-09-04,7.1-EARLY-RESEARCH-R2,9007,小田急電鉄,1787.5,0.1400560224089631,5.894549763033186,-1.3335814183493333,2.693293194379032,0.924715565238441,-4.539385847797062,26,True,True,True,False,True,False,False,B,False,,,,,NONE,高値持ち合い後 / 安値切り上げ / 5日線上向き / 25日線付近,
2026-09-04,7.1-EARLY-RESEARCH-R2,2002,日清製粉グループ本社,2046.5,0.4170755642787016,4.09460834181079,-0.606576521173996,1.149641169609139,0.8972291138630043,-6.913804866954743,100,True,True,True,False,True,False,False,B,False,,,,,NONE,高値持ち合い後 / 安値切り上げ / 5日線上向き / 25日線付近,
2026-09-04,7.1-EARLY-RESEARCH-R2,8031,三井物産,5019.0,0.8033741715203879,5.374763804325,-0.5403167795608621,2.059490983626544,1.9582831825574525,-24.808988764044948,101,True,True,False,True,False,False,False,B,False,,,,,NONE,長期調整後 / 安値切り上げ / 5日線上向き / 出来高2.0倍 / 25日線付近,
2026-09-04,7.1-EARLY-RESEARCH-R2,8354,ふくおかフィナンシャルグループ,7925.0,1.0068824878919136,3.540632349098516,0.1217244006172846,3.691278680288068,1.2360892502629892,-1.2091747693841914,0,True,True,True,False,False,False,False,B,False,,,,,NONE,安値切り上げ / 5日線上向き / 出来高1.2倍 / 勢い改善,
2026-09-04,7.1-EARLY-RESEARCH-R2,7911,ＴＯＰＰＡＮホールディングス,5071.0,1.0360629607491625,8.586723768736615,-1.1106179814349917,2.139058975185293,0.8506567608808109,-14.456815114709851,126,True,True,True,False,True,False,False,B,False,,,,,NONE,高値持ち合い後 / 安値切り上げ / 5日線上向き / 25日線付近,
2026-09-04,7.1-EARLY-RESEARCH-R2,6976,太陽誘電,9426.0,1.968844655993074,-5.161485058859039,3.2592159207078337,-3.470395949566196,1.2372688138314931,-60.83108248493663,45,True,True,True,False,False,False,False,B,False,,,,,NONE,安値切り上げ / 5日線上向き / 出来高1.2倍 / 勢い改善,
2026-09-04,7.1-EARLY-RESEARCH-R2,8316,三井住友フィナンシャルグループ,7083.0,2.622428281657485,4.453620409969039,1.509023179165225,4.213871641703193,1.3691963506138842,-2.438016528925624,28,True,True,True,False,False,False,False,B,False,,,,,NONE,安値切り上げ / 5日線上向き / 出来高1.4倍 / 勢い改善,
2026-09-04,7.1-EARLY-RESEARCH-R2,9502,中部電力,2926.0,2.9919042590637046,7.99040413360399,0.9943032256627072,3.383458646616555,1.0108846861490748,-10.95556908094948,39,True,True,True,False,True,False,False,B,False,,,,,NONE,高値持ち合い後 / 安値切り上げ / 5日線上向き / 勢い改善,
2026-09-04,7.1-EARLY-RESEARCH-R2,8306,三菱ＵＦＪフィナンシャル・グループ,3785.0,3.471842536905423,5.903749300503636,1.995905211779514,5.108524204118803,1.4702573966553945,-0.734329923944399,28,True,True,True,False,False,False,False,B,False,,,,,NONE,安値切り上げ / 5日線上向き / 出来高1.5倍 / 勢い改善,
2026-09-04,7.1-EARLY-RESEARCH-R2,6472,ＮＴＮ,386.4,3.8151531434712505,-0.9230769230769263,4.045922374240482,1.02172071572737,0.7898728542014838,-20.65708418891171,80,False,True,True,True,False,False,False,B,False,,,,,NONE,長期調整後 / 5日線上向き / 勢い改善 / 25日線付近,
2026-09-04,7.1-EARLY-RESEARCH-R2,8001,伊藤忠商事,2204.0,4.134183793999524,8.35791543756146,2.04470493460916,6.1892326816153975,1.4783843377928785,-77.73512476007679,177,True,True,False,True,False,False,False,B,False,,,,,NONE,長期調整後 / 安値切り上げ / 5日線上向き / 出来高1.5倍 / 勢い改善,
2026-09-04,7.1-EARLY-RESEARCH-R2,9501,東京電力ホールディングス,555.0,5.093732247680349,3.3519553072625774,4.255743420864705,4.314680740690613,1.098717098774016,-40.919736001703214,197,True,True,True,True,False,False,False,B,False,,,,,NONE,長期調整後 / 安値切り上げ / 5日線上向き / 勢い改善,
2026-09-04,7.1-EARLY-RESEARCH-R2,9843,ニトリホールディングス,3254.0,6.062581486310292,18.327272727272724,1.4807633044921111,10.329768694012898,2.2238118766186874,-77.87899388171311,235,False,True,True,True,False,False,False,B,False,,,,,NONE,長期調整後 / 5日線上向き / 出来高2.2倍 / 勢い改善,
2026-09-04,7.1-EARLY-RESEARCH-R2,6473,ジェイテクト,2188.5,7.542997542997543,1.038781163434899,7.283302252138818,3.0241119260354,1.1197108287460509,-3.356149260322372,24,True,True,True,False,True,False,False,A,False,,,,,NONE,高値持ち合い後 / 安値切り上げ / 5日線上向き / 出来高1.1倍 / 勢い改善,
2026-09-04,7.1-EARLY-RESEARCH-R2,4005,住友化学,594.7,6.979672602986153,19.15447806050892,2.191053087858924,9.462314924570949,1.3846784411839856,-6.903569192235426,1,True,True,True,False,False,False,False,B,False,,,,,NONE,安値切り上げ / 5日線上向き / 出来高1.4倍 / 勢い改善,
2026-09-04,7.1-EARLY-RESEARCH-R2,5019,出光興産,1470.0,6.560347952156587,16.8057210965435,2.3589176780207115,8.76803551609322,1.2049571064170743,-12.02872531418312,102,True,True,True,False,True,False,False,A,False,,,,,NONE,高値持ち合い後 / 安値切り上げ / 5日線上向き / 出来高1.2倍 / 勢い改善,
2026-09-04,7.1-EARLY-RESEARCH-R2,5020,ＥＮＥＯＳホールディングス,1345.5,1.6238670694864066,3.499999999999992,0.7488670694864086,2.171767028627825,1.1845810099925649,-13.33333333333333,127,True,True,False,False,True,True,True,A,False,,,,,B_EARLY_CONFIRMED,高値持ち合い後 / 安値切り上げ / 5日線上向き / 出来高1.2倍 / 勢い改善 / 25日線付近,
2026-09-04,7.1-EARLY-RESEARCH-R2,9735,セコム,6401.0,-0.5592667391642103,-4.747023809523809,0.627489213216742,-1.7407589340537877,0.9168247172795884,-11.39258028792912,26,True,True,True,False,True,False,False,B,False,,,,,NONE,高値持ち合い後 / 安値切り上げ / 5日線上向き / 勢い改善 / 25日線付近,
2026-09-04,7.1-EARLY-RESEARCH-R2,2432,ディー・エヌ・エー,2620.0,2.7450980392156765,8.376421923474652,0.6509925583470135,4.215559144318659,1.1353201508644182,-9.185441941074524,199,False,True,True,False,True,False,False,B,False,,,,,NONE,高値持ち合い後 / 5日線上向き / 出来高1.1倍 / 勢い改善,
2026-09-04,7.1-EARLY-RESEARCH-R2,9009,京成電鉄,1367.0,0.8483954260420479,6.964006259780908,-0.8926061389031792,4.242923377257202,0.9612149008562134,-5.78911095796003,240,True,True,True,False,True,False,False,C,False,,,,,NONE,高値持ち合い後 / 安値切り上げ / 5日線上向き,
2026-09-04,7.1-EARLY-RESEARCH-R2,1721,コムシスホールディングス,5401.0,-0.5889931897662404,2.136913767019677,-1.1232216315211596,1.2173821785443906,0.7694754326237793,-13.041378199967802,81,True,False,True,False,True,False,False,D,False,,,,,NONE,高値持ち合い後 / 安値切り上げ / 25日線付近,
2026-09-04,7.1-EARLY-RESEARCH-R2,9008,京王電鉄,780.5,-0.7250063597049161,1.4954486345903684,-1.0988685183525082,0.7138359261285476,1.190867387030348,-81.5702479338843,133,True,False,True,True,False,False,False,C,False,,,,,NONE,長期調整後 / 安値切り上げ / 出来高1.2倍 / 25日線付近,
2026-09-04,7.1-EARLY-RESEARCH-R2,4324,電通グループ,3761.0,2.7034407427635188,5.973513665821351,1.2100623263081811,3.949012194178203,0.6800111647194864,-2.9168817759421817,26,True,True,True,False,False,False,False,C,False,,,,,NONE,安値切り上げ / 5日線上向き / 勢い改善,
2026-09-04,7.1-EARLY-RESEARCH-R2,6594,ニデック,2611.0,-0.5712109672505683,-5.123546511627907,0.7096756606564085,-1.8568636295293928,3.49243302743653,-20.782766990291258,251,False,False,True,True,False,False,False,C,False,,,,,NONE,長期調整後 / 出来高3.5倍 / 勢い改善 / 25日線付近,
2026-09-04,7.1-EARLY-RESEARCH-R2,3407,旭化成,1612.0,-0.2166511915815516,-3.2412965186074394,0.5936729380703082,-2.827174633793484,1.1070249505632948,-15.42497376705142,42,False,True,True,False,False,False,False,C,False,,,,,NONE,5日線上向き / 出来高1.1倍 / 勢い改善 / 25日線付近,
2026-09-04,7.1-EARLY-RESEARCH-R2,4901,富士フイルムホールディングス,3313.0,-0.1807773425730685,-14.569365652398147,3.4615640705264683,-1.95556186891106,0.4886864936810851,-15.225179119754351,20,True,True,True,False,False,False,False,C,False,,,,,NONE,安値切り上げ / 5日線上向き / 勢い改善 / 25日線付近,
2026-09-04,7.1-EARLY-RESEARCH-R2,9531,東京瓦斯,6128.0,-0.1303780964797884,2.6981732864085783,-0.8049214180819331,0.6418215381381209,0.9996691799118144,-23.082716204342912,124,True,True,True,True,False,False,False,C,False,,,,,NONE,長期調整後 / 安値切り上げ / 5日線上向き / 25日線付近,
2026-09-04,7.1-EARLY-RESEARCH-R2,4507,塩野義製薬,2909.0,-0.1201716738197467,2.955229162980011,-0.8589789645647494,1.0694109553821551,1.4103822152728944,-22.591804151144224,101,False,True,True,True,False,False,False,C,False,,,,,NONE,長期調整後 / 5日線上向き / 出来高1.4倍 / 25日線付近,
2026-09-04,7.1-EARLY-RESEARCH-R2,6753,シャープ,644.7,-0.4631773969430264,1.5435501653803918,-0.8490649382881243,0.8017861945175841,0.6199641676749509,-28.762430939226512,199,True,False,True,True,False,False,False,D,False,,,,,NONE,長期調整後 / 安値切り上げ / 25日線付近,
2026-09-04,7.1-EARLY-RESEARCH-R2,1801,大成建設,12690.0,0.0,-6.519337016574589,1.6298342541436472,-0.899634523474846,0.8217644601061104,-38.63636363636363,126,True,False,True,True,False,False,False,C,False,,,,,NONE,長期調整後 / 安値切り上げ / 勢い改善 / 25日線付近,
2026-09-04,7.1-EARLY-RESEARCH-R2,8601,大和証券グループ本社,1867.0,0.2147074610842736,2.273349767187072,-0.3536299807124943,3.218744125874906,1.1220409010050894,-1.6332982086406769,0,True,True,True,False,False,False,False,C,False,,,,,NONE,安値切り上げ / 5日線上向き / 出来高1.1倍,
2026-09-04,7.1-EARLY-RESEARCH-R2,9434,ソフトバンク,239.2,0.6310475389146086,4.63692038495187,-0.528182557323359,2.430585293160448,0.8589172807582978,-1.4014839241549892,2,True,True,True,False,False,False,False,C,False,,,,,NONE,安値切り上げ / 5日線上向き / 25日線付近,
2026-09-04,7.1-EARLY-RESEARCH-R2,3401,帝人,1737.0,0.6373117033603659,3.23922734026747,-0.1724951317065015,0.243539283694405,0.9512659989863442,-4.821917808219178,3,True,True,True,False,False,False,False,C,False,,,,,NONE,安値切り上げ / 5日線上向き / 25日線付近,
2026-09-04,7.1-EARLY-RESEARCH-R2,6702,富士通,3900.0,-0.1024590163934413,8.968985750209546,-2.344705453945828,5.158708758911534,1.3024345546323712,-16.45244215938303,157,True,True,True,True,False,False,False,C,False,,,,,NONE,長期調整後 / 安値切り上げ / 5日線上向き / 出来高1.3倍,
2026-09-04,7.1-EARLY-RESEARCH-R2,6770,アルプスアルパイン,2258.0,0.8485931219294418,6.685565792582082,-0.8227983262160787,3.0692545052858344,0.9944932898129432,-5.739929033604674,129,True,True,True,False,True,False,False,C,False,,,,,NONE,高値持ち合い後 / 安値切り上げ / 5日線上向き,
2026-09-04,7.1-EARLY-RESEARCH-R2,9532,大阪瓦斯,5719.0,1.095987272405874,6.084214431459833,-0.4250663354590844,2.981956999315738,1.0835393653457936,-16.241944932630346,124,True,True,False,True,False,False,False,C,False,,,,,NONE,長期調整後 / 安値切り上げ / 5日線上向き / 25日線付近,
2026-09-04,7.1-EARLY-RESEARCH-R2,8604,野村ホールディングス,1669.0,1.6443361753958552,5.833861762840842,0.1858707346856447,6.070620535373816,1.0468263374953402,-0.5659815311289895,0,True,True,True,False,False,False,False,C,False,,,,,NONE,安値切り上げ / 5日線上向き / 勢い改善,
2026-09-04,7.1-EARLY-RESEARCH-R2,8331,千葉銀行,2861.0,1.65215846509148,7.354596622889309,-0.1864906906308472,3.782003380804877,1.1647811459549915,-1.089023336214345,13,True,True,True,False,False,False,False,C,False,,,,,NONE,安値切り上げ / 5日線上向き / 出来高1.2倍,
2026-09-04,7.1-EARLY-RESEARCH-R2,7203,トヨタ自動車,3081.0,-1.12323491655969,3.267973856209161,-1.94022838061198,1.1005886869720929,0.9379984849934204,-22.975,140,True,True,True,True,False,False,False,C,False,,,,,NONE,長期調整後 / 安値切り上げ / 5日線上向き / 25日線付近,
2026-09-04,7.1-EARLY-RESEARCH-R2,8725,ＭＳ＆ＡＤインシュアランスグループホールディングス,5240.0,2.463824794681257,8.556038947586497,0.3248150577846331,5.7099512604499525,1.0411168235150177,-1.411100658513642,0,True,True,True,False,False,False,False,C,False,,,,,NONE,安値切り上げ / 5日線上向き / 勢い改善,
2026-09-04,7.1-EARLY-RESEARCH-R2,6305,日立建機,5977.0,2.627060439560447,6.0315770800071,1.119166169558672,5.550728630259871,0.4718887197387501,-17.27335640138409,128,False,True,True,True,False,False,False,C,False,,,,,NONE,長期調整後 / 5日線上向き / 勢い改善,
2026-09-04,7.1-EARLY-RESEARCH-R2,7270,ＳＵＢＡＲＵ,2637.5,-0.0568397120121244,4.870775347912515,-1.2745335489902532,1.0582862047297192,0.9569918934921336,-27.580999450851184,175,True,True,True,True,False,False,False,C,False,,,,,NONE,長期調整後 / 安値切り上げ / 5日線上向き / 25日線付近,
2026-09-04,7.1-EARLY-RESEARCH-R2,9984,ソフトバンクグループ,5590.0,8.312342569269514,-1.843722563652328,8.773273210182596,3.8631904393840335,2.155494261331336,-79.81585123668532,207,True,True,True,True,False,False,False,A,False,,,,,NONE,長期調整後 / 安値切り上げ / 5日線上向き / 出来高2.2倍 / 勢い改善,
2026-09-04,7.1-EARLY-RESEARCH-R2,1808,長谷工コーポレーション,2854.0,-0.9199791702829364,6.155848986423651,-2.458941416888849,1.553548680942507,1.2552872470143464,-19.17303879920702,138,True,False,True,True,False,False,False,C,False,,,,,NONE,長期調整後 / 安値切り上げ / 出来高1.3倍 / 25日線付近,
2026-09-04,7.1-EARLY-RESEARCH-R2,6988,日東電工,3436.0,-1.0083549409392156,-1.5190599025508789,-0.6285899653014959,-0.6051629774481371,1.0460724312751215,-15.535889872173058,209,True,True,True,True,False,False,False,C,False,,,,,NONE,長期調整後 / 安値切り上げ / 5日線上向き / 25日線付近,
2026-09-04,7.1-EARLY-RESEARCH-R2,3861,王子ホールディングス,875.2,-0.7146908678389075,0.1602197299153118,-0.7547458003177354,0.2515452391970818,1.3758487798718024,-11.658423337034415,129,True,False,True,False,True,False,False,C,False,,,,,NONE,高値持ち合い後 / 安値切り上げ / 出来高1.4倍 / 25日線付近,
2026-09-04,7.1-EARLY-RESEARCH-R2,7752,リコー,1690.0,-0.2949852507374673,7.506361323155208,-2.1715755815262696,3.061348944993303,0.6586735346813412,-3.290414878397707,3,True,True,True,False,False,False,False,E,False,,,,,NONE,安値切り上げ / 5日線上向き,
2026-09-04,7.1-EARLY-RESEARCH-R2,7261,マツダ,1175.5,-3.3305921052631526,1.598962834917894,-3.730332813992626,-0.7430549691801014,1.3342484536466002,-15.734767025089605,134,False,False,True,True,False,False,False,D,False,,,,,NONE,長期調整後 / 出来高1.3倍 / 25日線付近,
2026-09-04,7.1-EARLY-RESEARCH-R2,5214,日本電気硝子,4736.0,-1.2510425354462007,-3.287727179906064,-0.4291107404696848,-2.6011418041822165,1.185611987002046,-43.46424734391788,87,False,False,True,True,False,False,False,D,False,,,,,NONE,長期調整後 / 出来高1.2倍 / 25日線付近,
2026-09-04,7.1-EARLY-RESEARCH-R2,6501,日立製作所,5377.0,-3.1171171171171186,-2.2363636363636363,-2.558026208026209,-1.1595417714445388,0.7796589077347561,-10.962079814538829,139,True,False,True,False,True,False,False,D,False,,,,,NONE,高値持ち合い後 / 安値切り上げ / 25日線付近,
2026-09-04,7.1-EARLY-RESEARCH-R2,4523,エーザイ,4694.0,-2.6948590381426163,0.0639522489874311,-2.710847100389474,-2.1112603331637114,1.1334165288471088,-12.245279491493733,240,False,False,True,False,True,False,False,D,False,,,,,NONE,高値持ち合い後 / 出来高1.1倍 / 25日線付近,
2026-09-04,7.1-EARLY-RESEARCH-R2,6526,ソシオネクスト,1954.0,-2.5436408977556058,-2.8344107409249086,-1.8350382125243785,-2.0620106859669085,0.617400179902219,-44.027499283872814,205,True,False,True,True,False,False,False,D,False,,,,,NONE,長期調整後 / 安値切り上げ / 25日線付近,
2026-09-04,7.1-EARLY-RESEARCH-R2,8697,日本取引所グループ,2239.0,-2.3549934583515064,-2.3975588491717548,-1.7556037460585676,0.1601488758264713,1.725637585565876,-4.966044142614601,26,False,False,True,False,True,False,False,D,False,,,,,NONE,高値持ち合い後 / 出来高1.7倍 / 25日線付近,
2026-09-04,7.1-EARLY-RESEARCH-R2,9202,ＡＮＡホールディングス,2999.5,-2.232724902216432,-5.199115044247793,-0.9329461411544836,-2.26139659161263,1.1962330871380742,-12.269669494004098,128,False,False,True,False,True,False,False,D,False,,,,,NONE,高値持ち合い後 / 出来高1.2倍 / 25日線付近,
2026-09-04,7.1-EARLY-RESEARCH-R2,2914,日本たばこ産業,6803.0,-2.086931491076572,-3.229018492176383,-1.2796768680324755,-2.5771306150973228,1.6895634645029052,-5.7495151011360495,24,False,False,True,False,True,False,False,D,False,,,,,NONE,高値持ち合い後 / 出来高1.7倍 / 25日線付近,
2026-09-04,7.1-EARLY-RESEARCH-R2,9201,日本航空,3003.0,-1.9268451992161983,-1.379310344827589,-1.582017613009301,-0.278277733132326,1.169958914664612,-8.221271393643036,128,False,False,True,False,True,False,False,D,False,,,,,NONE,高値持ち合い後 / 出来高1.2倍 / 25日線付近,
2026-09-04,7.1-EARLY-RESEARCH-R2,6701,日本電気,4828.0,-1.6299918500407462,2.9424307036247432,-2.365599525946932,0.8944244754660158,1.0818212637349245,-22.0536002583145,190,True,False,True,True,False,False,False,D,False,,,,,NONE,長期調整後 / 安値切り上げ / 25日線付近,
2026-09-04,7.1-EARLY-RESEARCH-R2,5801,古河電気工業,3844.0,-1.5116576992057371,-1.6628293681248407,-1.095950357174527,-0.5834643714309307,0.6716689414736476,-93.84073065213909,70,True,False,True,True,False,False,False,D,False,,,,,NONE,長期調整後 / 安値切り上げ / 25日線付近,
2026-09-04,7.1-EARLY-RESEARCH-R2,2282,日本ハム,6090.0,-4.320502749410837,1.5338446148716267,-4.703963903128743,-2.416982329301831,1.2878567882268082,-17.924528301886788,104,False,False,True,True,False,False,False,D,False,,,,,NONE,長期調整後 / 出来高1.3倍 / 25日線付近,
2026-09-04,7.1-EARLY-RESEARCH-R2,2801,キッコーマン,1784.5,-1.4632799558255138,0.8192090395480189,-1.6680822157125186,0.6656512664297454,1.1233228744702273,-4.444444444444439,10,False,True,True,False,False,False,False,D,False,,,,,NONE,5日線上向き / 出来高1.1倍 / 25日線付近,
2026-09-04,7.1-EARLY-RESEARCH-R2,8002,丸紅,5073.0,3.319755600814656,2.77552674230146,2.625873915239291,1.9182243366174128,1.267439080671369,-19.832490518331227,138,False,True,True,True,False,False,False,A,False,,,,,NONE,長期調整後 / 5日線上向き / 出来高1.3倍 / 勢い改善 / 25日線付近,
2026-09-04,7.1-EARLY-RESEARCH-R2,7453,良品計画,4238.0,-3.131428571428574,-3.5722411831626832,-2.238368275637903,-1.90541441374712,1.1428560427988672,-39.318442153493706,249,False,False,True,True,False,False,False,D,False,,,,,NONE,長期調整後 / 出来高1.1倍 / 25日線付近,
2026-09-04,7.1-EARLY-RESEARCH-R2,4578,大塚ホールディングス,12030.0,-1.1503697617091246,-1.1503697617091246,-0.8627773212818435,-0.8897676717745884,1.1193545230533837,-5.978898007033995,18,True,False,True,False,False,False,False,D,False,,,,,NONE,安値切り上げ / 出来高1.1倍 / 25日線付近,
2026-09-04,7.1-EARLY-RESEARCH-R2,6758,ソニーグループ,3885.0,-1.0947046843177155,7.14285714285714,-2.880418970032,2.415800240420096,0.8240783689340831,-18.655778894472363,197,True,False,True,True,False,False,False,D,False,,,,,NONE,長期調整後 / 安値切り上げ / 25日線付近,
2026-09-04,7.1-EARLY-RESEARCH-R2,8252,丸井グループ,2921.5,-0.982884256905614,0.7761296998965106,-1.1769166818797416,-0.7278485313905958,1.2646340765110384,-13.231363231363236,238,False,False,True,False,True,False,False,D,False,,,,,NONE,高値持ち合い後 / 出来高1.3倍 / 25日線付近,
2026-09-04,7.1-EARLY-RESEARCH-R2,3405,クラレ,1838.5,-0.969566388365206,-2.492707504640679,-0.3463895122050364,-0.7803730247819773,0.6795106657650458,-11.949233716475094,19,True,True,True,False,False,False,False,D,False,,,,,NONE,安値切り上げ / 5日線上向き / 25日線付近,
2026-09-04,7.1-EARLY-RESEARCH-R2,4503,アステラス製薬,2355.5,-0.6327778949588692,2.9276818876993627,-1.3646983668837098,0.815771002037291,0.8974005522037019,-13.30511593669489,101,False,True,True,False,True,False,False,D,False,,,,,NONE,高値持ち合い後 / 5日線上向き / 25日線付近,
2026-09-04,7.1-EARLY-RESEARCH-R2,6301,小松製作所,7493.0,-0.5969753250198995,1.2157233553964586,-0.900906163869014,2.8817320049649098,0.9975675339765986,-4.426020408163267,137,True,False,True,False,True,False,False,D,False,,,,,NONE,高値持ち合い後 / 安値切り上げ / 25日線付近,
2026-09-04,7.1-EARLY-RESEARCH-R2,7735,ＳＣＲＥＥＮホールディングス,13030.0,-4.994531534815893,-4.821037253469685,-3.789272221448472,-2.6100215259507342,0.7170464601518264,-45.41265186426477,129,True,False,True,True,False,False,False,D,False,,,,,NONE,長期調整後 / 安値切り上げ / 25日線付近,
2026-09-04,7.1-EARLY-RESEARCH-R2,4188,三菱ケミカルグループ,1237.5,4.562737642585546,4.474461798227103,3.44412219302877,4.047554987556334,1.1368271568221238,-5.172413793103448,1,True,True,False,False,False,False,False,C,False,,,,,NONE,安値切り上げ / 5日線上向き / 出来高1.1倍 / 勢い改善,
2026-09-04,7.1-EARLY-RESEARCH-R2,6178,日本郵政,2512.5,3.288797533401855,4.906054279749483,2.062283963464484,4.656975048944068,1.3499898424503194,-3.47675758739916,0,True,True,False,False,False,False,False,C,False,,,,,NONE,安値切り上げ / 5日線上向き / 出来高1.3倍 / 勢い改善,
2026-09-04,7.1-EARLY-RESEARCH-R2,8253,クレディセゾン,4674.0,-1.433994095318436,-0.3623960775953949,-1.3433950759195872,-0.0359306026075367,1.2463864062672405,-5.384615384615388,136,False,False,True,False,True,False,False,D,False,,,,,NONE,高値持ち合い後 / 出来高1.2倍 / 25日線付近,
2026-09-04,7.1-EARLY-RESEARCH-R2,8802,三菱地所,3693.0,-3.5014371570420644,-3.828125000000005,-2.544405907042063,-1.131909789895269,0.889874951567486,-31.699648603661924,129,True,False,True,True,False,False,False,D,False,,,,,NONE,長期調整後 / 安値切り上げ / 25日線付近,
2026-09-04,7.1-EARLY-RESEARCH-R2,1928,積水ハウス,3379.0,-1.4294049008167995,-1.0541727672035095,-1.1658617090159225,-1.2992627385000066,1.3102701123540796,-11.821503131524016,129,False,False,True,False,True,False,False,D,False,,,,,NONE,高値持ち合い後 / 出来高1.3倍 / 25日線付近,
2026-09-04,7.1-EARLY-RESEARCH-R2,4502,武田薬品工業,5753.0,-0.8103448275862069,6.046082949308751,-2.3218655649133946,1.6416729092168405,1.3996030987925314,-4.641140394496935,105,False,True,True,False,True,False,False,C,False,,,,,NONE,高値持ち合い後 / 5日線上向き / 出来高1.4倍 / 25日線付近,
2026-09-04,7.1-EARLY-RESEARCH-R2,8015,豊田通商,7588.0,-0.1316135825217168,1.71581769436997,-0.5605680061142093,3.614207763691879,0.9699100502056472,-2.392590686905072,3,True,True,True,False,False,False,False,E,False,,,,,NONE,安値切り上げ / 5日線上向き,
2026-09-04,7.1-EARLY-RESEARCH-R2,6981,村田製作所,7191.0,-2.7849128024874936,-3.099312761083417,-2.010084612216639,-2.6132319243332813,0.8602276927336581,-44.23419930205505,52,False,False,True,False,False,False,False,E,False,,,,,NONE,25日線付近,
2026-09-04,7.1-EARLY-RESEARCH-R2,8308,りそなホールディングス,2550.0,1.49253731343284,8.881298035866791,-0.7277871955338577,6.218134559632116,0.9988306561416512,-1.9607843137254943,1,True,True,True,False,False,False,False,D,False,,,,,NONE,安値切り上げ / 5日線上向き,
2026-09-04,7.1-EARLY-RESEARCH-R2,9432,ＮＴＴ,172.6,2.372479240806636,11.71521035598706,-0.55632334819013,5.73907077043716,0.7466507167018095,-1.93181818181819,1,True,True,True,False,False,False,False,D,False,,,,,NONE,安値切り上げ / 5日線上向き,
2026-09-04,7.1-EARLY-RESEARCH-R2,9503,関西電力,2947.0,12.803827751196174,24.267341345140213,6.73699241491112,15.342465753424662,1.0071732465560768,-3.471994759253194,1,True,True,False,False,False,False,False,D,False,,,,,NONE,安値切り上げ / 5日線上向き / 勢い改善,
2026-09-04,7.1-EARLY-RESEARCH-R2,285A,キオクシアホールディングス,54460.0,13.695198329853865,11.735740664751738,10.761263163665928,5.635988392843294,0.8107948749071402,-51.67701863354037,52,False,True,True,False,False,False,False,D,False,,,,,NONE,5日線上向き / 勢い改善,
2026-09-04,7.1-EARLY-RESEARCH-R2,3103,ユニチカ,1425.0,-15.480427046263346,13.275039745627982,-18.799186982670346,5.371350823745158,0.3246652834257823,-67.46575342465752,92,True,False,True,True,False,False,False,E,False,,,,,NONE,長期調整後 / 安値切り上げ,
2026-09-04,7.1-EARLY-RESEARCH-R2,5711,三菱マテリアル,5231.0,-13.651370089138323,17.365941216064606,-17.99285539315448,0.0114713979810332,0.9927505148868466,-14.79068252158332,5,False,False,True,False,False,False,False,E,False,,,,,NONE,25日線付近,
2026-09-04,7.1-EARLY-RESEARCH-R2,5713,住友金属鉱山,10075.0,-12.581344902386116,10.860475352112676,-15.296463740414286,0.4314314992842849,0.6482492978203456,-24.248120300751875,127,False,False,True,True,False,False,False,E,False,,,,,NONE,長期調整後 / 25日線付近,
2026-09-04,7.1-EARLY-RESEARCH-R2,5706,三井金属,25635.0,-11.603448275862071,-19.815451986237097,-6.649585279302797,-12.722407206912756,0.7887858449944724,-55.57192374350086,70,False,False,True,True,False,False,False,E,False,,,,,NONE,長期調整後,
2026-09-04,7.1-EARLY-RESEARCH-R2,5714,ＤＯＷＡホールディングス,9254.0,-10.976430976430972,3.895812282474465,-11.950384047049589,-2.6280124918979464,0.7419349861918941,-25.250403877221327,78,False,False,True,True,False,False,False,E,False,,,,,NONE,長期調整後 / 25日線付近,
2026-09-04,7.1-EARLY-RESEARCH-R2,4151,協和キリン,2403.5,-9.761591890369814,-4.395385839299926,-8.662745430544833,-5.845529474442934,1.4550399228337174,-17.462225274725274,128,False,False,False,True,False,False,False,E,False,,,,,NONE,長期調整後 / 出来高1.5倍,
2026-09-04,7.1-EARLY-RESEARCH-R2,6645,オムロン,6217.0,-6.27167194331374,-8.828273940460473,-4.064603458198621,-3.2993628988104096,0.7017919015272761,-14.189095928226358,13,False,False,True,False,False,False,False,E,False,,,,,NONE,,
2026-09-04,7.1-EARLY-RESEARCH-R2,3099,三越伊勢丹ホールディングス,3203.0,-9.391796322489387,-11.42146017699115,-6.5364312782416,-8.958091729767826,1.0661777029880866,-23.5925572519084,46,False,False,False,False,False,False,False,E,False,,,,,NONE,,
2026-09-04,7.1-EARLY-RESEARCH-R2,6098,リクルートホールディングス,16235.0,-8.792134831460674,26.39159205916699,-15.39003284625242,3.5091746043890204,1.3650250737069003,-10.870161954433154,4,True,False,True,False,False,False,False,E,False,,,,,NONE,安値切り上げ / 出来高1.4倍,
2026-09-04,7.1-EARLY-RESEARCH-R2,4911,資生堂,3445.0,-8.523632501327672,1.5924506045414288,-8.921745152463028,-2.234002701690252,0.924895468731898,-9.840355927767597,6,False,False,True,False,False,False,False,E,False,,,,,NONE,25日線付近,
2026-09-04,7.1-EARLY-RESEARCH-R2,6841,横河電機,4724.0,-7.734375000000004,-11.452671040299911,-4.871207239925027,-10.45839841084507,1.438871270467931,-25.217666613899,128,False,False,True,True,False,False,False,E,False,,,,,NONE,長期調整後 / 出来高1.4倍,
2026-09-04,7.1-EARLY-RESEARCH-R2,8233,高島屋,2227.0,-7.2276609039783395,-3.21599304650152,-6.42366264235296,-3.799633686975157,0.9749185040908322,-14.625263561433776,48,False,False,False,False,True,False,False,E,False,,,,,NONE,高値持ち合い後,
2026-09-04,7.1-EARLY-RESEARCH-R2,7012,川崎重工業,2433.5,-7.224552039649257,-15.164720237057692,-3.433371980384834,-9.360101311084634,0.675548402632984,-87.07647371216144,126,False,False,True,True,False,False,False,E,False,,,,,NONE,長期調整後,
2026-09-04,7.1-EARLY-RESEARCH-R2,6503,三菱電機,5248.0,-7.082152974504252,-10.596252129471894,-4.433089942136279,-7.966637906241003,1.4279170187149322,-21.50762787915046,70,False,False,True,True,False,False,False,E,False,,,,,NONE,長期調整後 / 出来高1.4倍,
2026-09-04,7.1-EARLY-RESEARCH-R2,5332,ＴＯＴＯ,5907.0,-6.903073286052008,-9.51286764705882,-4.524856374287303,-7.629228382706166,0.8957146181361646,-37.821052631578944,51,False,False,True,False,False,False,False,E,False,,,,,NONE,,
2026-09-04,7.1-EARLY-RESEARCH-R2,7011,三菱重工業,3754.0,-6.732919254658388,-6.103051525762881,-5.207156373217668,-6.108687822641956,0.9622346559165728,-27.91858678955453,127,False,False,True,True,False,False,False,E,False,,,,,NONE,長期調整後,
2026-09-04,7.1-EARLY-RESEARCH-R2,6861,キーエンス,77720.0,-6.316297010607519,-9.131298959429436,-4.03347227075016,-6.12211372607756,1.2421801835549728,-11.601455868971788,20,False,False,True,False,True,False,False,E,False,,,,,NONE,高値持ち合い後 / 出来高1.2倍,
2026-09-04,7.1-EARLY-RESEARCH-R2,5411,ＪＦＥホールディングス,1835.0,-1.2910166756320618,-1.264460586494487,-0.97490152900844,-0.0784125808629743,0.95181774596385,-22.212802034760493,138,True,True,True,True,False,False,False,C,False,,,,,NONE,長期調整後 / 安値切り上げ / 5日線上向き / 25日線付近,
2026-09-04,7.1-EARLY-RESEARCH-R2,6762,ＴＤＫ,2907.5,-6.57133676092545,-3.501493528045141,-5.695963378914165,-4.909079016221874,1.00616959707215,-32.61877172653534,67,False,False,True,True,False,False,False,E,False,,,,,NONE,長期調整後,
2026-09-04,7.1-EARLY-RESEARCH-R2,7951,ヤマハ,1325.0,-0.5255255255255276,-1.3035381750465591,-0.1996409817638877,0.201158552263414,1.004065022228466,-7.472067039106145,17,True,False,True,False,False,False,False,E,False,,,,,NONE,安値切り上げ / 25日線付近,
2026-09-04,7.1-EARLY-RESEARCH-R2,9101,日本郵船,7158.0,0.6043569922698611,20.6879109762266,-4.567620751786788,7.904559186208471,1.0276895664793873,-3.790322580645167,0,True,True,True,False,False,False,False,D,False,,,,,NONE,安値切り上げ / 5日線上向き,
2026-09-04,7.1-EARLY-RESEARCH-R2,7186,横浜フィナンシャルグループ,1956.5,1.2157268494568108,7.440966501922031,-0.6445147760236969,3.445176435754549,1.041291058990174,-1.954397394136809,28,True,True,True,False,False,False,False,D,False,,,,,NONE,安値切り上げ / 5日線上向き,
2026-09-04,7.1-EARLY-RESEARCH-R2,7269,スズキ,2067.0,-4.746543778801849,4.525916561314802,-5.878022919130549,-0.2104897265564731,0.9656970526720904,-16.41730691467853,188,False,False,True,True,False,False,False,E,False,,,,,NONE,長期調整後 / 25日線付近,
2026-09-04,7.1-EARLY-RESEARCH-R2,4452,花王,3495.0,-3.851444291609352,-2.835696413678068,-3.1425201881898346,-0.8791832104367514,0.6757702137200283,-50.12130726416441,241,False,False,True,True,False,False,False,E,False,,,,,NONE,長期調整後 / 25日線付近,
2026-09-04,7.1-EARLY-RESEARCH-R2,6361,荏原製作所,4436.0,-5.375426621160406,-24.19685577580314,0.6737873227903792,-14.746738620726765,0.8642333819175143,-35.61683599419448,53,False,False,True,False,False,False,False,E,False,,,,,NONE,勢い改善,
2026-09-04,7.1-EARLY-RESEARCH-R2,5803,フジクラ,5053.0,-5.374531835205998,9.94342906875545,-7.86038910239486,-3.588573347477997,0.5531825613358102,-83.04931231130493,126,False,False,True,True,False,False,False,E,False,,,,,NONE,長期調整後,
2026-09-04,7.1-EARLY-RESEARCH-R2,8035,東京エレクトロン,53320.0,-5.175173394984888,-3.632748960780774,-4.266986154789695,-4.651545388868616,0.9253682464421236,-34.38346049716958,45,False,False,True,False,False,False,False,E,False,,,,,NONE,,
2026-09-04,7.1-EARLY-RESEARCH-R2,7013,ＩＨＩ,2624.5,-5.115690527838035,-0.5306045101383328,-4.983039400303452,-5.169859588521375,1.0040842564843666,-85.47190700249101,230,False,False,True,True,False,False,False,E,False,,,,,NONE,長期調整後,
2026-09-04,7.1-EARLY-RESEARCH-R2,6504,富士電機,13110.0,-5.103148751357223,-8.513607815771106,-2.974746797414446,-7.000170251404569,1.2688817444985423,-26.34831460674157,71,False,False,True,True,False,False,False,E,False,,,,,NONE,長期調整後 / 出来高1.3倍,
2026-09-04,7.1-EARLY-RESEARCH-R2,3436,ＳＵＭＣＯ,3229.0,-5.969714618520672,-8.8882618510158,-3.7476491557667218,-7.973187108836177,0.7912290653102917,-45.63057753830611,37,False,False,True,False,False,False,False,E,False,,,,,NONE,,
2026-09-04,7.1-EARLY-RESEARCH-R2,6506,安川電機,4570.0,-5.009353564747454,-13.035204567078972,-1.750552422977711,-9.12778581995769,0.7626551017300236,-42.26152874289324,52,False,False,True,False,False,False,False,E,False,,,,,NONE,,
2026-09-04,7.1-EARLY-RESEARCH-R2,4755,楽天グループ,754.4,-4.747474747474756,-12.279069767441865,-1.6777073056142902,-4.398383998134614,1.0047987551190605,-29.39635002339729,199,False,False,True,True,False,False,False,E,False,,,,,NONE,長期調整後,
2026-09-04,7.1-EARLY-RESEARCH-R2,2802,味の素,5174.0,-4.732093537101823,-0.4234026173979943,-4.626242882752324,-2.906426866433476,1.115072694612122,-18.391167192429027,42,False,False,True,False,False,False,False,E,False,,,,,NONE,出来高1.1倍 / 25日線付近,
2026-09-04,7.1-EARLY-RESEARCH-R2,6920,レーザーテック,33180.0,-4.214780600461898,-23.424878836833606,1.6414391087465037,-10.74694957928941,1.149186124249672,-43.35950836462956,53,False,False,True,False,False,False,False,E,False,,,,,NONE,出来高1.1倍 / 勢い改善,
2026-09-04,7.1-EARLY-RESEARCH-R2,3086,Ｊ．フロント　リテイリング,2767.5,-9.172957006892023,-5.947323704333051,-7.68612608080876,-6.033546108922982,1.4870918877107036,-23.486314625380142,46,False,False,False,False,False,False,False,E,False,,,,,NONE,出来高1.5倍,
2026-09-04,7.1-EARLY-RESEARCH-R2,8830,住友不動産,3238.0,-4.652532391048291,-8.6858432036097,-2.4810715901458664,-4.671620523570075,0.892251404503742,-60.512195121951216,172,False,False,True,True,False,False,False,E,False,,,,,NONE,長期調整後,
2026-09-04,7.1-EARLY-RESEARCH-R2,5232,住友大阪セメント,5376.0,-4.460636218233516,-10.786591437105876,-1.763988358957047,-4.95788870738485,0.9463421969374202,-17.508055853920514,54,False,False,True,False,False,False,False,E,False,,,,,NONE,,
2026-09-04,7.1-EARLY-RESEARCH-R2,4543,テルモ,2432.0,-4.214257581725089,5.190311418685112,-5.511835436396368,-2.7293379835535703,0.7072216424929867,-10.948370560234345,251,False,False,True,False,True,False,False,E,False,,,,,NONE,高値持ち合い後 / 25日線付近,
2026-09-04,7.1-EARLY-RESEARCH-R2,4689,ＬＩＮＥヤフー,531.1,-4.133574007220209,13.00000000000001,-7.383574007220211,4.216541211745417,1.057976407259631,-6.414096916299561,3,False,False,True,False,False,False,False,E,False,,,,,NONE,,
2026-09-04,7.1-EARLY-RESEARCH-R2,7532,パン・パシフィック・インターナショナルホールディングス,776.2,-4.113650401482394,-13.370535714285714,-0.7710164729109654,-8.987725889134335,1.268578182718458,-85.99675266101389,241,False,False,True,True,False,False,False,E,False,,,,,NONE,長期調整後 / 出来高1.3倍,
2026-09-04,7.1-EARLY-RESEARCH-R2,7733,オリンパス,2061.0,-4.0949278734295,10.096153846153854,-6.618966334967963,0.5012873527346695,0.8361438644537533,-6.763175752092288,11,False,False,True,False,False,False,False,E,False,,,,,NONE,25日線付近,
2026-09-04,7.1-EARLY-RESEARCH-R2,4004,レゾナック・ホールディングス,15530.0,-3.987635239567233,2.4744308808973825,-4.606242959791579,-2.5171050153788177,0.6633999900221033,-24.22542083434984,79,False,False,True,True,False,False,False,E,False,,,,,NONE,長期調整後 / 25日線付近,
2026-09-04,7.1-EARLY-RESEARCH-R2,2501,サッポロビール,1857.5,-3.856107660455488,-3.5565939771547206,-2.9669591661668075,-3.950566213351258,0.8252358926919519,-77.558294067899,187,False,False,True,True,False,False,False,E,False,,,,,NONE,長期調整後,
2026-09-04,7.1-EARLY-RESEARCH-R2,6857,アドバンテスト,33090.0,-6.180890275021267,0.4858791375645266,-6.302360059412399,-3.2252404014880387,0.9274774945471916,-14.562354763749031,15,False,False,True,False,False,False,False,E,False,,,,,NONE,,
2026-09-04,7.1-EARLY-RESEARCH-R2,4568,第一三共,2794.0,-4.674172637325147,5.037593984962396,-5.933571133565746,0.9852750890940288,0.9680635558139126,-33.125897558640496,220,False,False,True,True,False,False,False,E,False,,,,,NONE,長期調整後 / 25日線付近,
2026-09-04,7.1-EARLY-RESEARCH-R2,6752,パナソニック　ホールディングス,4163.0,-5.686452197553238,-5.665080444142312,-4.27018208651766,-5.510059558396286,0.7754079761747992,-16.439181051786434,15,False,False,True,False,False,False,False,E,False,,,,,NONE,,
2026-09-04,7.1-EARLY-RESEARCH-R2,7762,シチズン時計,2613.0,-4.635036496350365,6.305939788445891,-6.211521443461837,0.8241885447052955,1.014633525723052,-10.513698630136991,14,True,False,True,False,False,False,False,E,False,,,,,NONE,安値切り上げ / 25日線付近,
2026-09-04,7.1-EARLY-RESEARCH-R2,2503,キリンホールディングス,2912.0,-4.618408123157547,-0.5124701059104897,-4.490290596679925,-3.003817226148997,0.9304879732902251,-7.877254033533687,26,False,False,True,False,True,False,False,E,False,,,,,NONE,高値持ち合い後,
2026-09-04,7.1-EARLY-RESEARCH-R2,3101,東洋紡,1636.0,-0.3046922608165747,0.3065603923972926,-0.3813323589158979,0.1886191607672005,0.7764971430094818,-15.88688946015424,67,False,False,True,True,False,False,False,E,False,,,,,NONE,長期調整後 / 25日線付近,
2026-09-04,7.1-EARLY-RESEARCH-R2,7267,本田技研工業,1696.5,-0.3524229074889917,3.729746254967892,-1.284859471230965,1.0483054380844514,0.970862819839316,-3.744680851063831,10,True,True,True,False,False,False,False,D,False,,,,,NONE,安値切り上げ / 5日線上向き / 25日線付近,
2026-09-04,7.1-EARLY-RESEARCH-R2,4631,ＤＩＣ,4856.0,-1.9584090450232128,3.1216818857506823,-2.738829516460884,-4.039206386846884,1.171358121139621,-17.35874744724302,16,False,False,True,False,False,False,False,E,False,,,,,NONE,出来高1.2倍,
2026-09-04,7.1-EARLY-RESEARCH-R2,2413,エムスリー,1789.5,-3.5309973045822063,-2.797392721347092,-2.831649124245433,3.1198137562234995,0.5176920742391393,-34.83248361252731,195,True,False,True,True,False,False,False,E,False,,,,,NONE,長期調整後 / 安値切り上げ,
2026-09-04,7.1-EARLY-RESEARCH-R2,9766,コナミグループ,21500.0,-3.5008976660682256,6.041923551171391,-5.011378553861073,-0.0232504068821248,0.8640924565490056,-19.309438919121792,205,False,False,True,True,False,False,False,E,False,,,,,NONE,長期調整後 / 25日線付近,
2026-09-04,7.1-EARLY-RESEARCH-R2,3402,東レ,1244.5,-3.414823438106329,-4.232397075798389,-2.356724169156732,-2.952369069528049,0.908635906278464,-10.78853046594982,18,False,False,True,False,False,False,False,E,False,,,,,NONE,25日線付近,
2026-09-04,7.1-EARLY-RESEARCH-R2,4519,中外製薬,6795.0,-3.3840466372813904,0.4583086930810109,-3.498623810551643,-1.82905686546464,0.8626769262558339,-36.49532710280374,130,False,False,True,True,False,False,False,E,False,,,,,NONE,長期調整後 / 25日線付近,
2026-09-04,7.1-EARLY-RESEARCH-R2,6723,ルネサスエレクトロニクス,3302.0,-3.365525314603457,-10.10073509392867,-0.8403415411212896,-7.410523009971182,0.9172679025687612,-37.50946252838758,51,False,False,True,False,False,False,False,E,False,,,,,NONE,,
2026-09-04,7.1-EARLY-RESEARCH-R2,6971,京セラ,3503.0,-3.365517241379312,-8.537859007832893,-1.231052489421089,-5.1058112193483325,1.0075498323795375,-12.839014680268724,42,False,False,True,False,True,False,False,E,False,,,,,NONE,高値持ち合い後,
2026-09-04,7.1-EARLY-RESEARCH-R2,4751,サイバーエージェント,1292.5,-3.219767877199553,-12.074829931972786,-0.2010603942063564,-3.448224343746742,0.4131335572002954,-29.67899891186072,237,False,False,True,True,False,False,False,E,False,,,,,NONE,長期調整後,
2026-09-04,7.1-EARLY-RESEARCH-R2,7731,ニコン,1880.0,-3.192584963954681,-5.811623246492981,-1.739679152331436,-4.240905432800545,1.2107988875035964,-21.338912133891206,78,False,False,True,True,False,False,False,E,False,,,,,NONE,長期調整後 / 出来高1.2倍,
2026-09-04,7.1-EARLY-RESEARCH-R2,9983,ファーストリテイリング,69100.0,-3.0311535223126573,-12.40968437064267,0.0712675703480103,-7.662786098371866,1.2300246260780572,-22.08817228548878,40,False,False,True,False,False,False,False,E,False,,,,,NONE,出来高1.2倍 / 勢い改善,
2026-09-04,7.1-EARLY-RESEARCH-R2,8309,三井住友トラストグループ,1801.0,0.6426376082704577,7.266229898749255,-1.173919866416856,4.590118237357421,1.0938762392368846,-74.25303788420301,27,True,True,True,False,False,False,False,D,False,,,,,NONE,安値切り上げ / 5日線上向き,
2026-09-04,7.1-EARLY-RESEARCH-R2,4061,デンカ,3245.0,-2.7860994607549427,-13.673849428039375,0.632362896254901,-6.057482977442207,0.6678540662615539,-30.83972719522592,53,False,False,True,False,False,False,False,E,False,,,,,NONE,勢い改善,
2026-09-04,7.1-EARLY-RESEARCH-R2,4043,トクヤマ,3898.0,-2.7687702668994785,-4.013789706968729,-1.7653228401572962,-3.2792742719891965,0.8181492225952606,-32.42024965325936,64,False,False,True,True,False,False,False,E,False,,,,,NONE,長期調整後,
2026-09-04,7.1-EARLY-RESEARCH-R2,6113,アマダ,2508.5,-2.695888285492632,-14.662357543799963,0.9697011004573596,-6.1695792686576105,0.9989818829710836,-22.19292803970223,78,False,False,True,True,False,False,False,E,False,,,,,NONE,長期調整後 / 勢い改善,
2026-09-04,7.1-EARLY-RESEARCH-R2,7004,カナデビア,1155.0,-2.613827993254636,-6.25,-1.051327993254636,-3.964479329497461,0.6573083664437602,-23.76237623762376,80,False,False,True,True,False,False,False,E,False,,,,,NONE,長期調整後,
2026-09-04,7.1-EARLY-RESEARCH-R2,1605,ＩＮＰＥＸ,3780.0,-2.476780185758509,9.248554913294791,-4.788918914082208,0.2280320305456884,1.0468899693607312,-23.71342078708375,108,False,False,True,True,False,False,False,E,False,,,,,NONE,長期調整後 / 25日線付近,
2026-09-04,7.1-EARLY-RESEARCH-R2,5201,ＡＧＣ,5591.0,-2.4087973468319035,-3.370203940546146,-1.566246361695367,-3.692449736105941,1.197444867870307,-32.76007215874925,65,False,False,True,True,False,False,False,E,False,,,,,NONE,長期調整後 / 出来高1.2倍,
2026-09-04,7.1-EARLY-RESEARCH-R2,5802,住友電気工業,2133.0,-2.155963302752295,-1.181375955524666,-1.8606193138711284,-3.983794733288315,0.5389697512141687,-85.63636363636363,65,False,False,True,True,False,False,False,E,False,,,,,NONE,長期調整後,
2026-09-04,7.1-EARLY-RESEARCH-R2,7832,バンダイナムコホールディングス,5565.0,-2.1452435378934376,13.920163766632545,-5.625284479551573,4.425462924738621,0.7730835071952068,-4.871794871794877,3,True,False,True,False,False,False,False,E,False,,,,,NONE,安値切り上げ,
2026-09-04,7.1-EARLY-RESEARCH-R2,9147,ＮＩＰＰＯＮ　ＥＸＰＲＥＳＳホールディングス,5612.0,-2.144725370531819,10.472440944881887,-4.762835606752292,1.3918799774524038,0.7617363929951887,-4.330037504261853,3,False,False,True,False,False,False,False,E,False,,,,,NONE,25日線付近,
2026-09-04,7.1-EARLY-RESEARCH-R2,5101,横浜ゴム,7095.0,-2.821531297082591,-7.49674054758801,-0.9473461601855888,-5.218525069332758,0.927811048386789,-14.425280424556751,17,False,False,True,False,False,False,False,E,False,,,,,NONE,,
2026-09-04,7.1-EARLY-RESEARCH-R2,5108,ブリヂストン,3961.0,-3.6955993192317016,-0.7019303083479533,-3.520116742144713,-3.062073556332168,0.9492868545433678,-46.832214765100666,184,False,False,True,True,False,False,False,E,False,,,,,NONE,長期調整後,
2026-09-04,7.1-EARLY-RESEARCH-R2,4208,ＵＢＥ,3442.0,-3.585434173669466,4.939024390243896,-4.82019027123044,-1.2814482544999728,1.187515752331345,-7.29868031241584,16,False,False,True,False,False,False,False,E,False,,,,,NONE,出来高1.2倍 / 25日線付近,
2026-09-04,7.1-EARLY-RESEARCH-R2,7741,ＨＯＹＡ,24140.0,-1.085843064945713,-5.240431795878308,0.2242648840238641,-4.632475526022606,1.0460084424031646,-20.59210526315789,96,False,False,True,True,False,False,False,E,False,,,,,NONE,長期調整後 / 勢い改善,
2026-09-04,7.1-EARLY-RESEARCH-R2,4063,信越化学工業,5786.0,-3.582736210631565,-6.178044430030805,-2.038225103123864,-4.820497973364213,1.1635982418071158,-27.03656998738965,67,False,False,True,True,False,False,False,E,False,,,,,NONE,長期調整後 / 出来高1.2倍,
2026-09-04,7.1-EARLY-RESEARCH-R2,6103,オークマ,4630.0,-3.6420395421436047,-16.123188405797105,0.3887575593056716,-8.552241753900846,0.8331814259846634,-18.91418563922942,18,False,False,True,False,False,False,False,E,False,,,,,NONE,勢い改善,
2026-09-04,7.1-EARLY-RESEARCH-R2,4021,日産化学,7902.0,-2.804428044280438,4.482348274494252,-3.925015112904001,-0.3420303892487375,0.7189572657464259,-9.245434707706446,43,False,False,True,False,True,False,False,E,False,,,,,NONE,高値持ち合い後 / 25日線付近,
2026-09-04,7.1-EARLY-RESEARCH-R2,8804,東京建物,3376.0,-2.031340684852001,2.055622732769047,-2.5452463680442627,-0.0236910684671909,0.8712463953026643,-22.81664380429812,128,False,False,True,True,False,False,False,E,False,,,,,NONE,長期調整後 / 25日線付近,
2026-09-04,7.1-EARLY-RESEARCH-R2,1332,ニッスイ,1229.5,-3.7949921752738702,-2.652414885193988,-3.1318884539753733,-3.459593580200382,1.9496642806183928,-21.687898089171973,127,False,False,True,True,False,False,False,E,False,,,,,NONE,長期調整後 / 出来高1.9倍,
2026-09-04,7.1-EARLY-RESEARCH-R2,6367,ダイキン工業,20500.0,-1.890404402967216,-7.239819004524883,-0.0804496518359954,-4.520600262684782,1.5554265316216158,-22.46596066565809,41,False,False,True,False,False,False,False,E,False,,,,,NONE,出来高1.6倍,
2026-09-04,7.1-EARLY-RESEARCH-R2,2502,アサヒグループホールディングス,1639.0,-1.885662975157143,-1.7974835230677,-1.436292094390218,-1.828070343571808,0.7915691742179871,-16.547861507128314,244,False,False,True,True,False,False,False,E,False,,,,,NONE,長期調整後 / 25日線付近,
2026-09-04,7.1-EARLY-RESEARCH-R2,7201,日産自動車,315.0,-1.869158878504673,-5.998209489704576,-0.3696065060785292,-4.135269699441258,1.085154115357888,-32.40343347639485,135,True,False,True,True,False,False,False,E,False,,,,,NONE,長期調整後 / 安値切り上げ,
2026-09-04,7.1-EARLY-RESEARCH-R2,9104,商船三井,6969.0,-1.7897406989853426,15.457256461232593,-5.654054814293491,4.474613673296823,1.3265904745350252,-7.191370355573312,8,False,True,True,False,False,False,False,E,False,,,,,NONE,5日線上向き / 出来高1.3倍,
2026-09-04,7.1-EARLY-RESEARCH-R2,7974,任天堂,8839.0,-1.7124430112309574,15.678576102604367,-5.63208703688205,4.071492488108119,0.5609361272857931,-39.58304853041695,202,True,False,True,True,False,False,False,E,False,,,,,NONE,長期調整後 / 安値切り上げ,
2026-09-04,7.1-EARLY-RESEARCH-R2,9020,東日本旅客鉄道,3520.0,-1.62101732811627,2.683780630105015,-2.291962485642524,0.2929008581881165,1.0726058806721166,-16.40940394205652,159,False,False,True,True,False,False,False,E,False,,,,,NONE,長期調整後 / 25日線付近,
2026-09-04,7.1-EARLY-RESEARCH-R2,7751,キヤノン,4615.0,-1.5151515151515138,1.9438922023415013,-2.001124565736889,0.6832937726891863,0.9813452253024412,-8.30518577389231,140,False,False,True,False,True,False,False,E,False,,,,,NONE,高値持ち合い後 / 25日線付近,
2026-09-04,7.1-EARLY-RESEARCH-R2,2269,明治ホールディングス,4408.0,-1.4090807425631846,9.870388833499511,-3.8766779509380624,4.154852368530504,1.026061031521108,-4.340277777777779,1,True,True,True,False,False,False,False,E,False,,,,,NONE,安値切り上げ / 5日線上向き,
2026-09-04,7.1-EARLY-RESEARCH-R2,3289,東急不動産ホールディングス,1312.0,-1.3904547162720826,1.6660209221232014,-1.806959946802883,-0.73540538086736,0.9548065733773942,-17.897371714643306,138,False,False,True,True,False,False,False,E,False,,,,,NONE,長期調整後 / 25日線付近,
2026-09-04,7.1-EARLY-RESEARCH-R2,8801,三井不動産,1510.0,-1.9480519480519431,1.4784946236559238,-2.317675603965924,0.939877267804845,1.0500557447223984,-30.02780352177943,138,False,False,True,True,False,False,False,E,False,,,,,NONE,長期調整後 / 25日線付近,
2026-09-04,7.1-EARLY-RESEARCH-R2,9001,東武鉄道,2941.0,-1.1428571428571457,0.2215028113818462,-1.198232845702607,-1.266978655404627,1.0094768521483,-9.116192830655134,26,False,False,True,False,True,False,False,E,False,,,,,NONE,高値持ち合い後 / 25日線付近,
2026-09-04,7.1-EARLY-RESEARCH-R2,9107,川崎汽船,3328.0,-1.596688350088704,19.411553641908853,-6.449576760565917,6.342186661213223,0.975628855264516,-7.323865218602066,8,True,True,True,False,False,False,False,E,False,,,,,NONE,安値切り上げ / 5日線上向き,
2026-09-04,7.1-EARLY-RESEARCH-R2,2871,ニチレイ,2108.5,-1.9074203303093729,-4.441423068207573,-0.7970645632574795,-2.5718985657252613,1.0375966430470804,-10.996200928661882,26,False,False,True,False,True,False,False,E,False,,,,,NONE,高値持ち合い後 / 25日線付近,
2026-09-04,7.1-EARLY-RESEARCH-R2,7912,大日本印刷,3056.0,-1.1962495958616204,1.9176254794063707,-1.675655965713213,-2.1422395850011267,0.849715581507015,-9.155766944114152,15,False,False,True,False,False,False,False,E,False,,,,,NONE,25日線付近,
2026-09-04,7.1-EARLY-RESEARCH-R2,9064,ヤマトホールディングス,1965.0,0.7950756604257592,3.830911492734468,-0.1626522127578578,0.9711731154616876,0.9806338761401024,-23.48130841121495,243,False,False,True,True,False,False,False,D,False,,,,,NONE,長期調整後 / 25日線付近,
2026-09-04,7.1-EARLY-RESEARCH-R2,9005,東急,1629.0,-1.0628606134224117,-2.717229023589129,-0.3835533575251293,-1.9324543976882769,0.8768874130693566,-18.9955246146196,127,False,False,True,True,False,False,False,E,False,,,,,NONE,長期調整後 / 25日線付近,
2026-09-04,7.1-EARLY-RESEARCH-R2,3659,ネクソン,3120.0,-0.8894536213468918,30.982367758186392,-8.63504556089349,9.12066927343822,0.7510419152634012,-29.63464140730717,151,True,False,True,True,False,False,False,E,False,,,,,NONE,長期調整後 / 安値切り上げ,
2026-09-04,7.1-EARLY-RESEARCH-R2,5333,ＮＧＫ,5244.0,-0.7757805108798532,-9.147609147609147,1.511121776022434,-5.730926871359754,1.289239188254232,-33.56979984798581,49,False,False,True,False,False,False,False,E,False,,,,,NONE,出来高1.3倍 / 勢い改善,
2026-09-04,7.1-EARLY-RESEARCH-R2,5233,太平洋セメント,4116.0,-2.046644455021418,-5.0080775444264924,-0.7946250689147949,-1.3479569727532392,0.8537931034482759,-17.14975845410628,139,False,False,True,True,False,False,False,E,False,,,,,NONE,長期調整後 / 25日線付近,
2026-09-04,7.1-EARLY-RESEARCH-R2,8628,松井証券,1205.0,-0.4954582989265099,13.786591123701598,-3.942106079851909,7.839627707177366,0.8736973372667293,-1.3911620294599023,3,True,True,False,False,False,False,False,E,False,,,,,NONE,安値切り上げ / 5日線上向き,
2026-09-04,7.1-EARLY-RESEARCH-R2,3092,ＺＯＺＯ,1142.5,-0.4790940766550511,-0.52242054854158,-0.3484889395196561,0.3055258028831886,1.0129701740023025,-22.093419706784868,234,False,False,True,True,False,False,False,E,False,,,,,NONE,長期調整後 / 25日線付近,
2026-09-04,7.1-EARLY-RESEARCH-R2,6724,セイコーエプソン,3237.0,0.5904288377874378,3.319502074688807,-0.2394466808847639,3.5296676304275465,0.9925503319582212,-2.851140456182477,3,True,True,True,False,False,False,False,D,False,,,,,NONE,安値切り上げ / 5日線上向き,
2026-09-04,7.1-EARLY-RESEARCH-R2,9022,東海旅客鉄道,3857.0,-1.9822109275730584,0.2599428125812375,-2.047196630718368,-0.9186284281589518,0.9463097877732024,-20.144927536231883,133,False,False,True,True,False,False,False,E,False,,,,,NONE,長期調整後 / 25日線付近,
2026-09-04,7.1-EARLY-RESEARCH-R2,6954,ファナック,5931.0,-1.9993390614672868,-7.760497667185073,-0.0592146446710184,-4.773678937498394,0.9789378918089356,-33.20945945945945,79,False,False,True,True,False,False,False,E,False,,,,,NONE,長期調整後,
2026-09-07,7.1-EARLY-RESEARCH-R2,1928,積水ハウス,3340.0,-3.076030179918743,-2.5386635541289726,-2.4413642913865,-2.269455400929321,0.9722944691029124,-12.839248434237993,130,False,False,True,False,True,False,False,E,False,,,,,NONE,高値持ち合い後 / 25日線付近,
2026-09-07,7.1-EARLY-RESEARCH-R2,1605,ＩＮＰＥＸ,3788.0,-4.27091230730351,8.25950271506144,-6.33578798606887,0.2689367469241643,0.9590746101568984,-23.551967709384456,109,False,False,True,True,False,False,False,E,False,,,,,NONE,長期調整後 / 25日線付近,
2026-09-07,7.1-EARLY-RESEARCH-R2,4578,大塚ホールディングス,11730.0,-4.244897959183669,-7.674144037780406,-2.326361949738568,-3.56156274664563,0.8595993822465021,-8.32356389214537,19,False,False,True,False,False,False,False,E,False,,,,,NONE,,
2026-09-07,7.1-EARLY-RESEARCH-R2,7733,オリンパス,2017.0,-4.203277131322725,5.823714585519402,-5.659205777702575,-2.020790828718544,0.7773570176804663,-8.753675638995706,12,False,False,True,False,False,False,False,E,False,,,,,NONE,25日線付近,
2026-09-07,7.1-EARLY-RESEARCH-R2,4568,第一三共,2735.5,-3.9501404494382,-0.599563953488369,-3.800249461066108,-1.3686874878310884,0.8089408877188752,-34.526089037817144,221,False,False,True,True,False,False,False,E,False,,,,,NONE,長期調整後 / 25日線付近,
2026-09-07,7.1-EARLY-RESEARCH-R2,3659,ネクソン,3051.0,-3.753943217665612,25.55555555555556,-10.1428321065545,5.892642699967388,0.6963575084059039,-31.19079837618404,152,False,False,True,True,False,False,False,E,False,,,,,NONE,長期調整後,
2026-09-07,7.1-EARLY-RESEARCH-R2,4755,楽天グループ,742.2,-4.355670103092779,-16.277495769881554,-0.2862961606223901,-5.506638215957171,0.5664605054228655,-30.53813757604118,200,False,False,True,True,False,False,False,E,False,,,,,NONE,長期調整後,
2026-09-07,7.1-EARLY-RESEARCH-R2,4704,トレンドマイクロ,5772.0,-3.7518759379689848,-14.2602495543672,-0.1868135493771849,-4.343963991435373,0.8717422061980175,-33.101529902642554,234,True,False,True,True,False,False,False,E,False,,,,,NONE,長期調整後 / 安値切り上げ,
2026-09-07,7.1-EARLY-RESEARCH-R2,7201,日産自動車,316.6,-3.622526636225254,-7.10093896713615,-1.8472918944412164,-3.4178960598406416,0.734636050933641,-32.06008583690987,136,True,False,True,True,False,False,False,E,False,,,,,NONE,長期調整後 / 安値切り上げ,
2026-09-07,7.1-EARLY-RESEARCH-R2,2282,日本ハム,6076.0,-3.6014596224020257,-0.5564648117839632,-3.462343419456035,-2.532612113162269,0.9307615752807924,-18.113207547169807,105,False,False,True,True,False,False,False,E,False,,,,,NONE,長期調整後 / 25日線付近,
2026-09-07,7.1-EARLY-RESEARCH-R2,6504,富士電機,13395.0,-3.285198555956681,-8.441558441558438,-1.1748089455670714,-4.737860211077294,0.7284018264840183,-24.74719101123596,72,False,False,True,True,False,False,False,E,False,,,,,NONE,長期調整後,
2026-09-07,7.1-EARLY-RESEARCH-R2,8830,住友不動産,3211.0,-3.4576067348165984,-8.309537407195888,-1.3802223830176263,-5.028098195800057,0.6773828038588902,-60.84146341463415,173,False,False,True,True,False,False,False,E,False,,,,,NONE,長期調整後,
2026-09-07,7.1-EARLY-RESEARCH-R2,4063,信越化学工業,5818.0,-3.4036194587414914,-4.87246566383257,-2.185503042783349,-4.305433109201684,1.0051827374769762,-26.633039092055487,68,False,False,True,True,False,False,False,E,False,,,,,NONE,長期調整後,
2026-09-07,7.1-EARLY-RESEARCH-R2,2802,味の素,5219.0,-3.387634209552015,0.442648190916084,-3.4982962572810363,-2.2483442716293545,1.173423999603885,-17.681388012618292,43,False,False,True,False,False,False,False,E,False,,,,,NONE,出来高1.2倍 / 25日線付近,
2026-09-07,7.1-EARLY-RESEARCH-R2,9001,東武鉄道,2911.0,-3.2568959787304785,-1.3387561430266093,-2.922206942973826,-2.030733608405644,0.7474241158451684,-10.043263288009886,27,False,False,True,False,True,False,False,E,False,,,,,NONE,高値持ち合い後 / 25日線付近,
2026-09-07,7.1-EARLY-RESEARCH-R2,7974,任天堂,8750.0,-3.2507739938080538,8.790252393385556,-5.448337092154443,2.5065487040829115,0.6804472389479915,-40.19138755980861,203,False,False,True,True,False,False,False,E,False,,,,,NONE,長期調整後 / 25日線付近,
2026-09-07,7.1-EARLY-RESEARCH-R2,4021,日産化学,7954.0,-3.224236525124713,6.12408272181455,-4.75525720557835,0.086068482325774,0.688877417305325,-8.648214080624783,44,False,False,True,False,True,False,False,E,False,,,,,NONE,高値持ち合い後 / 25日線付近,
2026-09-07,7.1-EARLY-RESEARCH-R2,4631,ＤＩＣ,4881.0,-3.135542766421906,4.33946130825138,-4.220408093484751,-3.8923499807036577,0.7752991722698255,-16.933287950987065,17,False,False,True,False,False,False,False,E,False,,,,,NONE,,
2026-09-07,7.1-EARLY-RESEARCH-R2,8804,東京建物,3338.0,-3.1059506531204595,-2.738927738927744,-2.4212187183885234,-1.0916073058278353,0.6803652021259685,-23.685413808870603,129,False,False,True,True,False,False,False,E,False,,,,,NONE,長期調整後 / 25日線付近,
2026-09-07,7.1-EARLY-RESEARCH-R2,6971,京セラ,3544.0,-3.0899644517363933,-6.540084388185652,-1.4549433546899804,-3.8419795962665537,0.6589679498270427,-11.818860413038069,43,False,False,True,False,True,False,False,E,False,,,,,NONE,高値持ち合い後,
2026-09-07,7.1-EARLY-RESEARCH-R2,4901,富士フイルムホールディングス,3239.0,-4.454277286135689,0.0927070457354739,-4.477454047569557,-3.536881730677599,0.5706031562163086,-17.11873080859775,21,True,False,True,False,False,False,False,E,False,,,,,NONE,安値切り上げ,
2026-09-07,7.1-EARLY-RESEARCH-R2,6503,三菱電機,5385.0,-3.5810205908684,-7.569515962924822,-1.6886416001371949,-5.213687249172705,1.0532470236546023,-19.458570146574928,71,False,False,True,True,False,False,False,E,False,,,,,NONE,長期調整後,
2026-09-07,7.1-EARLY-RESEARCH-R2,5101,横浜ゴム,7110.0,-4.293983039440031,-8.752566735112932,-2.1058413556617976,-4.733575586069394,0.6004925319650195,-14.244361355686886,18,False,False,True,False,False,False,False,E,False,,,,,NONE,,
2026-09-07,7.1-EARLY-RESEARCH-R2,8802,三菱地所,3664.0,-3.451910408432146,-4.409079050352204,-2.349640645844095,-1.6671497428960902,0.6160969596856444,-32.235990382837066,130,False,False,True,True,False,False,False,E,False,,,,,NONE,長期調整後 / 25日線付近,
2026-09-07,7.1-EARLY-RESEARCH-R2,7012,川崎重工業,2488.0,-3.603254552499036,-10.455281626777037,-0.9894341458047768,-6.948911661306012,1.0082544236135236,-86.7870419543282,127,False,False,True,True,False,False,False,E,False,,,,,NONE,長期調整後,
2026-09-07,7.1-EARLY-RESEARCH-R2,5711,三菱マテリアル,5261.0,-7.049469964664312,2.016676362226111,-7.55363905522084,-0.2298449494796184,0.5731175898404209,-14.30200358364554,6,False,False,True,False,False,False,False,E,False,,,,,NONE,25日線付近,
2026-09-07,7.1-EARLY-RESEARCH-R2,7269,スズキ,2055.0,-7.723394701392006,5.061349693251538,-8.98873212470489,-0.7303924410179019,0.7089347208596609,-16.90254751314193,189,False,False,True,True,False,False,False,E,False,,,,,NONE,長期調整後 / 25日線付近,
2026-09-07,7.1-EARLY-RESEARCH-R2,6723,ルネサスエレクトロニクス,3403.0,0.3242924528301882,-9.422411498536064,2.6798953274642043,-4.536681702910739,1.0325507336404358,-35.598031794095384,52,False,False,True,False,False,False,False,E,False,,,,,NONE,勢い改善,
2026-09-07,7.1-EARLY-RESEARCH-R2,8233,高島屋,2181.0,-6.934072967783234,-5.1532941943900905,-5.645749419185711,-5.63262056611773,1.393000301832717,-16.388729154686597,49,False,False,False,False,False,False,False,E,False,,,,,NONE,出来高1.4倍,
2026-09-07,7.1-EARLY-RESEARCH-R2,7832,バンダイナムコホールディングス,5344.0,-6.573426573426577,-1.000370507595405,-6.323333946527725,-0.2717147890478166,1.2609263227655316,-8.649572649572645,4,False,False,True,False,False,False,False,E,False,,,,,NONE,出来高1.3倍 / 25日線付近,
2026-09-07,7.1-EARLY-RESEARCH-R2,7762,シチズン時計,2642.0,-6.510969568294412,10.405348934391975,-9.112306801892403,1.1485451761102494,0.430364731659257,-9.520547945205482,15,False,False,True,False,False,False,False,E,False,,,,,NONE,25日線付近,
2026-09-07,7.1-EARLY-RESEARCH-R2,5714,ＤＯＷＡホールディングス,9349.0,-6.491298259651934,2.3202364014446752,-7.071357360013103,-2.0874876418050525,0.5902516945128006,-24.48303715670436,79,False,False,True,True,False,False,False,E,False,,,,,NONE,長期調整後 / 25日線付近,
2026-09-07,7.1-EARLY-RESEARCH-R2,5332,ＴＯＴＯ,6007.0,-6.213895394223268,-7.342279808730523,-4.378325442040637,-5.472433262625187,0.95421571348495,-36.76842105263158,52,False,False,True,False,False,False,False,E,False,,,,,NONE,,
2026-09-07,7.1-EARLY-RESEARCH-R2,4689,ＬＩＮＥヤフー,521.5,-6.205035971223016,7.837055417700567,-8.164299825648158,1.7362465860319976,0.6629557854844712,-8.105726872246699,4,False,False,True,False,False,False,False,E,False,,,,,NONE,25日線付近,
2026-09-07,7.1-EARLY-RESEARCH-R2,6701,日本電気,4610.0,-6.071719641401796,-5.183052241875775,-4.775956580932852,-3.556485355648531,1.0552361157336612,-25.573135292218275,191,False,False,True,True,False,False,False,E,False,,,,,NONE,長期調整後,
2026-09-07,7.1-EARLY-RESEARCH-R2,9766,コナミグループ,20775.0,-6.01673829450351,-1.282965074839626,-5.695997025793603,-3.4188113656649866,1.107139645715313,-22.030399699756053,206,False,False,True,True,False,False,False,E,False,,,,,NONE,長期調整後 / 出来高1.1倍,
2026-09-07,7.1-EARLY-RESEARCH-R2,2503,キリンホールディングス,2871.5,-5.97576948264571,-5.480579328505597,-4.60562465051931,-4.248862923985975,0.6828635774244182,-9.158494147421704,27,False,False,True,False,True,False,False,E,False,,,,,NONE,高値持ち合い後,
2026-09-07,7.1-EARLY-RESEARCH-R2,2801,キッコーマン,1726.5,-5.912806539509541,-1.903409090909092,-5.436954266782268,-2.7794983838816067,1.1693535615874322,-7.550200803212848,11,False,False,True,False,False,False,False,E,False,,,,,NONE,出来高1.2倍 / 25日線付近,
2026-09-07,7.1-EARLY-RESEARCH-R2,5801,古河電気工業,3840.0,-4.477611940298509,-0.4149377593360981,-4.373877500464484,-1.3958647890795928,0.7057755913757108,-93.84713988142926,71,False,False,True,True,False,False,False,E,False,,,,,NONE,長期調整後 / 25日線付近,
2026-09-07,7.1-EARLY-RESEARCH-R2,6758,ソニーグループ,3780.0,-5.876494023904377,1.58559527008868,-6.272892841426547,-0.3448384953652406,0.9996959319547998,-20.854271356783915,198,False,False,True,True,False,False,False,E,False,,,,,NONE,長期調整後 / 25日線付近,
2026-09-07,7.1-EARLY-RESEARCH-R2,4543,テルモ,2373.5,-5.663751987281396,0.0210703750526786,-5.669019581044566,-5.14423192205321,0.889645539575084,-12.352289512555393,246,False,False,True,False,True,False,False,E,False,,,,,NONE,高値持ち合い後,
2026-09-07,7.1-EARLY-RESEARCH-R2,6645,オムロン,6290.0,-5.569734274133009,-5.156815440289508,-4.280530414060632,-2.68460529247222,0.5925227359125069,-13.181504485852312,14,False,False,True,False,False,False,False,E,False,,,,,NONE,25日線付近,
2026-09-07,7.1-EARLY-RESEARCH-R2,5108,ブリヂストン,3920.0,-5.42822677925211,-6.6444391521790935,-3.767116991207337,-4.023191130959381,0.6900869805528008,-47.38255033557047,185,False,False,True,True,False,False,False,E,False,,,,,NONE,長期調整後,
2026-09-07,7.1-EARLY-RESEARCH-R2,1332,ニッスイ,1208.5,-5.252842022736182,-3.1262525050100187,-4.471278896483677,-4.9487974076229735,1.7044036135253608,-23.02547770700637,128,False,False,True,True,False,False,False,E,False,,,,,NONE,長期調整後 / 出来高1.7倍,
2026-09-07,7.1-EARLY-RESEARCH-R2,4452,花王,3455.0,-5.10848667948366,-5.446086480569234,-3.746965059341351,-2.221039881363418,0.6048601793282644,-50.69216497787926,242,False,False,True,True,False,False,False,E,False,,,,,NONE,長期調整後 / 25日線付近,
2026-09-07,7.1-EARLY-RESEARCH-R2,4519,中外製薬,6564.0,-5.04845942427311,-4.273005687618491,-3.980208002368488,-4.9643254262416665,1.495421227532108,-38.65420560747664,131,False,False,True,True,False,False,False,E,False,,,,,NONE,長期調整後 / 出来高1.5倍,
2026-09-07,7.1-EARLY-RESEARCH-R2,5803,フジクラ,5241.0,-4.778343023255816,1.0800385728061634,-5.048352666457356,-0.8107739825581439,0.5335719713439901,-82.41865145924187,127,False,False,True,True,False,False,False,E,False,,,,,NONE,長期調整後 / 25日線付近,
2026-09-07,7.1-EARLY-RESEARCH-R2,7532,パン・パシフィック・インターナショナルホールディングス,769.4,-4.659231722428747,-16.159965130216857,-0.6192404398745328,-9.219623852561533,1.0847740974420743,-86.11942991160022,242,False,False,True,True,False,False,False,E,False,,,,,NONE,長期調整後,
2026-09-07,7.1-EARLY-RESEARCH-R2,9983,ファーストリテイリング,69160.0,-4.541062801932371,-12.797881729920569,-1.3415923694522291,-7.134378541542452,0.9467329393945858,-22.020520915548538,41,False,False,True,False,False,False,False,E,False,,,,,NONE,,
2026-09-07,7.1-EARLY-RESEARCH-R2,8015,豊田通商,7680.0,2.701257020593739,3.4482758620689724,1.839188055076496,4.3245798490553655,0.832634565391075,-1.51320851500385,0,True,True,True,False,False,False,False,C,False,,,,,NONE,安値切り上げ / 5日線上向き / 勢い改善,
2026-09-07,7.1-EARLY-RESEARCH-R2,9022,東海旅客鉄道,3795.0,-4.552313883299797,-2.7671022290545744,-3.860538326036153,-2.3176080555155187,0.8247427544266054,-21.42857142857143,134,False,False,True,True,False,False,False,E,False,,,,,NONE,長期調整後 / 25日線付近,
2026-09-07,7.1-EARLY-RESEARCH-R2,6861,キーエンス,78890.0,-5.701649533827402,-7.308189401950416,-3.874602183339798,-4.604706280683935,0.940814757878555,-10.270700636942676,21,False,False,True,False,True,False,False,E,False,,,,,NONE,高値持ち合い後,
2026-09-07,7.1-EARLY-RESEARCH-R2,4751,サイバーエージェント,1255.0,-7.380073800738007,-16.277518345563713,-3.3106942143470786,-5.684482654963031,0.7021346937981732,-31.71926006528836,238,False,False,True,True,False,False,False,E,False,,,,,NONE,長期調整後,
2026-09-07,7.1-EARLY-RESEARCH-R2,4503,アステラス製薬,2303.0,-2.888467214842927,-1.0313708637730956,-2.630624498899653,-1.60138091331693,0.5695988842066769,-15.237394184762609,102,False,False,True,True,False,False,False,E,False,,,,,NONE,長期調整後 / 25日線付近,
2026-09-07,7.1-EARLY-RESEARCH-R2,2914,日本たばこ産業,6736.0,-2.869502523431866,-5.2335396736072015,-1.5611176050300657,-3.315630831060712,0.9976377622573116,-6.677750069271271,25,False,False,True,False,True,False,False,E,False,,,,,NONE,高値持ち合い後,
2026-09-07,7.1-EARLY-RESEARCH-R2,8252,丸井グループ,2870.0,-1.6618125749528925,-3.187721369539553,-0.8648822325680039,-2.3484018482351265,1.0401665924183874,-14.760914760914757,239,False,False,True,False,True,False,False,E,False,,,,,NONE,高値持ち合い後 / 25日線付近,
2026-09-07,7.1-EARLY-RESEARCH-R2,7011,三菱重工業,3829.0,-1.5428130624839276,-5.316518298714145,-0.2136834878053912,-4.295098029413824,0.7031643204629989,-26.478494623655912,128,False,False,True,True,False,False,False,E,False,,,,,NONE,長期調整後,
2026-09-07,7.1-EARLY-RESEARCH-R2,9008,京王電鉄,772.5,-1.3409961685823757,2.3992576882290617,-1.940810590639641,-0.1261836178497954,0.9649188714192848,-81.75914994096813,134,False,False,True,True,False,False,False,E,False,,,,,NONE,長期調整後 / 25日線付近,
2026-09-07,7.1-EARLY-RESEARCH-R2,8253,クレディセゾン,4614.0,-1.2202954399486154,-2.5348542458808576,-0.586581878478401,-1.372322688213412,0.8436103143518586,-6.599190283400813,137,False,False,True,False,True,False,False,E,False,,,,,NONE,高値持ち合い後 / 25日線付近,
2026-09-07,7.1-EARLY-RESEARCH-R2,5201,ＡＧＣ,5670.0,-1.1678577653826072,-2.4264326277749104,-0.5612496084388796,-2.055622732769047,0.5982570027594147,-31.809981960312683,66,False,False,True,True,False,False,False,E,False,,,,,NONE,長期調整後 / 25日線付近,
2026-09-07,7.1-EARLY-RESEARCH-R2,9064,ヤマトホールディングス,1930.0,-1.0763710917478186,-0.2841642986308401,-1.0053300170901087,-0.5421227299899023,0.7701793721973094,-24.844236760124616,244,False,False,True,True,False,False,False,E,False,,,,,NONE,長期調整後 / 25日線付近,
2026-09-07,7.1-EARLY-RESEARCH-R2,8035,東京エレクトロン,55840.0,-1.0630758327427323,2.4587155963302854,-1.677754731825304,-0.1694830409691317,1.0320165669188237,-31.282303716465663,46,False,False,True,False,False,False,False,E,False,,,,,NONE,25日線付近,
2026-09-07,7.1-EARLY-RESEARCH-R2,1925,大和ハウス工業,4634.0,-0.9829059829059794,1.0246348375844816,-1.2390646923020998,-0.2290812635640238,0.8519635445066379,-20.17226528854436,138,False,False,True,True,False,False,False,E,False,,,,,NONE,長期調整後 / 25日線付近,
2026-09-07,7.1-EARLY-RESEARCH-R2,6702,富士通,3831.0,-0.9821659343499656,4.24489795918368,-2.0433904241458856,3.106934082614732,0.8505385154627833,-17.930591259640106,158,True,False,True,True,False,False,False,E,False,,,,,NONE,長期調整後 / 安値切り上げ,
2026-09-07,7.1-EARLY-RESEARCH-R2,6361,荏原製作所,4598.0,-1.773125400555442,-19.13471684839958,3.010553811544453,-10.976355877728992,0.6740464525191044,-33.2656023222061,54,False,False,True,False,False,False,False,E,False,,,,,NONE,勢い改善,
2026-09-07,7.1-EARLY-RESEARCH-R2,5802,住友電気工業,2201.5,-0.8779828905898235,3.38107536980512,-1.7232517330411037,-0.9315093150931376,0.7027931761323745,-85.17508417508417,66,False,False,True,True,False,False,False,E,False,,,,,NONE,長期調整後 / 25日線付近,
2026-09-07,7.1-EARLY-RESEARCH-R2,6113,アマダ,2562.5,-0.9661835748792312,-5.372968980797632,0.3770586703201766,-3.8266665665838473,0.7179539676852468,-20.517990074441684,79,False,False,True,True,False,False,False,E,False,,,,,NONE,長期調整後 / 勢い改善,
2026-09-07,7.1-EARLY-RESEARCH-R2,7951,ヤマハ,1315.0,-1.8656716417910448,-4.502541757443723,-0.7400362024301139,-0.7696951403561747,0.977693380467442,-8.17039106145251,18,True,False,True,False,False,False,False,E,False,,,,,NONE,安値切り上げ / 25日線付近,
2026-09-07,7.1-EARLY-RESEARCH-R2,3099,三越伊勢丹ホールディングス,3207.0,-8.736482640865106,-11.67722390526026,-5.817176664550041,-8.448854682896755,0.5952313131482382,-23.497137404580148,47,False,False,False,False,False,False,False,E,False,,,,,NONE,,
2026-09-07,7.1-EARLY-RESEARCH-R2,5333,ＮＧＫ,5316.0,-0.1315047905316557,-5.778092874867069,1.3130184281851114,-4.245201452533287,0.612879972021783,-32.657714720040545,50,False,False,True,False,False,False,False,E,False,,,,,NONE,勢い改善,
2026-09-07,7.1-EARLY-RESEARCH-R2,7912,大日本印刷,3096.0,-0.1612383102225112,2.17821782178218,-0.7057927656680563,-1.0824696154485225,0.7894523297946281,-7.966706302021398,16,False,False,True,False,False,False,False,E,False,,,,,NONE,25日線付近,
2026-09-07,7.1-EARLY-RESEARCH-R2,3407,旭化成,1612.5,-1.91605839416058,-4.698581560283688,-0.7414130040896583,-2.538531278331824,0.6252081853353442,-15.398740818467992,43,True,False,True,False,False,False,False,E,False,,,,,NONE,安値切り上げ / 25日線付近,
2026-09-07,7.1-EARLY-RESEARCH-R2,5233,太平洋セメント,4213.0,-0.6367924528301927,0.071258907363414,-0.6546071796710462,0.8425487098472795,1.0694864048338368,-15.197262479871176,140,False,False,True,True,False,False,False,E,False,,,,,NONE,長期調整後 / 25日線付近,
2026-09-07,7.1-EARLY-RESEARCH-R2,8697,日本取引所グループ,2233.5,-0.7333333333333303,-1.3471731448763236,-0.3965400471142494,-0.1591374393176692,0.9809581072207878,-5.199490662139217,27,False,False,True,False,True,False,False,E,False,,,,,NONE,高値持ち合い後 / 25日線付近,
2026-09-07,7.1-EARLY-RESEARCH-R2,8628,松井証券,1190.0,-0.7506255212677226,10.800744878957168,-3.4508117410070147,5.962387804530556,0.9645493942192614,-2.6186579378068786,4,True,False,False,False,False,False,False,E,False,,,,,NONE,安値切り上げ,
2026-09-07,7.1-EARLY-RESEARCH-R2,7267,本田技研工業,1695.0,-0.8771929824561431,0.7130124777183555,-1.055446101885732,0.7920650777793581,0.5721070313761453,-3.829787234042559,11,True,False,True,False,False,False,False,E,False,,,,,NONE,安値切り上げ / 25日線付近,
2026-09-07,7.1-EARLY-RESEARCH-R2,9201,日本航空,2996.0,-0.5312084993359889,-1.7704918032786845,-0.0885855485163178,-0.5807200929152101,0.6204585224070943,-8.435207823960877,129,False,False,True,False,True,False,False,E,False,,,,,NONE,高値持ち合い後 / 25日線付近,
2026-09-07,7.1-EARLY-RESEARCH-R2,6841,横河電機,4750.0,-7.081377151799684,-12.26449944588105,-4.015252290329421,-9.255551649829584,0.707786831473078,-24.806078834889977,129,False,False,True,True,False,False,False,E,False,,,,,NONE,長期調整後,
2026-09-07,7.1-EARLY-RESEARCH-R2,6752,パナソニック　ホールディングス,4421.0,-1.7118719430858187,2.527829313543606,-2.34382927147172,0.2212529810212249,0.9803549980827188,-11.260537936571655,16,False,False,True,False,False,False,False,E,False,,,,,NONE,25日線付近,
2026-09-07,7.1-EARLY-RESEARCH-R2,2002,日清製粉グループ本社,2011.5,-1.758241758241763,0.5247376311844132,-1.8894261660378664,-0.5782918149466187,0.8711139019861527,-8.505799408687743,101,False,False,True,False,True,False,False,E,False,,,,,NONE,高値持ち合い後 / 25日線付近,
2026-09-07,7.1-EARLY-RESEARCH-R2,8801,三井不動産,1493.0,-1.937602627257795,-2.098360655737708,-1.4130124633233685,-0.0174115693181375,0.85748860915422,-30.81556997219648,139,False,False,True,True,False,False,False,E,False,,,,,NONE,長期調整後 / 25日線付近,
2026-09-07,7.1-EARLY-RESEARCH-R2,1808,長谷工コーポレーション,2842.0,-1.932367149758452,3.0083363537513508,-2.684451238196289,1.0373930788319052,0.686553611308808,-19.512885868026054,139,False,False,True,True,False,False,False,E,False,,,,,NONE,長期調整後 / 25日線付近,
2026-09-07,7.1-EARLY-RESEARCH-R2,2502,アサヒグループホールディングス,1628.0,-2.863961813842486,-3.9244614930658006,-1.882846440576036,-2.396911233947652,0.7687714389075583,-17.10794297352343,245,False,False,True,True,False,False,False,E,False,,,,,NONE,長期調整後 / 25日線付近,
2026-09-07,7.1-EARLY-RESEARCH-R2,7731,ニコン,1874.5,-2.8504793988079813,-6.345241069198105,-1.2641691315084551,-4.453891165616664,0.8340684488423529,-21.569037656903767,79,False,False,True,True,False,False,False,E,False,,,,,NONE,長期調整後,
2026-09-07,7.1-EARLY-RESEARCH-R2,5232,住友大阪セメント,5545.0,-2.8386192395304044,-4.675949802303592,-1.6696317889545065,-2.032494470003743,0.8944125770129594,-14.914838115697403,55,False,False,True,False,True,False,False,E,False,,,,,NONE,高値持ち合い後 / 25日線付近,
2026-09-07,7.1-EARLY-RESEARCH-R2,4208,ＵＢＥ,3470.0,-2.801120448179273,3.5820895522387985,-3.696642836238973,-0.8049946257461027,0.6211059609787647,-6.544573121465125,17,False,False,True,False,False,False,False,E,False,,,,,NONE,25日線付近,
2026-09-07,7.1-EARLY-RESEARCH-R2,3289,東急不動産ホールディングス,1292.0,-2.784048156508656,-1.5619047619047643,-2.393571966032465,-2.1167628831613605,0.9836383997145888,-19.14893617021277,139,False,False,True,True,False,False,False,E,False,,,,,NONE,長期調整後 / 25日線付近,
2026-09-07,7.1-EARLY-RESEARCH-R2,2269,明治ホールディングス,4371.0,-2.6720106880427474,6.350364963503652,-4.25960192891866,2.715582877446288,1.1521680581739833,-5.143229166666663,2,False,False,True,False,False,False,False,E,False,,,,,NONE,出来高1.2倍 / 25日線付近,
2026-09-07,7.1-EARLY-RESEARCH-R2,7752,リコー,1654.0,-2.562592047128132,2.3514851485148425,-3.150463334256842,0.6829885925078161,0.7546787816946462,-5.350500715307582,4,False,False,True,False,False,False,False,E,False,,,,,NONE,25日線付近,
2026-09-07,7.1-EARLY-RESEARCH-R2,3436,ＳＵＭＣＯ,3315.0,-2.500000000000002,-4.466858789625361,-1.383285302593662,-5.476920971292354,0.909392958466598,-44.182522310153225,38,False,False,True,False,False,False,False,E,False,,,,,NONE,,
2026-09-07,7.1-EARLY-RESEARCH-R2,6506,安川電機,4661.0,-2.489539748953973,-11.488796050132931,0.3826592635792605,-7.166188655194395,0.8519274814426446,-41.11181301326595,53,False,False,True,False,False,False,False,E,False,,,,,NONE,勢い改善,
2026-09-07,7.1-EARLY-RESEARCH-R2,4061,デンカ,3282.0,-2.4665676077266,-8.19580419580419,-0.4176165587755522,-4.82321826280624,0.5937774178308699,-30.051150895140665,54,False,False,True,False,False,False,False,E,False,,,,,NONE,,
2026-09-07,7.1-EARLY-RESEARCH-R2,7453,良品計画,4223.0,-2.4260628465804013,-4.2837715321849545,-1.3551199635341626,-2.2942232587410016,0.7931696041156715,-39.53321878579611,250,False,False,True,True,False,False,False,E,False,,,,,NONE,長期調整後 / 25日線付近,
2026-09-07,7.1-EARLY-RESEARCH-R2,7741,ＨＯＹＡ,24145.0,-1.8495934959349647,-5.8307332293291765,-0.3919101886026706,-4.532766078587979,1.2165460229101974,-20.57565789473684,97,False,False,True,True,False,False,False,E,False,,,,,NONE,長期調整後 / 出来高1.2倍,
2026-09-07,7.1-EARLY-RESEARCH-R2,6724,セイコーエプソン,3151.0,-2.41560854753794,-0.755905511811028,-2.2266321695851827,0.5206273048604659,0.6827685579839384,-5.432172869147656,4,True,False,True,False,False,False,False,E,False,,,,,NONE,安値切り上げ / 25日線付近,
2026-09-07,7.1-EARLY-RESEARCH-R2,9005,東急,1621.0,-2.3788015657934314,-2.934131736526946,-1.645268631661695,-2.1170730529087023,0.8933958600914006,-19.39333664843361,128,False,False,True,True,False,False,False,E,False,,,,,NONE,長期調整後 / 25日線付近,
2026-09-07,7.1-EARLY-RESEARCH-R2,6367,ダイキン工業,20660.0,-2.339872370597973,-6.978838361098605,-0.5951627803233217,-3.3006945874599847,0.9009297297297296,-21.860816944024208,42,False,False,True,False,False,False,False,E,False,,,,,NONE,,
2026-09-07,7.1-EARLY-RESEARCH-R2,4523,エーザイ,4633.0,-2.2573839662447304,-3.0347425701130137,-1.4986983237164768,-3.225941212840256,0.7403896787783044,-13.385679566274067,241,False,False,True,False,True,False,False,E,False,,,,,NONE,高値持ち合い後,
2026-09-07,7.1-EARLY-RESEARCH-R2,3402,東レ,1259.0,-2.213592233009709,-7.084870848708491,-0.4423745208325864,-2.129975124378114,0.941266373363219,-9.749103942652326,19,False,False,True,False,False,False,False,E,False,,,,,NONE,25日線付近,
2026-09-07,7.1-EARLY-RESEARCH-R2,6103,オークマ,4695.0,-2.187499999999998,-15.860215053763438,1.7775537634408618,-7.0849000593706695,1.190906614496917,-17.775831873905435,19,False,False,True,False,False,False,False,E,False,,,,,NONE,出来高1.2倍 / 勢い改善,
2026-09-07,7.1-EARLY-RESEARCH-R2,3092,ＺＯＺＯ,1126.5,-2.000869943453676,-1.958224543080944,-1.5113138076834398,-1.0418496784848297,0.893713844807238,-23.18445277872485,235,False,False,True,True,False,False,False,E,False,,,,,NONE,長期調整後 / 25日線付近,
2026-09-07,7.1-EARLY-RESEARCH-R2,2501,サッポロビール,1851.0,-1.959745762711862,-5.561224489795913,-0.5694396402628836,-3.967875153049583,0.6859460204342777,-77.63682493657123,188,False,False,True,True,False,False,False,E,False,,,,,NONE,長期調整後,
2026-09-07,7.1-EARLY-RESEARCH-R2,2871,ニチレイ,2102.0,-2.482022732544653,-5.591735908376371,-1.0840887554505605,-2.689690292116098,0.8502197920017155,-11.270578303081468,27,False,False,True,False,True,False,False,E,False,,,,,NONE,高値持ち合い後 / 25日線付近,
2026-09-07,7.1-EARLY-RESEARCH-R2,9735,セコム,6296.0,-3.004159605607759,-7.939757274455328,-1.019220286993927,-3.003561876825611,0.7582669326691268,-12.846068660022148,27,False,False,True,False,True,False,False,E,False,,,,,NONE,高値持ち合い後,
2026-09-07,7.1-EARLY-RESEARCH-R2,9020,東日本旅客鉄道,3478.0,-2.876291538676345,0.4911875180583669,-2.9990884181909374,-0.6796504654749014,0.8255070157082943,-17.406791735929705,160,False,False,True,True,False,False,False,E,False,,,,,NONE,長期調整後 / 25日線付近,
2026-09-07,7.1-EARLY-RESEARCH-R2,3401,帝人,1704.0,-3.0716723549488067,-2.73972602739726,-2.386740848099492,-1.8127758634598368,0.8019507711920308,-6.630136986301372,4,False,False,True,False,False,False,False,E,False,,,,,NONE,25日線付近,
2026-09-07,7.1-EARLY-RESEARCH-R2,9147,ＮＩＰＰＯＮ　ＥＸＰＲＥＳＳホールディングス,5634.0,-2.407760263294645,8.346153846153847,-4.494298724833106,1.5281482015425674,0.5424416160076077,-3.95499488578247,4,False,False,True,False,False,False,False,E,False,,,,,NONE,25日線付近,
2026-09-07,7.1-EARLY-RESEARCH-R2,3086,Ｊ．フロント　リテイリング,2694.0,-8.755292125317526,-8.398503910234611,-6.655666147758874,-8.170569587892418,0.8485228023898309,-25.518385402267075,47,False,False,False,False,False,False,False,E,False,,,,,NONE,,
2026-09-07,7.1-EARLY-RESEARCH-R2,6473,ジェイテクト,2201.5,2.371541501976293,1.9685039370078703,1.8794155177243248,3.664393882317496,0.6641562698784887,-2.782071097372485,25,True,True,True,False,False,False,False,C,False,,,,,NONE,安値切り上げ / 5日線上向き / 勢い改善,
2026-09-07,7.1-EARLY-RESEARCH-R2,4911,資生堂,3380.0,-9.28609769189479,-6.604034263608726,-7.635089125992609,-4.324097872484978,0.7826523532033237,-11.541481287621046,7,False,False,True,False,False,False,False,E,False,,,,,NONE,,
2026-09-07,7.1-EARLY-RESEARCH-R2,7911,ＴＯＰＰＡＮホールディングス,5246.0,3.004123306499107,11.66453810131971,0.0879887811691793,5.055311240878235,0.7781213721400906,-11.504723346828603,127,True,True,True,False,True,False,False,B,False,,,,,NONE,高値持ち合い後 / 安値切り上げ / 5日線上向き / 勢い改善,
2026-09-07,7.1-EARLY-RESEARCH-R2,9502,中部電力,2976.0,3.5670784757264595,9.896602658788778,1.092927811029265,4.86996969483402,0.700794004698804,-9.433962264150942,40,True,True,True,False,True,False,False,B,False,,,,,NONE,高値持ち合い後 / 安値切り上げ / 5日線上向き / 勢い改善,
2026-09-07,7.1-EARLY-RESEARCH-R2,6302,住友重機械工業,5970.0,3.627842388474223,1.4615907545887152,3.262444699827044,2.9409736112452345,0.9318463749247718,-6.161584407419052,127,False,True,True,False,True,False,False,B,False,,,,,NONE,高値持ち合い後 / 5日線上向き / 勢い改善 / 25日線付近,
2026-09-07,7.1-EARLY-RESEARCH-R2,8002,丸紅,5146.0,4.423701298701288,2.428343949044587,3.816615311440141,3.430533111438061,0.998756223744843,-18.67888748419721,139,True,True,True,True,False,False,False,B,False,,,,,NONE,長期調整後 / 安値切り上げ / 5日線上向き / 勢い改善,
2026-09-07,7.1-EARLY-RESEARCH-R2,8053,住友商事,1871.5,4.465531677365342,4.670022371364646,3.2980260845241807,6.085684809595615,0.9921308260890856,-75.92926045016077,81,True,True,True,True,False,False,False,B,False,,,,,NONE,長期調整後 / 安値切り上げ / 5日線上向き / 勢い改善,
2026-09-07,7.1-EARLY-RESEARCH-R2,9501,東京電力ホールディングス,564.0,4.81323174131203,8.191060809514683,2.765466538933359,5.656757911143417,1.1656974937361235,-39.9616776665957,198,True,True,False,True,False,False,False,B,False,,,,,NONE,長期調整後 / 安値切り上げ / 5日線上向き / 出来高1.2倍 / 勢い改善,
2026-09-07,7.1-EARLY-RESEARCH-R2,6305,日立建機,6026.0,5.074106364428954,7.434480299518631,3.2154862895492964,5.943079768493442,0.4514950577758592,-16.595155709342556,129,True,True,True,True,False,False,False,B,False,,,,,NONE,長期調整後 / 安値切り上げ / 5日線上向き / 勢い改善,
2026-09-07,7.1-EARLY-RESEARCH-R2,5019,出光興産,1499.0,5.5633802816901445,13.47464042392128,2.1947201757098247,10.300069167488337,0.8300044125513091,-10.293237582286052,103,True,True,True,False,True,False,False,B,False,,,,,NONE,高値持ち合い後 / 安値切り上げ / 5日線上向き / 勢い改善,
2026-09-07,7.1-EARLY-RESEARCH-R2,6976,太陽誘電,9824.0,6.968641114982588,1.288792659037008,6.646442950223336,0.7709635197623577,1.0581051812883815,-59.17722833991274,46,True,True,True,False,False,False,False,B,False,,,,,NONE,安値切り上げ / 5日線上向き / 勢い改善 / 25日線付近,
2026-09-07,7.1-EARLY-RESEARCH-R2,6594,ニデック,2812.0,8.950019372336303,3.687315634218291,8.02819046378173,5.348338853006851,2.5642271878556646,-14.45086705202312,251,False,True,True,False,True,False,False,B,False,,,,,NONE,高値持ち合い後 / 5日線上向き / 出来高2.6倍 / 勢い改善,
2026-09-07,7.1-EARLY-RESEARCH-R2,4324,電通グループ,3630.0,-1.9978401727861803,-0.6839945280437743,-1.826841540775237,0.2341558240738672,0.752157630367788,-6.298399586990189,27,True,True,True,False,True,False,False,C,False,,,,,NONE,高値持ち合い後 / 安値切り上げ / 5日線上向き / 25日線付近,
2026-09-07,7.1-EARLY-RESEARCH-R2,9021,西日本旅客鉄道,2990.0,-0.8291873963515717,2.1872863978127155,-1.3760089958047506,1.5970098538905964,0.6817157069509694,-15.24943310657596,142,True,True,True,True,False,False,False,C,False,,,,,NONE,長期調整後 / 安値切り上げ / 5日線上向き / 25日線付近,
2026-09-07,7.1-EARLY-RESEARCH-R2,2432,ディー・エヌ・エー,2563.0,-0.3305463737118375,4.102355808285951,-1.3561353257833253,1.8000699056273994,0.8394581897762069,-11.161178509532066,200,True,True,True,False,True,False,False,C,False,,,,,NONE,高値持ち合い後 / 安値切り上げ / 5日線上向き / 25日線付近,
2026-09-07,7.1-EARLY-RESEARCH-R2,9532,大阪瓦斯,5766.0,0.1563314226159518,6.580406654343807,-1.48877024097,3.640912816530784,0.6741324259444846,-15.553602811950796,125,True,True,True,True,False,False,False,C,False,,,,,NONE,長期調整後 / 安値切り上げ / 5日線上向き,
2026-09-07,7.1-EARLY-RESEARCH-R2,9009,京成電鉄,1369.5,0.4032258064516236,6.368932038834951,-1.1890072032571142,4.147654681511215,0.9472968314747012,-5.616815988973123,241,True,True,True,False,True,False,False,C,False,,,,,NONE,高値持ち合い後 / 安値切り上げ / 5日線上向き,
2026-09-07,7.1-EARLY-RESEARCH-R2,9434,ソフトバンク,238.6,0.632644453816944,3.3347769597228183,-0.2010497861137605,1.9083252182529489,0.7662865321336016,-1.648804616652921,3,True,True,True,False,False,False,False,C,False,,,,,NONE,安値切り上げ / 5日線上向き / 25日線付近,
2026-09-07,7.1-EARLY-RESEARCH-R2,8306,三菱ＵＦＪフィナンシャル・グループ,3711.0,0.8423913043478226,4.124579124579131,-0.18875347679696,2.893551893174817,1.076805817565977,-2.675059008654601,29,True,True,True,False,False,False,False,C,False,,,,,NONE,安値切り上げ / 5日線上向き / 25日線付近,
2026-09-07,7.1-EARLY-RESEARCH-R2,8411,みずほフィナンシャルグループ,8710.0,1.0089296068653608,3.125739995264021,0.2274946080493556,3.2945138872417568,0.9043122438841936,-2.0688104340004454,2,True,True,True,False,False,False,False,C,False,,,,,NONE,安値切り上げ / 5日線上向き / 勢い改善,
2026-09-07,7.1-EARLY-RESEARCH-R2,8601,大和証券グループ本社,1866.5,1.247626796853818,2.639538080835857,0.5877422766448537,3.0555003423220484,0.6124737132752841,-1.6596417281348752,1,True,True,True,False,False,False,False,C,False,,,,,NONE,安値切り上げ / 5日線上向き / 勢い改善,
2026-09-07,7.1-EARLY-RESEARCH-R2,7013,ＩＨＩ,2730.5,1.808351976137201,-0.5101111313536189,1.935879758975606,-1.2012881282338794,1.104555306848334,-84.8851370052588,231,False,False,True,True,False,False,False,B,False,,,,,NONE,長期調整後 / 出来高1.1倍 / 勢い改善 / 25日線付近,
2026-09-07,7.1-EARLY-RESEARCH-R2,8031,三井物産,5099.0,1.7967658215212623,3.3650922359618862,0.9554927625307909,3.5498151984078685,0.924729619290296,-23.61048689138576,102,True,True,False,True,False,False,False,C,False,,,,,NONE,長期調整後 / 安値切り上げ / 5日線上向き / 勢い改善,
2026-09-07,7.1-EARLY-RESEARCH-R2,1963,日揮ホールディングス,2391.5,1.485253553999577,4.660831509846819,0.3200456765378723,3.673550781182256,1.0243380673286837,-18.30913748932537,73,True,True,True,True,False,False,False,B,False,,,,,NONE,長期調整後 / 安値切り上げ / 5日線上向き / 勢い改善,
2026-09-07,7.1-EARLY-RESEARCH-R2,9104,商船三井,7164.0,2.255209820154147,15.80989330746847,-1.6972635067129709,6.586206280909113,0.9105603302154156,-4.594486616060722,9,False,True,True,False,False,False,False,E,False,,,,,NONE,5日線上向き,
2026-09-07,7.1-EARLY-RESEARCH-R2,9023,東京地下鉄,1484.0,0.8837525492862097,1.0211027910143056,0.6284768515326333,1.1353878446713097,0.9235967974873456,-16.015846066779847,233,False,True,True,True,False,False,False,B,False,,,,,NONE,長期調整後 / 5日線上向き / 勢い改善 / 25日線付近,
2026-09-07,7.1-EARLY-RESEARCH-R2,1801,大成建設,12825.0,2.028639618138417,-0.5042668735453892,2.1547063365247645,0.2297664822282552,0.7498420046126446,-37.983558994197296,127,False,True,True,True,False,False,False,B,False,,,,,NONE,長期調整後 / 5日線上向き / 勢い改善 / 25日線付近,
2026-09-07,7.1-EARLY-RESEARCH-R2,9602,東宝,1571.0,-0.5066497783407176,4.663557628247839,-1.6725391854026772,2.49885822404905,0.7929498587062103,-84.3369890329013,221,True,True,True,True,False,False,False,C,False,,,,,NONE,長期調整後 / 安値切り上げ / 5日線上向き / 25日線付近,
2026-09-07,7.1-EARLY-RESEARCH-R2,5301,東海カーボン,1875.5,3.561568194367748,8.160322952710498,1.5214874561901237,7.646302546089045,1.360078788659166,-3.4740092640247022,21,True,True,True,False,True,False,False,A,False,,,,,NONE,高値持ち合い後 / 安値切り上げ / 5日線上向き / 出来高1.4倍 / 勢い改善,
2026-09-07,7.1-EARLY-RESEARCH-R2,4183,三井化学,2231.0,2.0118884316415286,2.45694603903559,1.397651921882631,2.3525957462426472,1.0451244022617314,-44.4748631159781,187,True,True,True,True,False,False,False,A,False,,,,,NONE,長期調整後 / 安値切り上げ / 5日線上向き / 勢い改善 / 25日線付近,
2026-09-07,7.1-EARLY-RESEARCH-R2,8750,第一ライフグループ,1868.0,1.6045689420723486,-3.337645536869338,2.438980326289683,0.9151513187038772,0.7214893820435632,-4.645227156712606,29,True,True,True,False,True,False,False,A,False,,,,,NONE,高値持ち合い後 / 安値切り上げ / 5日線上向き / 勢い改善 / 25日線付近,
2026-09-07,7.1-EARLY-RESEARCH-R2,5411,ＪＦＥホールディングス,1872.0,1.3535462912831695,0.348432055749126,1.2664382773458882,1.8154920538229868,0.5370453377775021,-20.644340822382368,139,True,True,True,True,False,False,False,A,False,,,,,NONE,長期調整後 / 安値切り上げ / 5日線上向き / 勢い改善 / 25日線付近,
2026-09-07,7.1-EARLY-RESEARCH-R2,1803,清水建設,2417.0,1.2144053601339966,1.0240334378265326,0.9583970006773634,1.2882083259996735,0.9055831167808488,-33.1951354339414,127,True,True,True,True,False,False,False,A,False,,,,,NONE,長期調整後 / 安値切り上げ / 5日線上向き / 勢い改善 / 25日線付近,
2026-09-07,7.1-EARLY-RESEARCH-R2,3382,セブン＆アイ・ホールディングス,2039.5,0.666337611056278,-2.765196662693681,1.3576367767296982,-0.1429676560159021,0.7159842434317516,-15.618535374431108,138,True,True,True,True,False,False,False,A,False,,,,,NONE,長期調整後 / 安値切り上げ / 5日線上向き / 勢い改善 / 25日線付近,
2026-09-07,7.1-EARLY-RESEARCH-R2,6471,日本精工,1122.0,1.126633618747186,-4.388581167447803,2.223778910609137,-1.3747758517633102,0.8631578368539857,-20.678685047720048,127,True,True,True,True,False,False,False,A,False,,,,,NONE,長期調整後 / 安値切り上げ / 5日線上向き / 勢い改善 / 25日線付近,
2026-09-07,7.1-EARLY-RESEARCH-R2,4507,塩野義製薬,2943.0,1.116646624291362,4.733096085409261,-0.0666273970609532,2.201694679816635,1.42655475781171,-21.68706758914316,102,True,True,True,True,False,False,False,A,False,,,,,NONE,長期調整後 / 安値切り上げ / 5日線上向き / 出来高1.4倍 / 25日線付近,
2026-09-07,7.1-EARLY-RESEARCH-R2,1802,大林組,3018.0,0.8521303258145263,-0.3960396039603964,0.9511402268046254,-0.3006177529648823,0.7447420584498095,-32.01171435007885,129,True,True,True,True,False,False,False,A,False,,,,,NONE,長期調整後 / 安値切り上げ / 5日線上向き / 勢い改善 / 25日線付近,
2026-09-07,7.1-EARLY-RESEARCH-R2,5406,神戸製鋼所,2064.5,2.202970297029694,1.2009803921568585,1.9027251989904792,2.0140927194204794,0.8528974652858186,-13.23807522588779,142,True,True,True,False,True,False,False,A,False,,,,,NONE,高値持ち合い後 / 安値切り上げ / 5日線上向き / 勢い改善 / 25日線付近,
2026-09-07,7.1-EARLY-RESEARCH-R2,9301,三菱倉庫,1546.0,1.1449133137062528,1.0457516339869244,0.8834754052095217,2.120351410264876,0.7465463716543361,-6.388132001211022,29,True,True,True,False,True,False,False,A,False,,,,,NONE,高値持ち合い後 / 安値切り上げ / 5日線上向き / 勢い改善 / 25日線付近,
2026-09-07,7.1-EARLY-RESEARCH-R2,8267,イオン,1389.0,2.395871728713605,-0.1437814521926705,2.431817091761773,1.2774520955464164,0.7848237682229193,-74.78213507625273,251,True,True,True,True,False,False,False,A,False,,,,,NONE,長期調整後 / 安値切り上げ / 5日線上向き / 勢い改善 / 25日線付近,
2026-09-07,7.1-EARLY-RESEARCH-R2,6857,アドバンテスト,34480.0,2.344909468685064,7.114010562286421,0.5664068281134582,0.60690943043884,1.1675827036217248,-10.973405628711596,16,False,False,True,False,False,False,False,C,False,,,,,NONE,出来高1.2倍 / 勢い改善 / 25日線付近,
2026-09-07,7.1-EARLY-RESEARCH-R2,1812,鹿島建設,5016.0,3.6792062835882655,-0.8499703498715205,3.8916988710561458,1.5269524102530907,0.5184890585388723,-37.61194029850746,139,True,True,True,True,False,False,False,A,False,,,,,NONE,長期調整後 / 安値切り上げ / 5日線上向き / 勢い改善 / 25日線付近,
2026-09-07,7.1-EARLY-RESEARCH-R2,6472,ＮＴＮ,398.6,6.350053361792951,1.6577403723539996,5.935618268704451,4.128569786518144,1.1437068024089272,-18.15195071868583,81,True,True,True,True,False,False,False,A,False,,,,,NONE,長期調整後 / 安値切り上げ / 5日線上向き / 出来高1.1倍 / 勢い改善,
2026-09-07,7.1-EARLY-RESEARCH-R2,8001,伊藤忠商事,2264.5,7.424098671726753,8.870192307692303,5.206550594803677,8.579949749707506,1.4025436386356562,-77.12395191433478,178,True,True,True,True,False,False,False,A,False,,,,,NONE,長期調整後 / 安値切り上げ / 5日線上向き / 出来高1.4倍 / 勢い改善,
2026-09-07,7.1-EARLY-RESEARCH-R2,9984,ソフトバンクグループ,6217.0,19.55769230769231,11.977665706051877,16.56327588117934,14.697178785172936,2.185360885403684,-77.55190467593428,208,True,True,True,True,False,False,False,A,False,,,,,NONE,長期調整後 / 安値切り上げ / 5日線上向き / 出来高2.2倍 / 勢い改善,
2026-09-07,7.1-EARLY-RESEARCH-R2,8795,Ｔ＆Ｄホールディングス,4873.0,-0.1434426229508179,-2.6568118258090245,0.5207603335014382,-0.2448331204349729,0.8205752248770781,-5.853941267387941,29,True,True,True,False,True,False,False,B,False,,,,,NONE,高値持ち合い後 / 安値切り上げ / 5日線上向き / 勢い改善 / 25日線付近,
2026-09-07,7.1-EARLY-RESEARCH-R2,6770,アルプスアルパイン,2256.5,-0.0221533008418206,7.992342665709495,-2.0202389672691945,2.9209198799522,1.3247855646116682,-5.802546441243994,130,True,True,True,False,True,False,False,B,False,,,,,NONE,高値持ち合い後 / 安値切り上げ / 5日線上向き / 出来高1.3倍 / 25日線付近,
2026-09-07,7.1-EARLY-RESEARCH-R2,8316,三井住友フィナンシャルグループ,6976.0,0.0143369175627183,2.8605131229725744,-0.7007913631804252,2.5417898951651363,0.9910349811519756,-3.911845730027552,29,True,True,True,False,True,False,False,B,False,,,,,NONE,高値持ち合い後 / 安値切り上げ / 5日線上向き / 25日線付近,
2026-09-07,7.1-EARLY-RESEARCH-R2,7004,カナデビア,1193.0,0.590219224283306,-4.022526146419947,1.5958507608882928,-0.8213620643788277,2.2062475231134275,-21.254125412541256,81,False,False,True,True,False,False,False,B,False,,,,,NONE,長期調整後 / 出来高2.2倍 / 勢い改善 / 25日線付近,
2026-09-07,7.1-EARLY-RESEARCH-R2,4043,トクヤマ,4091.0,1.4632936507936511,1.6397515527950324,1.053355762594893,1.2092664245495044,1.696168496527,-29.0742024965326,65,False,False,True,True,False,False,False,B,False,,,,,NONE,長期調整後 / 出来高1.7倍 / 勢い改善 / 25日線付近,
2026-09-07,7.1-EARLY-RESEARCH-R2,5020,ＥＮＥＯＳホールディングス,1369.0,2.2404779686333143,1.4449796220822542,1.8792330631127507,3.82538526877807,0.7572401509780596,-11.81964573268921,128,True,True,False,False,True,False,False,C,False,,,,,NONE,高値持ち合い後 / 安値切り上げ / 5日線上向き / 勢い改善,
2026-09-07,7.1-EARLY-RESEARCH-R2,9433,ＫＤＤＩ,2961.0,0.0506842372022253,-0.6709158000670956,0.2184131872189992,2.0295647979049702,0.5873218596771583,-5.126561999359181,26,True,True,True,False,True,False,False,A,False,,,,,NONE,高値持ち合い後 / 安値切り上げ / 5日線上向き / 勢い改善 / 25日線付近,
2026-09-07,7.1-EARLY-RESEARCH-R2,5401,日本製鉄,697.5,4.135562854583474,0.0,4.135562854583474,2.796658629613713,1.1762859658954838,-79.78260869565217,242,True,True,True,True,False,True,True,A,False,,,,,B_EARLY_CONFIRMED,長期調整後 / 安値切り上げ / 5日線上向き / 出来高1.2倍 / 勢い改善 / 25日線付近,
2026-09-07,7.1-EARLY-RESEARCH-R2,9503,関西電力,2965.5,5.515032912293183,24.365695114279728,-0.576390866276749,15.12034161490683,0.8031347976975484,-2.866033409760893,2,True,True,False,False,False,False,False,E,False,,,,,NONE,安値切り上げ / 5日線上向き,
2026-09-07,7.1-EARLY-RESEARCH-R2,8766,東京海上ホールディングス,7923.0,2.802646944336318,-0.2015367174707183,2.8530311237039974,3.5984204607861114,0.7764494000906331,-6.435994331601325,27,True,True,True,False,True,False,False,B,False,,,,,NONE,高値持ち合い後 / 安値切り上げ / 5日線上向き / 勢い改善,
2026-09-07,7.1-EARLY-RESEARCH-R2,9101,日本郵船,7420.0,5.397727272727271,21.34096484055601,0.0624860625882686,10.977499386782007,0.9001224084394848,-0.6028131279303461,0,True,True,True,False,False,False,False,C,False,,,,,NONE,安値切り上げ / 5日線上向き / 勢い改善,
2026-09-07,7.1-EARLY-RESEARCH-R2,5214,日本電気硝子,4826.0,-0.4948453608247471,-2.0698051948051965,0.0226059378765519,-0.3427910626523034,0.8453206841674263,-42.38987704428793,88,False,False,True,True,False,False,False,D,False,,,,,NONE,長期調整後 / 勢い改善 / 25日線付近,
2026-09-07,7.1-EARLY-RESEARCH-R2,6902,デンソー,1927.0,-0.4134366925064636,-0.1295672454003638,-0.3810448811563727,-0.0124530416554247,0.6303460306524081,-18.794774546986936,206,True,False,True,True,False,False,False,D,False,,,,,NONE,長期調整後 / 安値切り上げ / 25日線付近,
2026-09-07,7.1-EARLY-RESEARCH-R2,9531,東京瓦斯,6163.0,-0.3718073068218586,3.3020449212202374,-1.197318537126918,1.2538855336571064,0.5617256683704592,-22.6434040416719,125,True,False,True,True,False,False,False,D,False,,,,,NONE,長期調整後 / 安値切り上げ / 25日線付近,
2026-09-07,7.1-EARLY-RESEARCH-R2,8354,ふくおかフィナンシャルグループ,7866.0,-0.1903311762466719,4.268292682926833,-1.2574043469783802,2.6474856194343754,0.8676431295392164,-1.9446522064323069,1,True,True,True,False,False,False,False,D,False,,,,,NONE,安値切り上げ / 5日線上向き / 25日線付近,
2026-09-07,7.1-EARLY-RESEARCH-R2,8331,千葉銀行,2815.5,-0.1595744680851107,5.607651912978251,-1.5614874463296735,1.8529237269740984,0.8012154661870949,-2.6620570440795133,14,True,True,True,False,False,False,False,D,False,,,,,NONE,安値切り上げ / 5日線上向き / 25日線付近,
2026-09-07,7.1-EARLY-RESEARCH-R2,6526,ソシオネクスト,1996.5,-0.0750750750750706,0.7824331145885877,-0.2706833537222175,-0.1000750562922148,0.720902579112876,-42.81008307075337,206,True,False,True,True,False,False,False,D,False,,,,,NONE,長期調整後 / 安値切り上げ / 25日線付近,
2026-09-07,7.1-EARLY-RESEARCH-R2,4502,武田薬品工業,5777.0,0.2081526452732074,4.277978339350175,-0.8613419395643362,1.8756260316295847,0.6372454534215819,-4.243328360682908,106,False,False,True,False,True,False,False,D,False,,,,,NONE,高値持ち合い後 / 25日線付近,
2026-09-07,7.1-EARLY-RESEARCH-R2,8309,三井住友トラストグループ,1782.0,0.2813731007315745,6.039869086581384,-1.2285941709137715,3.1799337610301848,0.6659077425558668,-74.52466047176554,28,True,True,True,False,False,False,False,D,False,,,,,NONE,安値切り上げ / 5日線上向き,
2026-09-07,7.1-EARLY-RESEARCH-R2,6178,日本郵政,2497.0,0.4222803136939568,3.4382767191383667,-0.4372888660906349,3.812414251860474,0.5916303189277858,-4.072224356511722,1,True,True,True,False,False,False,False,D,False,,,,,NONE,安値切り上げ / 5日線上向き,
2026-09-07,7.1-EARLY-RESEARCH-R2,8308,りそなホールディングス,2542.5,0.4940711462450675,9.922178988326856,-1.9864736008366468,5.289966704765692,0.7127870901502131,-2.249134948096887,2,True,True,True,False,False,False,False,D,False,,,,,NONE,安値切り上げ / 5日線上向き,
2026-09-07,7.1-EARLY-RESEARCH-R2,6954,ファナック,6011.0,-0.7266721717588798,-8.018362662586076,1.2779184938876391,-2.7874812399730886,0.7267130595349603,-32.30855855855855,80,False,False,True,True,False,False,False,D,False,,,,,NONE,長期調整後 / 勢い改善 / 25日線付近,
2026-09-07,7.1-EARLY-RESEARCH-R2,6326,クボタ,2917.0,-0.5285592497868752,5.688405797101459,-1.95066069906224,5.060327750765348,1.0850081159679277,-10.740514075887395,138,True,True,True,False,True,False,False,D,False,,,,,NONE,高値持ち合い後 / 安値切り上げ / 5日線上向き,
2026-09-07,7.1-EARLY-RESEARCH-R2,8725,ＭＳ＆ＡＤインシュアランスグループホールディングス,5149.0,0.8224006265909578,6.164948453608243,-0.718836486811103,3.6858935633794943,0.7844022283955852,-3.1232361241768536,1,True,True,True,False,False,False,False,D,False,,,,,NONE,安値切り上げ / 5日線上向き,
2026-09-07,7.1-EARLY-RESEARCH-R2,9107,川崎汽船,3425.0,2.8528528528528607,19.96497373029773,-2.1383905797215714,8.643244134850846,0.6957299591646875,-4.622667780562518,9,True,True,True,False,False,False,False,D,False,,,,,NONE,安値切り上げ / 5日線上向き,
2026-09-07,7.1-EARLY-RESEARCH-R2,4005,住友化学,590.4,3.1807060468367565,15.90106007067138,-0.7945589708310887,8.120778821219798,0.8537127277099333,-7.576706324358174,2,True,True,True,False,False,False,False,D,False,,,,,NONE,安値切り上げ / 5日線上向き,
2026-09-07,7.1-EARLY-RESEARCH-R2,6981,村田製作所,7620.0,5.965790571547758,4.9153242461792646,4.736959510002942,3.082742163276575,0.9055420677032602,-40.90732842186894,53,False,True,True,False,False,False,False,D,False,,,,,NONE,5日線上向き / 勢い改善,
2026-09-07,7.1-EARLY-RESEARCH-R2,3103,ユニチカ,1424.0,-14.781567923399164,39.33463796477494,-24.6152274145929,3.479347731302518,0.4138482575162205,-67.48858447488584,93,True,False,True,True,False,False,False,E,False,,,,,NONE,長期調整後 / 安値切り上げ,
2026-09-07,7.1-EARLY-RESEARCH-R2,5706,三井金属,25800.0,-12.080422559209405,-19.92551210428305,-7.09904453313864,-11.540228623936256,0.8158388617318436,-55.28596187175043,71,False,False,True,True,False,False,False,E,False,,,,,NONE,長期調整後,
2026-09-07,7.1-EARLY-RESEARCH-R2,6098,リクルートホールディングス,16140.0,-11.391710129014552,22.597797189517664,-17.041159426393968,1.9699018208008343,0.7012341019229343,-11.391710129014552,5,False,False,True,False,False,False,False,E,False,,,,,NONE,25日線付近,
2026-09-07,7.1-EARLY-RESEARCH-R2,5713,住友金属鉱山,9939.0,-10.580296896086372,10.44560506722969,-13.191698162893797,-1.612373142424972,0.5993123485193972,-25.27067669172932,128,False,False,True,True,False,False,False,E,False,,,,,NONE,長期調整後 / 25日線付近,
2026-09-07,7.1-EARLY-RESEARCH-R2,1721,コムシスホールディングス,5419.0,-0.8054182683507216,3.2977506671749923,-1.6298559351444697,1.4383694984800188,0.8716086306344798,-12.751569795524064,82,True,False,True,False,True,False,False,D,False,,,,,NONE,高値持ち合い後 / 安値切り上げ / 25日線付近,
2026-09-07,7.1-EARLY-RESEARCH-R2,7270,ＳＵＢＡＲＵ,2640.5,-1.0307346326836608,2.8432327166504345,-1.7415428118462697,1.289664273000679,0.6363992719446518,-27.49862712795168,176,True,False,True,True,False,False,False,D,False,,,,,NONE,長期調整後 / 安値切り上げ / 25日線付近,
2026-09-07,7.1-EARLY-RESEARCH-R2,4042,東ソー,2639.5,-1.0496719775070271,-3.03085966201323,-0.2919570620037198,-1.633784760783208,0.9781440707175152,-14.468567725210624,57,True,False,True,False,True,False,False,D,False,,,,,NONE,高値持ち合い後 / 安値切り上げ / 25日線付近,
2026-09-07,7.1-EARLY-RESEARCH-R2,7735,ＳＣＲＥＥＮホールディングス,13515.0,-0.6249999999999978,3.286205578907153,-1.446551394726786,0.7394266461933086,0.6471479147456081,-43.38081273565144,130,True,False,True,True,False,False,False,D,False,,,,,NONE,長期調整後 / 安値切り上げ / 25日線付近,
2026-09-07,7.1-EARLY-RESEARCH-R2,4188,三菱ケミカルグループ,1227.0,1.7412935323383172,0.656275635767023,1.5772246233965614,3.029590568636009,0.6851156999957069,-5.977011494252871,2,True,True,False,False,False,False,False,D,False,,,,,NONE,安値切り上げ / 5日線上向き / 勢い改善,
2026-09-07,7.1-EARLY-RESEARCH-R2,3861,王子ホールディングス,873.9,-1.0529891304347894,-1.3545546901456151,-0.7143504578983856,0.1297022805602399,1.1689287474604186,-11.789643686282435,130,False,False,True,False,True,False,False,D,False,,,,,NONE,高値持ち合い後 / 出来高1.2倍 / 25日線付近,
2026-09-07,7.1-EARLY-RESEARCH-R2,8604,野村ホールディングス,1656.0,1.253439315194127,6.017925736235585,-0.2510421188647693,4.881817951511147,0.6383778162518737,-1.3404825737265424,1,True,True,True,False,False,False,False,D,False,,,,,NONE,安値切り上げ / 5日線上向き,
2026-09-07,7.1-EARLY-RESEARCH-R2,6753,シャープ,637.4,-3.977101536607408,-0.8554985223207301,-3.7632269060272256,-0.4578874708744851,0.580681625170582,-29.569060773480672,200,True,False,True,True,False,False,False,D,False,,,,,NONE,長期調整後 / 安値切り上げ / 25日線付近,
2026-09-07,7.1-EARLY-RESEARCH-R2,9843,ニトリホールディングス,3216.0,5.5118110236220375,13.840707964601773,2.0516340324715943,8.048541210304915,0.8148875077236215,-78.137321549966,236,False,True,True,True,False,False,False,C,False,,,,,NONE,長期調整後 / 5日線上向き / 勢い改善,
2026-09-07,7.1-EARLY-RESEARCH-R2,6920,レーザーテック,35590.0,5.79667063020215,-4.991991457554724,7.04466849459083,-4.024550730265575,1.208778321143289,-39.24547627176511,54,False,True,True,False,False,False,False,C,False,,,,,NONE,5日線上向き / 出来高1.2倍 / 勢い改善,
2026-09-07,7.1-EARLY-RESEARCH-R2,285A,キオクシアホールディングス,59530.0,19.08381676335267,24.72239681542008,12.90321755949765,14.314573427862577,0.8565029735679959,-47.17834960070984,53,True,True,True,False,False,False,False,C,False,,,,,NONE,安値切り上げ / 5日線上向き / 勢い改善,
2026-09-07,7.1-EARLY-RESEARCH-R2,2413,エムスリー,1703.5,-7.115594329334785,11.339869281045756,-9.950561649596224,-1.6591234470973992,0.7122616323417239,-37.96431172614712,196,True,False,True,True,False,False,False,D,False,,,,,NONE,長期調整後 / 安値切り上げ / 25日線付近,
2026-09-07,7.1-EARLY-RESEARCH-R2,7211,三菱自動車工業,367.6,-6.558210472801207,5.269186712485685,-7.875507150922628,1.829383151059849,0.9400559114826345,-19.737991266375545,140,True,False,True,True,False,False,False,D,False,,,,,NONE,長期調整後 / 安値切り上げ / 25日線付近,
2026-09-07,7.1-EARLY-RESEARCH-R2,7261,マツダ,1162.0,-5.681818181818176,-0.5562687205819428,-5.54275100167269,-1.834893386949621,1.3241234533869104,-16.702508960573482,135,False,False,True,True,False,False,False,D,False,,,,,NONE,長期調整後 / 出来高1.3倍 / 25日線付近,
2026-09-07,7.1-EARLY-RESEARCH-R2,8058,三菱商事,4990.0,3.871773522064936,2.506162695152004,3.2452328482769355,3.88647851902435,1.0104688335724945,-16.999334664005328,79,True,True,False,True,False,False,False,C,False,,,,,NONE,長期調整後 / 安値切り上げ / 5日線上向き / 勢い改善,
2026-09-07,7.1-EARLY-RESEARCH-R2,4151,協和キリン,2390.0,-9.056316590563164,-6.145690162968776,-7.519894049820969,-6.132420055456489,0.7874752421048441,-17.92582417582418,129,False,False,False,True,False,False,False,E,False,,,,,NONE,長期調整後,
2026-09-07,7.1-EARLY-RESEARCH-R2,6988,日東電工,3379.0,-3.787015945330297,-3.923798692067104,-2.806066272313521,-2.315066433849456,0.8258803215342447,-16.93706981317601,210,True,False,True,True,False,False,False,D,False,,,,,NONE,長期調整後 / 安値切り上げ / 25日線付近,
2026-09-07,7.1-EARLY-RESEARCH-R2,6762,ＴＤＫ,2980.5,-3.167641325536064,-0.2510040160642601,-3.1048903215199983,-2.48650417143792,1.1470050353692087,-30.926998841251454,68,False,False,True,True,False,False,False,D,False,,,,,NONE,長期調整後 / 出来高1.1倍 / 25日線付近,
2026-09-07,7.1-EARLY-RESEARCH-R2,9432,ＮＴＴ,168.8,-2.1449275362318776,6.498422712933771,-3.76953321446532,2.9971687982036643,1.0039087580272583,-4.09090909090909,2,True,True,True,False,False,False,False,D,False,,,,,NONE,安値切り上げ / 5日線上向き / 25日線付近,
2026-09-07,7.1-EARLY-RESEARCH-R2,7202,いすゞ自動車,2224.5,-2.732837778749453,-2.839047827036467,-2.023075821990336,-0.9775379931091566,0.8943832513084915,-24.05257767156026,139,True,False,True,True,False,False,False,D,False,,,,,NONE,長期調整後 / 安値切り上げ / 25日線付近,
2026-09-07,7.1-EARLY-RESEARCH-R2,7203,トヨタ自動車,3096.0,-1.9011406844106515,3.892617449664426,-2.874295046826758,1.5541458102354522,0.5718411080073357,-22.6,141,True,False,True,True,False,False,False,D,False,,,,,NONE,長期調整後 / 安値切り上げ / 25日線付近,
2026-09-07,7.1-EARLY-RESEARCH-R2,4506,住友ファーマ,1618.5,4.150579150579148,24.98069498069497,-2.094594594594596,13.333986891490678,0.8978864552980996,-50.77554744525548,136,True,True,True,True,False,False,False,C,False,,,,,NONE,長期調整後 / 安値切り上げ / 5日線上向き,
2026-09-07,7.1-EARLY-RESEARCH-R2,4004,レゾナック・ホールディングス,16580.0,4.638687283054588,1.128392802683753,4.35658908238365,3.333084037593803,0.9393265604461752,-19.102220053671623,80,False,True,True,True,False,False,False,C,False,,,,,NONE,長期調整後 / 5日線上向き / 勢い改善,
2026-09-07,7.1-EARLY-RESEARCH-R2,6301,小松製作所,7576.0,1.8553374563054608,3.088855626615872,1.0831235496514935,3.6899156903536623,0.7581371395822771,-3.367346938775506,138,True,True,True,False,True,False,False,B,False,,,,,NONE,高値持ち合い後 / 安値切り上げ / 5日線上向き / 勢い改善,
2026-09-07,7.1-EARLY-RESEARCH-R2,3405,クラレ,1811.5,-2.0016229375169003,-7.316449219749299,-0.1725106325795755,-2.177317449860139,0.7374334933214273,-13.24233716475096,20,True,False,True,False,True,False,False,D,False,,,,,NONE,高値持ち合い後 / 安値切り上げ / 25日線付近,
2026-09-07,7.1-EARLY-RESEARCH-R2,9007,小田急電鉄,1763.0,-1.1217049915872137,3.280609256004685,-1.9418573055883848,1.2915680371383242,0.9528958456693184,-5.847797062750337,27,True,False,True,False,True,False,False,D,False,,,,,NONE,高値持ち合い後 / 安値切り上げ / 25日線付近,
2026-09-07,7.1-EARLY-RESEARCH-R2,7751,キヤノン,4502.0,-3.700534759358287,-2.869471413160729,-2.9831669060681048,-1.845359566043992,1.1456571444539234,-10.55036757401152,141,False,False,True,False,True,False,False,D,False,,,,,NONE,高値持ち合い後 / 出来高1.1倍 / 25日線付近,
2026-09-07,7.1-EARLY-RESEARCH-R2,8591,オリックス,6201.0,-1.3208147676639137,-2.1306818181818232,-0.7881443131184579,-1.4788499669530777,0.6361177439829427,-7.170658682634734,28,True,False,True,False,True,False,False,D,False,,,,,NONE,高値持ち合い後 / 安値切り上げ / 25日線付近,
2026-09-07,7.1-EARLY-RESEARCH-R2,6501,日立製作所,5358.0,-1.471129091577783,-4.661921708185057,-0.3056486645315188,-1.5746585055807505,0.6851029215424291,-11.276701440635872,140,True,False,True,False,True,False,False,D,False,,,,,NONE,高値持ち合い後 / 安値切り上げ / 25日線付近,
2026-09-07,7.1-EARLY-RESEARCH-R2,3101,東洋紡,1644.0,-1.7921146953404965,1.6697588126159513,-2.2095543984944843,0.3736537475272916,0.6499729644062424,-15.475578406169666,68,True,False,True,True,False,False,False,D,False,,,,,NONE,長期調整後 / 安値切り上げ / 25日線付近,
2026-09-07,7.1-EARLY-RESEARCH-R2,9202,ＡＮＡホールディングス,2983.5,-1.8262586377097767,-4.984076433121021,-0.5802395294295215,-2.614571092831963,1.168267274856685,-12.737642585551336,129,False,False,True,False,True,False,False,D,False,,,,,NONE,高値持ち合い後 / 出来高1.2倍 / 25日線付近,
2026-09-07,7.1-EARLY-RESEARCH-R2,7186,横浜フィナンシャルグループ,1926.5,-1.2304537298128635,4.758020663404028,-2.4199588956638705,1.6708534757552185,0.8974933868691813,-3.4577800050112795,29,True,False,True,False,True,False,False,D,False,,,,,NONE,高値持ち合い後 / 安値切り上げ / 25日線付近,
2026-09-08,7.1-EARLY-RESEARCH-R2,9984,ソフトバンクグループ,6556.0,24.591410110224253,19.54777534646244,19.704466273608645,19.922149379536403,2.612187056598987,-76.32785701390142,209,True,True,True,True,False,False,False,A,False,,,,,NONE,長期調整後 / 安値切り上げ / 5日線上向き / 出来高2.6倍 / 勢い改善,
2026-09-08,7.1-EARLY-RESEARCH-R2,4506,住友ファーマ,1615.0,1.572327044025168,20.07434944237918,-3.446260316569627,12.0081006477744,1.1155316479091075,-50.88199513381995,137,True,True,True,True,False,False,False,B,False,,,,,NONE,長期調整後 / 安値切り上げ / 5日線上向き / 出来高1.1倍,
2026-09-08,7.1-EARLY-RESEARCH-R2,6857,アドバンテスト,33800.0,1.2582384661473878,-1.3426736719206025,1.5939068841275383,-1.6492661522166774,1.166045473734998,-12.729150529305445,17,False,True,True,False,False,False,False,B,False,,,,,NONE,5日線上向き / 出来高1.2倍 / 勢い改善 / 25日線付近,
2026-09-08,7.1-EARLY-RESEARCH-R2,1802,大林組,3050.0,-0.4893964110929905,1.060304837640813,-0.7544726205031937,0.8417808989135578,1.101256002180705,-31.29083126830368,130,True,True,True,True,False,False,False,B,False,,,,,NONE,長期調整後 / 安値切り上げ / 5日線上向き / 出来高1.1倍 / 25日線付近,
2026-09-08,7.1-EARLY-RESEARCH-R2,8001,伊藤忠商事,2277.0,5.980916918780554,8.921310691222196,3.750589245975005,8.593012275731816,1.3334204274091133,-76.99767653298312,179,True,True,True,True,False,False,False,A,False,,,,,NONE,長期調整後 / 安値切り上げ / 5日線上向き / 出来高1.3倍 / 勢い改善,
2026-09-08,7.1-EARLY-RESEARCH-R2,9021,西日本旅客鉄道,3012.0,-0.6268558231606769,4.984315092366676,-1.8729345962523456,2.2639305746064986,0.7387427774457063,-14.62585034013606,143,True,False,True,False,True,False,False,D,False,,,,,NONE,高値持ち合い後 / 安値切り上げ / 25日線付近,
2026-09-08,7.1-EARLY-RESEARCH-R2,3382,セブン＆アイ・ホールディングス,2059.5,1.253687315634222,-1.2467034284344258,1.5653631727428283,0.8579907736608661,0.5986155916084793,-14.791063301613573,139,True,True,True,False,True,False,False,A,False,,,,,NONE,高値持ち合い後 / 安値切り上げ / 5日線上向き / 勢い改善 / 25日線付近,
2026-09-08,7.1-EARLY-RESEARCH-R2,1801,大成建設,13145.0,1.1542901115813686,4.036406806489912,0.1451884099588907,2.655212807497076,1.7328628872041831,-36.43617021276596,128,False,True,True,True,False,False,False,A,False,,,,,NONE,長期調整後 / 5日線上向き / 出来高1.7倍 / 勢い改善 / 25日線付近,
2026-09-08,7.1-EARLY-RESEARCH-R2,1812,鹿島建設,5062.0,0.9170653907496052,3.263973888208893,0.1010719186973818,2.618369945102605,1.0825760203491732,-37.03980099502488,140,True,True,True,True,False,False,False,A,False,,,,,NONE,長期調整後 / 安値切り上げ / 5日線上向き / 勢い改善 / 25日線付近,
2026-09-08,7.1-EARLY-RESEARCH-R2,8766,東京海上ホールディングス,7871.0,0.8326928004099399,1.5350877192982448,0.4489208705853786,2.9260229834554785,0.8429709536504301,-7.050070854983471,28,True,True,True,False,True,False,False,A,False,,,,,NONE,高値持ち合い後 / 安値切り上げ / 5日線上向き / 勢い改善 / 25日線付近,
2026-09-08,7.1-EARLY-RESEARCH-R2,6594,ニデック,2722.0,5.87320108907039,-1.3410656034795188,6.208467489940269,1.9231345295509736,1.2390240580074603,-15.935762816553424,251,False,True,True,True,False,False,False,A,False,,,,,NONE,長期調整後 / 5日線上向き / 出来高1.2倍 / 勢い改善 / 25日線付近,
2026-09-08,7.1-EARLY-RESEARCH-R2,7911,ＴＯＰＰＡＮホールディングス,5020.0,1.5783083771752304,4.235880398671088,0.5193382775074584,0.1116783663050569,0.5758183101566807,-15.317139001349522,128,False,True,True,True,False,False,False,B,False,,,,,NONE,長期調整後 / 5日線上向き / 勢い改善 / 25日線付近,
2026-09-08,7.1-EARLY-RESEARCH-R2,9502,中部電力,2978.5,-0.6835611870623537,11.931604659902284,-3.6664623520379247,4.546922385712682,0.5588799725228463,-9.357881923311018,41,True,True,True,False,True,False,False,D,False,,,,,NONE,高値持ち合い後 / 安値切り上げ / 5日線上向き,
2026-09-08,7.1-EARLY-RESEARCH-R2,9023,東京地下鉄,1529.0,3.978238694321656,4.43989071038251,2.8682660167260288,4.036252789722927,1.6385021783338387,-13.469156762874936,234,False,True,True,False,True,False,False,B,False,,,,,NONE,高値持ち合い後 / 5日線上向き / 出来高1.6倍 / 勢い改善,
2026-09-08,7.1-EARLY-RESEARCH-R2,8267,イオン,1422.0,4.558823529411771,2.338970852824751,3.974080816205583,3.5145444486503807,0.9235186336179472,-73.90825688073394,251,True,True,True,True,False,False,False,B,False,,,,,NONE,長期調整後 / 安値切り上げ / 5日線上向き / 勢い改善,
2026-09-08,7.1-EARLY-RESEARCH-R2,9843,ニトリホールディングス,3392.0,11.947194719471945,9.41935483870968,9.592356009794525,12.82371959048183,1.7759740811436922,-76.94085656016316,237,False,True,True,True,False,False,False,B,False,,,,,NONE,長期調整後 / 5日線上向き / 出来高1.8倍 / 勢い改善,
2026-09-08,7.1-EARLY-RESEARCH-R2,6472,ＮＴＮ,370.0,-3.846153846153844,-3.846153846153844,-2.884615384615383,-3.146432123972565,1.5234650624323802,-24.024640657084184,82,True,True,True,True,False,False,False,C,False,,,,,NONE,長期調整後 / 安値切り上げ / 5日線上向き / 出来高1.5倍,
2026-09-08,7.1-EARLY-RESEARCH-R2,5401,日本製鉄,677.9,-3.198629158931887,-1.6681172033652492,-2.781599858090575,-0.2736259856419898,0.9197121927972144,-80.35072463768115,243,True,True,True,True,False,False,False,C,False,,,,,NONE,長期調整後 / 安値切り上げ / 5日線上向き / 25日線付近,
2026-09-08,7.1-EARLY-RESEARCH-R2,6305,日立建機,5750.0,-3.100775193798455,3.046594982078843,-3.862423939318166,0.7322798780701412,0.5046511952107925,-20.41522491349481,130,True,True,True,True,False,False,False,C,False,,,,,NONE,長期調整後 / 安値切り上げ / 5日線上向き / 25日線付近,
2026-09-08,7.1-EARLY-RESEARCH-R2,6301,小松製作所,7390.0,-1.5585453576661743,-0.7520816545796394,-1.3705249440212648,0.7965519122701714,1.1054859290985315,-5.739795918367352,139,False,True,True,False,True,False,False,C,False,,,,,NONE,高値持ち合い後 / 5日線上向き / 出来高1.1倍 / 25日線付近,
2026-09-08,7.1-EARLY-RESEARCH-R2,8002,丸紅,5080.0,-0.8199921905505669,2.626262626262621,-1.4765578471162222,2.1466890799559213,0.8765568793795355,-19.721871049304674,140,True,True,True,True,False,False,False,C,False,,,,,NONE,長期調整後 / 安値切り上げ / 5日線上向き / 25日線付近,
2026-09-08,7.1-EARLY-RESEARCH-R2,8053,住友商事,1838.5,-0.5947553392808835,2.9683562027443378,-1.336844389966968,3.7961676998295113,1.1134753623828442,-76.35369774919613,82,True,True,True,True,False,False,False,C,False,,,,,NONE,長期調整後 / 安値切り上げ / 5日線上向き / 出来高1.1倍,
2026-09-08,7.1-EARLY-RESEARCH-R2,9301,三菱倉庫,1536.5,-0.0975292587776288,0.919540229885052,-0.3274143162488918,1.328180643119059,0.9816001653917718,-6.963366636391156,30,True,True,True,False,True,False,False,C,False,,,,,NONE,高値持ち合い後 / 安値切り上げ / 5日線上向き / 25日線付近,
2026-09-08,7.1-EARLY-RESEARCH-R2,1803,清水建設,2456.0,0.0814995925020323,3.432301537165716,-0.7765757917893967,2.717668610049273,1.378105413803938,-32.117191818684354,128,True,True,True,True,False,False,False,A,False,,,,,NONE,長期調整後 / 安値切り上げ / 5日線上向き / 出来高1.4倍 / 25日線付近,
2026-09-08,7.1-EARLY-RESEARCH-R2,9009,京成電鉄,1389.5,2.394988946204868,8.090237261765854,0.3724296307634045,5.271531607976243,1.063214060553873,-4.238456237077881,242,True,True,True,False,True,False,False,B,False,,,,,NONE,高値持ち合い後 / 安値切り上げ / 5日線上向き / 勢い改善,
2026-09-08,7.1-EARLY-RESEARCH-R2,9008,京王電鉄,785.4,-0.1271617497456745,4.330499468650384,-1.2097866169082705,1.5631465695605362,0.8679781665462366,-81.45454545454545,135,False,False,True,True,False,False,False,E,False,,,,,NONE,長期調整後 / 25日線付近,
2026-09-08,7.1-EARLY-RESEARCH-R2,2282,日本ハム,6209.0,-2.573356347089284,1.8202689406362715,-3.028423582248352,-0.3229990753107925,1.1494981905010633,-16.320754716981135,106,False,False,True,True,False,False,False,D,False,,,,,NONE,長期調整後 / 出来高1.1倍 / 25日線付近,
2026-09-08,7.1-EARLY-RESEARCH-R2,2432,ディー・エヌ・エー,2610.5,0.1534624976021525,6.269082027274586,-1.413808009216494,3.526360456539157,1.1514433765810663,-9.514731369150777,201,True,False,True,False,True,False,False,C,False,,,,,NONE,高値持ち合い後 / 安値切り上げ / 出来高1.2倍,
2026-09-08,7.1-EARLY-RESEARCH-R2,9602,東宝,1602.0,0.881612090680095,6.127856906260343,-0.6503521358849906,4.300949255830311,0.6386529993185864,-84.02791625124625,222,True,True,True,True,False,False,False,C,False,,,,,NONE,長期調整後 / 安値切り上げ / 5日線上向き,
2026-09-08,7.1-EARLY-RESEARCH-R2,5019,出光興産,1543.0,4.080944350758853,19.196601004248738,-0.7182059003033316,12.622804840663914,1.366733044448671,-7.660083782166371,104,True,True,False,False,True,False,False,C,False,,,,,NONE,高値持ち合い後 / 安値切り上げ / 5日線上向き / 出来高1.4倍,
2026-09-08,7.1-EARLY-RESEARCH-R2,285A,キオクシアホールディングス,57410.0,12.568627450980395,19.57925432201624,7.673813870476338,9.54936113697773,0.9459095635023794,-49.05944986690328,54,True,True,True,False,False,False,False,C,False,,,,,NONE,安値切り上げ / 5日線上向き / 勢い改善,
2026-09-08,7.1-EARLY-RESEARCH-R2,7203,トヨタ自動車,2968.5,-8.464384828862158,-0.4193223750419306,-8.359554235101676,-2.634461857374337,1.3298831077617457,-25.7875,142,False,False,True,True,False,False,False,D,False,,,,,NONE,長期調整後 / 出来高1.3倍 / 25日線付近,
2026-09-08,7.1-EARLY-RESEARCH-R2,7270,ＳＵＢＡＲＵ,2539.5,-7.16505209285323,-2.8871892925430243,-6.443254769717474,-2.4672202293623657,1.287907297261633,-30.271828665568368,177,False,False,True,True,False,False,False,D,False,,,,,NONE,長期調整後 / 出来高1.3倍 / 25日線付近,
2026-09-08,7.1-EARLY-RESEARCH-R2,6326,クボタ,2789.5,-7.140479360852192,0.9591024249004708,-7.38025496707731,0.3633877815355735,0.9463926430776036,-14.641982864137082,139,True,False,True,False,True,False,False,D,False,,,,,NONE,高値持ち合い後 / 安値切り上げ / 25日線付近,
2026-09-08,7.1-EARLY-RESEARCH-R2,1808,長谷工コーポレーション,2800.0,-5.501181235234565,2.7711506698476773,-6.193968902696485,-0.5907748239036503,1.259957514604355,-20.70235060889266,140,False,False,True,True,False,False,False,D,False,,,,,NONE,長期調整後 / 出来高1.3倍 / 25日線付近,
2026-09-08,7.1-EARLY-RESEARCH-R2,3289,東急不動産ホールディングス,1295.0,-4.46329767613427,-0.4611837048424272,-4.348001749923664,-1.8909663929210008,1.1791649999607834,-18.961201501877344,140,False,False,True,True,False,False,False,D,False,,,,,NONE,長期調整後 / 出来高1.2倍 / 25日線付近,
2026-09-08,7.1-EARLY-RESEARCH-R2,6702,富士通,3775.0,-4.357740055738535,1.50578112395805,-4.734185336728048,1.2998583143703613,0.6054630874531419,-19.130248500428447,159,True,False,True,True,False,False,False,D,False,,,,,NONE,長期調整後 / 安値切り上げ / 25日線付近,
2026-09-08,7.1-EARLY-RESEARCH-R2,9531,東京瓦斯,6147.0,-3.485633537447008,3.9222316145393066,-4.466191441081834,1.013586795764243,0.7836041319631082,-22.84423245889293,126,True,False,True,True,False,False,False,D,False,,,,,NONE,長期調整後 / 安値切り上げ / 25日線付近,
2026-09-08,7.1-EARLY-RESEARCH-R2,4324,電通グループ,3607.0,-3.193773483628559,-4.425013248542664,-2.0875201714928933,-0.4998455223551246,0.7310035532032416,-6.892101187403199,28,True,False,True,False,True,False,False,D,False,,,,,NONE,高値持ち合い後 / 安値切り上げ / 25日線付近,
2026-09-08,7.1-EARLY-RESEARCH-R2,9501,東京電力ホールディングス,556.7,-2.7258430892888152,6.749760306807295,-4.413283165990639,4.05062912595231,0.7831806795220705,-40.73876942729401,199,True,True,True,True,False,False,False,D,False,,,,,NONE,長期調整後 / 安値切り上げ / 5日線上向き,
2026-09-08,7.1-EARLY-RESEARCH-R2,8795,Ｔ＆Ｄホールディングス,4817.0,-2.686868686868682,-0.618939550237263,-2.532133799309366,-1.2683238776112549,0.8104393753621041,-6.935857805255019,30,True,False,True,False,True,False,False,D,False,,,,,NONE,高値持ち合い後 / 安値切り上げ / 25日線付近,
2026-09-08,7.1-EARLY-RESEARCH-R2,8750,第一ライフグループ,1822.5,-2.4618678084024626,-0.9241641750475704,-2.23082676464057,-1.4022787028922012,0.665233446973475,-6.967840735068909,30,True,False,True,False,True,False,False,D,False,,,,,NONE,高値持ち合い後 / 安値切り上げ / 25日線付近,
2026-09-08,7.1-EARLY-RESEARCH-R2,4004,レゾナック・ホールディングス,15675.0,-2.1535580524344566,-4.040404040404044,-1.1434570423334456,-2.698978261679219,0.9782003081973468,-23.517931202732377,81,False,True,True,True,False,False,False,D,False,,,,,NONE,長期調整後 / 5日線上向き / 25日線付近,
2026-09-08,7.1-EARLY-RESEARCH-R2,4507,塩野義製薬,2897.5,-1.7796610169491522,1.952850105559456,-2.2678735433390163,0.6230118490324843,0.8952309703302395,-22.89781798829165,103,True,False,True,True,False,False,False,D,False,,,,,NONE,長期調整後 / 安値切り上げ / 25日線付近,
2026-09-08,7.1-EARLY-RESEARCH-R2,1721,コムシスホールディングス,5459.0,-1.639639639639645,3.684710351377008,-2.5608172274838967,1.9893433373439076,0.8796793545175909,-12.107551118982451,83,True,False,True,False,True,False,False,D,False,,,,,NONE,高値持ち合い後 / 安値切り上げ / 25日線付近,
2026-09-08,7.1-EARLY-RESEARCH-R2,7735,ＳＣＲＥＥＮホールディングス,13270.0,-1.5578635014836806,0.7210626185958358,-1.7381291561326395,-1.3573584288539051,0.7387261514742725,-44.40720569752828,131,True,False,True,True,False,False,False,D,False,,,,,NONE,長期調整後 / 安値切り上げ / 25日線付近,
2026-09-08,7.1-EARLY-RESEARCH-R2,8306,三菱ＵＦＪフィナンシャル・グループ,3656.0,-1.189189189189188,4.15954415954416,-2.229075229075228,1.2686277768544807,0.8990722664921673,-4.1174927878311,30,True,False,True,False,True,False,False,D,False,,,,,NONE,高値持ち合い後 / 安値切り上げ / 25日線付近,
2026-09-08,7.1-EARLY-RESEARCH-R2,8316,三井住友フィナンシャルグループ,6928.0,-1.1556570124126142,4.510484235933032,-2.2832780713958725,1.648561250300773,0.9159905759959656,-4.573002754820932,30,True,False,True,False,True,False,False,D,False,,,,,NONE,高値持ち合い後 / 安値切り上げ / 25日線付近,
2026-09-08,7.1-EARLY-RESEARCH-R2,2002,日清製粉グループ本社,2044.5,-0.8486905916585852,2.35294117647058,-1.43692588577623,0.9270777797523831,1.1526306798770072,-7.0047759836252,102,False,False,True,False,True,False,False,D,False,,,,,NONE,高値持ち合い後 / 出来高1.2倍 / 25日線付近,
2026-09-08,7.1-EARLY-RESEARCH-R2,5020,ＥＮＥＯＳホールディングス,1393.5,0.3239740820734305,9.940828402366876,-2.1612330185182884,5.365433181605095,1.1616026697463002,-10.241545893719806,129,True,True,False,False,True,False,False,C,False,,,,,NONE,高値持ち合い後 / 安値切り上げ / 5日線上向き / 出来高1.2倍,
2026-09-08,7.1-EARLY-RESEARCH-R2,9005,東急,1649.5,-0.7819548872180504,0.3040437823046416,-0.8579658327942108,-0.2539759327568558,1.372610862297357,-17.976131277971163,129,False,False,True,True,False,False,False,D,False,,,,,NONE,長期調整後 / 出来高1.4倍 / 25日線付近,
2026-09-08,7.1-EARLY-RESEARCH-R2,1963,日揮ホールディングス,2367.0,-0.5044136191677207,3.633975481611218,-1.4129074895705251,2.420534300277799,0.6735296687931487,-19.146029035012813,74,True,True,True,True,False,False,False,C,False,,,,,NONE,長期調整後 / 安値切り上げ / 5日線上向き / 25日線付近,
2026-09-08,7.1-EARLY-RESEARCH-R2,9104,商船三井,7114.0,0.950759188307071,13.298295906991564,-2.37381478844082,5.021671607241984,0.5720920817969956,-5.260354241576771,10,False,True,True,False,False,False,False,E,False,,,,,NONE,5日線上向き,
2026-09-08,7.1-EARLY-RESEARCH-R2,7211,三菱自動車工業,345.9,-13.503375843960995,-1.368691189050475,-13.161203046698375,-4.052059871070823,1.3638804688814803,-24.475982532751097,141,False,False,False,True,False,False,False,E,False,,,,,NONE,長期調整後 / 出来高1.4倍,
2026-09-08,7.1-EARLY-RESEARCH-R2,6762,ＴＤＫ,2775.0,-9.873335498538482,-8.866995073891626,-7.656586730065576,-8.83166547299118,1.268488105074359,-35.68945538818077,69,False,False,True,True,False,False,False,E,False,,,,,NONE,長期調整後 / 出来高1.3倍,
2026-09-08,7.1-EARLY-RESEARCH-R2,7532,パン・パシフィック・インターナショナルホールディングス,777.7,0.141643059490093,-16.051381692573397,4.154488482633442,-7.722500664464449,0.8096588864193577,-85.96969150279632,243,False,False,True,True,False,False,False,D,False,,,,,NONE,長期調整後 / 勢い改善,
2026-09-08,7.1-EARLY-RESEARCH-R2,8604,野村ホールディングス,1648.5,0.4876562023773179,6.354838709677413,-1.101053475042035,4.029937399030681,0.9866416925052602,-1.9916765755053525,0,True,True,True,False,False,False,False,D,False,,,,,NONE,安値切り上げ / 5日線上向き,
2026-09-08,7.1-EARLY-RESEARCH-R2,9107,川崎汽船,3427.0,1.3006207508128975,19.034386939909687,-3.4579759841645243,7.941087537166758,0.5105095607590052,-4.566972988025619,10,True,True,True,False,False,False,False,D,False,,,,,NONE,安値切り上げ / 5日線上向き,
2026-09-08,7.1-EARLY-RESEARCH-R2,9101,日本郵船,7290.0,2.7918781725888357,18.4018190677278,-1.808576594343115,8.225108225108224,0.7125874513921792,-2.3442732752846585,1,True,True,True,False,False,False,False,D,False,,,,,NONE,安値切り上げ / 5日線上向き,
2026-09-08,7.1-EARLY-RESEARCH-R2,6920,レーザーテック,34910.0,5.532043530834341,-11.82116696135388,8.48733527117281,-5.245043753935685,1.0184075624323945,-40.406282007511095,55,False,True,True,False,False,False,False,D,False,,,,,NONE,5日線上向き / 勢い改善,
2026-09-08,7.1-EARLY-RESEARCH-R2,7762,シチズン時計,2320.0,-18.396060499472387,-9.762738234150136,-15.955375940934854,-11.264782828205554,1.3134692737019362,-20.547945205479454,16,False,False,True,False,False,False,False,E,False,,,,,NONE,出来高1.3倍,
2026-09-08,7.1-EARLY-RESEARCH-R2,5713,住友金属鉱山,9767.0,-13.909211106214192,-2.9607550919026338,-13.169022333238534,-4.001525439055175,0.6670076396511524,-26.56390977443609,129,False,False,True,True,False,False,False,E,False,,,,,NONE,長期調整後,
2026-09-08,7.1-EARLY-RESEARCH-R2,5711,三菱マテリアル,5107.0,-13.820452244346948,-0.0978090766823203,-13.795999975176368,-3.8476021207374367,0.5522512099336777,-16.81055546505945,7,False,False,True,False,False,False,False,E,False,,,,,NONE,,
2026-09-08,7.1-EARLY-RESEARCH-R2,7261,マツダ,1098.5,-13.639937106918245,-6.98560541913632,-11.893535752134165,-7.062725257618574,1.850333584838603,-21.254480286738357,136,False,False,False,True,False,False,False,E,False,,,,,NONE,長期調整後 / 出来高1.9倍,
2026-09-08,7.1-EARLY-RESEARCH-R2,7731,ニコン,1816.0,-7.157464212678932,-12.121945318170823,-4.1269778831362265,-7.339374642827979,0.993193290994952,-24.016736401673644,80,False,False,True,True,False,False,False,E,False,,,,,NONE,長期調整後,
2026-09-08,7.1-EARLY-RESEARCH-R2,5706,三井金属,24905.0,-13.599306157849089,-10.59055824807037,-10.951666595831496,-13.902179324077668,0.7139697671757024,-56.83708838821491,72,False,False,True,True,False,False,False,E,False,,,,,NONE,長期調整後,
2026-09-08,7.1-EARLY-RESEARCH-R2,4631,ＤＩＣ,4608.0,-12.974504249291783,-14.31759018222387,-9.395106703735816,-9.437522109979945,0.984604150185602,-21.57930565010211,18,False,False,True,False,False,False,False,E,False,,,,,NONE,,
2026-09-08,7.1-EARLY-RESEARCH-R2,7269,スズキ,1980.0,-12.195121951219512,-2.3668639053254448,-11.603405974888153,-4.417089065894276,1.0148191672576234,-19.935301253538217,190,False,False,True,True,False,False,False,E,False,,,,,NONE,長期調整後,
2026-09-08,7.1-EARLY-RESEARCH-R2,4151,協和キリン,2363.0,-12.058057312988469,-7.785365853658533,-10.111715849573836,-6.969968976866503,0.87287773800532,-18.853021978021975,130,False,False,False,True,False,False,False,E,False,,,,,NONE,長期調整後,
2026-09-08,7.1-EARLY-RESEARCH-R2,5714,ＤＯＷＡホールディングス,9001.0,-11.754901960784316,-5.689438390611901,-10.332542363131338,-6.063452306407847,0.6725798552538499,-27.29402261712439,80,False,False,True,True,False,False,False,E,False,,,,,NONE,長期調整後,
2026-09-08,7.1-EARLY-RESEARCH-R2,6841,横河電機,4518.0,-11.411764705882357,-17.146524848707134,-7.125133493705572,-12.898300379407136,0.853959936076114,-28.47870824758588,130,False,False,True,True,False,False,False,E,False,,,,,NONE,長期調整後,
2026-09-08,7.1-EARLY-RESEARCH-R2,3099,三越伊勢丹ホールディングス,3118.0,-11.319681456200223,-14.458161865569274,-7.705140989807907,-10.621122997718224,0.7993154577050654,-25.62022900763359,48,False,False,False,False,False,False,False,E,False,,,,,NONE,,
2026-09-08,7.1-EARLY-RESEARCH-R2,6770,アルプスアルパイン,2069.5,-11.237400814926012,-3.699395067473243,-10.312552048057702,-5.577303877284701,1.9057319873197724,-13.608849926946354,131,False,False,False,False,True,False,False,E,False,,,,,NONE,高値持ち合い後 / 出来高1.9倍,
2026-09-08,7.1-EARLY-RESEARCH-R2,6988,日東電工,3179.0,-11.201117318435749,-10.57665260196906,-8.556954167943484,-7.915928024378093,1.2911516363553726,-21.85349065880039,211,False,False,False,True,False,False,False,E,False,,,,,NONE,長期調整後 / 出来高1.3倍,
2026-09-08,7.1-EARLY-RESEARCH-R2,3401,帝人,1622.0,-11.123287671232871,-8.07594219325588,-9.104302122918902,-6.546363835401747,1.0197932320890506,-11.123287671232871,5,False,False,True,False,False,False,False,E,False,,,,,NONE,,
2026-09-08,7.1-EARLY-RESEARCH-R2,3086,Ｊ．フロント　リテイリング,2614.5,-10.859188544152742,-12.368024132730016,-7.767182510970239,-10.553001067411117,1.073335309559536,-27.71633950787946,48,False,False,False,False,False,False,False,E,False,,,,,NONE,,
2026-09-08,7.1-EARLY-RESEARCH-R2,3101,東洋紡,1581.0,-10.829103214890011,-0.5660377358490565,-10.687593780927749,-3.50577378481971,0.9829732574872276,-18.71465295629821,69,False,False,True,True,False,False,False,E,False,,,,,NONE,長期調整後,
2026-09-08,7.1-EARLY-RESEARCH-R2,2501,サッポロビール,1876.0,0.7789417136717658,-3.7948717948717903,1.7276596623897134,-2.4522140643524204,0.753478936190446,-77.33478313398574,189,False,False,True,True,False,False,False,C,False,,,,,NONE,長期調整後 / 勢い改善 / 25日線付近,
2026-09-08,7.1-EARLY-RESEARCH-R2,9434,ソフトバンク,241.0,-0.0414765657403504,5.516637478108577,-1.4206359352674949,2.644042386452683,0.8668804137718809,-0.6595218466611708,4,True,True,True,False,False,False,False,D,False,,,,,NONE,安値切り上げ / 5日線上向き / 25日線付近,
2026-09-08,7.1-EARLY-RESEARCH-R2,9433,ＫＤＤＩ,2990.5,-0.5487196541403394,5.671378091872792,-1.9665641771085371,2.9219438325991165,0.6230747037621944,-4.181352130727333,27,True,False,True,False,True,False,False,D,False,,,,,NONE,高値持ち合い後 / 安値切り上げ / 25日線付近,
2026-09-08,7.1-EARLY-RESEARCH-R2,7201,日産自動車,302.5,-10.740631454706396,-13.571428571428568,-7.347774311849253,-7.465188556885205,1.6373756281049503,-35.08583690987125,137,False,False,True,True,False,False,False,E,False,,,,,NONE,長期調整後 / 出来高1.6倍,
2026-09-08,7.1-EARLY-RESEARCH-R2,6724,セイコーエプソン,2972.0,-10.400964727163098,-8.973966309341497,-8.157473149827723,-5.209037673985439,0.937783610716563,-10.80432172869148,5,False,False,True,False,False,False,False,E,False,,,,,NONE,,
2026-09-08,7.1-EARLY-RESEARCH-R2,6758,ソニーグループ,3654.0,-9.688581314878896,-2.922422954303927,-8.957975576302916,-3.7326645028031846,1.1706748159130356,-23.492462311557794,199,False,False,True,True,False,False,False,E,False,,,,,NONE,長期調整後 / 出来高1.2倍,
2026-09-08,7.1-EARLY-RESEARCH-R2,6103,オークマ,4320.0,-9.433962264150942,-21.73913043478261,-3.9991796554552903,-14.118722913601845,1.1293152445202264,-24.34325744308231,20,False,False,True,False,False,False,False,E,False,,,,,NONE,出来高1.1倍,
2026-09-08,7.1-EARLY-RESEARCH-R2,5108,ブリヂストン,3797.0,-8.857417186749883,-12.10648148148148,-5.830796816379513,-6.928062280005099,1.1539722007582704,-49.03355704697987,186,False,False,True,True,False,False,False,E,False,,,,,NONE,長期調整後 / 出来高1.2倍,
2026-09-08,7.1-EARLY-RESEARCH-R2,8233,高島屋,2117.0,-8.769661710838184,-8.116319444444443,-6.740581849727073,-8.249326063779073,1.2477392081235972,-18.84224650182097,50,False,False,False,False,False,False,False,E,False,,,,,NONE,出来高1.2倍,
2026-09-08,7.1-EARLY-RESEARCH-R2,6645,オムロン,5980.0,-8.744086677857466,-13.005528076811167,-5.492704658654674,-7.834385480370876,0.7983395523106485,-17.460317460317466,15,False,False,True,False,False,False,False,E,False,,,,,NONE,,
2026-09-08,7.1-EARLY-RESEARCH-R2,4543,テルモ,2326.5,-8.567498526233052,-9.668025626092025,-6.150492119710046,-7.044853405358764,0.8497504129217817,-14.087887740029537,247,False,False,True,False,True,False,False,E,False,,,,,NONE,高値持ち合い後,
2026-09-08,7.1-EARLY-RESEARCH-R2,6701,日本電気,4579.0,-8.511488511488508,-6.321603927986907,-6.931087529491782,-4.08141035309102,0.5731441048034934,-26.073619631901845,192,False,False,True,True,False,False,False,E,False,,,,,NONE,長期調整後,
2026-09-08,7.1-EARLY-RESEARCH-R2,5101,横浜ゴム,6809.0,-8.431952662721898,-9.01924104756815,-6.17714240082986,-8.510203752573108,1.0633215765758577,-17.87480400434206,19,False,False,True,False,False,False,False,E,False,,,,,NONE,,
2026-09-08,7.1-EARLY-RESEARCH-R2,4183,三井化学,2124.5,-8.42672413793103,-3.912256897331523,-7.448659913598149,-2.5932344823159315,0.6394640827800706,-47.12543554006968,188,True,False,False,True,False,False,False,E,False,,,,,NONE,長期調整後 / 安値切り上げ / 25日線付近,
2026-09-08,7.1-EARLY-RESEARCH-R2,4005,住友化学,568.1,-8.38574423480084,9.313065229940351,-10.71401054228593,3.615697203598201,0.9083994569950924,-11.067626800250462,3,True,False,True,False,False,False,False,E,False,,,,,NONE,安値切り上げ,
2026-09-08,7.1-EARLY-RESEARCH-R2,4188,三菱ケミカルグループ,1161.5,-8.290564547966838,-5.7606490872210925,-6.850402276161565,-2.5554548810362787,0.742875803513114,-10.996168582375477,3,True,False,False,False,False,False,False,E,False,,,,,NONE,安値切り上げ / 25日線付近,
2026-09-08,7.1-EARLY-RESEARCH-R2,8697,日本取引所グループ,2203.5,-0.5865102639296182,-2.500000000000002,0.0384897360703823,-1.552992056329483,0.9336138699727758,-6.472835314091685,28,False,False,True,False,True,False,False,D,False,,,,,NONE,高値持ち合い後 / 勢い改善 / 25日線付近,
2026-09-08,7.1-EARLY-RESEARCH-R2,6503,三菱電機,5066.0,-8.241260641188186,-13.312799452429848,-4.913060778080724,-10.532636337948563,1.1699552616756952,-24.229733772061024,72,False,False,True,True,False,False,False,E,False,,,,,NONE,長期調整後 / 出来高1.2倍,
2026-09-08,7.1-EARLY-RESEARCH-R2,7751,キヤノン,4362.0,-8.16842105263158,-5.747623163353499,-6.731515261793205,-4.832966802806582,1.065166760438065,-13.332008742300816,142,False,False,False,False,True,False,False,E,False,,,,,NONE,高値持ち合い後,
2026-09-08,7.1-EARLY-RESEARCH-R2,6473,ジェイテクト,2010.5,-8.028362305580972,-5.20980669495521,-6.725910631842169,-5.134665836211627,1.752807206190837,-11.216604106866855,26,False,False,False,False,True,False,False,E,False,,,,,NONE,高値持ち合い後 / 出来高1.8倍,
2026-09-08,7.1-EARLY-RESEARCH-R2,9147,ＮＩＰＰＯＮ　ＥＸＰＲＥＳＳホールディングス,5399.0,-7.961131946812139,-3.156950672645742,-7.171894278650703,-2.8607412738395066,0.8806453137825375,-7.961131946812139,5,False,False,True,False,False,False,False,E,False,,,,,NONE,25日線付近,
2026-09-08,7.1-EARLY-RESEARCH-R2,3402,東レ,1212.5,-7.899734143562476,-11.72187841281398,-4.9692645403589815,-5.987346090624324,0.7529324472251102,-13.082437275985658,20,False,False,True,False,True,False,False,E,False,,,,,NONE,高値持ち合い後,
2026-09-08,7.1-EARLY-RESEARCH-R2,7733,オリンパス,1965.0,-7.72481803240197,-6.361686919228015,-6.134396302594967,-4.816802619596605,0.6327433299069126,-11.106084596245193,13,False,False,True,False,False,False,False,E,False,,,,,NONE,,
2026-09-08,7.1-EARLY-RESEARCH-R2,3405,クラレ,1761.0,-7.559055118110236,-8.281249999999996,-5.488742618110237,-4.8221292603041865,0.8009888294330876,-15.660919540229887,21,False,False,True,False,False,False,False,E,False,,,,,NONE,,
2026-09-08,7.1-EARLY-RESEARCH-R2,4901,富士フイルムホールディングス,3197.0,-7.547715442452285,1.1068943706514789,-7.824439035115154,-4.124131809075971,0.7663081452176387,-18.19344933469805,22,False,False,True,False,False,False,False,E,False,,,,,NONE,,
2026-09-08,7.1-EARLY-RESEARCH-R2,4911,資生堂,3350.0,-7.458563535911599,-7.22791470506785,-5.651584859644637,-5.403573768269821,0.6204640506796236,-12.326616069091855,8,False,False,True,False,False,False,False,E,False,,,,,NONE,,
2026-09-08,7.1-EARLY-RESEARCH-R2,7951,ヤマハ,1252.5,-7.427937915742788,-10.917496443812237,-4.698563804789729,-5.548684845559837,1.3089512876202296,-12.53491620111732,19,False,False,True,False,False,False,False,E,False,,,,,NONE,出来高1.3倍,
2026-09-08,7.1-EARLY-RESEARCH-R2,7752,リコー,1567.0,-10.226296190203376,-4.4512195121951255,-9.113491312154595,-4.610589624651496,0.752889107450209,-10.329041487839774,5,False,False,False,False,False,False,False,E,False,,,,,NONE,,
2026-09-08,7.1-EARLY-RESEARCH-R2,6098,リクルートホールディングス,15690.0,-10.317233495284372,-2.9384472626043934,-9.582621679633275,-1.694193127991772,0.7174762799747544,-13.862201482294813,6,False,False,True,False,False,False,False,E,False,,,,,NONE,25日線付近,
2026-09-08,7.1-EARLY-RESEARCH-R2,7202,いすゞ自動車,2129.5,-8.211206896551726,-7.873675102747136,-6.242788120864942,-4.916905546476624,1.193103120695388,-27.296005462615224,140,False,False,True,True,False,False,False,E,False,,,,,NONE,長期調整後 / 出来高1.2倍,
2026-09-08,7.1-EARLY-RESEARCH-R2,7832,バンダイナムコホールディングス,5353.0,-7.387543252595153,-1.399889482409289,-7.03757088199283,-0.7115087844254409,0.9901237607355572,-8.495726495726498,5,False,False,True,False,False,False,False,E,False,,,,,NONE,25日線付近,
2026-09-08,7.1-EARLY-RESEARCH-R2,5233,太平洋セメント,4150.0,-3.8906901343214506,-0.5034763845600532,-3.764821038181437,-0.8467449061508425,0.9976716119515792,-16.465378421900155,141,False,False,True,True,False,False,False,E,False,,,,,NONE,長期調整後 / 25日線付近,
2026-09-08,7.1-EARLY-RESEARCH-R2,6753,シャープ,625.5,-7.099361354522493,-3.769230769230769,-6.157053662214801,-2.3309411830838123,0.8106793338293367,-30.883977900552484,201,False,False,True,True,False,False,False,E,False,,,,,NONE,長期調整後 / 25日線付近,
2026-09-08,7.1-EARLY-RESEARCH-R2,3436,ＳＵＭＣＯ,3083.0,-7.054567380162801,-11.585890450243763,-4.1580947676018605,-11.715519512502423,0.8626569261216686,-48.08890385586799,39,False,False,True,False,False,False,False,E,False,,,,,NONE,,
2026-09-08,7.1-EARLY-RESEARCH-R2,4751,サイバーエージェント,1237.0,-7.027433295753472,-0.960768614891916,-6.787241142030493,-6.397082191988135,0.6580548861767185,-32.698585418933625,239,False,False,True,True,False,False,False,E,False,,,,,NONE,長期調整後,
2026-09-08,7.1-EARLY-RESEARCH-R2,2503,キリンホールディングス,2846.5,-7.007513884351524,-4.783408596755312,-5.811661735162696,-5.001401700730224,0.8466306072533772,-9.949383106611831,28,False,False,True,False,True,False,False,E,False,,,,,NONE,高値持ち合い後,
2026-09-08,7.1-EARLY-RESEARCH-R2,3407,旭化成,1570.5,-6.988451288125552,-6.573468173706132,-5.345084244699019,-4.900025432657962,0.8466076015312531,-17.60230849947534,44,False,False,True,False,False,False,False,E,False,,,,,NONE,,
2026-09-08,7.1-EARLY-RESEARCH-R2,5332,ＴＯＴＯ,5804.0,-6.987179487179485,-11.443393347574006,-4.126331150285983,-8.455413811813095,0.8274537408395676,-38.90526315789473,53,False,False,True,False,False,False,False,E,False,,,,,NONE,,
2026-09-08,7.1-EARLY-RESEARCH-R2,5201,ＡＧＣ,5452.0,-6.883005977796753,-7.168397752426358,-5.090906539690163,-5.422096395908804,1.0612031510533215,-34.431749849669266,67,False,False,True,True,False,False,False,E,False,,,,,NONE,長期調整後,
2026-09-08,7.1-EARLY-RESEARCH-R2,6971,京セラ,3397.0,-6.880482456140347,-11.119832548403974,-4.100524319039353,-7.6831932864457,0.9592981394645288,-15.476486688230906,44,False,False,True,False,False,False,False,E,False,,,,,NONE,,
2026-09-08,7.1-EARLY-RESEARCH-R2,6471,日本精工,1060.5,-6.851119894598156,-9.82142857142857,-4.395762751741014,-6.5539968983505,2.11409867459033,-25.026511134676564,128,False,False,True,True,False,False,False,E,False,,,,,NONE,長期調整後 / 出来高2.1倍,
2026-09-08,7.1-EARLY-RESEARCH-R2,1605,ＩＮＰＥＸ,3832.0,-6.809338521400776,6.090808416389804,-8.332040625498227,1.0985763885224653,0.9402369431141392,-22.66397578203835,110,False,False,True,True,False,False,False,E,False,,,,,NONE,長期調整後 / 25日線付近,
2026-09-08,7.1-EARLY-RESEARCH-R2,6861,キーエンス,76760.0,-6.708799222168205,-9.69411764705882,-4.2852698104035,-7.007171932545065,0.7985900436277484,-12.693357597816204,22,False,False,True,False,True,False,False,E,False,,,,,NONE,高値持ち合い後,
2026-09-08,7.1-EARLY-RESEARCH-R2,6504,富士電機,12760.0,-6.656912948061445,-12.781954887218047,-3.4614242262569324,-8.89878912497144,0.9780289317616588,-28.314606741573037,73,False,False,True,True,False,False,False,E,False,,,,,NONE,長期調整後,
2026-09-08,7.1-EARLY-RESEARCH-R2,6752,パナソニック　ホールディングス,4164.0,-6.615833146445393,-6.131650135256983,-5.082920612631147,-5.504520533023505,0.8756729205143614,-16.41910879164994,17,False,False,True,False,False,False,False,E,False,,,,,NONE,,
2026-09-08,7.1-EARLY-RESEARCH-R2,6501,日立製作所,5187.0,-6.388738494856527,-7.70462633451957,-4.462581911226635,-4.636009972128042,0.7890178103732558,-14.108296075509186,141,False,False,True,False,True,False,False,E,False,,,,,NONE,高値持ち合い後,
2026-09-08,7.1-EARLY-RESEARCH-R2,4208,ＵＢＥ,3392.0,-6.298342541436464,-4.558244231851438,-5.158781483473604,-3.3034197292951872,0.8839968940970061,-8.645300296256398,18,False,False,True,False,False,False,False,E,False,,,,,NONE,,
2026-09-08,7.1-EARLY-RESEARCH-R2,7741,ＨＯＹＡ,23325.0,-6.287665729208514,-11.142857142857142,-3.501951443494228,-7.491869596256051,0.998016441045356,-23.27302631578947,98,False,False,True,True,False,False,False,E,False,,,,,NONE,長期調整後,
2026-09-08,7.1-EARLY-RESEARCH-R2,5333,ＮＧＫ,5025.0,-6.25,-11.687170474516694,-3.3282073813708264,-9.1550059659399,0.7336000316299867,-36.34405877881935,51,False,False,True,False,False,False,False,E,False,,,,,NONE,,
2026-09-08,7.1-EARLY-RESEARCH-R2,5802,住友電気工業,2071.0,-6.247170665459489,-4.1647385469689935,-5.20598602871724,-6.818324979527923,0.8758449064445791,-86.05387205387206,67,False,False,True,True,False,False,False,E,False,,,,,NONE,長期調整後,
2026-09-08,7.1-EARLY-RESEARCH-R2,1332,ニッスイ,1203.0,-6.1988304093567255,-3.798480607756893,-5.249210257417502,-5.245746691871444,1.1342931937172775,-23.375796178343943,129,False,False,True,True,False,False,False,E,False,,,,,NONE,長期調整後 / 出来高1.1倍,
2026-09-08,7.1-EARLY-RESEARCH-R2,4021,日産化学,7822.0,-6.04204204204204,-0.1913997703202774,-5.99419209946197,-1.767235316575244,0.6365777788721181,-10.164235672447452,45,False,False,True,False,True,False,False,E,False,,,,,NONE,高値持ち合い後 / 25日線付近,
2026-09-08,7.1-EARLY-RESEARCH-R2,4689,ＬＩＮＥヤフー,526.9,-6.011416339636111,7.904976448904355,-7.987660451862199,2.1488282643423062,0.6490936088118054,-7.154185022026438,5,False,False,True,False,False,False,False,E,False,,,,,NONE,25日線付近,
2026-09-08,7.1-EARLY-RESEARCH-R2,4042,東ソー,2562.5,-5.997798972853996,-6.495165115854773,-4.374007693890302,-4.30148486749723,1.0736176001548878,-16.963707064160726,58,False,False,True,False,False,False,False,E,False,,,,,NONE,,
2026-09-08,7.1-EARLY-RESEARCH-R2,2413,エムスリー,1720.5,-5.983606557377053,11.866059817945374,-8.950121511863397,-0.547983213678771,0.6379470447497367,-37.34522942461762,197,False,False,True,True,False,False,False,E,False,,,,,NONE,長期調整後 / 25日線付近,
2026-09-08,7.1-EARLY-RESEARCH-R2,5411,ＪＦＥホールディングス,1823.5,-5.8109504132231375,-1.1653116531165295,-5.519622499944005,-0.8859658658549763,0.7583444438338891,-22.700296735905045,140,False,False,True,True,False,False,False,E,False,,,,,NONE,長期調整後 / 25日線付近,
2026-09-08,7.1-EARLY-RESEARCH-R2,6113,アマダ,2397.0,-7.056998836758432,-13.309222423146473,-3.7296932309718143,-9.576514791426185,0.9626915799548746,-25.651364764267992,80,False,False,True,True,False,False,False,E,False,,,,,NONE,長期調整後,
2026-09-08,7.1-EARLY-RESEARCH-R2,4503,アステラス製薬,2280.5,-5.549803271898945,-3.491324587388911,-4.6769721250517176,-2.736430868441475,0.6568001522470782,-16.065513433934488,103,False,False,True,True,False,False,False,E,False,,,,,NONE,長期調整後 / 25日線付近,
2026-09-08,7.1-EARLY-RESEARCH-R2,2914,日本たばこ産業,6660.0,-5.531914893617018,-6.131078224101483,-3.999145337591648,-4.22337524878913,1.0910975211527585,-7.730673316708225,26,False,False,True,False,True,False,False,E,False,,,,,NONE,高値持ち合い後,
2026-09-08,7.1-EARLY-RESEARCH-R2,3103,ユニチカ,1412.0,-5.488621151271755,18.75525651808243,-10.177435280792364,0.9234639906224196,0.3033729668488643,-67.76255707762557,94,False,False,True,True,False,False,False,E,False,,,,,NONE,長期調整後 / 25日線付近,
2026-09-08,7.1-EARLY-RESEARCH-R2,8058,三菱商事,4927.0,-0.5851493139628738,1.608579088471851,-0.9872940860808366,2.4554369796128794,1.059533776579443,-18.04723885562209,80,True,True,False,True,False,False,False,D,False,,,,,NONE,長期調整後 / 安値切り上げ / 5日線上向き / 25日線付近,
2026-09-08,7.1-EARLY-RESEARCH-R2,7004,カナデビア,1142.0,-4.912572855953368,-8.931419457735245,-2.6797179915195564,-4.963216936852977,1.1659501987184686,-24.62046204620461,82,False,False,True,True,False,False,False,E,False,,,,,NONE,長期調整後 / 出来高1.2倍,
2026-09-08,7.1-EARLY-RESEARCH-R2,6506,安川電機,4456.0,-5.1914893617021285,-16.94315004659832,-0.9557018500525488,-10.909221775257716,0.8932987431180267,-43.70183196462413,54,False,False,True,False,False,False,False,E,False,,,,,NONE,,
2026-09-08,7.1-EARLY-RESEARCH-R2,8591,オリックス,6031.0,-5.187863543468008,-3.8424744897959218,-4.227244921019027,-3.9863724647371535,1.046299906046905,-9.715568862275449,29,False,False,True,False,True,False,False,E,False,,,,,NONE,高値持ち合い後,
2026-09-08,7.1-EARLY-RESEARCH-R2,6902,デンソー,1879.0,-5.1489146895507325,-3.0443756449948456,-4.3878207783020216,-2.40380619961772,1.0694824905337157,-20.817530552043827,207,False,False,True,True,False,False,False,E,False,,,,,NONE,長期調整後 / 25日線付近,
2026-09-08,7.1-EARLY-RESEARCH-R2,4043,トクヤマ,3921.0,-5.106485963213936,-0.8095117632178073,-4.904108022409485,-3.037706734193246,0.8177593360995851,-32.021497919556175,66,False,False,True,True,False,False,False,E,False,,,,,NONE,長期調整後,
2026-09-08,7.1-EARLY-RESEARCH-R2,2802,味の素,5068.0,-5.02248875562219,-3.8694992412746543,-4.055113945303527,-5.198730994852152,0.7084618458928539,-20.06309148264984,44,False,False,True,False,False,False,False,E,False,,,,,NONE,,
2026-09-08,7.1-EARLY-RESEARCH-R2,5301,東海カーボン,1812.0,-4.981646565285791,-0.1927843569264675,-4.933450476054174,3.350330241949284,0.8265090875515814,-6.742151312403499,22,True,False,True,False,True,False,False,E,False,,,,,NONE,高値持ち合い後 / 安値切り上げ,
2026-09-08,7.1-EARLY-RESEARCH-R2,7012,川崎重工業,2385.5,-5.449861276258428,-11.451373422420197,-2.5870179206533788,-10.349881619001088,1.3475807594282856,-87.33138608603292,128,False,False,True,True,False,False,False,E,False,,,,,NONE,長期調整後 / 出来高1.3倍,
2026-09-08,7.1-EARLY-RESEARCH-R2,5801,古河電気工業,3666.0,-4.976671850699843,-7.236842105263152,-3.1674613243840546,-6.312292358803983,0.5991721091027243,-94.125941355552,72,False,False,True,True,False,False,False,E,False,,,,,NONE,長期調整後,
2026-09-08,7.1-EARLY-RESEARCH-R2,7453,良品計画,4136.0,-4.919540229885056,-8.616880247459125,-2.765320168020274,-4.235318088781459,0.9581153567925812,-40.778923253150055,251,False,False,True,True,False,False,False,E,False,,,,,NONE,長期調整後,
2026-09-08,7.1-EARLY-RESEARCH-R2,1928,積水ハウス,3302.0,-4.841498559077806,-3.591240875912405,-3.9436883400997047,-3.3044007918379803,1.1058762896622811,-13.83089770354906,131,False,False,True,False,True,False,False,E,False,,,,,NONE,高値持ち合い後 / 出来高1.1倍,
2026-09-08,7.1-EARLY-RESEARCH-R2,4061,デンカ,3219.0,-4.622222222222227,-5.877192982456137,-3.152923976608193,-6.417889620206063,1.331755817091143,-31.39386189258312,55,False,False,True,False,False,False,False,E,False,,,,,NONE,出来高1.3倍,
2026-09-08,7.1-EARLY-RESEARCH-R2,4578,大塚ホールディングス,11800.0,-4.761904761904767,-6.050955414012737,-3.249165908401583,-3.081674223010711,0.7376435937988314,-7.776475185619381,20,False,False,True,False,True,False,False,E,False,,,,,NONE,高値持ち合い後,
2026-09-08,7.1-EARLY-RESEARCH-R2,6526,ソシオネクスト,1901.5,-4.7344689378757465,-3.3790650406504086,-3.889702677713145,-4.611170751773342,0.7171637771083136,-45.53136637066743,207,False,False,True,True,False,False,False,E,False,,,,,NONE,長期調整後,
2026-09-08,7.1-EARLY-RESEARCH-R2,4452,花王,3443.0,-4.731599335915881,-7.8919208132691265,-2.758619132598599,-2.8191753601589653,0.6413580197672285,-50.86342229199372,243,False,False,True,True,False,False,False,E,False,,,,,NONE,長期調整後 / 25日線付近,
2026-09-08,7.1-EARLY-RESEARCH-R2,8802,三菱地所,3660.0,-4.712314501431914,-1.5334947538337418,-4.328940812973478,-1.7323037599475954,0.7812433524439156,-32.30996855927501,131,False,False,True,True,False,False,False,E,False,,,,,NONE,長期調整後 / 25日線付近,
2026-09-08,7.1-EARLY-RESEARCH-R2,9766,コナミグループ,20985.0,-4.54855583352286,-3.116343490304707,-3.769469960946683,-2.5322570157267466,0.8414180382130709,-21.242259335710266,207,False,False,True,True,False,False,False,E,False,,,,,NONE,長期調整後 / 25日線付近,
2026-09-08,7.1-EARLY-RESEARCH-R2,4063,信越化学工業,5702.0,-4.457104557640745,-9.29048679605472,-2.134482858627065,-6.125083140710297,1.3450077568139711,-28.095838587641865,69,False,False,True,True,False,False,False,E,False,,,,,NONE,長期調整後 / 出来高1.3倍,
2026-09-08,7.1-EARLY-RESEARCH-R2,8830,住友不動産,3244.0,-4.391394046566466,-5.007320644216695,-3.1395638855122927,-3.759434186167932,1.185174252347656,-60.4390243902439,174,False,False,True,True,False,False,False,E,False,,,,,NONE,長期調整後 / 出来高1.2倍,
2026-09-08,7.1-EARLY-RESEARCH-R2,6178,日本郵政,2445.0,-4.267815191855917,4.733347611908334,-5.451152094833001,1.465754789017626,0.8129986304125044,-6.069919323857087,2,True,False,True,False,False,False,False,E,False,,,,,NONE,安値切り上げ / 25日線付近,
2026-09-08,7.1-EARLY-RESEARCH-R2,5232,住友大阪セメント,5497.0,-4.2000697107005935,-4.731369150779896,-3.0172274230056195,-2.945704680923189,0.9740888076550908,-15.6513733312874,56,False,False,True,False,False,False,False,E,False,,,,,NONE,25日線付近,
2026-09-08,7.1-EARLY-RESEARCH-R2,4704,トレンドマイクロ,5798.0,-4.086021505376348,-16.16541353383458,-0.0446681219177023,-3.5896958369638243,0.6334805897862222,-32.80018544274456,235,True,False,True,True,False,False,False,E,False,,,,,NONE,長期調整後 / 安値切り上げ,
2026-09-08,7.1-EARLY-RESEARCH-R2,2801,キッコーマン,1739.0,-4.816639299397918,-1.917653694303445,-4.337225875822057,-2.337388100773885,0.9747407572356266,-6.880856760374831,12,False,False,True,False,False,False,False,E,False,,,,,NONE,25日線付近,
2026-09-08,7.1-EARLY-RESEARCH-R2,5803,フジクラ,5083.0,-4.05813514533786,-8.906810035842295,-1.8314326363772864,-4.375079953946537,0.6458301508101537,-82.94867494129487,128,False,False,True,True,False,False,False,E,False,,,,,NONE,長期調整後,
2026-09-08,7.1-EARLY-RESEARCH-R2,4519,中外製薬,6532.0,-5.797519469281798,-8.155230596175478,-3.758711820237928,-5.342661882597078,0.9197706534433996,-38.953271028037385,132,False,False,True,True,False,False,False,E,False,,,,,NONE,長期調整後,
2026-09-08,7.1-EARLY-RESEARCH-R2,6367,ダイキン工業,20460.0,-2.2922636103151817,-7.941507311586049,-0.3068867824186694,-3.7258020497087263,0.6422451890680925,-22.617246596066565,43,False,False,True,False,False,False,False,E,False,,,,,NONE,,
2026-09-08,7.1-EARLY-RESEARCH-R2,7011,三菱重工業,3708.0,-3.838174273858919,-7.392607392607397,-1.990022425707069,-7.235064545181624,0.813792879206633,-28.801843317972352,129,False,False,True,True,False,False,False,E,False,,,,,NONE,長期調整後,
2026-09-08,7.1-EARLY-RESEARCH-R2,6361,荏原製作所,4397.0,-3.785557986870902,-21.18659257931529,1.51109015795792,-14.09760481381629,0.8156098484742996,-36.18287373004354,55,False,False,True,False,False,False,False,E,False,,,,,NONE,勢い改善,
2026-09-08,7.1-EARLY-RESEARCH-R2,8804,東京建物,3344.0,-3.686635944700456,0.1197604790419193,-3.716576064460936,-0.9842356480439628,0.8274955584764491,-23.548239597622317,130,False,False,True,True,False,False,False,E,False,,,,,NONE,長期調整後 / 25日線付近,
2026-09-08,7.1-EARLY-RESEARCH-R2,6981,村田製作所,7023.0,-3.66255144032922,-3.820870994248149,-2.7073336917671837,-4.922427097717497,0.8732664499226276,-45.537029856533536,54,False,True,True,False,False,False,False,E,False,,,,,NONE,5日線上向き,
2026-09-08,7.1-EARLY-RESEARCH-R2,8331,千葉銀行,2751.5,-3.625218914185635,2.8982797307404606,-4.34978884687075,-0.6592628964242508,0.9028004106056876,-4.874675885911839,15,False,False,True,False,False,False,False,E,False,,,,,NONE,25日線付近,
2026-09-08,7.1-EARLY-RESEARCH-R2,5214,日本電気硝子,4686.0,-3.580246913580243,-5.486083098023398,-2.2087261390743933,-3.466631508689233,1.043350477590007,-44.06111973260117,89,False,False,True,True,False,False,False,E,False,,,,,NONE,長期調整後,
2026-09-08,7.1-EARLY-RESEARCH-R2,9983,ファーストリテイリング,68730.0,-3.550378894190287,-12.69054878048781,-0.3777416990683346,-7.169792972295452,0.78714885131929,-22.5053557334536,42,False,False,True,False,False,False,False,E,False,,,,,NONE,,
2026-09-08,7.1-EARLY-RESEARCH-R2,2502,アサヒグループホールディングス,1633.0,-3.5440047253396334,-3.1435349940687973,-2.758120976822434,-2.039592081583685,0.751252825888953,-16.853360488798373,246,False,False,True,True,False,False,False,E,False,,,,,NONE,長期調整後 / 25日線付近,
2026-09-08,7.1-EARLY-RESEARCH-R2,4568,第一三共,2751.0,-3.490615681459397,-1.9251336898395757,-3.0093322589995037,-1.0680763836444007,0.887440750810066,-34.155098133078035,222,False,False,True,True,False,False,False,E,False,,,,,NONE,長期調整後 / 25日線付近,
2026-09-08,7.1-EARLY-RESEARCH-R2,9022,東海旅客鉄道,3843.0,-3.997002248313764,-0.0780031201248032,-3.9775014682825622,-1.0219745124501634,0.9667147292137312,-20.434782608695656,135,False,False,True,True,False,False,False,E,False,,,,,NONE,長期調整後 / 25日線付近,
2026-09-08,7.1-EARLY-RESEARCH-R2,7013,ＩＨＩ,2642.0,-3.4356725146198808,-4.240666908300106,-2.375505787544854,-4.224698572433239,0.8510643746598803,-85.37503459728757,232,False,False,True,True,False,False,False,E,False,,,,,NONE,長期調整後,
2026-09-08,7.1-EARLY-RESEARCH-R2,9001,東武鉄道,2903.5,-3.3133533133533177,-1.0901039005280166,-3.0408273382213133,-2.134931442207877,0.8373129576567973,-10.27503090234858,28,False,False,True,False,True,False,False,E,False,,,,,NONE,高値持ち合い後 / 25日線付近,
2026-09-08,7.1-EARLY-RESEARCH-R2,7186,横浜フィナンシャルグループ,1891.5,-3.2975460122699363,2.9387755102040725,-4.032239889820954,-0.3361645625645559,0.8443414434966561,-5.211726384364823,30,False,False,True,False,True,False,False,E,False,,,,,NONE,高値持ち合い後 / 25日線付近,
2026-09-08,7.1-EARLY-RESEARCH-R2,6954,ファナック,5797.0,-3.2058774419769565,-10.91132626402336,-0.4780458759711168,-6.055734538170842,0.8516932748588697,-34.718468468468465,81,False,False,True,True,False,False,False,E,False,,,,,NONE,長期調整後,
2026-09-08,7.1-EARLY-RESEARCH-R2,8801,三井不動産,1505.5,-3.183279742765277,2.7995903038579684,-3.883177318729769,0.7737927895363983,0.7375880606912665,-30.23632993512512,140,False,False,True,True,False,False,False,E,False,,,,,NONE,長期調整後 / 25日線付近,
2026-09-08,7.1-EARLY-RESEARCH-R2,3092,ＺＯＺＯ,1135.0,-3.115663679043956,-2.575107296137336,-2.4718868550096222,-0.2793934175613799,0.7065296923932449,-22.60484145925673,236,False,False,True,True,False,False,False,E,False,,,,,NONE,長期調整後 / 25日線付近,
2026-09-08,7.1-EARLY-RESEARCH-R2,5406,神戸製鋼所,2001.0,-3.0523255813953543,-0.3982080637132901,-2.952773565467032,-0.9827499183515886,0.865053837800934,-15.90670308888422,143,False,False,True,True,False,False,False,E,False,,,,,NONE,長期調整後 / 25日線付近,
2026-09-08,7.1-EARLY-RESEARCH-R2,2269,明治ホールディングス,4406.0,-3.036971830985913,5.155131264916468,-4.32575464721503,2.8756619439437303,0.6961111990392046,-4.383680555555558,3,False,False,True,False,False,False,False,E,False,,,,,NONE,25日線付近,
2026-09-08,7.1-EARLY-RESEARCH-R2,9735,セコム,6303.0,-2.9710591133004893,-0.5835962145110396,-2.8251600596727293,-2.579336865598747,0.7866245701941635,-12.749169435215943,28,False,False,True,False,True,False,False,E,False,,,,,NONE,高値持ち合い後 / 25日線付近,
2026-09-08,7.1-EARLY-RESEARCH-R2,8309,三井住友トラストグループ,1756.5,-2.928985907709314,4.64700625558534,-4.090737471605649,1.398157341769224,0.6528510759688781,-74.88920657612582,29,True,False,True,False,False,False,False,E,False,,,,,NONE,安値切り上げ / 25日線付近,
2026-09-08,7.1-EARLY-RESEARCH-R2,8015,豊田通商,7482.0,-2.9194239003503264,1.38211382113822,-3.2649523556348816,1.1879645558116048,0.9134108369843216,-4.052321107976409,1,True,False,True,False,False,False,False,E,False,,,,,NONE,安値切り上げ / 25日線付近,
2026-09-08,7.1-EARLY-RESEARCH-R2,4755,楽天グループ,736.0,-2.696985721840295,-14.814814814814811,1.0067179818634084,-5.788382273879322,0.5770523523966005,-31.118390266729055,201,False,False,True,True,False,False,False,E,False,,,,,NONE,長期調整後 / 勢い改善,
2026-09-08,7.1-EARLY-RESEARCH-R2,2871,ニチレイ,2150.0,-0.3476245654692955,-1.240238860817644,-0.0375648502648845,-0.4104017861278675,1.0199320320597258,-9.244406922752212,28,False,False,True,False,True,False,False,E,False,,,,,NONE,高値持ち合い後 / 25日線付近,
2026-09-08,7.1-EARLY-RESEARCH-R2,7974,任天堂,8750.0,-3.8778424695155462,5.868118572292791,-5.344872112588744,1.9518833717060868,0.7643737197730172,-40.19138755980861,204,False,False,True,True,False,False,False,E,False,,,,,NONE,長期調整後 / 25日線付近,
2026-09-08,7.1-EARLY-RESEARCH-R2,8354,ふくおかフィナンシャルグループ,7730.0,-2.6570960836166724,6.444505645827592,-4.26822249507357,0.6783087086085882,0.8656527916644741,-3.639990027424578,2,True,False,True,False,False,False,False,E,False,,,,,NONE,安値切り上げ / 25日線付近,
2026-09-08,7.1-EARLY-RESEARCH-R2,8253,クレディセゾン,4574.0,-3.4817472040514885,-1.5920826161790025,-3.083726550006738,-2.2950203356232213,0.9762008905843296,-7.408906882591093,138,False,False,True,False,True,False,False,E,False,,,,,NONE,高値持ち合い後 / 25日線付近,
2026-09-08,7.1-EARLY-RESEARCH-R2,6302,住友重機械工業,5587.0,-3.3223741131683693,-5.800033721126285,-1.872365682886798,-3.8620376361108377,0.7518248175182481,-12.18170386670858,128,False,True,True,False,True,False,False,E,False,,,,,NONE,高値持ち合い後 / 5日線上向き,
2026-09-08,7.1-EARLY-RESEARCH-R2,3659,ネクソン,3132.0,-2.2776911076443085,26.85297691373025,-8.990935336076872,7.634784043108889,0.7157323636478786,-29.36400541271989,153,False,False,True,True,False,False,False,E,False,,,,,NONE,長期調整後,
2026-09-08,7.1-EARLY-RESEARCH-R2,6976,太陽誘電,9046.0,-2.553053969621888,-5.257645580226223,-1.2386425745653322,-6.87743975754781,0.990241879931703,-62.41013920631623,47,True,True,True,False,False,False,False,E,False,,,,,NONE,安値切り上げ / 5日線上向き,
2026-09-08,7.1-EARLY-RESEARCH-R2,4523,エーザイ,4652.0,-2.186711522287632,-6.001212366134567,-0.6864084307539904,-2.8258217609999803,0.7888183204716702,-13.03047298560479,242,False,False,True,False,True,False,False,E,False,,,,,NONE,高値持ち合い後 / 25日線付近,
2026-09-08,7.1-EARLY-RESEARCH-R2,8725,ＭＳ＆ＡＤインシュアランスグループホールディングス,5078.0,-2.101407364565256,5.156347069786715,-3.390494132011934,2.0440971971030564,0.6288294098677846,-4.459078080903101,2,True,False,True,False,False,False,False,E,False,,,,,NONE,安値切り上げ / 25日線付近,
2026-09-08,7.1-EARLY-RESEARCH-R2,7912,大日本印刷,3035.0,-2.0967741935483897,-5.333749220212103,-0.763336888495364,-3.1867045200803856,0.82396485775324,-9.780023781212844,17,False,False,True,False,False,False,False,E,False,,,,,NONE,,
2026-09-08,7.1-EARLY-RESEARCH-R2,9432,ＮＴＴ,172.0,-2.050113895216399,7.567229518449037,-3.9419212748286574,4.452595525542291,0.8372681287058436,-2.2727272727272707,3,True,False,True,False,False,False,False,E,False,,,,,NONE,安値切り上げ,
2026-09-08,7.1-EARLY-RESEARCH-R2,8031,三井物産,5093.0,-2.020007695267412,4.364754098360657,-3.111196219857576,3.2442995686160048,0.9075254660106716,-23.70037453183521,103,True,False,False,True,False,False,False,E,False,,,,,NONE,長期調整後 / 安値切り上げ,
2026-09-08,7.1-EARLY-RESEARCH-R2,6723,ルネサスエレクトロニクス,3252.0,-1.870850935425472,-14.980392156862743,1.8742471037902135,-8.099248290284288,1.0649393565205143,-38.455715367146105,53,False,False,True,False,False,False,False,E,False,,,,,NONE,勢い改善,
2026-09-08,7.1-EARLY-RESEARCH-R2,8035,東京エレクトロン,54000.0,-1.7824663514005137,-4.845814977973573,-0.5710126069071202,-3.3906310380855564,0.8517654112155536,-33.54664041348757,47,False,False,True,False,False,False,False,E,False,,,,,NONE,,
2026-09-08,7.1-EARLY-RESEARCH-R2,8308,りそなホールディングス,2491.0,-1.7357001972386543,9.590849098108231,-4.133412471765713,2.741138525246023,1.065440117252474,-4.229142637447136,3,True,False,True,False,False,False,False,E,False,,,,,NONE,安値切り上げ / 25日線付近,
2026-09-08,7.1-EARLY-RESEARCH-R2,9202,ＡＮＡホールディングス,2991.5,-1.498189002304906,-3.655394524959743,-0.5843403710649703,-2.177822831169673,0.8437275680867188,-12.503656039777711,130,False,False,True,False,True,False,False,E,False,,,,,NONE,高値持ち合い後 / 25日線付近,
2026-09-08,7.1-EARLY-RESEARCH-R2,4502,武田薬品工業,5760.0,-1.4542343883661268,3.1888212110354752,-2.251439691124996,1.3242516781829083,0.6615933693183494,-4.525111884634514,107,False,False,True,False,True,False,False,E,False,,,,,NONE,高値持ち合い後 / 25日線付近,
2026-09-08,7.1-EARLY-RESEARCH-R2,1925,大和ハウス工業,4639.0,-2.2133220910623974,1.6655708963401183,-2.6297148151474268,-0.1687168053989385,0.6238629127626671,-20.08613264427218,139,False,False,True,True,False,False,False,E,False,,,,,NONE,長期調整後 / 25日線付近,
2026-09-08,7.1-EARLY-RESEARCH-R2,8252,丸井グループ,2898.0,-1.2774655084312747,-1.99526547176192,-0.7786491404907947,-1.4104631462921735,0.9800147888536612,-13.929313929313924,240,False,False,True,False,True,False,False,E,False,,,,,NONE,高値持ち合い後 / 25日線付近,
2026-09-08,7.1-EARLY-RESEARCH-R2,8601,大和証券グループ本社,1834.5,-1.3974737973662998,2.571987699189271,-2.040470722163618,1.238369590410926,0.7766270218416634,-3.34562697576396,2,True,False,True,False,False,False,False,E,False,,,,,NONE,安値切り上げ / 25日線付近,
2026-09-08,7.1-EARLY-RESEARCH-R2,3861,王子ホールディングス,870.2,-2.40017945266936,-0.6167199634536269,-2.245999461805953,-0.2663537048837705,0.7854311388889315,-12.163116987988287,131,False,False,True,False,True,False,False,E,False,,,,,NONE,高値持ち合い後 / 25日線付近,
2026-09-08,7.1-EARLY-RESEARCH-R2,7267,本田技研工業,1610.5,-7.068667051356026,-4.816784869976354,-5.864470833861937,-4.331658172054508,1.1555737325191946,-8.624113475177309,12,False,False,True,False,False,False,False,E,False,,,,,NONE,出来高1.2倍,
2026-09-08,7.1-EARLY-RESEARCH-R2,9532,大阪瓦斯,5856.0,-0.3912229971083536,8.084163898117392,-2.4122639716377017,4.930440578837603,1.0460282581849596,-14.23550087873462,126,True,False,True,False,True,False,False,E,False,,,,,NONE,高値持ち合い後 / 安値切り上げ,
2026-09-08,7.1-EARLY-RESEARCH-R2,8628,松井証券,1206.0,-0.4950495049504955,9.936189608021872,-2.979096906955964,6.725663716814156,1.3855791671784794,-1.631321370309946,0,True,False,True,False,False,False,False,E,False,,,,,NONE,安値切り上げ / 出来高1.4倍,
2026-09-08,7.1-EARLY-RESEARCH-R2,9020,東日本旅客鉄道,3518.0,-2.46742445245356,1.882421083116137,-2.9380297232325936,0.3525747081845276,1.005212027538702,-16.45689859890762,161,False,False,True,True,False,False,False,E,False,,,,,NONE,長期調整後 / 25日線付近,
2026-09-08,7.1-EARLY-RESEARCH-R2,9201,日本航空,3000.0,-0.8264462809917328,-1.7681728880157177,-0.3844030589878033,-0.4750656864566549,0.7544583491479235,-8.312958435207829,130,False,False,True,False,True,False,False,E,False,,,,,NONE,高値持ち合い後 / 25日線付近,
2026-09-08,7.1-EARLY-RESEARCH-R2,9064,ヤマトホールディングス,1948.5,-0.9656925031766184,0.7497414684591419,-1.1531278702914038,0.6030503609008697,0.8698061661420697,-24.12383177570093,245,False,False,True,True,False,False,False,E,False,,,,,NONE,長期調整後 / 25日線付近,
2026-09-08,7.1-EARLY-RESEARCH-R2,9007,小田急電鉄,1790.5,-1.0226644555002773,5.9467455621301735,-2.5093508460328207,2.721650430851485,0.851489728921826,-4.379172229639517,28,False,False,True,False,True,False,False,E,False,,,,,NONE,高値持ち合い後 / 25日線付近,
2026-09-08,7.1-EARLY-RESEARCH-R2,8411,みずほフィナンシャルグループ,8599.0,-1.1268253420719798,4.30616205725376,-2.20336585638542,1.7344186266622597,0.8416076876899544,-3.31684281538116,3,True,False,True,False,False,False,False,E,False,,,,,NONE,安値切り上げ / 25日線付近,
2026-09-08,7.1-EARLY-RESEARCH-R2,9503,関西電力,2939.5,-0.5245346869712342,24.50232952138924,-6.650117067318545,13.259817520498116,0.6215501399892912,-3.717654765804124,3,True,True,False,False,False,False,False,E,False,,,,,NONE,安値切り上げ / 5日線上向き,
2026-09-09,7.1-EARLY-RESEARCH-R2,4452,花王,3413.0,-4.744627407200674,-7.481702358362696,-2.8742018176100004,-3.8797327895999767,1.1202597892300592,-51.29156557727986,244,False,False,True,True,False,False,False,E,False,,,,,NONE,長期調整後 / 出来高1.1倍,
2026-09-09,7.1-EARLY-RESEARCH-R2,2914,日本たばこ産業,6610.0,-5.611880622590315,-5.92086535724452,-4.131664283279185,-4.827999285850037,0.9353402599489,-8.423385979495702,27,False,False,True,False,True,False,False,E,False,,,,,NONE,高値持ち合い後,
2026-09-09,7.1-EARLY-RESEARCH-R2,9147,ＮＩＰＰＯＮ　ＥＸＰＲＥＳＳホールディングス,5291.0,-5.348837209302326,-6.65137614678899,-3.6859931726050785,-4.903123764333728,0.8364301303604081,-9.802250255710875,6,False,False,True,False,False,False,False,E,False,,,,,NONE,,
2026-09-09,7.1-EARLY-RESEARCH-R2,4519,中外製薬,6476.0,-5.210772833723654,-9.855233853006684,-2.746964370471983,-6.043072780347392,1.250656010801041,-39.47663551401869,133,False,False,True,True,False,False,False,E,False,,,,,NONE,長期調整後 / 出来高1.3倍,
2026-09-09,7.1-EARLY-RESEARCH-R2,7203,トヨタ自動車,2971.0,-5.170762847111399,-0.9501583597266161,-4.933223257179745,-2.6195377132143816,1.076044526249684,-25.724999999999998,143,False,False,True,True,False,False,False,E,False,,,,,NONE,長期調整後 / 25日線付近,
2026-09-09,7.1-EARLY-RESEARCH-R2,9983,ファーストリテイリング,66860.0,-5.028409090909092,-14.336963484945553,-1.4441682196727035,-9.114141545956766,1.4931114829468153,-24.61382342992445,43,False,False,True,False,False,False,False,E,False,,,,,NONE,出来高1.5倍,
2026-09-09,7.1-EARLY-RESEARCH-R2,3099,三越伊勢丹ホールディングス,3122.0,-5.622732769044736,-15.093826488985584,-1.8492761467983403,-10.073393015565768,0.6491710879718448,-25.524809160305338,49,False,False,False,False,False,False,False,E,False,,,,,NONE,,
2026-09-09,7.1-EARLY-RESEARCH-R2,6473,ジェイテクト,2037.5,-5.011655011655014,-3.9820923656927465,-4.016131920231827,-3.745311274671914,1.3715366462197043,-10.024287922278653,27,False,False,False,False,True,False,False,E,False,,,,,NONE,高値持ち合い後 / 出来高1.4倍,
2026-09-09,7.1-EARLY-RESEARCH-R2,3407,旭化成,1567.0,-4.972710733778052,-9.63091118800461,-2.5649829367768993,-5.083226322293033,1.3732379054782562,-17.785939139559282,45,False,False,True,False,False,False,False,E,False,,,,,NONE,出来高1.4倍,
2026-09-09,7.1-EARLY-RESEARCH-R2,7741,ＨＯＹＡ,23210.0,-4.95495495495496,-10.765090349865435,-2.2636823674886015,-7.54977016896764,1.5262985498327493,-23.65131578947368,99,False,False,True,True,False,False,False,E,False,,,,,NONE,長期調整後 / 出来高1.5倍,
2026-09-09,7.1-EARLY-RESEARCH-R2,9766,コナミグループ,20690.0,-4.742173112338854,-4.47830101569714,-3.622597858414569,-4.01566182337768,1.3307084822139785,-22.349408894726963,208,False,False,True,True,False,False,False,E,False,,,,,NONE,長期調整後 / 出来高1.3倍,
2026-09-09,7.1-EARLY-RESEARCH-R2,6841,横河電機,4637.0,-4.470539761021842,-15.274986296363968,-0.6517931869308495,-9.72908993217515,1.1290841709351407,-26.594902643659967,131,False,False,True,True,False,False,False,E,False,,,,,NONE,長期調整後 / 出来高1.1倍,
2026-09-09,7.1-EARLY-RESEARCH-R2,6178,日本郵政,2400.0,-4.648390941597135,1.608806096528359,-5.050592465729225,-0.5214334861434633,0.7177504265708874,-7.798693814829038,3,True,False,True,False,False,False,False,E,False,,,,,NONE,安値切り上げ / 25日線付近,
2026-09-09,7.1-EARLY-RESEARCH-R2,6103,オークマ,4330.0,-4.625550660792954,-19.9630314232902,0.36520719502959587,-13.361879226859818,0.9976981907284113,-24.16812609457093,21,False,False,True,False,False,False,False,E,False,,,,,NONE,勢い改善,
2026-09-09,7.1-EARLY-RESEARCH-R2,7832,バンダイナムコホールディングス,5382.0,-4.591384506293206,0.37299515106303804,-4.6846332940589654,-0.8503802393444504,1.5905751498971838,-7.9999999999999964,6,False,False,True,False,False,False,False,E,False,,,,,NONE,出来高1.6倍 / 25日線付近,
2026-09-09,7.1-EARLY-RESEARCH-R2,4183,三井化学,2141.0,-4.590017825311943,-3.991031390134525,-3.5922599777783115,-1.9149715961150893,1.3932483624759737,-46.71478347436535,189,False,False,False,True,False,False,False,E,False,,,,,NONE,長期調整後 / 出来高1.4倍 / 25日線付近,
2026-09-09,7.1-EARLY-RESEARCH-R2,4901,富士フイルムホールディングス,3199.0,-4.3933054393305415,0.0312695434646626,-4.401122825196707,-3.4328286121374507,0.8807702995437168,-18.142272262026616,23,False,False,True,False,False,False,False,E,False,,,,,NONE,,
2026-09-09,7.1-EARLY-RESEARCH-R2,3405,クラレ,1785.5,-4.314040728831725,-6.199106908326768,-2.764264001750033,-3.426976623432809,0.8217179546033373,-14.48754789272031,22,False,False,True,False,True,False,False,E,False,,,,,NONE,高値持ち合い後,
2026-09-09,7.1-EARLY-RESEARCH-R2,7267,本田技研工業,1620.0,-4.255319148936165,-2.673475518173629,-3.5869502693927577,-3.8701178481147847,0.9352180716308182,-8.085106382978724,13,False,False,True,False,False,False,False,E,False,,,,,NONE,,
2026-09-09,7.1-EARLY-RESEARCH-R2,8331,千葉銀行,2681.5,-4.232142857142862,-2.384419366581725,-3.636038015497431,-3.256414696799148,1.3481990082284345,-7.294727744165952,16,False,False,True,False,False,False,False,E,False,,,,,NONE,出来高1.3倍,
2026-09-09,7.1-EARLY-RESEARCH-R2,4578,大塚ホールディングス,11675.0,-4.2247744052502085,-4.6938775510204085,-3.0513050174951064,-4.001118273911331,1.1656154330246666,-8.753419304415788,21,False,False,True,False,True,False,False,E,False,,,,,NONE,高値持ち合い後 / 出来高1.2倍,
2026-09-09,7.1-EARLY-RESEARCH-R2,6701,日本電気,4503.0,-5.696335078534032,-8.345206594748621,-3.610033429846877,-5.59827590544314,1.0331230164898264,-27.300613496932513,193,False,False,True,True,False,False,False,E,False,,,,,NONE,長期調整後,
2026-09-09,7.1-EARLY-RESEARCH-R2,7211,三菱自動車工業,356.7,-4.6766435061464495,2.8843380444188105,-5.397728017251152,-1.1517059436451094,1.1958939193235392,-22.11790393013101,142,False,False,False,True,False,False,False,E,False,,,,,NONE,長期調整後 / 出来高1.2倍 / 25日線付近,
2026-09-09,7.1-EARLY-RESEARCH-R2,2503,キリンホールディングス,2804.0,-5.732055807698777,-8.60495436766623,-3.58081721578222,-6.354783119815122,1.5038782338415724,-11.293894337235056,29,False,False,True,False,True,False,False,E,False,,,,,NONE,高値持ち合い後 / 出来高1.5倍,
2026-09-09,7.1-EARLY-RESEARCH-R2,7752,リコー,1539.0,-9.310548025928112,-6.101281269066505,-7.785227708661486,-6.367496927588434,0.9603702869314109,-11.931330472103008,6,False,False,False,False,False,False,False,E,False,,,,,NONE,,
2026-09-09,7.1-EARLY-RESEARCH-R2,4568,第一三共,2710.5,-5.983350676378773,-3.3689839572192515,-5.141104687073961,-2.818810234052316,1.0934970875249885,-35.1244614648157,223,False,False,True,True,False,False,False,E,False,,,,,NONE,長期調整後 / 25日線付近,
2026-09-09,7.1-EARLY-RESEARCH-R2,8591,オリックス,6021.0,-4.215717467387847,-5.196032120925842,-2.9167094371563866,-3.9578122607319632,1.038272834145054,-9.86526946107784,30,False,False,False,False,True,False,False,E,False,,,,,NONE,高値持ち合い後,
2026-09-09,7.1-EARLY-RESEARCH-R2,6988,日東電工,3175.0,-8.44867358708189,-11.188811188811187,-5.6514707898790935,-7.819250243879782,1.764383016804216,-21.951819075712887,212,False,False,False,True,False,False,False,E,False,,,,,NONE,長期調整後 / 出来高1.8倍,
2026-09-09,7.1-EARLY-RESEARCH-R2,5108,ブリヂストン,3759.0,-8.272327964860903,-11.113738472452116,-5.493893346747874,-7.748262457297672,1.5167831543150743,-49.54362416107383,187,False,False,True,True,False,False,False,E,False,,,,,NONE,長期調整後 / 出来高1.5倍,
2026-09-09,7.1-EARLY-RESEARCH-R2,7261,マツダ,1118.0,-8.172484599589325,-4.075504075504077,-7.153608580713305,-5.436952329397437,0.9627557218300528,-19.856630824372758,137,False,False,False,True,False,False,False,E,False,,,,,NONE,長期調整後,
2026-09-09,7.1-EARLY-RESEARCH-R2,4543,テルモ,2268.0,-8.14094775212637,-12.718876274773905,-4.9612286834328945,-9.302492981740528,1.2292525968703305,-16.248153618906947,248,False,False,True,True,False,False,False,E,False,,,,,NONE,長期調整後 / 出来高1.2倍,
2026-09-09,7.1-EARLY-RESEARCH-R2,7731,ニコン,1740.0,-8.033826638477803,-14.39114391143912,-4.436040660618024,-10.942778175862422,1.7849705777516525,-27.19665271966527,81,False,False,False,True,False,False,False,E,False,,,,,NONE,長期調整後 / 出来高1.8倍,
2026-09-09,7.1-EARLY-RESEARCH-R2,1332,ニッスイ,1185.5,-8.029480217222652,-5.763116057233708,-6.5887012029142245,-6.512207431707773,1.279820573360128,-24.49044585987261,130,False,False,False,True,False,False,False,E,False,,,,,NONE,長期調整後 / 出来高1.3倍,
2026-09-09,7.1-EARLY-RESEARCH-R2,7751,キヤノン,4317.0,-7.736695875187005,-5.411919368974583,-6.383716032943359,-5.735771931663358,1.3666826772745002,-14.226107689250945,143,False,False,False,False,True,False,False,E,False,,,,,NONE,高値持ち合い後 / 出来高1.4倍,
2026-09-09,7.1-EARLY-RESEARCH-R2,7733,オリンパス,1928.5,-7.528170702469428,-7.082630691399661,-5.7575130296195125,-6.79162115397628,1.1836750702536765,-12.757294729699165,14,False,False,True,False,False,False,False,E,False,,,,,NONE,出来高1.2倍,
2026-09-09,7.1-EARLY-RESEARCH-R2,6758,ソニーグループ,3625.0,-7.525510204081631,-3.6416799574694347,-6.6150902147142725,-4.58316662806123,1.1282042820129126,-24.099664991624792,200,False,False,False,True,False,False,False,E,False,,,,,NONE,長期調整後 / 出来高1.1倍,
2026-09-09,7.1-EARLY-RESEARCH-R2,2801,キッコーマン,1695.0,-7.5034106412005475,-4.156064461407971,-6.4643945258485545,-5.061164134964368,1.0603115749185181,-9.236947791164663,13,False,False,True,False,False,False,False,E,False,,,,,NONE,,
2026-09-09,7.1-EARLY-RESEARCH-R2,6770,アルプスアルパイン,2124.0,-5.851063829787229,-2.925045703839124,-5.119802403827448,-3.2346241457858804,1.1260908757714139,-11.3337507827176,132,False,False,False,False,True,False,False,E,False,,,,,NONE,高値持ち合い後 / 出来高1.1倍,
2026-09-09,7.1-EARLY-RESEARCH-R2,4188,三菱ケミカルグループ,1172.5,-7.4950690335305765,-5.936622543120739,-6.010913397750391,-1.8138272928250876,0.9353280072169106,-10.15325670498084,4,False,False,True,False,False,False,False,E,False,,,,,NONE,25日線付近,
2026-09-09,7.1-EARLY-RESEARCH-R2,8233,高島屋,2101.0,-6.973655080805841,-7.5874202771057835,-5.076800011529395,-8.72677984951431,1.14481516227926,-19.45562583860456,51,False,False,False,False,False,False,False,E,False,,,,,NONE,出来高1.1倍,
2026-09-09,7.1-EARLY-RESEARCH-R2,4151,協和キリン,2224.0,-6.945606694560668,-14.197530864197528,-3.396223978511286,-12.126815545335301,2.0255513437955894,-23.62637362637363,131,False,False,False,True,False,False,False,E,False,,,,,NONE,長期調整後 / 出来高2.0倍,
2026-09-09,7.1-EARLY-RESEARCH-R2,3086,Ｊ．フロント　リテイリング,2600.0,-6.86011105140606,-12.649084495212492,-3.697839927602937,-10.710606206299712,0.7267818509434303,-28.117224218965998,49,False,False,False,False,False,False,False,E,False,,,,,NONE,,
2026-09-09,7.1-EARLY-RESEARCH-R2,3401,帝人,1645.5,-6.849702802151148,-7.556179775280903,-4.960657858330922,-5.207673253067579,1.1222164043490312,-9.835616438356166,6,False,False,True,False,False,False,False,E,False,,,,,NONE,出来高1.1倍,
2026-09-09,7.1-EARLY-RESEARCH-R2,7951,ヤマハ,1230.0,-6.782872300113684,-11.954187544738726,-3.794325413929003,-7.204828366654093,1.4603032133163687,-14.10614525139665,20,False,False,True,False,True,False,False,E,False,,,,,NONE,高値持ち合い後 / 出来高1.5倍,
2026-09-09,7.1-EARLY-RESEARCH-R2,6724,セイコーエプソン,3001.0,-6.685323383084574,-4.090763822307442,-5.662632427507714,-4.319491914502882,1.349564100022897,-9.933973589435773,6,False,False,True,False,False,False,False,E,False,,,,,NONE,出来高1.3倍,
2026-09-09,7.1-EARLY-RESEARCH-R2,2413,エムスリー,1666.0,-6.535764375876574,2.1146184492798037,-7.0644189881965245,-3.467297084318355,0.6940540682863895,-39.32993445010925,198,False,False,True,True,False,False,False,E,False,,,,,NONE,長期調整後,
2026-09-09,7.1-EARLY-RESEARCH-R2,6098,リクルートホールディングス,15305.0,-6.4200550290431035,-8.133253301320531,-4.386741703712971,-4.795969146553869,1.3981513345770469,-15.97584408454571,7,False,False,True,False,False,False,False,E,False,,,,,NONE,出来高1.4倍,
2026-09-09,7.1-EARLY-RESEARCH-R2,4503,アステラス製薬,2237.0,-6.382088302992262,-5.050933786078094,-5.1193548564727385,-4.703075743375651,1.0787559230899528,-17.66654398233346,104,False,False,True,True,False,False,False,E,False,,,,,NONE,長期調整後,
2026-09-09,7.1-EARLY-RESEARCH-R2,7269,スズキ,1989.5,-6.24410933081998,-0.8225324027916203,-6.038476230122075,-4.116785225454478,1.0190982888665212,-19.551152446421348,191,False,False,True,True,False,False,False,E,False,,,,,NONE,長期調整後,
2026-09-09,7.1-EARLY-RESEARCH-R2,4631,ＤＩＣ,4646.0,-6.2171982236576495,-17.492452495116318,-1.84408509987857,-8.840472789489384,0.7585933854615896,-20.932607215793052,19,False,False,True,False,False,False,False,E,False,,,,,NONE,,
2026-09-09,7.1-EARLY-RESEARCH-R2,4005,住友化学,573.8,-7.0468167827636545,9.108195474424786,-9.32386565136985,3.9605754248650094,0.7537194013138167,-10.17532874139011,4,True,False,True,False,False,False,False,E,False,,,,,NONE,安値切り上げ,
2026-09-09,7.1-EARLY-RESEARCH-R2,4751,サイバーエージェント,1217.5,-4.209284028324156,-2.4048096192384794,-3.608081623514536,-7.192840699464876,0.9256583849922347,-33.759521218715996,240,False,False,True,True,False,False,False,E,False,,,,,NONE,長期調整後,
2026-09-09,7.1-EARLY-RESEARCH-R2,6361,荏原製作所,4392.0,0.7339449541284404,-23.25703302463743,6.548203210287798,-13.249585209765346,0.6942372038343281,-36.25544267053701,56,False,False,True,False,False,False,False,E,False,,,,,NONE,勢い改善,
2026-09-09,7.1-EARLY-RESEARCH-R2,2269,明治ホールディングス,4344.0,-3.8938053097345104,3.7497014568903753,-4.831230673957104,0.7757692735978594,0.7233509814790038,-5.7291666666666625,4,False,False,True,False,False,False,False,E,False,,,,,NONE,25日線付近,
2026-09-09,7.1-EARLY-RESEARCH-R2,7202,いすゞ自動車,2168.0,-2.099796793858655,-4.661389621811784,-0.9344493884057088,-3.1139394372743157,1.207085293271512,-25.981563673608743,141,False,False,True,True,False,False,False,E,False,,,,,NONE,長期調整後 / 出来高1.2倍,
2026-09-09,7.1-EARLY-RESEARCH-R2,9432,ＮＴＴ,172.2,-1.7123287671232834,8.712121212121193,-3.8903590701535817,4.023196810438567,0.9204248290534853,-2.1590909090909105,4,True,False,True,False,False,False,False,E,False,,,,,NONE,安値切り上げ,
2026-09-09,7.1-EARLY-RESEARCH-R2,9001,東武鉄道,2926.0,-1.6966235511506778,-1.5146415348367581,-1.3179631674414882,-1.353273952004963,0.9996797900672441,-9.579728059332504,29,False,False,True,False,True,False,False,E,False,,,,,NONE,高値持ち合い後 / 25日線付近,
2026-09-09,7.1-EARLY-RESEARCH-R2,5332,ＴＯＴＯ,5803.0,-1.577340569877883,-11.485661989017693,1.2940749273765402,-8.18619074742104,1.120013738548973,-38.915789473684214,54,False,False,True,False,False,False,False,E,False,,,,,NONE,出来高1.1倍 / 勢い改善,
2026-09-09,7.1-EARLY-RESEARCH-R2,8253,クレディセゾン,4555.0,-1.2787169484178573,-3.659052453468692,-0.36395383505068435,-2.7307981413147497,0.9267141502506078,-7.793522267206477,139,False,False,True,False,True,False,False,E,False,,,,,NONE,高値持ち合い後 / 25日線付近,
2026-09-09,7.1-EARLY-RESEARCH-R2,5411,ＪＦＥホールディングス,1830.0,-1.2678715942810892,0.4115226337448652,-1.3707522527173055,-0.5985812212795039,0.5271179687109744,-22.424756252649424,141,False,False,True,True,False,False,False,E,False,,,,,NONE,長期調整後 / 25日線付近,
2026-09-09,7.1-EARLY-RESEARCH-R2,4755,楽天グループ,718.0,-1.1971927893215994,-3.624161073825505,-0.29115252086522325,-7.554758998604305,0.9376990008969436,-32.8029948525971,202,False,False,True,True,False,False,False,E,False,,,,,NONE,長期調整後,
2026-09-09,7.1-EARLY-RESEARCH-R2,8601,大和証券グループ本社,1797.0,-1.1822930987077207,-0.5258787711043489,-1.0508234059316335,-0.9000066176957144,0.9912829121654406,-5.321390937829296,3,False,False,True,False,False,False,False,E,False,,,,,NONE,25日線付近,
2026-09-09,7.1-EARLY-RESEARCH-R2,3289,東急不動産ホールディングス,1303.5,-1.1751326762698966,-0.5720823798627039,-1.0321120813042206,-1.3023396683576882,0.965354284195292,-18.42928660826032,141,False,False,True,True,False,False,False,E,False,,,,,NONE,長期調整後 / 25日線付近,
2026-09-09,7.1-EARLY-RESEARCH-R2,3861,王子ホールディングス,864.0,-1.0309278350515427,-1.0875787063537534,-0.7590331584631044,-0.9378797954550655,0.984808656314953,-12.788937115171095,132,False,False,True,False,True,False,False,E,False,,,,,NONE,高値持ち合い後 / 25日線付近,
2026-09-09,7.1-EARLY-RESEARCH-R2,7735,ＳＣＲＥＥＮホールディングス,13020.0,-0.9509319132750105,-5.274645325572935,0.36772941811822335,-3.20134417795489,0.9809959854854149,-45.45454545454546,132,False,False,True,True,False,False,False,E,False,,,,,NONE,長期調整後 / 勢い改善,
2026-09-09,7.1-EARLY-RESEARCH-R2,6113,アマダ,2433.0,-0.8355410637864269,-11.188173024274505,1.9615021922821994,-7.661128105478099,1.0089804543053353,-24.53473945409429,81,False,False,True,True,False,False,False,E,False,,,,,NONE,長期調整後 / 勢い改善,
2026-09-09,7.1-EARLY-RESEARCH-R2,8801,三井不動産,1505.5,-0.6270627062706313,3.7202893558387906,-1.557135045230329,0.6888710540395859,0.9683215755555314,-30.236329935125116,141,False,False,True,True,False,False,False,E,False,,,,,NONE,長期調整後 / 25日線付近,
2026-09-09,7.1-EARLY-RESEARCH-R2,7012,川崎重工業,2418.0,-0.4323656578134605,-12.864864864864867,2.783850558402756,-8.558722091123617,0.9842985181530016,-87.15878916622411,129,False,False,True,True,False,False,False,E,False,,,,,NONE,長期調整後 / 勢い改善,
2026-09-09,7.1-EARLY-RESEARCH-R2,3659,ネクソン,3115.0,-0.3837543971857982,23.2930932119533,-6.207027700174123,5.971124144406503,0.8071420383953075,-29.74740640505187,154,False,False,True,True,False,False,False,E,False,,,,,NONE,長期調整後,
2026-09-09,7.1-EARLY-RESEARCH-R2,8015,豊田通商,7517.0,-0.2785884850092901,4.344808439755687,-1.364790594948212,1.2707000705944438,1.5459958231254267,-3.603488073865091,2,False,False,True,False,False,False,False,E,False,,,,,NONE,出来高1.5倍 / 25日線付近,
2026-09-09,7.1-EARLY-RESEARCH-R2,9020,東日本旅客鉄道,3538.0,-0.19746121297602448,2.431962941517085,-0.8054519483552958,0.773604037780129,0.9819771460247626,-15.981952030396585,162,False,False,True,True,False,False,False,E,False,,,,,NONE,長期調整後 / 25日線付近,
2026-09-09,7.1-EARLY-RESEARCH-R2,5333,ＮＧＫ,5138.0,-0.1166407465007735,-10.845045982994971,2.5946207492479694,-6.798722971992454,1.1428955143701316,-34.91259184190525,52,False,False,True,False,False,False,False,E,False,,,,,NONE,出来高1.1倍 / 勢い改善,
2026-09-09,7.1-EARLY-RESEARCH-R2,3436,ＳＵＭＣＯ,3122.0,0.0,-14.39539347408829,3.5988483685220727,-10.163443830570895,0.8201619807285655,-47.43222764775214,40,False,False,True,False,False,False,False,E,False,,,,,NONE,勢い改善,
2026-09-09,7.1-EARLY-RESEARCH-R2,9104,商船三井,7039.0,0.014208581983510271,14.158287382419733,-3.525363263621423,3.315974566569002,0.5579554677348457,-6.259155679850847,11,False,True,True,False,False,False,False,E,False,,,,,NONE,5日線上向き,
2026-09-09,7.1-EARLY-RESEARCH-R2,6506,安川電機,4503.0,0.6256983240223501,-17.436743674367438,4.98488424261421,-9.513628216154512,0.7480726466647493,-43.10802274162982,55,False,False,True,False,False,False,False,E,False,,,,,NONE,勢い改善,
2026-09-09,7.1-EARLY-RESEARCH-R2,8031,三井物産,5156.0,0.7227974213713573,5.224489795918363,-0.5833250276082336,4.233210690171019,0.9461360984108693,-22.756554307116104,104,True,False,False,True,False,False,False,E,False,,,,,NONE,長期調整後 / 安値切り上げ,
2026-09-09,7.1-EARLY-RESEARCH-R2,7762,シチズン時計,2259.0,-17.192082111436946,-12.947976878612721,-13.955087891783766,-13.46684236332434,1.0354428474678306,-22.636986301369866,17,False,False,True,False,False,False,False,E,False,,,,,NONE,,
2026-09-09,7.1-EARLY-RESEARCH-R2,8411,みずほフィナンシャルグループ,8476.0,-2.226323682085596,-0.3058103975535187,-2.1498710826972163,0.11575441166047362,0.9113663719444238,-4.699797616370582,4,True,False,True,False,False,False,False,E,False,,,,,NONE,安値切り上げ / 25日線付近,
2026-09-09,7.1-EARLY-RESEARCH-R2,6861,キーエンス,76280.0,-2.230197385285826,-12.522935779816514,0.9005365596683026,-7.291271670118327,1.0038225029084262,-13.239308462238398,23,False,False,True,False,True,False,False,E,False,,,,,NONE,高値持ち合い後 / 勢い改善,
2026-09-09,7.1-EARLY-RESEARCH-R2,8750,第一ライフグループ,1804.0,-2.275189599133265,-3.8891848694725617,-1.3028933817651245,-2.240237571396053,1.0783661977926335,-7.912200102092903,31,False,False,True,False,True,False,False,E,False,,,,,NONE,高値持ち合い後 / 25日線付近,
2026-09-09,7.1-EARLY-RESEARCH-R2,4523,エーザイ,4620.0,-2.3668639053254448,-7.37770649558942,-0.5224372814280898,-3.4918406738024155,1.2024525269361273,-13.628715647784627,243,False,False,True,False,True,False,False,E,False,,,,,NONE,高値持ち合い後 / 出来高1.2倍,
2026-09-09,7.1-EARLY-RESEARCH-R2,7453,良品計画,4085.0,-3.88235294117647,-9.121245828698555,-1.6020414840018313,-5.304786454759569,1.1422227078666594,-11.675675675675679,20,False,False,True,False,True,False,False,E,False,,,,,NONE,高値持ち合い後 / 出来高1.1倍,
2026-09-09,7.1-EARLY-RESEARCH-R2,6326,クボタ,2837.5,-3.8624428256818555,4.9371301775148035,-5.096725370060557,1.7185505957928893,0.7183427295550632,-13.173194614443084,140,False,False,True,False,True,False,False,E,False,,,,,NONE,高値持ち合い後 / 25日線付近,
2026-09-09,7.1-EARLY-RESEARCH-R2,4911,資生堂,3351.0,-3.7898363479758834,-3.679218166139697,-2.8700318064409593,-5.452226711509378,0.9020554840266365,-12.300444909709496,9,False,False,True,False,False,False,False,E,False,,,,,NONE,,
2026-09-09,7.1-EARLY-RESEARCH-R2,3402,東レ,1222.0,-3.6657469452108793,-10.11401250459728,-1.1372438190615592,-5.4720980243513795,1.0421585836092784,-12.401433691756269,21,False,False,True,False,True,False,False,E,False,,,,,NONE,高値持ち合い後,
2026-09-09,7.1-EARLY-RESEARCH-R2,8725,ＭＳ＆ＡＤインシュアランスグループホールディングス,4947.0,-3.661148977604678,1.8949536560247227,-4.134887391610858,-0.75193400314576,1.4175284744922558,-6.923800564440263,3,False,False,True,False,False,False,False,E,False,,,,,NONE,出来高1.4倍 / 25日線付近,
2026-09-09,7.1-EARLY-RESEARCH-R2,6526,ソシオネクスト,1867.0,-3.6387096774193495,-4.91469314998727,-2.410036389922532,-5.955954947512643,0.9456611601787808,-46.51962188484675,208,False,False,True,True,False,False,False,E,False,,,,,NONE,長期調整後,
2026-09-09,7.1-EARLY-RESEARCH-R2,8795,Ｔ＆Ｄホールディングス,4700.0,-3.530377668308704,-4.335436596784037,-2.446518519112695,-3.453489231982776,0.9200823098631923,-9.196290571870168,31,False,False,True,False,True,False,False,E,False,,,,,NONE,高値持ち合い後,
2026-09-09,7.1-EARLY-RESEARCH-R2,6471,日本精工,1060.5,-3.5031847133757954,-9.859753506162349,-1.0382463368352082,-6.240053753934283,1.614109756883988,-25.026511134676564,129,False,False,True,True,False,False,False,E,False,,,,,NONE,長期調整後 / 出来高1.6倍,
2026-09-09,7.1-EARLY-RESEARCH-R2,4689,ＬＩＮＥヤフー,516.4,-3.3682634730538896,3.342005203121867,-4.203764773834356,-0.3204262054588236,0.8240282208174581,-9.00440528634362,6,False,False,True,False,False,False,False,E,False,,,,,NONE,25日線付近,
2026-09-09,7.1-EARLY-RESEARCH-R2,2502,アサヒグループホールディングス,1605.0,-3.3132530120481896,-4.407385348421677,-2.2114066749427703,-3.664934035989098,0.8664926545151028,-18.27902240325866,247,False,False,True,True,False,False,False,E,False,,,,,NONE,長期調整後,
2026-09-09,7.1-EARLY-RESEARCH-R2,4042,東ソー,2594.0,-3.281133482475762,-5.207381691942259,-1.9792880594901974,-3.0381866570975857,1.082085327569348,-15.942968243681143,59,False,False,True,False,False,False,False,E,False,,,,,NONE,,
2026-09-09,7.1-EARLY-RESEARCH-R2,8308,りそなホールディングス,2412.0,-4.190665342601784,2.901023890784993,-4.915921315298032,-0.8777985994674053,1.008644557053858,-7.26643598615917,4,False,False,True,False,False,False,False,E,False,,,,,NONE,25日線付近,
2026-09-09,7.1-EARLY-RESEARCH-R2,6971,京セラ,3406.0,-3.2661175802328857,-10.131926121372036,-0.7331360498898767,-7.100307665452011,1.3796610289193016,-15.252550385668073,45,False,False,True,False,False,False,False,E,False,,,,,NONE,出来高1.4倍,
2026-09-09,7.1-EARLY-RESEARCH-R2,6645,オムロン,6037.0,-3.1756214915797942,-11.868613138686134,-0.20846820690826062,-7.241237316157257,1.029458358921803,-16.673567977915805,16,False,False,True,False,False,False,False,E,False,,,,,NONE,,
2026-09-09,7.1-EARLY-RESEARCH-R2,6501,日立製作所,5173.0,-3.0365510777881966,-8.74933850767331,-0.8492164508698692,-4.72594666273759,0.874669138547215,-14.340122536843847,142,False,False,True,False,True,False,False,E,False,,,,,NONE,高値持ち合い後,
2026-09-09,7.1-EARLY-RESEARCH-R2,8354,ふくおかフィナンシャルグループ,7592.0,-3.014818599897806,0.9440234011434567,-3.2508244501836705,-1.226087137534082,1.3642350154243237,-5.360259286960856,3,False,False,True,False,False,False,False,E,False,,,,,NONE,出来高1.4倍 / 25日線付近,
2026-09-09,7.1-EARLY-RESEARCH-R2,4208,ＵＢＥ,3416.0,-3.0096536059057377,-6.410958904109587,-1.406913879878341,-2.917036127594752,0.8919803600654664,-7.998922704012923,19,False,False,True,False,False,False,False,E,False,,,,,NONE,25日線付近,
2026-09-09,7.1-EARLY-RESEARCH-R2,5101,横浜ゴム,6835.0,-2.9119318181818232,-11.152996230339273,-0.123682760597005,-7.905445098979758,1.032768388143203,-17.561210951634298,20,False,False,True,False,False,False,False,E,False,,,,,NONE,,
2026-09-09,7.1-EARLY-RESEARCH-R2,6752,パナソニック　ホールディングス,4179.0,-2.72346368715084,-8.63576738084827,-0.5645218419387725,-5.115886220801391,0.6798328529088561,-16.118024889602566,18,False,False,True,False,False,False,False,E,False,,,,,NONE,,
2026-09-09,7.1-EARLY-RESEARCH-R2,2802,味の素,5084.0,-2.6985645933014335,-6.818181818181824,-0.9940191387559776,-4.992562360310659,1.1144520792897394,-19.810725552050467,45,False,False,True,False,False,False,False,E,False,,,,,NONE,出来高1.1倍,
2026-09-09,7.1-EARLY-RESEARCH-R2,8309,三井住友トラストグループ,1730.0,-2.5352112676056304,1.4662756598240456,-2.901780182561642,-0.35939731834309097,1.177884283366252,-75.26804860614725,30,False,False,True,False,False,False,False,E,False,,,,,NONE,出来高1.2倍 / 25日線付近,
2026-09-09,7.1-EARLY-RESEARCH-R2,3101,東洋紡,1631.0,-2.5104602510460206,0.9907120743034126,-2.758138269621874,-0.5706064522421839,0.9053323846701152,-16.143958868894604,70,False,False,True,True,False,False,False,E,False,,,,,NONE,長期調整後 / 25日線付近,
2026-09-09,7.1-EARLY-RESEARCH-R2,6762,ＴＤＫ,2812.5,-2.479195561719838,-9.682080924855496,-0.05867533050596396,-7.307925543134353,1.4222086934324982,-34.82039397450754,70,False,False,True,True,False,False,False,E,False,,,,,NONE,長期調整後 / 出来高1.4倍,
2026-09-09,7.1-EARLY-RESEARCH-R2,8802,三菱地所,3682.0,-2.4118738404452666,-0.05428881650380024,-2.3983016363193164,-1.1225092647295876,0.8292876453482427,-31.90308858886628,132,False,False,True,True,False,False,False,E,False,,,,,NONE,長期調整後 / 25日線付近,
2026-09-09,7.1-EARLY-RESEARCH-R2,7201,日産自動車,307.3,-3.2430730478589465,-8.568878310026784,-1.1008534703522503,-5.825171310540956,1.006309371763224,-34.05579399141631,138,False,False,False,True,False,False,False,E,False,,,,,NONE,長期調整後,
2026-09-09,7.1-EARLY-RESEARCH-R2,6981,村田製作所,7128.0,3.005780346820819,-5.439108516847968,4.36555747603281,-3.500411558289651,0.8776621193104982,-44.722760759984496,55,True,False,True,False,False,False,False,D,False,,,,,NONE,安値切り上げ / 勢い改善,
2026-09-09,7.1-EARLY-RESEARCH-R2,6920,レーザーテック,35280.0,9.057187017001556,-9.492047203694199,11.430198817925106,-3.3149171270718147,2.2198307612152135,-39.7746671218846,56,False,True,True,False,False,False,False,C,False,,,,,NONE,5日線上向き / 出来高2.2倍 / 勢い改善,
2026-09-09,7.1-EARLY-RESEARCH-R2,6954,ファナック,5848.0,2.1484716157205153,-12.976190476190474,5.392519234768134,-5.020529078530222,0.8678381138618173,-34.14414414414414,82,False,False,True,True,False,False,False,D,False,,,,,NONE,長期調整後 / 勢い改善,
2026-09-09,7.1-EARLY-RESEARCH-R2,9532,大阪瓦斯,5945.0,1.7805170347543253,7.059247253736722,0.015705221320144735,6.091754645194913,1.2477662693662277,-12.932044522554186,127,True,True,False,False,True,False,False,B,False,,,,,NONE,高値持ち合い後 / 安値切り上げ / 5日線上向き / 出来高1.2倍 / 勢い改善,
2026-09-09,7.1-EARLY-RESEARCH-R2,9602,東宝,1594.5,2.146060217809098,6.798392498325523,0.44646209322771746,3.5161068335562318,0.754996103888495,-84.10269192422733,223,True,True,True,True,False,False,False,B,False,,,,,NONE,長期調整後 / 安値切り上げ / 5日線上向き / 勢い改善,
2026-09-09,7.1-EARLY-RESEARCH-R2,8697,日本取引所グループ,2200.0,2.540200419482641,-2.3090586145648295,3.1174650731238485,-1.7199017199017175,1.0851363994119307,-6.621392190152797,29,False,True,True,False,True,False,False,B,False,,,,,NONE,高値持ち合い後 / 5日線上向き / 勢い改善 / 25日線付近,
2026-09-09,7.1-EARLY-RESEARCH-R2,8053,住友商事,1840.0,2.9082774049216997,3.283749649172041,2.0873399926286895,3.4661148473874803,0.9954793466959291,-76.33440514469454,83,True,True,True,True,False,False,False,B,False,,,,,NONE,長期調整後 / 安値切り上げ / 5日線上向き / 勢い改善,
2026-09-09,7.1-EARLY-RESEARCH-R2,5232,住友大阪セメント,5635.0,3.7371134020618646,-1.2616085509024044,4.052515539787466,-0.605363606217324,1.2920423363386908,-13.533834586466165,57,False,False,True,False,True,False,False,B,False,,,,,NONE,高値持ち合い後 / 出来高1.3倍 / 勢い改善 / 25日線付近,
2026-09-09,7.1-EARLY-RESEARCH-R2,1801,大成建設,13340.0,5.831019436731455,3.9345539540319496,4.847380948223467,4.069150596018223,1.2955243956800213,-35.49323017408123,129,False,True,True,True,False,False,False,B,False,,,,,NONE,長期調整後 / 5日線上向き / 出来高1.3倍 / 勢い改善,
2026-09-09,7.1-EARLY-RESEARCH-R2,9502,中部電力,3065.0,6.128808864265922,12.312202271894467,3.0507582962923054,7.0263777245458625,0.7113279771168973,-6.725502130249539,42,True,True,True,False,True,False,False,B,False,,,,,NONE,高値持ち合い後 / 安値切り上げ / 5日線上向き / 勢い改善,
2026-09-09,7.1-EARLY-RESEARCH-R2,8001,伊藤忠商事,2299.0,6.583217431617983,9.685114503816795,4.161938805663784,8.979038481593493,1.4989498510381551,-76.77543186180422,180,True,True,False,True,False,False,False,B,False,,,,,NONE,長期調整後 / 安値切り上げ / 5日線上向き / 出来高1.5倍 / 勢い改善,
2026-09-09,7.1-EARLY-RESEARCH-R2,5803,フジクラ,5493.0,7.917485265225932,-5.293103448275859,9.240761127294897,2.6698266967716933,0.9636131888632189,-81.57329755115732,129,False,True,True,True,False,False,False,B,False,,,,,NONE,長期調整後 / 5日線上向き / 勢い改善 / 25日線付近,
2026-09-09,7.1-EARLY-RESEARCH-R2,5020,ＥＮＥＯＳホールディングス,1459.0,8.475836431226757,13.850955911041751,5.013097453466319,9.728949189254221,1.8476792004533238,-6.022544283413844,130,True,True,False,False,True,False,False,B,False,,,,,NONE,高値持ち合い後 / 安値切り上げ / 5日線上向き / 出来高1.8倍 / 勢い改善,
2026-09-09,7.1-EARLY-RESEARCH-R2,5301,東海カーボン,1980.0,9.27152317880795,8.88094583447896,7.051286720188211,11.836605589570958,2.5543676424627564,0.0,0,True,True,True,False,False,False,False,B,False,,,,,NONE,安値切り上げ / 5日線上向き / 出来高2.6倍 / 勢い改善,
2026-09-09,7.1-EARLY-RESEARCH-R2,5801,古河電気工業,4129.0,10.047974413646067,-2.2027475130270036,10.598661291902818,4.916249949180784,1.3884530446335883,-93.38407306521391,73,False,True,True,True,False,False,False,B,False,,,,,NONE,長期調整後 / 5日線上向き / 出来高1.4倍 / 勢い改善,
2026-09-09,7.1-EARLY-RESEARCH-R2,6702,富士通,3745.0,-1.4732965009208066,1.1888678735476832,-1.7705134693077273,0.16261380291635597,1.1853407170983896,-19.77292202227935,160,True,False,True,True,False,False,False,C,False,,,,,NONE,長期調整後 / 安値切り上げ / 出来高1.2倍 / 25日線付近,
2026-09-09,7.1-EARLY-RESEARCH-R2,3382,セブン＆アイ・ホールディングス,2028.5,-0.8795504519912067,-1.5530211113807368,-0.49129517414602253,-0.6533322885240778,0.8832314228758213,-16.073645014480764,140,True,True,True,True,False,False,False,C,False,,,,,NONE,長期調整後 / 安値切り上げ / 5日線上向き / 25日線付近,
2026-09-09,7.1-EARLY-RESEARCH-R2,5233,太平洋セメント,4136.0,0.3883495145631022,-1.3123359580052507,0.7164335040644149,-1.3095101744740933,1.056016698218533,-16.747181964573265,142,False,False,True,True,False,False,False,C,False,,,,,NONE,長期調整後 / 勢い改善 / 25日線付近,
2026-09-09,7.1-EARLY-RESEARCH-R2,4021,日産化学,8002.0,0.42670682730923115,0.9970970591947514,0.1774325625105433,0.28071582535464934,0.9868518977921111,-8.096933501780178,46,False,False,True,False,True,False,False,C,False,,,,,NONE,高値持ち合い後 / 勢い改善 / 25日線付近,
2026-09-09,7.1-EARLY-RESEARCH-R2,9005,東急,1655.5,0.45509708737863086,0.7608034083992798,0.2648962352788109,0.16335914811229646,0.9890997174000807,-17.677772252610644,130,False,False,True,True,False,False,False,C,False,,,,,NONE,長期調整後 / 勢い改善 / 25日線付近,
2026-09-09,7.1-EARLY-RESEARCH-R2,8604,野村ホールディングス,1616.0,0.4662729250854758,3.1928480204342247,-0.33193908002308037,1.7196666414885264,1.022395287877178,-3.923900118906065,1,True,True,True,False,False,False,False,C,False,,,,,NONE,安値切り上げ / 5日線上向き / 25日線付近,
2026-09-09,7.1-EARLY-RESEARCH-R2,5714,ＤＯＷＡホールディングス,9456.0,0.7136010224731093,-0.4526792293925719,0.8267708298212523,-1.8309116353624755,1.0639442140285311,-23.618739903069464,81,False,False,True,True,False,False,False,C,False,,,,,NONE,長期調整後 / 勢い改善 / 25日線付近,
2026-09-09,7.1-EARLY-RESEARCH-R2,6504,富士電機,13110.0,0.8073817762399127,-9.523809523809524,3.1883341571922936,-6.135891744827093,1.2767413252196447,-26.348314606741575,74,False,False,True,True,False,False,False,C,False,,,,,NONE,長期調整後 / 出来高1.3倍 / 勢い改善,
2026-09-09,7.1-EARLY-RESEARCH-R2,9064,ヤマトホールディングス,1932.5,0.9138381201044377,-0.2323180175529127,0.9719176244926658,-0.2580645161290307,0.8385047345443815,-24.74688473520249,246,False,False,True,True,False,False,False,C,False,,,,,NONE,長期調整後 / 勢い改善 / 25日線付近,
2026-09-09,7.1-EARLY-RESEARCH-R2,6857,アドバンテスト,32840.0,0.9219422249538978,-4.949348769898698,2.1592794174285723,-4.6468682129127465,1.218526098791248,-15.207849212496772,18,False,True,True,False,False,False,False,C,False,,,,,NONE,5日線上向き / 出来高1.2倍 / 勢い改善,
2026-09-09,7.1-EARLY-RESEARCH-R2,6976,太陽誘電,8972.0,1.28697222849401,-12.596200681928881,4.43602239897623,-7.135227338594163,1.1585270111052715,-62.71763972574278,48,True,False,True,False,False,False,False,C,False,,,,,NONE,安値切り上げ / 出来高1.2倍 / 勢い改善,
2026-09-09,7.1-EARLY-RESEARCH-R2,5802,住友電気工業,2189.5,1.5773602412433307,-3.5462555066079315,2.4639241178953135,-1.536206074669677,1.2062210885203648,-85.25589225589225,68,False,False,True,True,False,False,False,B,False,,,,,NONE,長期調整後 / 出来高1.2倍 / 勢い改善 / 25日線付近,
2026-09-09,7.1-EARLY-RESEARCH-R2,4043,トクヤマ,4032.0,2.1535343298707987,-0.1980198019801982,2.2030392803658483,-0.4060823428283511,0.7156408184099706,-30.097087378640776,67,False,False,True,True,False,False,False,C,False,,,,,NONE,長期調整後 / 勢い改善 / 25日線付近,
2026-09-09,7.1-EARLY-RESEARCH-R2,8002,丸紅,5145.0,1.080550098231825,2.571770334928236,0.437607514499766,3.2808999590489663,0.999090854308748,-18.694690265486724,141,True,True,True,True,False,False,False,B,False,,,,,NONE,長期調整後 / 安値切り上げ / 5日線上向き / 勢い改善,
2026-09-09,7.1-EARLY-RESEARCH-R2,9008,京王電鉄,788.8,0.2924348378893882,3.830459391865193,-0.6651800100769101,1.8942408052331716,1.195140228746978,-81.37426210153484,136,False,True,True,True,False,False,False,B,False,,,,,NONE,長期調整後 / 5日線上向き / 出来高1.2倍 / 25日線付近,
2026-09-09,7.1-EARLY-RESEARCH-R2,4061,デンカ,3308.0,2.3514851485148425,-8.008898776418238,4.353709842619402,-3.570345840815281,0.7499388128248319,-29.497016197783466,56,False,False,True,False,False,False,False,E,False,,,,,NONE,勢い改善,
2026-09-09,7.1-EARLY-RESEARCH-R2,9023,東京地下鉄,1526.0,2.795554058605587,4.234972677595628,1.7368108892066803,3.5727860129228572,1.494925190596149,-13.63893604980192,235,True,True,True,False,True,True,True,A,False,,,,,B_EARLY_CONFIRMED,高値持ち合い後 / 安値切り上げ / 5日線上向き / 出来高1.5倍 / 勢い改善,
2026-09-09,7.1-EARLY-RESEARCH-R2,1802,大林組,3108.0,3.3932135728542923,2.6759167492566904,2.72423438554012,2.7784575294810043,1.2335085362080171,-29.984230682586166,131,True,True,True,True,False,True,True,A,False,,,,,B_EARLY_CONFIRMED,長期調整後 / 安値切り上げ / 5日線上向き / 出来高1.2倍 / 勢い改善 / 25日線付近,
2026-09-09,7.1-EARLY-RESEARCH-R2,6594,ニデック,2591.0,4.475806451612896,-5.23043160204828,5.783414352124966,-2.797160821741018,1.129273581818344,-19.956750077231998,250,True,True,True,True,False,True,False,A,False,,,,,A_EARLY,長期調整後 / 安値切り上げ / 5日線上向き / 出来高1.1倍 / 勢い改善 / 25日線付近,
2026-09-09,7.1-EARLY-RESEARCH-R2,1721,コムシスホールディングス,5467.0,0.9416543574593872,3.034300791556732,0.18307915957020415,1.9719171541124458,1.3811939133827547,-11.978747383674126,84,True,False,True,False,True,False,False,A,False,,,,,NONE,高値持ち合い後 / 安値切り上げ / 出来高1.4倍 / 勢い改善 / 25日線付近,
2026-09-09,7.1-EARLY-RESEARCH-R2,9301,三菱倉庫,1530.5,1.156642432253796,1.9653564290472936,0.6653033249919726,0.7929086047706146,0.7245215748900431,-7.326672721768091,31,True,True,True,False,True,False,False,A,False,,,,,NONE,高値持ち合い後 / 安値切り上げ / 5日線上向き / 勢い改善 / 25日線付近,
2026-09-09,7.1-EARLY-RESEARCH-R2,8267,イオン,1383.5,1.840264998159724,-0.717617509867241,2.0196693756265343,0.5669840808315785,0.9694375195259884,-52.619863013698634,193,True,True,True,True,False,False,False,A,False,,,,,NONE,長期調整後 / 安値切り上げ / 5日線上向き / 勢い改善 / 25日線付近,
2026-09-09,7.1-EARLY-RESEARCH-R2,9201,日本航空,2990.5,2.1694567816877397,-1.498682476943347,2.5441274009235766,-0.8323385064332056,1.095026106073097,-8.603300733496333,131,True,True,True,False,True,False,False,A,False,,,,,NONE,高値持ち合い後 / 安値切り上げ / 5日線上向き / 勢い改善 / 25日線付近,
2026-09-09,7.1-EARLY-RESEARCH-R2,7911,ＴＯＰＰＡＮホールディングス,5070.0,2.965069049553204,3.0906872712484823,2.1923972317410834,0.6615468920002865,0.843240605933204,-14.473684210526317,129,True,True,True,False,True,False,False,A,False,,,,,NONE,高値持ち合い後 / 安値切り上げ / 5日線上向き / 勢い改善 / 25日線付近,
2026-09-09,7.1-EARLY-RESEARCH-R2,6302,住友重機械工業,5700.0,3.655210038188761,-4.904904904904905,4.881436264414987,-1.9040931807856043,0.7621129046687882,-10.405532851304622,129,True,True,True,False,True,False,False,A,False,,,,,NONE,高値持ち合い後 / 安値切り上げ / 5日線上向き / 勢い改善 / 25日線付近,
2026-09-09,7.1-EARLY-RESEARCH-R2,1963,日揮ホールディングス,2440.0,3.741496598639449,7.064501974550241,1.9753711050018885,5.310406739866025,1.1877829210222455,-16.652433817250213,75,True,True,True,True,False,False,False,A,False,,,,,NONE,長期調整後 / 安値切り上げ / 5日線上向き / 出来高1.2倍 / 勢い改善,
2026-09-09,7.1-EARLY-RESEARCH-R2,4004,レゾナック・ホールディングス,16070.0,4.147764095917039,-7.6967260195290095,6.071945600799292,-0.5889194071214798,0.8463226903127242,-21.59063186142962,82,True,True,True,True,False,False,False,A,False,,,,,NONE,長期調整後 / 安値切り上げ / 5日線上向き / 勢い改善 / 25日線付近,
2026-09-09,7.1-EARLY-RESEARCH-R2,9009,京成電鉄,1396.0,4.373831775700943,9.361535448491964,2.0334479135779517,5.304447528815404,1.214815263110116,-3.7904893177119203,243,True,True,True,False,True,False,False,A,False,,,,,NONE,高値持ち合い後 / 安値切り上げ / 5日線上向き / 出来高1.2倍 / 勢い改善,
2026-09-09,7.1-EARLY-RESEARCH-R2,1803,清水建設,2533.5,5.7387312186978345,6.360201511335006,4.148680840864083,5.719316986863854,1.4261738203165366,-29.975124378109452,129,True,True,True,True,False,False,False,A,False,,,,,NONE,長期調整後 / 安値切り上げ / 5日線上向き / 出来高1.4倍 / 勢い改善,
2026-09-09,7.1-EARLY-RESEARCH-R2,1812,鹿島建設,5187.0,6.269207129686549,6.552999178307317,4.63095733510972,5.257390542054252,1.4943508274139317,-35.485074626865675,141,True,True,True,True,False,False,False,A,False,,,,,NONE,長期調整後 / 安値切り上げ / 5日線上向き / 出来高1.5倍 / 勢い改善,
2026-09-09,7.1-EARLY-RESEARCH-R2,7013,ＩＨＩ,2800.5,7.71153846153847,-3.314344899016053,8.540124686292483,1.6375236809441862,1.4958694276401299,-84.49764738444506,233,False,True,True,True,False,False,False,A,False,,,,,NONE,長期調整後 / 5日線上向き / 出来高1.5倍 / 勢い改善 / 25日線付近,
2026-09-09,7.1-EARLY-RESEARCH-R2,9843,ニトリホールディングス,3287.0,8.805031446540879,11.745707972123064,5.8686044535101125,8.369544432502284,1.257633558049039,-77.65465669612507,238,True,True,True,True,False,False,False,A,False,,,,,NONE,長期調整後 / 安値切り上げ / 5日線上向き / 出来高1.3倍 / 勢い改善,
2026-09-09,7.1-EARLY-RESEARCH-R2,9984,ソフトバンクグループ,6810.0,38.30219333874898,23.369565217391308,32.45980203440115,23.142910874188093,2.2629312716281733,-75.41072395739303,210,True,True,True,True,False,False,False,A,False,,,,,NONE,長期調整後 / 安値切り上げ / 5日線上向き / 出来高2.3倍 / 勢い改善,
2026-09-09,7.1-EARLY-RESEARCH-R2,6472,ＮＴＮ,370.9,-0.6695232994108236,-4.456465739309634,0.44459313541658485,-2.61104284168846,1.230060347643691,-23.839835728952774,83,True,False,True,True,False,False,False,B,False,,,,,NONE,長期調整後 / 安値切り上げ / 出来高1.2倍 / 勢い改善 / 25日線付近,
2026-09-09,7.1-EARLY-RESEARCH-R2,9531,東京瓦斯,6253.0,0.08002560819462268,3.646610309961873,-0.8316269692958456,2.610470764302786,1.2578243951953985,-21.513744194803564,127,True,False,True,True,False,False,False,B,False,,,,,NONE,長期調整後 / 安値切り上げ / 出来高1.3倍 / 25日線付近,
2026-09-09,7.1-EARLY-RESEARCH-R2,8830,住友不動産,3307.0,0.21212121212121904,-2.9066353493834463,0.9387800494670806,-1.6850592208533466,1.4848875293839934,-59.670731707317074,175,False,False,True,True,False,False,False,B,False,,,,,NONE,長期調整後 / 出来高1.5倍 / 勢い改善 / 25日線付近,
2026-09-09,7.1-EARLY-RESEARCH-R2,6301,小松製作所,7418.0,0.24324324324325186,0.9389032521431417,0.008517430207466425,0.8999107706370024,1.114688064321093,-5.3826530612244845,140,False,False,True,False,True,False,False,B,False,,,,,NONE,高値持ち合い後 / 出来高1.1倍 / 勢い改善 / 25日線付近,
2026-09-09,7.1-EARLY-RESEARCH-R2,9202,ＡＮＡホールディングス,2951.0,0.2718314644920117,-4.126055880441848,1.3033454346024738,-3.3137405230428407,1.3465301580016238,-13.688212927756648,131,True,False,True,False,True,False,False,B,False,,,,,NONE,高値持ち合い後 / 安値切り上げ / 出来高1.3倍 / 勢い改善,
2026-09-09,7.1-EARLY-RESEARCH-R2,9021,西日本旅客鉄道,3018.0,0.8184399532320086,5.487591751135956,-0.5534579845519805,2.303697576982011,1.0375691819009185,-14.45578231292517,144,True,True,True,False,True,False,False,B,False,,,,,NONE,高値持ち合い後 / 安値切り上げ / 5日線上向き / 25日線付近,
2026-09-09,7.1-EARLY-RESEARCH-R2,6723,ルネサスエレクトロニクス,3315.0,3.238866396761142,-12.900683131897006,6.464037179735394,-5.713505580395239,0.8451020497375995,-37.263436790310365,54,True,True,True,False,False,False,False,C,False,,,,,NONE,安値切り上げ / 5日線上向き / 勢い改善,
2026-09-09,7.1-EARLY-RESEARCH-R2,5713,住友金属鉱山,10370.0,3.3383158943697033,7.083849648905405,1.5673534821433521,1.007149397074003,0.9867369500141032,-22.03007518796992,130,False,False,True,True,False,False,False,C,False,,,,,NONE,長期調整後 / 勢い改善 / 25日線付近,
2026-09-09,7.1-EARLY-RESEARCH-R2,8058,三菱商事,5038.0,3.662551440329209,3.7479406919275204,2.725566267347329,4.502874969922743,0.9638468703065982,-16.200931470392543,81,True,True,False,True,False,False,False,C,False,,,,,NONE,長期調整後 / 安値切り上げ / 5日線上向き / 勢い改善,
2026-09-09,7.1-EARLY-RESEARCH-R2,2002,日清製粉グループ本社,2037.5,-1.3078227173649815,1.2925677355207554,-1.6309646512451703,0.3704469994778359,1.1205211039731016,-7.323174891971796,103,False,False,True,False,True,False,False,D,False,,,,,NONE,高値持ち合い後 / 出来高1.1倍 / 25日線付近,
2026-09-09,7.1-EARLY-RESEARCH-R2,5201,ＡＧＣ,5581.0,-1.2736600035379464,-5.406779661016947,0.0780349117162904,-3.181597390881963,1.1075257378579957,-32.88033674082983,68,False,False,True,True,False,False,False,D,False,,,,,NONE,長期調整後 / 出来高1.1倍 / 勢い改善,
2026-09-09,7.1-EARLY-RESEARCH-R2,8252,丸井グループ,2862.0,-1.2422360248447228,-4.200836820083687,-0.1920268198238011,-2.670276005604455,1.1513016071242734,-14.998514998515,241,False,False,True,False,True,False,False,D,False,,,,,NONE,高値持ち合い後 / 出来高1.2倍 / 25日線付近,
2026-09-09,7.1-EARLY-RESEARCH-R2,6753,シャープ,629.6,-1.0374096196164806,-4.504777794630654,0.08878482904118301,-1.763758690849171,1.029401045635565,-30.43093922651934,202,False,False,True,True,False,False,False,D,False,,,,,NONE,長期調整後 / 勢い改善 / 25日線付近,
2026-09-09,7.1-EARLY-RESEARCH-R2,8766,東京海上ホールディングス,7701.0,-0.9517684887459854,-0.6450780544445922,-0.7904989751348374,0.7072128386330645,1.0601716742283944,-9.057628719886635,29,True,False,True,False,True,False,False,D,False,,,,,NONE,高値持ち合い後 / 安値切り上げ / 25日線付近,
2026-09-09,7.1-EARLY-RESEARCH-R2,9434,ソフトバンク,239.2,-0.8702859510982264,4.317488006977754,-1.949657952842665,1.5521516149848757,1.1306503328151563,-1.4014839241549892,5,True,False,True,False,False,False,False,D,False,,,,,NONE,安値切り上げ / 出来高1.1倍 / 25日線付近,
2026-09-09,7.1-EARLY-RESEARCH-R2,2501,サッポロビール,1845.0,-0.6194451925666589,-9.292035398230091,1.7035636569908639,-3.8912330051570576,0.8613526651304392,-77.70931496919174,190,False,True,True,True,False,False,False,D,False,,,,,NONE,長期調整後 / 5日線上向き / 勢い改善,
2026-09-09,7.1-EARLY-RESEARCH-R2,2871,ニチレイ,2142.0,-0.5340143951706566,-1.3812154696132617,-0.1887105277673412,-0.7570632986461878,1.2000647203541366,-9.582102152807092,29,False,False,True,False,True,False,False,D,False,,,,,NONE,高値持ち合い後 / 出来高1.2倍 / 25日線付近,
2026-09-09,7.1-EARLY-RESEARCH-R2,5706,三井金属,26200.0,-0.5315110098709219,-9.6551724137931,1.882282093577353,-8.705711816686645,1.1278766929439337,-54.592720970537265,73,False,False,True,True,False,False,False,D,False,,,,,NONE,長期調整後 / 出来高1.1倍 / 勢い改善,
2026-09-09,7.1-EARLY-RESEARCH-R2,9433,ＫＤＤＩ,2976.5,-0.31815137307434904,5.0653018002117856,-1.5844768231272954,2.2950661919360016,0.9529254859192507,-4.629926305671262,28,True,False,True,False,True,False,False,D,False,,,,,NONE,高値持ち合い後 / 安値切り上げ / 25日線付近,
2026-09-09,7.1-EARLY-RESEARCH-R2,9007,小田急電鉄,1789.5,-0.30640668523677084,5.41973490427099,-1.6613404113045183,2.437432738763068,1.4457692682192775,-4.432576769025365,29,False,False,True,False,True,False,False,D,False,,,,,NONE,高値持ち合い後 / 出来高1.4倍 / 25日線付近,
2026-09-09,7.1-EARLY-RESEARCH-R2,6305,日立建機,5811.0,-0.05159958720329927,2.2343420126671454,-0.6101850903700856,1.4412300731089234,0.41797270627419425,-19.57093425605536,131,True,False,True,True,False,False,False,D,False,,,,,NONE,長期調整後 / 安値切り上げ / 25日線付近,
2026-09-09,7.1-EARLY-RESEARCH-R2,9107,川崎汽船,3348.0,0.0597728631201333,16.614420062695935,-4.09383215255385,4.812352079341808,0.7062816487286059,-6.766917293233088,11,True,True,True,False,False,False,False,D,False,,,,,NONE,安値切り上げ / 5日線上向き,
2026-09-09,7.1-EARLY-RESEARCH-R2,5406,神戸製鋼所,2035.0,0.17228648781688616,1.69915042478761,-0.2525011183800163,0.7306062646022182,0.9778665158904045,-14.477831477201097,144,False,False,True,False,True,False,False,D,False,,,,,NONE,高値持ち合い後 / 25日線付近,
2026-09-09,7.1-EARLY-RESEARCH-R2,6367,ダイキン工業,20835.0,0.31295137217139946,-3.4075104311543813,1.164828979959995,-1.4175806497402244,1.0460996113170027,-21.19894099848714,44,False,False,True,False,False,False,False,D,False,,,,,NONE,勢い改善 / 25日線付近,
2026-09-09,7.1-EARLY-RESEARCH-R2,7912,大日本印刷,3055.0,0.5264889766370517,-5.826140567200988,1.9830241184372988,-2.7330268335859276,0.9682310846847385,-9.185493460166471,18,False,False,True,False,False,False,False,D,False,,,,,NONE,勢い改善 / 25日線付近,
2026-09-09,7.1-EARLY-RESEARCH-R2,8628,松井証券,1190.0,0.591715976331364,8.675799086757996,-1.577233795358135,4.731394775751596,0.6476535673407097,-2.9363784665579096,1,True,True,True,False,False,False,False,D,False,,,,,NONE,安値切り上げ / 5日線上向き,
2026-09-09,7.1-EARLY-RESEARCH-R2,7004,カナデビア,1154.0,0.6102877070619073,-4.785478547854782,1.8066573440256029,-3.8173028838139667,0.7690957523695459,-23.828382838283822,83,False,False,True,True,False,False,False,D,False,,,,,NONE,長期調整後 / 勢い改善,
2026-09-09,7.1-EARLY-RESEARCH-R2,5711,三菱マテリアル,5386.0,0.7670720299345124,1.8147448015122913,0.31338582955643957,0.4655813051199109,0.685100069374231,-12.265841342238149,8,False,False,True,False,False,False,False,D,False,,,,,NONE,勢い改善 / 25日線付近,
2026-09-09,7.1-EARLY-RESEARCH-R2,8035,東京エレクトロン,53700.0,1.1109019017134347,-7.779495105615664,3.0557756781173504,-3.7206500380097207,1.247313038491713,-33.91582574452375,48,False,False,True,False,False,False,False,D,False,,,,,NONE,出来高1.2倍 / 勢い改善,
2026-09-09,7.1-EARLY-RESEARCH-R2,3103,ユニチカ,1456.0,1.3221990257480831,32.12341197822142,-6.708653968807272,2.3708411845768884,0.4014299958656582,-66.7579908675799,95,False,False,True,True,False,False,False,D,False,,,,,NONE,長期調整後 / 25日線付近,
2026-09-09,7.1-EARLY-RESEARCH-R2,9101,日本郵船,7201.0,1.4654079188389568,17.509791122715402,-2.9120398618398937,6.158708817615177,0.7487358839191984,-3.5365036838580055,2,True,True,True,False,False,False,False,D,False,,,,,NONE,安値切り上げ / 5日線上向き,
2026-09-09,7.1-EARLY-RESEARCH-R2,9501,東京電力ホールディングス,575.1,1.9500088636766444,11.324041811846698,-0.88100158928503,7.07104557640752,0.9970261170025045,-38.78007238662976,200,True,False,True,True,False,False,False,D,False,,,,,NONE,長期調整後 / 安値切り上げ,
2026-09-09,7.1-EARLY-RESEARCH-R2,8804,東京建物,3335.0,-1.477104874446089,-1.272942569567792,-1.158869232054141,-1.355876054471672,1.267118090434104,-23.754000914494743,131,False,False,True,True,False,False,False,D,False,,,,,NONE,長期調整後 / 出来高1.3倍 / 25日線付近,
2026-09-09,7.1-EARLY-RESEARCH-R2,7532,パン・パシフィック・インターナショナルホールディングス,755.6,-1.7425227568270474,-18.75268817204301,2.9456492861837047,-9.773071393430477,1.1410222220178676,-86.36839256720188,244,False,False,True,True,False,False,False,D,False,,,,,NONE,長期調整後 / 出来高1.1倍 / 勢い改善,
2026-09-09,7.1-EARLY-RESEARCH-R2,6902,デンソー,1888.5,-1.7429760665972904,-2.6797217212058744,-1.0730456362958218,-1.906295449823392,1.1585870930872182,-20.417193426042978,208,False,False,True,True,False,False,False,D,False,,,,,NONE,長期調整後 / 出来高1.2倍 / 25日線付近,
2026-09-09,7.1-EARLY-RESEARCH-R2,9022,東海旅客鉄道,3865.0,-1.9533231861998956,1.1515310128238587,-2.2412059394058605,-0.5014828239558455,1.3466652284228249,-19.979296066252584,136,False,False,True,True,False,False,False,D,False,,,,,NONE,長期調整後 / 出来高1.3倍 / 25日線付近,
2026-09-09,7.1-EARLY-RESEARCH-R2,5214,日本電気硝子,4791.0,3.678857390175283,-4.637738853503182,4.838292103551078,-1.4302996387217881,1.0439781284837821,-42.80768771636624,90,False,False,True,True,False,False,False,C,False,,,,,NONE,長期調整後 / 勢い改善 / 25日線付近,
2026-09-09,7.1-EARLY-RESEARCH-R2,285A,キオクシアホールディングス,57000.0,11.764705882352944,14.297172648887102,8.190412720131167,8.360898825139728,0.8480438627120492,-49.423247559893525,55,True,True,True,False,False,False,False,C,False,,,,,NONE,安値切り上げ / 5日線上向き / 勢い改善,
2026-09-09,7.1-EARLY-RESEARCH-R2,5019,出光興産,1660.0,13.543091655266748,27.987663839629917,6.546175695359269,19.727655645952336,1.8385907199944007,-0.6582884500299202,105,True,True,False,False,False,False,False,C,False,,,,,NONE,安値切り上げ / 5日線上向き / 出来高1.8倍 / 勢い改善,
2026-09-09,7.1-EARLY-RESEARCH-R2,4506,住友ファーマ,1545.0,-5.417814508723595,14.444444444444438,-9.028925619834704,6.2249907182046815,1.1439173071826132,-53.01094890510949,138,True,False,True,True,False,False,False,D,False,,,,,NONE,長期調整後 / 安値切り上げ / 出来高1.1倍,
2026-09-09,7.1-EARLY-RESEARCH-R2,7974,任天堂,8401.0,-4.761364924611722,-1.0249764373232773,-4.505120815280902,-2.497620760892283,1.1256758333657475,-42.5768967874231,205,False,False,True,True,False,False,False,D,False,,,,,NONE,長期調整後 / 出来高1.1倍 / 25日線付近,
2026-09-09,7.1-EARLY-RESEARCH-R2,2432,ディー・エヌ・エー,2489.0,-4.581176921602459,-0.9156050955414052,-4.352275647717108,-1.3123983981602638,1.100931839597948,-13.726169844020797,202,False,False,True,False,True,False,False,D,False,,,,,NONE,高値持ち合い後 / 出来高1.1倍 / 25日線付近,
2026-09-09,7.1-EARLY-RESEARCH-R2,4507,塩野義製薬,2846.5,-4.543930248155603,0.9039347749025151,-4.7699139418812315,-1.2461750889877332,1.2054207532059615,-24.254922831293246,104,False,False,True,True,False,False,False,D,False,,,,,NONE,長期調整後 / 出来高1.2倍 / 25日線付近,
2026-09-09,7.1-EARLY-RESEARCH-R2,7270,ＳＵＢＡＲＵ,2555.5,-4.144786196549132,-1.0454985479186885,-3.8834115595694603,-1.8097287328056488,1.157187514923098,-29.832509610104342,178,False,False,True,True,False,False,False,D,False,,,,,NONE,長期調整後 / 出来高1.2倍 / 25日線付近,
2026-09-09,7.1-EARLY-RESEARCH-R2,7186,横浜フィナンシャルグループ,1853.0,-3.6651936573953714,-1.1469725260069397,-3.3784505258936366,-2.4295207304358857,1.2824755151663338,-7.141067401653722,31,False,False,True,False,True,False,False,D,False,,,,,NONE,高値持ち合い後 / 出来高1.3倍 / 25日線付近,
2026-09-09,7.1-EARLY-RESEARCH-R2,4502,武田薬品工業,5615.0,-3.588598901098905,0.9528946422150408,-3.826822561652665,-1.4545760879485004,1.439565602756111,-6.928559588927563,108,False,False,True,False,True,False,False,D,False,,,,,NONE,高値持ち合い後 / 出来高1.4倍 / 25日線付近,
2026-09-09,7.1-EARLY-RESEARCH-R2,1605,ＩＮＰＥＸ,3912.0,-3.431251542828928,5.246166263115426,-4.742793108607785,2.7537587072778758,1.2787349649375377,-21.04944500504541,111,False,False,True,True,False,False,False,D,False,,,,,NONE,長期調整後 / 出来高1.3倍 / 25日線付近,
2026-09-09,7.1-EARLY-RESEARCH-R2,7011,三菱重工業,3813.0,2.3899033297529515,-6.863702979970688,4.105829074745623,-4.342110544695544,0.9631249812679908,-26.785714285714292,130,False,False,True,True,False,False,False,D,False,,,,,NONE,長期調整後 / 勢い改善,
2026-09-09,7.1-EARLY-RESEARCH-R2,4324,電通グループ,3535.0,-3.256704980842917,-6.97368421052632,-1.513283928211337,-2.5440550495136938,0.7990743204152044,-8.750645327826534,29,True,False,True,False,True,False,False,D,False,,,,,NONE,高値持ち合い後 / 安値切り上げ / 25日線付近,
2026-09-09,7.1-EARLY-RESEARCH-R2,2282,日本ハム,6142.0,-2.9086310464748633,-0.711283543485286,-2.730810160603542,-1.6171815933467504,1.1376465479808946,-17.223719676549866,107,False,False,True,True,False,False,False,D,False,,,,,NONE,長期調整後 / 出来高1.1倍 / 25日線付近,
2026-09-09,7.1-EARLY-RESEARCH-R2,1808,長谷工コーポレーション,2821.5,-2.7906976744186074,1.8959913326110467,-3.264695507571369,-0.062339281539791624,1.3492139916704784,-20.09345794392523,141,False,False,True,True,False,False,False,D,False,,,,,NONE,長期調整後 / 出来高1.3倍 / 25日線付近,
2026-09-09,7.1-EARLY-RESEARCH-R2,1928,積水ハウス,3321.0,-2.638522427440637,-2.9514903565166617,-1.9006498383114718,-2.7138186803529307,1.6300791015927567,-13.335073068893532,132,False,False,True,False,True,False,False,D,False,,,,,NONE,高値持ち合い後 / 出来高1.6倍 / 25日線付近,
2026-09-09,7.1-EARLY-RESEARCH-R2,4704,トレンドマイクロ,5626.0,-2.6306680512288017,-19.236290554120018,2.178404587301203,-5.924137331362411,1.0307165464639652,-34.793694946685214,236,True,False,True,True,False,False,False,D,False,,,,,NONE,長期調整後 / 安値切り上げ / 勢い改善,
2026-09-09,7.1-EARLY-RESEARCH-R2,4063,信越化学工業,5719.0,-2.5724020442930207,-10.780031201248052,0.12260575601899237,-5.678737061543837,1.3747980894485454,-27.881462799495583,70,False,False,True,True,False,False,False,D,False,,,,,NONE,長期調整後 / 出来高1.4倍 / 勢い改善,
2026-09-09,7.1-EARLY-RESEARCH-R2,1925,大和ハウス工業,4631.0,-2.5052631578947326,0.45553145336225676,-2.619146021235297,-0.4154552804968237,1.1310150236931775,-20.22394487510767,140,False,False,True,True,False,False,False,D,False,,,,,NONE,長期調整後 / 出来高1.1倍 / 25日線付近,
2026-09-09,7.1-EARLY-RESEARCH-R2,8316,三井住友フィナンシャルグループ,6801.0,-2.4386745086788175,-0.8166836809100242,-2.2345035884513114,-0.3820081206020731,0.9191186980204548,-6.322314049586774,31,True,False,True,False,True,False,False,D,False,,,,,NONE,高値持ち合い後 / 安値切り上げ / 25日線付近,
2026-09-09,7.1-EARLY-RESEARCH-R2,5401,日本製鉄,675.9,-2.255965292841655,-2.1710811984368195,-1.7131949932324502,-0.7424855644123873,0.8266145567087357,-80.40869565217392,244,True,False,True,True,False,False,False,D,False,,,,,NONE,長期調整後 / 安値切り上げ / 25日線付近,
2026-09-09,7.1-EARLY-RESEARCH-R2,8306,三菱ＵＦＪフィナンシャル・グループ,3601.0,-2.25298588490771,-0.1386577925679422,-2.2183214367657245,-0.3993981368796029,0.9153903854947936,-5.559926567007601,31,True,False,True,False,True,False,False,D,False,,,,,NONE,高値持ち合い後 / 安値切り上げ / 25日線付近,
2026-09-09,7.1-EARLY-RESEARCH-R2,3092,ＺＯＺＯ,1106.5,-2.122954444935865,-4.240588489831243,-1.0628073224780543,-2.6739379013105857,1.3210387655250282,-24.54824411864984,237,False,False,True,True,False,False,False,D,False,,,,,NONE,長期調整後 / 出来高1.3倍 / 25日線付近,
2026-09-09,7.1-EARLY-RESEARCH-R2,6503,三菱電機,5168.0,-2.0470053070507976,-12.28784792939579,1.0249566752981498,-8.42010504752656,1.1743568317199793,-22.704157941968294,73,False,False,True,True,False,False,False,D,False,,,,,NONE,長期調整後 / 出来高1.2倍 / 勢い改善,
2026-09-09,7.1-EARLY-RESEARCH-R2,9735,セコム,6282.0,-2.9657089898053712,-4.076958314246449,-1.946469411243759,-2.6668236723209393,1.1006091884847355,-13.039867109634551,29,False,False,True,False,True,False,False,D,False,,,,,NONE,高値持ち合い後 / 出来高1.1倍 / 25日線付近,
2026-09-09,7.1-EARLY-RESEARCH-R2,9503,関西電力,2999.0,3.306923871856693,26.433389544688033,-3.3014235143153154,14.47351344748875,1.0803736307079979,-1.7687520471667217,4,True,True,False,False,False,False,False,E,False,,,,,NONE,安値切り上げ / 5日線上向き,
